ISO-10303-21;
HEADER;
FILE_DESCRIPTION(('FreeCAD Model'),'2;1');
FILE_NAME('Open CASCADE Shape Model','2026-09-14T16:31:56',('FreeCAD'),(
    'FreeCAD'),'Open CASCADE STEP processor 7.8','FreeCAD','Unknown');
FILE_SCHEMA(('AUTOMOTIVE_DESIGN { 1 0 10303 214 1 1 1 1 }'));
ENDSEC;
DATA;
#1 = APPLICATION_PROTOCOL_DEFINITION('international standard',
  'automotive_design',2000,#2);
#2 = APPLICATION_CONTEXT(
  'core data for automotive mechanical design processes');
#3 = SHAPE_DEFINITION_REPRESENTATION(#4,#10);
#4 = PRODUCT_DEFINITION_SHAPE('','',#5);
#5 = PRODUCT_DEFINITION('design','',#6,#9);
#6 = PRODUCT_DEFINITION_FORMATION('','',#7);
#7 = PRODUCT('Open CASCADE STEP translator 7.8 2',
  'Open CASCADE STEP translator 7.8 2','',(#8));
#8 = PRODUCT_CONTEXT('',#2,'mechanical');
#9 = PRODUCT_DEFINITION_CONTEXT('part definition',#2,'design');
#10 = SHAPE_REPRESENTATION('',(#11,#15,#8119,#13069,#13297,#13525,#16841
    ),#19239);
#11 = AXIS2_PLACEMENT_3D('',#12,#13,#14);
#12 = CARTESIAN_POINT('',(0.,0.,0.));
#13 = DIRECTION('',(0.,0.,1.));
#14 = DIRECTION('',(1.,0.,-0.));
#15 = MANIFOLD_SOLID_BREP('',#16);
#16 = CLOSED_SHELL('',(#17,#57,#715,#746,#777,#802,#876,#907,#1172,#1246
    ,#1286,#1344,#1361,#1383,#1475,#1728,#1759,#1842,#1925,#1947,#1964,
    #1981,#1998,#2076,#2100,#2176,#2216,#2488,#2512,#2777,#2855,#2872,
    #2896,#2972,#3007,#3279,#3303,#3568,#3590,#3607,#3624,#3636,#3686,
    #3710,#3732,#3749,#3772,#3794,#3806,#3823,#3842,#3854,#3871,#3902,
    #3927,#3952,#3977,#4002,#4027,#4058,#4082,#4106,#4123,#4148,#4179,
    #4203,#4227,#4244,#4275,#4299,#4323,#4340,#4371,#4395,#4419,#4436,
    #4467,#4491,#4515,#4532,#4563,#4587,#4611,#4628,#4659,#4683,#4707,
    #4724,#4749,#4780,#4804,#4828,#4845,#4876,#4900,#4924,#4941,#4966,
    #4997,#5021,#5045,#5062,#5093,#5117,#5141,#5158,#5189,#5213,#5237,
    #5254,#5285,#5309,#5333,#5350,#5367,#5384,#5407,#5431,#5448,#5459,
    #5482,#5506,#5522,#5534,#5552,#5570,#5592,#5611,#5623,#5635,#5652,
    #5683,#5718,#5742,#5768,#5785,#5810,#5832,#5851,#5863,#5875,#5892,
    #5909,#5926,#5943,#5960,#5977,#5994,#6011,#6028,#6045,#6062,#6079,
    #6096,#6113,#6130,#6147,#6164,#6181,#6198,#6215,#6232,#6249,#6266,
    #6283,#6300,#6317,#6334,#6351,#6368,#6385,#6402,#6419,#6431,#6448,
    #6465,#6482,#6499,#6516,#6533,#6550,#6567,#6584,#6601,#6618,#6635,
    #6652,#6669,#6686,#6703,#6720,#6737,#6754,#6771,#6788,#6805,#6822,
    #6839,#6856,#6873,#6890,#6907,#6924,#6941,#6958,#6970,#6995,#7012,
    #7251,#7284,#7304,#7321,#7354,#7374,#7391,#7424,#7444,#7461,#7494,
    #7514,#7531,#7564,#7584,#7601,#7632,#7656,#7674,#7685,#7716,#7740,
    #7758,#7769,#7800,#7824,#7842,#7853,#7884,#7908,#7926,#7937,#8069,
    #8087,#8105));
#17 = ADVANCED_FACE('',(#18),#52,.T.);
#18 = FACE_BOUND('',#19,.T.);
#19 = EDGE_LOOP('',(#20,#30,#38,#46));
#20 = ORIENTED_EDGE('',*,*,#21,.F.);
#21 = EDGE_CURVE('',#22,#24,#26,.T.);
#22 = VERTEX_POINT('',#23);
#23 = CARTESIAN_POINT('',(3.,11.316624790355,3.));
#24 = VERTEX_POINT('',#25);
#25 = CARTESIAN_POINT('',(3.,11.316624790356,39.));
#26 = LINE('',#27,#28);
#27 = CARTESIAN_POINT('',(3.,11.316624790355,0.));
#28 = VECTOR('',#29,1.);
#29 = DIRECTION('',(0.,0.,1.));
#30 = ORIENTED_EDGE('',*,*,#31,.T.);
#31 = EDGE_CURVE('',#22,#32,#34,.T.);
#32 = VERTEX_POINT('',#33);
#33 = CARTESIAN_POINT('',(3.,117.68337520964,3.));
#34 = LINE('',#35,#36);
#35 = CARTESIAN_POINT('',(3.,3.,3.));
#36 = VECTOR('',#37,1.);
#37 = DIRECTION('',(0.,1.,0.));
#38 = ORIENTED_EDGE('',*,*,#39,.T.);
#39 = EDGE_CURVE('',#32,#40,#42,.T.);
#40 = VERTEX_POINT('',#41);
#41 = CARTESIAN_POINT('',(3.,117.68337520964,39.));
#42 = LINE('',#43,#44);
#43 = CARTESIAN_POINT('',(3.,117.68337520964,0.));
#44 = VECTOR('',#45,1.);
#45 = DIRECTION('',(0.,0.,1.));
#46 = ORIENTED_EDGE('',*,*,#47,.F.);
#47 = EDGE_CURVE('',#24,#40,#48,.T.);
#48 = LINE('',#49,#50);
#49 = CARTESIAN_POINT('',(3.,1.5,39.));
#50 = VECTOR('',#51,1.);
#51 = DIRECTION('',(0.,1.,0.));
#52 = PLANE('',#53);
#53 = AXIS2_PLACEMENT_3D('',#54,#55,#56);
#54 = CARTESIAN_POINT('',(3.,3.,3.));
#55 = DIRECTION('',(1.,0.,0.));
#56 = DIRECTION('',(0.,0.,1.));
#57 = ADVANCED_FACE('',(#58,#180,#191,#202,#213,#224,#235,#269,#280,#314
    ,#348,#382,#416,#450,#484,#495,#529,#563,#574,#608,#642,#676),#710,
  .T.);
#58 = FACE_BOUND('',#59,.T.);
#59 = EDGE_LOOP('',(#60,#61,#70,#79,#87,#96,#104,#113,#121,#130,#138,
    #147,#156,#164,#173));
#60 = ORIENTED_EDGE('',*,*,#31,.F.);
#61 = ORIENTED_EDGE('',*,*,#62,.F.);
#62 = EDGE_CURVE('',#63,#22,#65,.T.);
#63 = VERTEX_POINT('',#64);
#64 = CARTESIAN_POINT('',(14.,8.,3.));
#65 = CIRCLE('',#66,6.);
#66 = AXIS2_PLACEMENT_3D('',#67,#68,#69);
#67 = CARTESIAN_POINT('',(8.,8.,3.));
#68 = DIRECTION('',(0.,0.,1.));
#69 = DIRECTION('',(1.,0.,0.));
#70 = ORIENTED_EDGE('',*,*,#71,.F.);
#71 = EDGE_CURVE('',#72,#63,#74,.T.);
#72 = VERTEX_POINT('',#73);
#73 = CARTESIAN_POINT('',(11.316624790355,3.,3.));
#74 = CIRCLE('',#75,6.);
#75 = AXIS2_PLACEMENT_3D('',#76,#77,#78);
#76 = CARTESIAN_POINT('',(8.,8.,3.));
#77 = DIRECTION('',(0.,0.,1.));
#78 = DIRECTION('',(1.,0.,0.));
#79 = ORIENTED_EDGE('',*,*,#80,.T.);
#80 = EDGE_CURVE('',#72,#81,#83,.T.);
#81 = VERTEX_POINT('',#82);
#82 = CARTESIAN_POINT('',(184.68337520964,3.,3.));
#83 = LINE('',#84,#85);
#84 = CARTESIAN_POINT('',(3.,3.,3.));
#85 = VECTOR('',#86,1.);
#86 = DIRECTION('',(1.,0.,0.));
#87 = ORIENTED_EDGE('',*,*,#88,.F.);
#88 = EDGE_CURVE('',#89,#81,#91,.T.);
#89 = VERTEX_POINT('',#90);
#90 = CARTESIAN_POINT('',(193.,11.316624790355,3.));
#91 = CIRCLE('',#92,6.);
#92 = AXIS2_PLACEMENT_3D('',#93,#94,#95);
#93 = CARTESIAN_POINT('',(188.,8.,3.));
#94 = DIRECTION('',(0.,0.,1.));
#95 = DIRECTION('',(1.,0.,0.));
#96 = ORIENTED_EDGE('',*,*,#97,.T.);
#97 = EDGE_CURVE('',#89,#98,#100,.T.);
#98 = VERTEX_POINT('',#99);
#99 = CARTESIAN_POINT('',(193.,117.68337520964,3.));
#100 = LINE('',#101,#102);
#101 = CARTESIAN_POINT('',(193.,3.,3.));
#102 = VECTOR('',#103,1.);
#103 = DIRECTION('',(0.,1.,0.));
#104 = ORIENTED_EDGE('',*,*,#105,.F.);
#105 = EDGE_CURVE('',#106,#98,#108,.T.);
#106 = VERTEX_POINT('',#107);
#107 = CARTESIAN_POINT('',(193.,124.31662479035,3.));
#108 = CIRCLE('',#109,6.);
#109 = AXIS2_PLACEMENT_3D('',#110,#111,#112);
#110 = CARTESIAN_POINT('',(188.,121.,3.));
#111 = DIRECTION('',(0.,0.,1.));
#112 = DIRECTION('',(1.,0.,0.));
#113 = ORIENTED_EDGE('',*,*,#114,.T.);
#114 = EDGE_CURVE('',#106,#115,#117,.T.);
#115 = VERTEX_POINT('',#116);
#116 = CARTESIAN_POINT('',(193.,178.68337520964,3.));
#117 = LINE('',#118,#119);
#118 = CARTESIAN_POINT('',(193.,3.,3.));
#119 = VECTOR('',#120,1.);
#120 = DIRECTION('',(0.,1.,0.));
#121 = ORIENTED_EDGE('',*,*,#122,.F.);
#122 = EDGE_CURVE('',#123,#115,#125,.T.);
#123 = VERTEX_POINT('',#124);
#124 = CARTESIAN_POINT('',(184.68337520964,187.,3.));
#125 = CIRCLE('',#126,6.);
#126 = AXIS2_PLACEMENT_3D('',#127,#128,#129);
#127 = CARTESIAN_POINT('',(188.,182.,3.));
#128 = DIRECTION('',(0.,0.,1.));
#129 = DIRECTION('',(1.,0.,0.));
#130 = ORIENTED_EDGE('',*,*,#131,.F.);
#131 = EDGE_CURVE('',#132,#123,#134,.T.);
#132 = VERTEX_POINT('',#133);
#133 = CARTESIAN_POINT('',(11.316624790355,187.,3.));
#134 = LINE('',#135,#136);
#135 = CARTESIAN_POINT('',(3.,187.,3.));
#136 = VECTOR('',#137,1.);
#137 = DIRECTION('',(1.,0.,0.));
#138 = ORIENTED_EDGE('',*,*,#139,.F.);
#139 = EDGE_CURVE('',#140,#132,#142,.T.);
#140 = VERTEX_POINT('',#141);
#141 = CARTESIAN_POINT('',(14.,182.,3.));
#142 = CIRCLE('',#143,6.);
#143 = AXIS2_PLACEMENT_3D('',#144,#145,#146);
#144 = CARTESIAN_POINT('',(8.,182.,3.));
#145 = DIRECTION('',(0.,0.,1.));
#146 = DIRECTION('',(1.,0.,0.));
#147 = ORIENTED_EDGE('',*,*,#148,.F.);
#148 = EDGE_CURVE('',#149,#140,#151,.T.);
#149 = VERTEX_POINT('',#150);
#150 = CARTESIAN_POINT('',(3.,178.68337520964,3.));
#151 = CIRCLE('',#152,6.);
#152 = AXIS2_PLACEMENT_3D('',#153,#154,#155);
#153 = CARTESIAN_POINT('',(8.,182.,3.));
#154 = DIRECTION('',(0.,0.,1.));
#155 = DIRECTION('',(1.,0.,0.));
#156 = ORIENTED_EDGE('',*,*,#157,.F.);
#157 = EDGE_CURVE('',#158,#149,#160,.T.);
#158 = VERTEX_POINT('',#159);
#159 = CARTESIAN_POINT('',(3.,124.31662479035,3.));
#160 = LINE('',#161,#162);
#161 = CARTESIAN_POINT('',(3.,3.,3.));
#162 = VECTOR('',#163,1.);
#163 = DIRECTION('',(0.,1.,0.));
#164 = ORIENTED_EDGE('',*,*,#165,.F.);
#165 = EDGE_CURVE('',#166,#158,#168,.T.);
#166 = VERTEX_POINT('',#167);
#167 = CARTESIAN_POINT('',(14.,121.,3.));
#168 = CIRCLE('',#169,6.);
#169 = AXIS2_PLACEMENT_3D('',#170,#171,#172);
#170 = CARTESIAN_POINT('',(8.,121.,3.));
#171 = DIRECTION('',(0.,0.,1.));
#172 = DIRECTION('',(1.,0.,0.));
#173 = ORIENTED_EDGE('',*,*,#174,.F.);
#174 = EDGE_CURVE('',#32,#166,#175,.T.);
#175 = CIRCLE('',#176,6.);
#176 = AXIS2_PLACEMENT_3D('',#177,#178,#179);
#177 = CARTESIAN_POINT('',(8.,121.,3.));
#178 = DIRECTION('',(0.,0.,1.));
#179 = DIRECTION('',(1.,0.,0.));
#180 = FACE_BOUND('',#181,.T.);
#181 = EDGE_LOOP('',(#182));
#182 = ORIENTED_EDGE('',*,*,#183,.F.);
#183 = EDGE_CURVE('',#184,#184,#186,.T.);
#184 = VERTEX_POINT('',#185);
#185 = CARTESIAN_POINT('',(21.1,24.,3.));
#186 = CIRCLE('',#187,4.1);
#187 = AXIS2_PLACEMENT_3D('',#188,#189,#190);
#188 = CARTESIAN_POINT('',(17.,24.,3.));
#189 = DIRECTION('',(0.,0.,1.));
#190 = DIRECTION('',(1.,0.,0.));
#191 = FACE_BOUND('',#192,.T.);
#192 = EDGE_LOOP('',(#193));
#193 = ORIENTED_EDGE('',*,*,#194,.F.);
#194 = EDGE_CURVE('',#195,#195,#197,.T.);
#195 = VERTEX_POINT('',#196);
#196 = CARTESIAN_POINT('',(21.1,99.,3.));
#197 = CIRCLE('',#198,4.1);
#198 = AXIS2_PLACEMENT_3D('',#199,#200,#201);
#199 = CARTESIAN_POINT('',(17.,99.,3.));
#200 = DIRECTION('',(0.,0.,1.));
#201 = DIRECTION('',(1.,0.,0.));
#202 = FACE_BOUND('',#203,.T.);
#203 = EDGE_LOOP('',(#204));
#204 = ORIENTED_EDGE('',*,*,#205,.F.);
#205 = EDGE_CURVE('',#206,#206,#208,.T.);
#206 = VERTEX_POINT('',#207);
#207 = CARTESIAN_POINT('',(183.1,24.,3.));
#208 = CIRCLE('',#209,4.1);
#209 = AXIS2_PLACEMENT_3D('',#210,#211,#212);
#210 = CARTESIAN_POINT('',(179.,24.,3.));
#211 = DIRECTION('',(0.,0.,1.));
#212 = DIRECTION('',(1.,0.,0.));
#213 = FACE_BOUND('',#214,.T.);
#214 = EDGE_LOOP('',(#215));
#215 = ORIENTED_EDGE('',*,*,#216,.F.);
#216 = EDGE_CURVE('',#217,#217,#219,.T.);
#217 = VERTEX_POINT('',#218);
#218 = CARTESIAN_POINT('',(183.1,99.,3.));
#219 = CIRCLE('',#220,4.1);
#220 = AXIS2_PLACEMENT_3D('',#221,#222,#223);
#221 = CARTESIAN_POINT('',(179.,99.,3.));
#222 = DIRECTION('',(0.,0.,1.));
#223 = DIRECTION('',(1.,0.,0.));
#224 = FACE_BOUND('',#225,.T.);
#225 = EDGE_LOOP('',(#226));
#226 = ORIENTED_EDGE('',*,*,#227,.F.);
#227 = EDGE_CURVE('',#228,#228,#230,.T.);
#228 = VERTEX_POINT('',#229);
#229 = CARTESIAN_POINT('',(45.95,131.5,3.));
#230 = CIRCLE('',#231,1.45);
#231 = AXIS2_PLACEMENT_3D('',#232,#233,#234);
#232 = CARTESIAN_POINT('',(44.5,131.5,3.));
#233 = DIRECTION('',(0.,0.,1.));
#234 = DIRECTION('',(1.,0.,0.));
#235 = FACE_BOUND('',#236,.T.);
#236 = EDGE_LOOP('',(#237,#247,#255,#263));
#237 = ORIENTED_EDGE('',*,*,#238,.T.);
#238 = EDGE_CURVE('',#239,#241,#243,.T.);
#239 = VERTEX_POINT('',#240);
#240 = CARTESIAN_POINT('',(53.,145.,3.));
#241 = VERTEX_POINT('',#242);
#242 = CARTESIAN_POINT('',(50.,145.,3.));
#243 = LINE('',#244,#245);
#244 = CARTESIAN_POINT('',(26.5,145.,3.));
#245 = VECTOR('',#246,1.);
#246 = DIRECTION('',(-1.,0.,0.));
#247 = ORIENTED_EDGE('',*,*,#248,.T.);
#248 = EDGE_CURVE('',#241,#249,#251,.T.);
#249 = VERTEX_POINT('',#250);
#250 = CARTESIAN_POINT('',(50.,172.,3.));
#251 = LINE('',#252,#253);
#252 = CARTESIAN_POINT('',(50.,74.,3.));
#253 = VECTOR('',#254,1.);
#254 = DIRECTION('',(0.,1.,0.));
#255 = ORIENTED_EDGE('',*,*,#256,.F.);
#256 = EDGE_CURVE('',#257,#249,#259,.T.);
#257 = VERTEX_POINT('',#258);
#258 = CARTESIAN_POINT('',(53.,172.,3.));
#259 = LINE('',#260,#261);
#260 = CARTESIAN_POINT('',(26.5,172.,3.));
#261 = VECTOR('',#262,1.);
#262 = DIRECTION('',(-1.,0.,0.));
#263 = ORIENTED_EDGE('',*,*,#264,.F.);
#264 = EDGE_CURVE('',#239,#257,#265,.T.);
#265 = LINE('',#266,#267);
#266 = CARTESIAN_POINT('',(53.,74.,3.));
#267 = VECTOR('',#268,1.);
#268 = DIRECTION('',(0.,1.,0.));
#269 = FACE_BOUND('',#270,.T.);
#270 = EDGE_LOOP('',(#271));
#271 = ORIENTED_EDGE('',*,*,#272,.F.);
#272 = EDGE_CURVE('',#273,#273,#275,.T.);
#273 = VERTEX_POINT('',#274);
#274 = CARTESIAN_POINT('',(45.95,180.5,3.));
#275 = CIRCLE('',#276,1.45);
#276 = AXIS2_PLACEMENT_3D('',#277,#278,#279);
#277 = CARTESIAN_POINT('',(44.5,180.5,3.));
#278 = DIRECTION('',(0.,0.,1.));
#279 = DIRECTION('',(1.,0.,0.));
#280 = FACE_BOUND('',#281,.T.);
#281 = EDGE_LOOP('',(#282,#292,#300,#308));
#282 = ORIENTED_EDGE('',*,*,#283,.T.);
#283 = EDGE_CURVE('',#284,#286,#288,.T.);
#284 = VERTEX_POINT('',#285);
#285 = CARTESIAN_POINT('',(60.,145.,3.));
#286 = VERTEX_POINT('',#287);
#287 = CARTESIAN_POINT('',(57.,145.,3.));
#288 = LINE('',#289,#290);
#289 = CARTESIAN_POINT('',(30.,145.,3.));
#290 = VECTOR('',#291,1.);
#291 = DIRECTION('',(-1.,0.,0.));
#292 = ORIENTED_EDGE('',*,*,#293,.T.);
#293 = EDGE_CURVE('',#286,#294,#296,.T.);
#294 = VERTEX_POINT('',#295);
#295 = CARTESIAN_POINT('',(57.,172.,3.));
#296 = LINE('',#297,#298);
#297 = CARTESIAN_POINT('',(57.,74.,3.));
#298 = VECTOR('',#299,1.);
#299 = DIRECTION('',(0.,1.,0.));
#300 = ORIENTED_EDGE('',*,*,#301,.F.);
#301 = EDGE_CURVE('',#302,#294,#304,.T.);
#302 = VERTEX_POINT('',#303);
#303 = CARTESIAN_POINT('',(60.,172.,3.));
#304 = LINE('',#305,#306);
#305 = CARTESIAN_POINT('',(30.,172.,3.));
#306 = VECTOR('',#307,1.);
#307 = DIRECTION('',(-1.,0.,0.));
#308 = ORIENTED_EDGE('',*,*,#309,.F.);
#309 = EDGE_CURVE('',#284,#302,#310,.T.);
#310 = LINE('',#311,#312);
#311 = CARTESIAN_POINT('',(60.,74.,3.));
#312 = VECTOR('',#313,1.);
#313 = DIRECTION('',(0.,1.,0.));
#314 = FACE_BOUND('',#315,.T.);
#315 = EDGE_LOOP('',(#316,#326,#334,#342));
#316 = ORIENTED_EDGE('',*,*,#317,.T.);
#317 = EDGE_CURVE('',#318,#320,#322,.T.);
#318 = VERTEX_POINT('',#319);
#319 = CARTESIAN_POINT('',(67.,145.,3.));
#320 = VERTEX_POINT('',#321);
#321 = CARTESIAN_POINT('',(64.,145.,3.));
#322 = LINE('',#323,#324);
#323 = CARTESIAN_POINT('',(33.5,145.,3.));
#324 = VECTOR('',#325,1.);
#325 = DIRECTION('',(-1.,0.,0.));
#326 = ORIENTED_EDGE('',*,*,#327,.T.);
#327 = EDGE_CURVE('',#320,#328,#330,.T.);
#328 = VERTEX_POINT('',#329);
#329 = CARTESIAN_POINT('',(64.,172.,3.));
#330 = LINE('',#331,#332);
#331 = CARTESIAN_POINT('',(64.,74.,3.));
#332 = VECTOR('',#333,1.);
#333 = DIRECTION('',(0.,1.,0.));
#334 = ORIENTED_EDGE('',*,*,#335,.F.);
#335 = EDGE_CURVE('',#336,#328,#338,.T.);
#336 = VERTEX_POINT('',#337);
#337 = CARTESIAN_POINT('',(67.,172.,3.));
#338 = LINE('',#339,#340);
#339 = CARTESIAN_POINT('',(33.5,172.,3.));
#340 = VECTOR('',#341,1.);
#341 = DIRECTION('',(-1.,0.,0.));
#342 = ORIENTED_EDGE('',*,*,#343,.F.);
#343 = EDGE_CURVE('',#318,#336,#344,.T.);
#344 = LINE('',#345,#346);
#345 = CARTESIAN_POINT('',(67.,74.,3.));
#346 = VECTOR('',#347,1.);
#347 = DIRECTION('',(0.,1.,0.));
#348 = FACE_BOUND('',#349,.T.);
#349 = EDGE_LOOP('',(#350,#360,#368,#376));
#350 = ORIENTED_EDGE('',*,*,#351,.T.);
#351 = EDGE_CURVE('',#352,#354,#356,.T.);
#352 = VERTEX_POINT('',#353);
#353 = CARTESIAN_POINT('',(74.,145.,3.));
#354 = VERTEX_POINT('',#355);
#355 = CARTESIAN_POINT('',(71.,145.,3.));
#356 = LINE('',#357,#358);
#357 = CARTESIAN_POINT('',(37.,145.,3.));
#358 = VECTOR('',#359,1.);
#359 = DIRECTION('',(-1.,0.,0.));
#360 = ORIENTED_EDGE('',*,*,#361,.T.);
#361 = EDGE_CURVE('',#354,#362,#364,.T.);
#362 = VERTEX_POINT('',#363);
#363 = CARTESIAN_POINT('',(71.,172.,3.));
#364 = LINE('',#365,#366);
#365 = CARTESIAN_POINT('',(71.,74.,3.));
#366 = VECTOR('',#367,1.);
#367 = DIRECTION('',(0.,1.,0.));
#368 = ORIENTED_EDGE('',*,*,#369,.F.);
#369 = EDGE_CURVE('',#370,#362,#372,.T.);
#370 = VERTEX_POINT('',#371);
#371 = CARTESIAN_POINT('',(74.,172.,3.));
#372 = LINE('',#373,#374);
#373 = CARTESIAN_POINT('',(37.,172.,3.));
#374 = VECTOR('',#375,1.);
#375 = DIRECTION('',(-1.,0.,0.));
#376 = ORIENTED_EDGE('',*,*,#377,.F.);
#377 = EDGE_CURVE('',#352,#370,#378,.T.);
#378 = LINE('',#379,#380);
#379 = CARTESIAN_POINT('',(74.,74.,3.));
#380 = VECTOR('',#381,1.);
#381 = DIRECTION('',(0.,1.,0.));
#382 = FACE_BOUND('',#383,.T.);
#383 = EDGE_LOOP('',(#384,#394,#402,#410));
#384 = ORIENTED_EDGE('',*,*,#385,.T.);
#385 = EDGE_CURVE('',#386,#388,#390,.T.);
#386 = VERTEX_POINT('',#387);
#387 = CARTESIAN_POINT('',(81.,145.,3.));
#388 = VERTEX_POINT('',#389);
#389 = CARTESIAN_POINT('',(78.,145.,3.));
#390 = LINE('',#391,#392);
#391 = CARTESIAN_POINT('',(40.5,145.,3.));
#392 = VECTOR('',#393,1.);
#393 = DIRECTION('',(-1.,0.,0.));
#394 = ORIENTED_EDGE('',*,*,#395,.T.);
#395 = EDGE_CURVE('',#388,#396,#398,.T.);
#396 = VERTEX_POINT('',#397);
#397 = CARTESIAN_POINT('',(78.,172.,3.));
#398 = LINE('',#399,#400);
#399 = CARTESIAN_POINT('',(78.,74.,3.));
#400 = VECTOR('',#401,1.);
#401 = DIRECTION('',(0.,1.,0.));
#402 = ORIENTED_EDGE('',*,*,#403,.F.);
#403 = EDGE_CURVE('',#404,#396,#406,.T.);
#404 = VERTEX_POINT('',#405);
#405 = CARTESIAN_POINT('',(81.,172.,3.));
#406 = LINE('',#407,#408);
#407 = CARTESIAN_POINT('',(40.5,172.,3.));
#408 = VECTOR('',#409,1.);
#409 = DIRECTION('',(-1.,0.,0.));
#410 = ORIENTED_EDGE('',*,*,#411,.F.);
#411 = EDGE_CURVE('',#386,#404,#412,.T.);
#412 = LINE('',#413,#414);
#413 = CARTESIAN_POINT('',(81.,74.,3.));
#414 = VECTOR('',#415,1.);
#415 = DIRECTION('',(0.,1.,0.));
#416 = FACE_BOUND('',#417,.T.);
#417 = EDGE_LOOP('',(#418,#428,#436,#444));
#418 = ORIENTED_EDGE('',*,*,#419,.T.);
#419 = EDGE_CURVE('',#420,#422,#424,.T.);
#420 = VERTEX_POINT('',#421);
#421 = CARTESIAN_POINT('',(88.,145.,3.));
#422 = VERTEX_POINT('',#423);
#423 = CARTESIAN_POINT('',(85.,145.,3.));
#424 = LINE('',#425,#426);
#425 = CARTESIAN_POINT('',(44.,145.,3.));
#426 = VECTOR('',#427,1.);
#427 = DIRECTION('',(-1.,0.,0.));
#428 = ORIENTED_EDGE('',*,*,#429,.T.);
#429 = EDGE_CURVE('',#422,#430,#432,.T.);
#430 = VERTEX_POINT('',#431);
#431 = CARTESIAN_POINT('',(85.,172.,3.));
#432 = LINE('',#433,#434);
#433 = CARTESIAN_POINT('',(85.,74.,3.));
#434 = VECTOR('',#435,1.);
#435 = DIRECTION('',(0.,1.,0.));
#436 = ORIENTED_EDGE('',*,*,#437,.F.);
#437 = EDGE_CURVE('',#438,#430,#440,.T.);
#438 = VERTEX_POINT('',#439);
#439 = CARTESIAN_POINT('',(88.,172.,3.));
#440 = LINE('',#441,#442);
#441 = CARTESIAN_POINT('',(44.,172.,3.));
#442 = VECTOR('',#443,1.);
#443 = DIRECTION('',(-1.,0.,0.));
#444 = ORIENTED_EDGE('',*,*,#445,.F.);
#445 = EDGE_CURVE('',#420,#438,#446,.T.);
#446 = LINE('',#447,#448);
#447 = CARTESIAN_POINT('',(88.,74.,3.));
#448 = VECTOR('',#449,1.);
#449 = DIRECTION('',(0.,1.,0.));
#450 = FACE_BOUND('',#451,.T.);
#451 = EDGE_LOOP('',(#452,#462,#470,#478));
#452 = ORIENTED_EDGE('',*,*,#453,.T.);
#453 = EDGE_CURVE('',#454,#456,#458,.T.);
#454 = VERTEX_POINT('',#455);
#455 = CARTESIAN_POINT('',(95.,145.,3.));
#456 = VERTEX_POINT('',#457);
#457 = CARTESIAN_POINT('',(92.,145.,3.));
#458 = LINE('',#459,#460);
#459 = CARTESIAN_POINT('',(47.5,145.,3.));
#460 = VECTOR('',#461,1.);
#461 = DIRECTION('',(-1.,0.,0.));
#462 = ORIENTED_EDGE('',*,*,#463,.T.);
#463 = EDGE_CURVE('',#456,#464,#466,.T.);
#464 = VERTEX_POINT('',#465);
#465 = CARTESIAN_POINT('',(92.,172.,3.));
#466 = LINE('',#467,#468);
#467 = CARTESIAN_POINT('',(92.,74.,3.));
#468 = VECTOR('',#469,1.);
#469 = DIRECTION('',(0.,1.,0.));
#470 = ORIENTED_EDGE('',*,*,#471,.F.);
#471 = EDGE_CURVE('',#472,#464,#474,.T.);
#472 = VERTEX_POINT('',#473);
#473 = CARTESIAN_POINT('',(95.,172.,3.));
#474 = LINE('',#475,#476);
#475 = CARTESIAN_POINT('',(47.5,172.,3.));
#476 = VECTOR('',#477,1.);
#477 = DIRECTION('',(-1.,0.,0.));
#478 = ORIENTED_EDGE('',*,*,#479,.F.);
#479 = EDGE_CURVE('',#454,#472,#480,.T.);
#480 = LINE('',#481,#482);
#481 = CARTESIAN_POINT('',(95.,74.,3.));
#482 = VECTOR('',#483,1.);
#483 = DIRECTION('',(0.,1.,0.));
#484 = FACE_BOUND('',#485,.T.);
#485 = EDGE_LOOP('',(#486));
#486 = ORIENTED_EDGE('',*,*,#487,.F.);
#487 = EDGE_CURVE('',#488,#488,#490,.T.);
#488 = VERTEX_POINT('',#489);
#489 = CARTESIAN_POINT('',(103.95,131.5,3.));
#490 = CIRCLE('',#491,1.45);
#491 = AXIS2_PLACEMENT_3D('',#492,#493,#494);
#492 = CARTESIAN_POINT('',(102.5,131.5,3.));
#493 = DIRECTION('',(0.,0.,1.));
#494 = DIRECTION('',(1.,0.,0.));
#495 = FACE_BOUND('',#496,.T.);
#496 = EDGE_LOOP('',(#497,#507,#515,#523));
#497 = ORIENTED_EDGE('',*,*,#498,.T.);
#498 = EDGE_CURVE('',#499,#501,#503,.T.);
#499 = VERTEX_POINT('',#500);
#500 = CARTESIAN_POINT('',(128.,139.,3.));
#501 = VERTEX_POINT('',#502);
#502 = CARTESIAN_POINT('',(125.,139.,3.));
#503 = LINE('',#504,#505);
#504 = CARTESIAN_POINT('',(64.,139.,3.));
#505 = VECTOR('',#506,1.);
#506 = DIRECTION('',(-1.,0.,0.));
#507 = ORIENTED_EDGE('',*,*,#508,.T.);
#508 = EDGE_CURVE('',#501,#509,#511,.T.);
#509 = VERTEX_POINT('',#510);
#510 = CARTESIAN_POINT('',(125.,172.,3.));
#511 = LINE('',#512,#513);
#512 = CARTESIAN_POINT('',(125.,71.,3.));
#513 = VECTOR('',#514,1.);
#514 = DIRECTION('',(0.,1.,0.));
#515 = ORIENTED_EDGE('',*,*,#516,.F.);
#516 = EDGE_CURVE('',#517,#509,#519,.T.);
#517 = VERTEX_POINT('',#518);
#518 = CARTESIAN_POINT('',(128.,172.,3.));
#519 = LINE('',#520,#521);
#520 = CARTESIAN_POINT('',(64.,172.,3.));
#521 = VECTOR('',#522,1.);
#522 = DIRECTION('',(-1.,0.,0.));
#523 = ORIENTED_EDGE('',*,*,#524,.F.);
#524 = EDGE_CURVE('',#499,#517,#525,.T.);
#525 = LINE('',#526,#527);
#526 = CARTESIAN_POINT('',(128.,71.,3.));
#527 = VECTOR('',#528,1.);
#528 = DIRECTION('',(0.,1.,0.));
#529 = FACE_BOUND('',#530,.T.);
#530 = EDGE_LOOP('',(#531,#541,#549,#557));
#531 = ORIENTED_EDGE('',*,*,#532,.T.);
#532 = EDGE_CURVE('',#533,#535,#537,.T.);
#533 = VERTEX_POINT('',#534);
#534 = CARTESIAN_POINT('',(137.,139.,3.));
#535 = VERTEX_POINT('',#536);
#536 = CARTESIAN_POINT('',(134.,139.,3.));
#537 = LINE('',#538,#539);
#538 = CARTESIAN_POINT('',(68.5,139.,3.));
#539 = VECTOR('',#540,1.);
#540 = DIRECTION('',(-1.,0.,0.));
#541 = ORIENTED_EDGE('',*,*,#542,.T.);
#542 = EDGE_CURVE('',#535,#543,#545,.T.);
#543 = VERTEX_POINT('',#544);
#544 = CARTESIAN_POINT('',(134.,172.,3.));
#545 = LINE('',#546,#547);
#546 = CARTESIAN_POINT('',(134.,71.,3.));
#547 = VECTOR('',#548,1.);
#548 = DIRECTION('',(0.,1.,0.));
#549 = ORIENTED_EDGE('',*,*,#550,.F.);
#550 = EDGE_CURVE('',#551,#543,#553,.T.);
#551 = VERTEX_POINT('',#552);
#552 = CARTESIAN_POINT('',(137.,172.,3.));
#553 = LINE('',#554,#555);
#554 = CARTESIAN_POINT('',(68.5,172.,3.));
#555 = VECTOR('',#556,1.);
#556 = DIRECTION('',(-1.,0.,0.));
#557 = ORIENTED_EDGE('',*,*,#558,.F.);
#558 = EDGE_CURVE('',#533,#551,#559,.T.);
#559 = LINE('',#560,#561);
#560 = CARTESIAN_POINT('',(137.,71.,3.));
#561 = VECTOR('',#562,1.);
#562 = DIRECTION('',(0.,1.,0.));
#563 = FACE_BOUND('',#564,.T.);
#564 = EDGE_LOOP('',(#565));
#565 = ORIENTED_EDGE('',*,*,#566,.F.);
#566 = EDGE_CURVE('',#567,#567,#569,.T.);
#567 = VERTEX_POINT('',#568);
#568 = CARTESIAN_POINT('',(103.95,180.5,3.));
#569 = CIRCLE('',#570,1.45);
#570 = AXIS2_PLACEMENT_3D('',#571,#572,#573);
#571 = CARTESIAN_POINT('',(102.5,180.5,3.));
#572 = DIRECTION('',(0.,0.,1.));
#573 = DIRECTION('',(1.,0.,0.));
#574 = FACE_BOUND('',#575,.T.);
#575 = EDGE_LOOP('',(#576,#586,#594,#602));
#576 = ORIENTED_EDGE('',*,*,#577,.T.);
#577 = EDGE_CURVE('',#578,#580,#582,.T.);
#578 = VERTEX_POINT('',#579);
#579 = CARTESIAN_POINT('',(146.,139.,3.));
#580 = VERTEX_POINT('',#581);
#581 = CARTESIAN_POINT('',(143.,139.,3.));
#582 = LINE('',#583,#584);
#583 = CARTESIAN_POINT('',(73.,139.,3.));
#584 = VECTOR('',#585,1.);
#585 = DIRECTION('',(-1.,0.,0.));
#586 = ORIENTED_EDGE('',*,*,#587,.T.);
#587 = EDGE_CURVE('',#580,#588,#590,.T.);
#588 = VERTEX_POINT('',#589);
#589 = CARTESIAN_POINT('',(143.,172.,3.));
#590 = LINE('',#591,#592);
#591 = CARTESIAN_POINT('',(143.,71.,3.));
#592 = VECTOR('',#593,1.);
#593 = DIRECTION('',(0.,1.,0.));
#594 = ORIENTED_EDGE('',*,*,#595,.F.);
#595 = EDGE_CURVE('',#596,#588,#598,.T.);
#596 = VERTEX_POINT('',#597);
#597 = CARTESIAN_POINT('',(146.,172.,3.));
#598 = LINE('',#599,#600);
#599 = CARTESIAN_POINT('',(73.,172.,3.));
#600 = VECTOR('',#601,1.);
#601 = DIRECTION('',(-1.,0.,0.));
#602 = ORIENTED_EDGE('',*,*,#603,.F.);
#603 = EDGE_CURVE('',#578,#596,#604,.T.);
#604 = LINE('',#605,#606);
#605 = CARTESIAN_POINT('',(146.,71.,3.));
#606 = VECTOR('',#607,1.);
#607 = DIRECTION('',(0.,1.,0.));
#608 = FACE_BOUND('',#609,.T.);
#609 = EDGE_LOOP('',(#610,#620,#628,#636));
#610 = ORIENTED_EDGE('',*,*,#611,.T.);
#611 = EDGE_CURVE('',#612,#614,#616,.T.);
#612 = VERTEX_POINT('',#613);
#613 = CARTESIAN_POINT('',(155.,139.,3.));
#614 = VERTEX_POINT('',#615);
#615 = CARTESIAN_POINT('',(152.,139.,3.));
#616 = LINE('',#617,#618);
#617 = CARTESIAN_POINT('',(77.5,139.,3.));
#618 = VECTOR('',#619,1.);
#619 = DIRECTION('',(-1.,0.,0.));
#620 = ORIENTED_EDGE('',*,*,#621,.T.);
#621 = EDGE_CURVE('',#614,#622,#624,.T.);
#622 = VERTEX_POINT('',#623);
#623 = CARTESIAN_POINT('',(152.,172.,3.));
#624 = LINE('',#625,#626);
#625 = CARTESIAN_POINT('',(152.,71.,3.));
#626 = VECTOR('',#627,1.);
#627 = DIRECTION('',(0.,1.,0.));
#628 = ORIENTED_EDGE('',*,*,#629,.F.);
#629 = EDGE_CURVE('',#630,#622,#632,.T.);
#630 = VERTEX_POINT('',#631);
#631 = CARTESIAN_POINT('',(155.,172.,3.));
#632 = LINE('',#633,#634);
#633 = CARTESIAN_POINT('',(77.5,172.,3.));
#634 = VECTOR('',#635,1.);
#635 = DIRECTION('',(-1.,0.,0.));
#636 = ORIENTED_EDGE('',*,*,#637,.F.);
#637 = EDGE_CURVE('',#612,#630,#638,.T.);
#638 = LINE('',#639,#640);
#639 = CARTESIAN_POINT('',(155.,71.,3.));
#640 = VECTOR('',#641,1.);
#641 = DIRECTION('',(0.,1.,0.));
#642 = FACE_BOUND('',#643,.T.);
#643 = EDGE_LOOP('',(#644,#654,#662,#670));
#644 = ORIENTED_EDGE('',*,*,#645,.T.);
#645 = EDGE_CURVE('',#646,#648,#650,.T.);
#646 = VERTEX_POINT('',#647);
#647 = CARTESIAN_POINT('',(164.,139.,3.));
#648 = VERTEX_POINT('',#649);
#649 = CARTESIAN_POINT('',(161.,139.,3.));
#650 = LINE('',#651,#652);
#651 = CARTESIAN_POINT('',(82.,139.,3.));
#652 = VECTOR('',#653,1.);
#653 = DIRECTION('',(-1.,0.,0.));
#654 = ORIENTED_EDGE('',*,*,#655,.T.);
#655 = EDGE_CURVE('',#648,#656,#658,.T.);
#656 = VERTEX_POINT('',#657);
#657 = CARTESIAN_POINT('',(161.,172.,3.));
#658 = LINE('',#659,#660);
#659 = CARTESIAN_POINT('',(161.,71.,3.));
#660 = VECTOR('',#661,1.);
#661 = DIRECTION('',(0.,1.,0.));
#662 = ORIENTED_EDGE('',*,*,#663,.F.);
#663 = EDGE_CURVE('',#664,#656,#666,.T.);
#664 = VERTEX_POINT('',#665);
#665 = CARTESIAN_POINT('',(164.,172.,3.));
#666 = LINE('',#667,#668);
#667 = CARTESIAN_POINT('',(82.,172.,3.));
#668 = VECTOR('',#669,1.);
#669 = DIRECTION('',(-1.,0.,0.));
#670 = ORIENTED_EDGE('',*,*,#671,.F.);
#671 = EDGE_CURVE('',#646,#664,#672,.T.);
#672 = LINE('',#673,#674);
#673 = CARTESIAN_POINT('',(164.,71.,3.));
#674 = VECTOR('',#675,1.);
#675 = DIRECTION('',(0.,1.,0.));
#676 = FACE_BOUND('',#677,.T.);
#677 = EDGE_LOOP('',(#678,#688,#696,#704));
#678 = ORIENTED_EDGE('',*,*,#679,.T.);
#679 = EDGE_CURVE('',#680,#682,#684,.T.);
#680 = VERTEX_POINT('',#681);
#681 = CARTESIAN_POINT('',(173.,139.,3.));
#682 = VERTEX_POINT('',#683);
#683 = CARTESIAN_POINT('',(170.,139.,3.));
#684 = LINE('',#685,#686);
#685 = CARTESIAN_POINT('',(86.5,139.,3.));
#686 = VECTOR('',#687,1.);
#687 = DIRECTION('',(-1.,0.,0.));
#688 = ORIENTED_EDGE('',*,*,#689,.T.);
#689 = EDGE_CURVE('',#682,#690,#692,.T.);
#690 = VERTEX_POINT('',#691);
#691 = CARTESIAN_POINT('',(170.,172.,3.));
#692 = LINE('',#693,#694);
#693 = CARTESIAN_POINT('',(170.,71.,3.));
#694 = VECTOR('',#695,1.);
#695 = DIRECTION('',(0.,1.,0.));
#696 = ORIENTED_EDGE('',*,*,#697,.F.);
#697 = EDGE_CURVE('',#698,#690,#700,.T.);
#698 = VERTEX_POINT('',#699);
#699 = CARTESIAN_POINT('',(173.,172.,3.));
#700 = LINE('',#701,#702);
#701 = CARTESIAN_POINT('',(86.5,172.,3.));
#702 = VECTOR('',#703,1.);
#703 = DIRECTION('',(-1.,0.,0.));
#704 = ORIENTED_EDGE('',*,*,#705,.F.);
#705 = EDGE_CURVE('',#680,#698,#706,.T.);
#706 = LINE('',#707,#708);
#707 = CARTESIAN_POINT('',(173.,71.,3.));
#708 = VECTOR('',#709,1.);
#709 = DIRECTION('',(0.,1.,0.));
#710 = PLANE('',#711);
#711 = AXIS2_PLACEMENT_3D('',#712,#713,#714);
#712 = CARTESIAN_POINT('',(3.,3.,3.));
#713 = DIRECTION('',(0.,0.,1.));
#714 = DIRECTION('',(1.,0.,0.));
#715 = ADVANCED_FACE('',(#716),#741,.T.);
#716 = FACE_BOUND('',#717,.T.);
#717 = EDGE_LOOP('',(#718,#726,#727,#735));
#718 = ORIENTED_EDGE('',*,*,#719,.F.);
#719 = EDGE_CURVE('',#81,#720,#722,.T.);
#720 = VERTEX_POINT('',#721);
#721 = CARTESIAN_POINT('',(184.68337520964,3.,39.));
#722 = LINE('',#723,#724);
#723 = CARTESIAN_POINT('',(184.68337520964,3.,0.));
#724 = VECTOR('',#725,1.);
#725 = DIRECTION('',(0.,0.,1.));
#726 = ORIENTED_EDGE('',*,*,#80,.F.);
#727 = ORIENTED_EDGE('',*,*,#728,.T.);
#728 = EDGE_CURVE('',#72,#729,#731,.T.);
#729 = VERTEX_POINT('',#730);
#730 = CARTESIAN_POINT('',(11.316624790355,3.,39.));
#731 = LINE('',#732,#733);
#732 = CARTESIAN_POINT('',(11.316624790355,3.,0.));
#733 = VECTOR('',#734,1.);
#734 = DIRECTION('',(0.,0.,1.));
#735 = ORIENTED_EDGE('',*,*,#736,.F.);
#736 = EDGE_CURVE('',#720,#729,#737,.T.);
#737 = LINE('',#738,#739);
#738 = CARTESIAN_POINT('',(1.5,3.,39.));
#739 = VECTOR('',#740,1.);
#740 = DIRECTION('',(-1.,0.,0.));
#741 = PLANE('',#742);
#742 = AXIS2_PLACEMENT_3D('',#743,#744,#745);
#743 = CARTESIAN_POINT('',(3.,3.,3.));
#744 = DIRECTION('',(0.,1.,0.));
#745 = DIRECTION('',(0.,0.,1.));
#746 = ADVANCED_FACE('',(#747),#772,.F.);
#747 = FACE_BOUND('',#748,.F.);
#748 = EDGE_LOOP('',(#749,#757,#758,#766));
#749 = ORIENTED_EDGE('',*,*,#750,.F.);
#750 = EDGE_CURVE('',#106,#751,#753,.T.);
#751 = VERTEX_POINT('',#752);
#752 = CARTESIAN_POINT('',(193.,124.31662479035,39.));
#753 = LINE('',#754,#755);
#754 = CARTESIAN_POINT('',(193.,124.31662479035,0.));
#755 = VECTOR('',#756,1.);
#756 = DIRECTION('',(0.,0.,1.));
#757 = ORIENTED_EDGE('',*,*,#114,.T.);
#758 = ORIENTED_EDGE('',*,*,#759,.T.);
#759 = EDGE_CURVE('',#115,#760,#762,.T.);
#760 = VERTEX_POINT('',#761);
#761 = CARTESIAN_POINT('',(193.,178.68337520964,39.));
#762 = LINE('',#763,#764);
#763 = CARTESIAN_POINT('',(193.,178.68337520964,0.));
#764 = VECTOR('',#765,1.);
#765 = DIRECTION('',(0.,0.,1.));
#766 = ORIENTED_EDGE('',*,*,#767,.F.);
#767 = EDGE_CURVE('',#751,#760,#768,.T.);
#768 = LINE('',#769,#770);
#769 = CARTESIAN_POINT('',(193.,1.5,39.));
#770 = VECTOR('',#771,1.);
#771 = DIRECTION('',(0.,1.,0.));
#772 = PLANE('',#773);
#773 = AXIS2_PLACEMENT_3D('',#774,#775,#776);
#774 = CARTESIAN_POINT('',(193.,3.,3.));
#775 = DIRECTION('',(1.,0.,0.));
#776 = DIRECTION('',(0.,0.,1.));
#777 = ADVANCED_FACE('',(#778),#797,.T.);
#778 = FACE_BOUND('',#779,.T.);
#779 = EDGE_LOOP('',(#780,#781,#790,#796));
#780 = ORIENTED_EDGE('',*,*,#759,.T.);
#781 = ORIENTED_EDGE('',*,*,#782,.F.);
#782 = EDGE_CURVE('',#783,#760,#785,.T.);
#783 = VERTEX_POINT('',#784);
#784 = CARTESIAN_POINT('',(184.68337520964,187.,39.));
#785 = CIRCLE('',#786,6.);
#786 = AXIS2_PLACEMENT_3D('',#787,#788,#789);
#787 = CARTESIAN_POINT('',(188.,182.,39.));
#788 = DIRECTION('',(0.,0.,1.));
#789 = DIRECTION('',(1.,0.,0.));
#790 = ORIENTED_EDGE('',*,*,#791,.F.);
#791 = EDGE_CURVE('',#123,#783,#792,.T.);
#792 = LINE('',#793,#794);
#793 = CARTESIAN_POINT('',(184.68337520964,187.,0.));
#794 = VECTOR('',#795,1.);
#795 = DIRECTION('',(0.,0.,1.));
#796 = ORIENTED_EDGE('',*,*,#122,.T.);
#797 = CYLINDRICAL_SURFACE('',#798,6.);
#798 = AXIS2_PLACEMENT_3D('',#799,#800,#801);
#799 = CARTESIAN_POINT('',(188.,182.,0.));
#800 = DIRECTION('',(0.,0.,1.));
#801 = DIRECTION('',(1.,0.,0.));
#802 = ADVANCED_FACE('',(#803,#837),#871,.F.);
#803 = FACE_BOUND('',#804,.F.);
#804 = EDGE_LOOP('',(#805,#815,#823,#831));
#805 = ORIENTED_EDGE('',*,*,#806,.F.);
#806 = EDGE_CURVE('',#807,#809,#811,.T.);
#807 = VERTEX_POINT('',#808);
#808 = CARTESIAN_POINT('',(0.,0.,0.));
#809 = VERTEX_POINT('',#810);
#810 = CARTESIAN_POINT('',(0.,0.,39.));
#811 = LINE('',#812,#813);
#812 = CARTESIAN_POINT('',(0.,0.,0.));
#813 = VECTOR('',#814,1.);
#814 = DIRECTION('',(0.,0.,1.));
#815 = ORIENTED_EDGE('',*,*,#816,.T.);
#816 = EDGE_CURVE('',#807,#817,#819,.T.);
#817 = VERTEX_POINT('',#818);
#818 = CARTESIAN_POINT('',(0.,190.,0.));
#819 = LINE('',#820,#821);
#820 = CARTESIAN_POINT('',(0.,0.,0.));
#821 = VECTOR('',#822,1.);
#822 = DIRECTION('',(0.,1.,0.));
#823 = ORIENTED_EDGE('',*,*,#824,.T.);
#824 = EDGE_CURVE('',#817,#825,#827,.T.);
#825 = VERTEX_POINT('',#826);
#826 = CARTESIAN_POINT('',(0.,190.,39.));
#827 = LINE('',#828,#829);
#828 = CARTESIAN_POINT('',(0.,190.,0.));
#829 = VECTOR('',#830,1.);
#830 = DIRECTION('',(0.,0.,1.));
#831 = ORIENTED_EDGE('',*,*,#832,.F.);
#832 = EDGE_CURVE('',#809,#825,#833,.T.);
#833 = LINE('',#834,#835);
#834 = CARTESIAN_POINT('',(0.,0.,39.));
#835 = VECTOR('',#836,1.);
#836 = DIRECTION('',(0.,1.,0.));
#837 = FACE_BOUND('',#838,.F.);
#838 = EDGE_LOOP('',(#839,#849,#857,#865));
#839 = ORIENTED_EDGE('',*,*,#840,.T.);
#840 = EDGE_CURVE('',#841,#843,#845,.T.);
#841 = VERTEX_POINT('',#842);
#842 = CARTESIAN_POINT('',(0.,182.,6.));
#843 = VERTEX_POINT('',#844);
#844 = CARTESIAN_POINT('',(0.,123.,6.));
#845 = LINE('',#846,#847);
#846 = CARTESIAN_POINT('',(0.,61.5,6.));
#847 = VECTOR('',#848,1.);
#848 = DIRECTION('',(0.,-1.,0.));
#849 = ORIENTED_EDGE('',*,*,#850,.T.);
#850 = EDGE_CURVE('',#843,#851,#853,.T.);
#851 = VERTEX_POINT('',#852);
#852 = CARTESIAN_POINT('',(0.,123.,33.));
#853 = LINE('',#854,#855);
#854 = CARTESIAN_POINT('',(0.,123.,3.));
#855 = VECTOR('',#856,1.);
#856 = DIRECTION('',(0.,0.,1.));
#857 = ORIENTED_EDGE('',*,*,#858,.F.);
#858 = EDGE_CURVE('',#859,#851,#861,.T.);
#859 = VERTEX_POINT('',#860);
#860 = CARTESIAN_POINT('',(0.,182.,33.));
#861 = LINE('',#862,#863);
#862 = CARTESIAN_POINT('',(0.,61.5,33.));
#863 = VECTOR('',#864,1.);
#864 = DIRECTION('',(0.,-1.,0.));
#865 = ORIENTED_EDGE('',*,*,#866,.F.);
#866 = EDGE_CURVE('',#841,#859,#867,.T.);
#867 = LINE('',#868,#869);
#868 = CARTESIAN_POINT('',(0.,182.,3.));
#869 = VECTOR('',#870,1.);
#870 = DIRECTION('',(0.,0.,1.));
#871 = PLANE('',#872);
#872 = AXIS2_PLACEMENT_3D('',#873,#874,#875);
#873 = CARTESIAN_POINT('',(0.,0.,0.));
#874 = DIRECTION('',(1.,0.,0.));
#875 = DIRECTION('',(0.,0.,1.));
#876 = ADVANCED_FACE('',(#877),#902,.F.);
#877 = FACE_BOUND('',#878,.F.);
#878 = EDGE_LOOP('',(#879,#887,#888,#896));
#879 = ORIENTED_EDGE('',*,*,#880,.F.);
#880 = EDGE_CURVE('',#807,#881,#883,.T.);
#881 = VERTEX_POINT('',#882);
#882 = CARTESIAN_POINT('',(196.,0.,0.));
#883 = LINE('',#884,#885);
#884 = CARTESIAN_POINT('',(0.,0.,0.));
#885 = VECTOR('',#886,1.);
#886 = DIRECTION('',(1.,0.,0.));
#887 = ORIENTED_EDGE('',*,*,#806,.T.);
#888 = ORIENTED_EDGE('',*,*,#889,.T.);
#889 = EDGE_CURVE('',#809,#890,#892,.T.);
#890 = VERTEX_POINT('',#891);
#891 = CARTESIAN_POINT('',(196.,0.,39.));
#892 = LINE('',#893,#894);
#893 = CARTESIAN_POINT('',(0.,0.,39.));
#894 = VECTOR('',#895,1.);
#895 = DIRECTION('',(1.,0.,0.));
#896 = ORIENTED_EDGE('',*,*,#897,.F.);
#897 = EDGE_CURVE('',#881,#890,#898,.T.);
#898 = LINE('',#899,#900);
#899 = CARTESIAN_POINT('',(196.,0.,0.));
#900 = VECTOR('',#901,1.);
#901 = DIRECTION('',(0.,0.,1.));
#902 = PLANE('',#903);
#903 = AXIS2_PLACEMENT_3D('',#904,#905,#906);
#904 = CARTESIAN_POINT('',(0.,0.,0.));
#905 = DIRECTION('',(0.,1.,0.));
#906 = DIRECTION('',(0.,0.,1.));
#907 = ADVANCED_FACE('',(#908,#1133),#1167,.T.);
#908 = FACE_BOUND('',#909,.T.);
#909 = EDGE_LOOP('',(#910,#920,#928,#936,#944,#952,#960,#968,#976,#984,
    #992,#1000,#1006,#1007,#1015,#1023,#1031,#1039,#1047,#1055,#1063,
    #1071,#1079,#1087,#1095,#1103,#1111,#1119,#1127));
#910 = ORIENTED_EDGE('',*,*,#911,.F.);
#911 = EDGE_CURVE('',#912,#914,#916,.T.);
#912 = VERTEX_POINT('',#913);
#913 = CARTESIAN_POINT('',(148.,190.,39.));
#914 = VERTEX_POINT('',#915);
#915 = CARTESIAN_POINT('',(148.,190.,31.));
#916 = LINE('',#917,#918);
#917 = CARTESIAN_POINT('',(148.,190.,11.5));
#918 = VECTOR('',#919,1.);
#919 = DIRECTION('',(0.,0.,-1.));
#920 = ORIENTED_EDGE('',*,*,#921,.T.);
#921 = EDGE_CURVE('',#912,#922,#924,.T.);
#922 = VERTEX_POINT('',#923);
#923 = CARTESIAN_POINT('',(153.,190.,39.));
#924 = LINE('',#925,#926);
#925 = CARTESIAN_POINT('',(0.,190.,39.));
#926 = VECTOR('',#927,1.);
#927 = DIRECTION('',(1.,0.,0.));
#928 = ORIENTED_EDGE('',*,*,#929,.T.);
#929 = EDGE_CURVE('',#922,#930,#932,.T.);
#930 = VERTEX_POINT('',#931);
#931 = CARTESIAN_POINT('',(153.,190.,34.144184551569));
#932 = LINE('',#933,#934);
#933 = CARTESIAN_POINT('',(153.,190.,18.234650698434));
#934 = VECTOR('',#935,1.);
#935 = DIRECTION('',(0.,0.,-1.));
#936 = ORIENTED_EDGE('',*,*,#937,.T.);
#937 = EDGE_CURVE('',#930,#938,#940,.T.);
#938 = VERTEX_POINT('',#939);
#939 = CARTESIAN_POINT('',(163.,190.,34.144184551569));
#940 = LINE('',#941,#942);
#941 = CARTESIAN_POINT('',(76.5,190.,34.144184551569));
#942 = VECTOR('',#943,1.);
#943 = DIRECTION('',(1.,0.,0.));
#944 = ORIENTED_EDGE('',*,*,#945,.F.);
#945 = EDGE_CURVE('',#946,#938,#948,.T.);
#946 = VERTEX_POINT('',#947);
#947 = CARTESIAN_POINT('',(163.,190.,39.));
#948 = LINE('',#949,#950);
#949 = CARTESIAN_POINT('',(163.,190.,18.234650698434));
#950 = VECTOR('',#951,1.);
#951 = DIRECTION('',(0.,0.,-1.));
#952 = ORIENTED_EDGE('',*,*,#953,.T.);
#953 = EDGE_CURVE('',#946,#954,#956,.T.);
#954 = VERTEX_POINT('',#955);
#955 = CARTESIAN_POINT('',(168.,190.,39.));
#956 = LINE('',#957,#958);
#957 = CARTESIAN_POINT('',(0.,190.,39.));
#958 = VECTOR('',#959,1.);
#959 = DIRECTION('',(1.,0.,0.));
#960 = ORIENTED_EDGE('',*,*,#961,.F.);
#961 = EDGE_CURVE('',#962,#954,#964,.T.);
#962 = VERTEX_POINT('',#963);
#963 = CARTESIAN_POINT('',(168.,190.,31.));
#964 = LINE('',#965,#966);
#965 = CARTESIAN_POINT('',(168.,190.,20.314019095735));
#966 = VECTOR('',#967,1.);
#967 = DIRECTION('',(0.,0.,1.));
#968 = ORIENTED_EDGE('',*,*,#969,.T.);
#969 = EDGE_CURVE('',#962,#970,#972,.T.);
#970 = VERTEX_POINT('',#971);
#971 = CARTESIAN_POINT('',(176.,190.,31.));
#972 = LINE('',#973,#974);
#973 = CARTESIAN_POINT('',(84.,190.,31.));
#974 = VECTOR('',#975,1.);
#975 = DIRECTION('',(1.,0.,0.));
#976 = ORIENTED_EDGE('',*,*,#977,.F.);
#977 = EDGE_CURVE('',#978,#970,#980,.T.);
#978 = VERTEX_POINT('',#979);
#979 = CARTESIAN_POINT('',(176.,190.,39.));
#980 = LINE('',#981,#982);
#981 = CARTESIAN_POINT('',(176.,190.,20.314019095735));
#982 = VECTOR('',#983,1.);
#983 = DIRECTION('',(0.,0.,-1.));
#984 = ORIENTED_EDGE('',*,*,#985,.T.);
#985 = EDGE_CURVE('',#978,#986,#988,.T.);
#986 = VERTEX_POINT('',#987);
#987 = CARTESIAN_POINT('',(196.,190.,39.));
#988 = LINE('',#989,#990);
#989 = CARTESIAN_POINT('',(0.,190.,39.));
#990 = VECTOR('',#991,1.);
#991 = DIRECTION('',(1.,0.,0.));
#992 = ORIENTED_EDGE('',*,*,#993,.F.);
#993 = EDGE_CURVE('',#994,#986,#996,.T.);
#994 = VERTEX_POINT('',#995);
#995 = CARTESIAN_POINT('',(196.,190.,0.));
#996 = LINE('',#997,#998);
#997 = CARTESIAN_POINT('',(196.,190.,0.));
#998 = VECTOR('',#999,1.);
#999 = DIRECTION('',(0.,0.,1.));
#1000 = ORIENTED_EDGE('',*,*,#1001,.F.);
#1001 = EDGE_CURVE('',#817,#994,#1002,.T.);
#1002 = LINE('',#1003,#1004);
#1003 = CARTESIAN_POINT('',(0.,190.,0.));
#1004 = VECTOR('',#1005,1.);
#1005 = DIRECTION('',(1.,0.,0.));
#1006 = ORIENTED_EDGE('',*,*,#824,.T.);
#1007 = ORIENTED_EDGE('',*,*,#1008,.T.);
#1008 = EDGE_CURVE('',#825,#1009,#1011,.T.);
#1009 = VERTEX_POINT('',#1010);
#1010 = CARTESIAN_POINT('',(20.,190.,39.));
#1011 = LINE('',#1012,#1013);
#1012 = CARTESIAN_POINT('',(0.,190.,39.));
#1013 = VECTOR('',#1014,1.);
#1014 = DIRECTION('',(1.,0.,0.));
#1015 = ORIENTED_EDGE('',*,*,#1016,.F.);
#1016 = EDGE_CURVE('',#1017,#1009,#1019,.T.);
#1017 = VERTEX_POINT('',#1018);
#1018 = CARTESIAN_POINT('',(20.,190.,31.));
#1019 = LINE('',#1020,#1021);
#1020 = CARTESIAN_POINT('',(20.,190.,20.314019095735));
#1021 = VECTOR('',#1022,1.);
#1022 = DIRECTION('',(0.,0.,1.));
#1023 = ORIENTED_EDGE('',*,*,#1024,.T.);
#1024 = EDGE_CURVE('',#1017,#1025,#1027,.T.);
#1025 = VERTEX_POINT('',#1026);
#1026 = CARTESIAN_POINT('',(28.,190.,31.));
#1027 = LINE('',#1028,#1029);
#1028 = CARTESIAN_POINT('',(10.,190.,31.));
#1029 = VECTOR('',#1030,1.);
#1030 = DIRECTION('',(1.,0.,0.));
#1031 = ORIENTED_EDGE('',*,*,#1032,.F.);
#1032 = EDGE_CURVE('',#1033,#1025,#1035,.T.);
#1033 = VERTEX_POINT('',#1034);
#1034 = CARTESIAN_POINT('',(28.,190.,39.));
#1035 = LINE('',#1036,#1037);
#1036 = CARTESIAN_POINT('',(28.,190.,20.314019095735));
#1037 = VECTOR('',#1038,1.);
#1038 = DIRECTION('',(0.,0.,-1.));
#1039 = ORIENTED_EDGE('',*,*,#1040,.T.);
#1040 = EDGE_CURVE('',#1033,#1041,#1043,.T.);
#1041 = VERTEX_POINT('',#1042);
#1042 = CARTESIAN_POINT('',(33.,190.,39.));
#1043 = LINE('',#1044,#1045);
#1044 = CARTESIAN_POINT('',(0.,190.,39.));
#1045 = VECTOR('',#1046,1.);
#1046 = DIRECTION('',(1.,0.,0.));
#1047 = ORIENTED_EDGE('',*,*,#1048,.T.);
#1048 = EDGE_CURVE('',#1041,#1049,#1051,.T.);
#1049 = VERTEX_POINT('',#1050);
#1050 = CARTESIAN_POINT('',(33.,190.,34.144184551569));
#1051 = LINE('',#1052,#1053);
#1052 = CARTESIAN_POINT('',(33.,190.,18.234650698434));
#1053 = VECTOR('',#1054,1.);
#1054 = DIRECTION('',(0.,0.,-1.));
#1055 = ORIENTED_EDGE('',*,*,#1056,.T.);
#1056 = EDGE_CURVE('',#1049,#1057,#1059,.T.);
#1057 = VERTEX_POINT('',#1058);
#1058 = CARTESIAN_POINT('',(43.,190.,34.144184551569));
#1059 = LINE('',#1060,#1061);
#1060 = CARTESIAN_POINT('',(16.5,190.,34.144184551569));
#1061 = VECTOR('',#1062,1.);
#1062 = DIRECTION('',(1.,0.,0.));
#1063 = ORIENTED_EDGE('',*,*,#1064,.F.);
#1064 = EDGE_CURVE('',#1065,#1057,#1067,.T.);
#1065 = VERTEX_POINT('',#1066);
#1066 = CARTESIAN_POINT('',(43.,190.,39.));
#1067 = LINE('',#1068,#1069);
#1068 = CARTESIAN_POINT('',(43.,190.,18.234650698434));
#1069 = VECTOR('',#1070,1.);
#1070 = DIRECTION('',(0.,0.,-1.));
#1071 = ORIENTED_EDGE('',*,*,#1072,.T.);
#1072 = EDGE_CURVE('',#1065,#1073,#1075,.T.);
#1073 = VERTEX_POINT('',#1074);
#1074 = CARTESIAN_POINT('',(48.,190.,39.));
#1075 = LINE('',#1076,#1077);
#1076 = CARTESIAN_POINT('',(0.,190.,39.));
#1077 = VECTOR('',#1078,1.);
#1078 = DIRECTION('',(1.,0.,0.));
#1079 = ORIENTED_EDGE('',*,*,#1080,.F.);
#1080 = EDGE_CURVE('',#1081,#1073,#1083,.T.);
#1081 = VERTEX_POINT('',#1082);
#1082 = CARTESIAN_POINT('',(48.,190.,31.));
#1083 = LINE('',#1084,#1085);
#1084 = CARTESIAN_POINT('',(48.,190.,20.314019095735));
#1085 = VECTOR('',#1086,1.);
#1086 = DIRECTION('',(0.,0.,1.));
#1087 = ORIENTED_EDGE('',*,*,#1088,.T.);
#1088 = EDGE_CURVE('',#1081,#1089,#1091,.T.);
#1089 = VERTEX_POINT('',#1090);
#1090 = CARTESIAN_POINT('',(56.,190.,31.));
#1091 = LINE('',#1092,#1093);
#1092 = CARTESIAN_POINT('',(24.,190.,31.));
#1093 = VECTOR('',#1094,1.);
#1094 = DIRECTION('',(1.,0.,0.));
#1095 = ORIENTED_EDGE('',*,*,#1096,.F.);
#1096 = EDGE_CURVE('',#1097,#1089,#1099,.T.);
#1097 = VERTEX_POINT('',#1098);
#1098 = CARTESIAN_POINT('',(56.,190.,39.));
#1099 = LINE('',#1100,#1101);
#1100 = CARTESIAN_POINT('',(56.,190.,20.314019095735));
#1101 = VECTOR('',#1102,1.);
#1102 = DIRECTION('',(0.,0.,-1.));
#1103 = ORIENTED_EDGE('',*,*,#1104,.T.);
#1104 = EDGE_CURVE('',#1097,#1105,#1107,.T.);
#1105 = VERTEX_POINT('',#1106);
#1106 = CARTESIAN_POINT('',(114.,190.,39.));
#1107 = LINE('',#1108,#1109);
#1108 = CARTESIAN_POINT('',(0.,190.,39.));
#1109 = VECTOR('',#1110,1.);
#1110 = DIRECTION('',(1.,0.,0.));
#1111 = ORIENTED_EDGE('',*,*,#1112,.T.);
#1112 = EDGE_CURVE('',#1105,#1113,#1115,.T.);
#1113 = VERTEX_POINT('',#1114);
#1114 = CARTESIAN_POINT('',(114.,190.,23.));
#1115 = LINE('',#1116,#1117);
#1116 = CARTESIAN_POINT('',(114.,190.,11.5));
#1117 = VECTOR('',#1118,1.);
#1118 = DIRECTION('',(0.,0.,-1.));
#1119 = ORIENTED_EDGE('',*,*,#1120,.T.);
#1120 = EDGE_CURVE('',#1113,#1121,#1123,.T.);
#1121 = VERTEX_POINT('',#1122);
#1122 = CARTESIAN_POINT('',(148.,190.,23.));
#1123 = LINE('',#1124,#1125);
#1124 = CARTESIAN_POINT('',(57.,190.,23.));
#1125 = VECTOR('',#1126,1.);
#1126 = DIRECTION('',(1.,0.,0.));
#1127 = ORIENTED_EDGE('',*,*,#1128,.F.);
#1128 = EDGE_CURVE('',#914,#1121,#1129,.T.);
#1129 = LINE('',#1130,#1131);
#1130 = CARTESIAN_POINT('',(148.,190.,11.5));
#1131 = VECTOR('',#1132,1.);
#1132 = DIRECTION('',(0.,0.,-1.));
#1133 = FACE_BOUND('',#1134,.T.);
#1134 = EDGE_LOOP('',(#1135,#1145,#1153,#1161));
#1135 = ORIENTED_EDGE('',*,*,#1136,.F.);
#1136 = EDGE_CURVE('',#1137,#1139,#1141,.T.);
#1137 = VERTEX_POINT('',#1138);
#1138 = CARTESIAN_POINT('',(55.,190.,27.));
#1139 = VERTEX_POINT('',#1140);
#1140 = CARTESIAN_POINT('',(109.,190.,27.));
#1141 = LINE('',#1142,#1143);
#1142 = CARTESIAN_POINT('',(27.5,190.,27.));
#1143 = VECTOR('',#1144,1.);
#1144 = DIRECTION('',(1.,0.,0.));
#1145 = ORIENTED_EDGE('',*,*,#1146,.T.);
#1146 = EDGE_CURVE('',#1137,#1147,#1149,.T.);
#1147 = VERTEX_POINT('',#1148);
#1148 = CARTESIAN_POINT('',(55.,190.,5.));
#1149 = LINE('',#1150,#1151);
#1150 = CARTESIAN_POINT('',(55.,190.,2.5));
#1151 = VECTOR('',#1152,1.);
#1152 = DIRECTION('',(0.,0.,-1.));
#1153 = ORIENTED_EDGE('',*,*,#1154,.T.);
#1154 = EDGE_CURVE('',#1147,#1155,#1157,.T.);
#1155 = VERTEX_POINT('',#1156);
#1156 = CARTESIAN_POINT('',(109.,190.,5.));
#1157 = LINE('',#1158,#1159);
#1158 = CARTESIAN_POINT('',(27.5,190.,5.));
#1159 = VECTOR('',#1160,1.);
#1160 = DIRECTION('',(1.,0.,0.));
#1161 = ORIENTED_EDGE('',*,*,#1162,.F.);
#1162 = EDGE_CURVE('',#1139,#1155,#1163,.T.);
#1163 = LINE('',#1164,#1165);
#1164 = CARTESIAN_POINT('',(109.,190.,2.5));
#1165 = VECTOR('',#1166,1.);
#1166 = DIRECTION('',(0.,0.,-1.));
#1167 = PLANE('',#1168);
#1168 = AXIS2_PLACEMENT_3D('',#1169,#1170,#1171);
#1169 = CARTESIAN_POINT('',(0.,190.,0.));
#1170 = DIRECTION('',(0.,1.,0.));
#1171 = DIRECTION('',(0.,0.,1.));
#1172 = ADVANCED_FACE('',(#1173),#1241,.T.);
#1173 = FACE_BOUND('',#1174,.T.);
#1174 = EDGE_LOOP('',(#1175,#1183,#1184,#1192,#1200,#1209,#1217,#1226,
    #1234));
#1175 = ORIENTED_EDGE('',*,*,#1176,.F.);
#1176 = EDGE_CURVE('',#841,#1177,#1179,.T.);
#1177 = VERTEX_POINT('',#1178);
#1178 = CARTESIAN_POINT('',(3.9,182.,6.));
#1179 = LINE('',#1180,#1181);
#1180 = CARTESIAN_POINT('',(-1.,182.,6.));
#1181 = VECTOR('',#1182,1.);
#1182 = DIRECTION('',(1.,0.,0.));
#1183 = ORIENTED_EDGE('',*,*,#840,.T.);
#1184 = ORIENTED_EDGE('',*,*,#1185,.T.);
#1185 = EDGE_CURVE('',#843,#1186,#1188,.T.);
#1186 = VERTEX_POINT('',#1187);
#1187 = CARTESIAN_POINT('',(4.,123.,6.));
#1188 = LINE('',#1189,#1190);
#1189 = CARTESIAN_POINT('',(-1.,123.,6.));
#1190 = VECTOR('',#1191,1.);
#1191 = DIRECTION('',(1.,0.,0.));
#1192 = ORIENTED_EDGE('',*,*,#1193,.T.);
#1193 = EDGE_CURVE('',#1186,#1194,#1196,.T.);
#1194 = VERTEX_POINT('',#1195);
#1195 = CARTESIAN_POINT('',(4.,125.472135955,6.));
#1196 = LINE('',#1197,#1198);
#1197 = CARTESIAN_POINT('',(4.,123.,6.));
#1198 = VECTOR('',#1199,1.);
#1199 = DIRECTION('',(0.,1.,0.));
#1200 = ORIENTED_EDGE('',*,*,#1201,.T.);
#1201 = EDGE_CURVE('',#1194,#1202,#1204,.T.);
#1202 = VERTEX_POINT('',#1203);
#1203 = CARTESIAN_POINT('',(3.,124.31662479035,6.));
#1204 = CIRCLE('',#1205,6.);
#1205 = AXIS2_PLACEMENT_3D('',#1206,#1207,#1208);
#1206 = CARTESIAN_POINT('',(8.,121.,6.));
#1207 = DIRECTION('',(0.,0.,1.));
#1208 = DIRECTION('',(1.,0.,0.));
#1209 = ORIENTED_EDGE('',*,*,#1210,.F.);
#1210 = EDGE_CURVE('',#1211,#1202,#1213,.T.);
#1211 = VERTEX_POINT('',#1212);
#1212 = CARTESIAN_POINT('',(3.,178.68337520964,6.));
#1213 = LINE('',#1214,#1215);
#1214 = CARTESIAN_POINT('',(3.,63.,6.));
#1215 = VECTOR('',#1216,1.);
#1216 = DIRECTION('',(0.,-1.,0.));
#1217 = ORIENTED_EDGE('',*,*,#1218,.T.);
#1218 = EDGE_CURVE('',#1211,#1219,#1221,.T.);
#1219 = VERTEX_POINT('',#1220);
#1220 = CARTESIAN_POINT('',(4.,177.527864045,6.));
#1221 = CIRCLE('',#1222,6.);
#1222 = AXIS2_PLACEMENT_3D('',#1223,#1224,#1225);
#1223 = CARTESIAN_POINT('',(8.,182.,6.));
#1224 = DIRECTION('',(0.,0.,1.));
#1225 = DIRECTION('',(1.,0.,0.));
#1226 = ORIENTED_EDGE('',*,*,#1227,.T.);
#1227 = EDGE_CURVE('',#1219,#1228,#1230,.T.);
#1228 = VERTEX_POINT('',#1229);
#1229 = CARTESIAN_POINT('',(4.,181.1,6.));
#1230 = LINE('',#1231,#1232);
#1231 = CARTESIAN_POINT('',(4.,123.,6.));
#1232 = VECTOR('',#1233,1.);
#1233 = DIRECTION('',(0.,1.,0.));
#1234 = ORIENTED_EDGE('',*,*,#1235,.F.);
#1235 = EDGE_CURVE('',#1177,#1228,#1236,.T.);
#1236 = CIRCLE('',#1237,4.1);
#1237 = AXIS2_PLACEMENT_3D('',#1238,#1239,#1240);
#1238 = CARTESIAN_POINT('',(8.,182.,6.));
#1239 = DIRECTION('',(0.,0.,1.));
#1240 = DIRECTION('',(1.,0.,0.));
#1241 = PLANE('',#1242);
#1242 = AXIS2_PLACEMENT_3D('',#1243,#1244,#1245);
#1243 = CARTESIAN_POINT('',(-1.,123.,6.));
#1244 = DIRECTION('',(0.,0.,1.));
#1245 = DIRECTION('',(1.,0.,0.));
#1246 = ADVANCED_FACE('',(#1247),#1281,.F.);
#1247 = FACE_BOUND('',#1248,.F.);
#1248 = EDGE_LOOP('',(#1249,#1250,#1251,#1259,#1267,#1275));
#1249 = ORIENTED_EDGE('',*,*,#1176,.F.);
#1250 = ORIENTED_EDGE('',*,*,#866,.T.);
#1251 = ORIENTED_EDGE('',*,*,#1252,.T.);
#1252 = EDGE_CURVE('',#859,#1253,#1255,.T.);
#1253 = VERTEX_POINT('',#1254);
#1254 = CARTESIAN_POINT('',(4.,182.,33.));
#1255 = LINE('',#1256,#1257);
#1256 = CARTESIAN_POINT('',(-1.,182.,33.));
#1257 = VECTOR('',#1258,1.);
#1258 = DIRECTION('',(1.,0.,0.));
#1259 = ORIENTED_EDGE('',*,*,#1260,.F.);
#1260 = EDGE_CURVE('',#1261,#1253,#1263,.T.);
#1261 = VERTEX_POINT('',#1262);
#1262 = CARTESIAN_POINT('',(4.,182.,30.5));
#1263 = LINE('',#1264,#1265);
#1264 = CARTESIAN_POINT('',(4.,182.,6.));
#1265 = VECTOR('',#1266,1.);
#1266 = DIRECTION('',(0.,0.,1.));
#1267 = ORIENTED_EDGE('',*,*,#1268,.T.);
#1268 = EDGE_CURVE('',#1261,#1269,#1271,.T.);
#1269 = VERTEX_POINT('',#1270);
#1270 = CARTESIAN_POINT('',(3.9,182.,30.5));
#1271 = LINE('',#1272,#1273);
#1272 = CARTESIAN_POINT('',(3.5,182.,30.5));
#1273 = VECTOR('',#1274,1.);
#1274 = DIRECTION('',(-1.,0.,0.));
#1275 = ORIENTED_EDGE('',*,*,#1276,.F.);
#1276 = EDGE_CURVE('',#1177,#1269,#1277,.T.);
#1277 = LINE('',#1278,#1279);
#1278 = CARTESIAN_POINT('',(3.9,182.,-1.));
#1279 = VECTOR('',#1280,1.);
#1280 = DIRECTION('',(0.,0.,1.));
#1281 = PLANE('',#1282);
#1282 = AXIS2_PLACEMENT_3D('',#1283,#1284,#1285);
#1283 = CARTESIAN_POINT('',(-1.,182.,6.));
#1284 = DIRECTION('',(0.,1.,0.));
#1285 = DIRECTION('',(0.,0.,1.));
#1286 = ADVANCED_FACE('',(#1287),#1339,.F.);
#1287 = FACE_BOUND('',#1288,.F.);
#1288 = EDGE_LOOP('',(#1289,#1290,#1291,#1299,#1307,#1316,#1324,#1333));
#1289 = ORIENTED_EDGE('',*,*,#1252,.F.);
#1290 = ORIENTED_EDGE('',*,*,#858,.T.);
#1291 = ORIENTED_EDGE('',*,*,#1292,.T.);
#1292 = EDGE_CURVE('',#851,#1293,#1295,.T.);
#1293 = VERTEX_POINT('',#1294);
#1294 = CARTESIAN_POINT('',(4.,123.,33.));
#1295 = LINE('',#1296,#1297);
#1296 = CARTESIAN_POINT('',(-1.,123.,33.));
#1297 = VECTOR('',#1298,1.);
#1298 = DIRECTION('',(1.,0.,0.));
#1299 = ORIENTED_EDGE('',*,*,#1300,.T.);
#1300 = EDGE_CURVE('',#1293,#1301,#1303,.T.);
#1301 = VERTEX_POINT('',#1302);
#1302 = CARTESIAN_POINT('',(4.,125.472135955,33.));
#1303 = LINE('',#1304,#1305);
#1304 = CARTESIAN_POINT('',(4.,123.,33.));
#1305 = VECTOR('',#1306,1.);
#1306 = DIRECTION('',(0.,1.,0.));
#1307 = ORIENTED_EDGE('',*,*,#1308,.T.);
#1308 = EDGE_CURVE('',#1301,#1309,#1311,.T.);
#1309 = VERTEX_POINT('',#1310);
#1310 = CARTESIAN_POINT('',(3.,124.31662479035,33.));
#1311 = CIRCLE('',#1312,6.);
#1312 = AXIS2_PLACEMENT_3D('',#1313,#1314,#1315);
#1313 = CARTESIAN_POINT('',(8.,121.,33.));
#1314 = DIRECTION('',(0.,0.,1.));
#1315 = DIRECTION('',(1.,0.,0.));
#1316 = ORIENTED_EDGE('',*,*,#1317,.F.);
#1317 = EDGE_CURVE('',#1318,#1309,#1320,.T.);
#1318 = VERTEX_POINT('',#1319);
#1319 = CARTESIAN_POINT('',(3.,178.68337520964,33.));
#1320 = LINE('',#1321,#1322);
#1321 = CARTESIAN_POINT('',(3.,63.,33.));
#1322 = VECTOR('',#1323,1.);
#1323 = DIRECTION('',(0.,-1.,0.));
#1324 = ORIENTED_EDGE('',*,*,#1325,.T.);
#1325 = EDGE_CURVE('',#1318,#1326,#1328,.T.);
#1326 = VERTEX_POINT('',#1327);
#1327 = CARTESIAN_POINT('',(4.,177.527864045,33.));
#1328 = CIRCLE('',#1329,6.);
#1329 = AXIS2_PLACEMENT_3D('',#1330,#1331,#1332);
#1330 = CARTESIAN_POINT('',(8.,182.,33.));
#1331 = DIRECTION('',(0.,0.,1.));
#1332 = DIRECTION('',(1.,0.,0.));
#1333 = ORIENTED_EDGE('',*,*,#1334,.T.);
#1334 = EDGE_CURVE('',#1326,#1253,#1335,.T.);
#1335 = LINE('',#1336,#1337);
#1336 = CARTESIAN_POINT('',(4.,123.,33.));
#1337 = VECTOR('',#1338,1.);
#1338 = DIRECTION('',(0.,1.,0.));
#1339 = PLANE('',#1340);
#1340 = AXIS2_PLACEMENT_3D('',#1341,#1342,#1343);
#1341 = CARTESIAN_POINT('',(-1.,123.,33.));
#1342 = DIRECTION('',(0.,0.,1.));
#1343 = DIRECTION('',(1.,0.,0.));
#1344 = ADVANCED_FACE('',(#1345),#1356,.T.);
#1345 = FACE_BOUND('',#1346,.T.);
#1346 = EDGE_LOOP('',(#1347,#1348,#1349,#1350));
#1347 = ORIENTED_EDGE('',*,*,#1185,.F.);
#1348 = ORIENTED_EDGE('',*,*,#850,.T.);
#1349 = ORIENTED_EDGE('',*,*,#1292,.T.);
#1350 = ORIENTED_EDGE('',*,*,#1351,.F.);
#1351 = EDGE_CURVE('',#1186,#1293,#1352,.T.);
#1352 = LINE('',#1353,#1354);
#1353 = CARTESIAN_POINT('',(4.,123.,6.));
#1354 = VECTOR('',#1355,1.);
#1355 = DIRECTION('',(0.,0.,1.));
#1356 = PLANE('',#1357);
#1357 = AXIS2_PLACEMENT_3D('',#1358,#1359,#1360);
#1358 = CARTESIAN_POINT('',(-1.,123.,6.));
#1359 = DIRECTION('',(0.,1.,0.));
#1360 = DIRECTION('',(0.,0.,1.));
#1361 = ADVANCED_FACE('',(#1362),#1378,.T.);
#1362 = FACE_BOUND('',#1363,.T.);
#1363 = EDGE_LOOP('',(#1364,#1365,#1371,#1372));
#1364 = ORIENTED_EDGE('',*,*,#897,.F.);
#1365 = ORIENTED_EDGE('',*,*,#1366,.T.);
#1366 = EDGE_CURVE('',#881,#994,#1367,.T.);
#1367 = LINE('',#1368,#1369);
#1368 = CARTESIAN_POINT('',(196.,0.,0.));
#1369 = VECTOR('',#1370,1.);
#1370 = DIRECTION('',(0.,1.,0.));
#1371 = ORIENTED_EDGE('',*,*,#993,.T.);
#1372 = ORIENTED_EDGE('',*,*,#1373,.F.);
#1373 = EDGE_CURVE('',#890,#986,#1374,.T.);
#1374 = LINE('',#1375,#1376);
#1375 = CARTESIAN_POINT('',(196.,0.,39.));
#1376 = VECTOR('',#1377,1.);
#1377 = DIRECTION('',(0.,1.,0.));
#1378 = PLANE('',#1379);
#1379 = AXIS2_PLACEMENT_3D('',#1380,#1381,#1382);
#1380 = CARTESIAN_POINT('',(196.,0.,0.));
#1381 = DIRECTION('',(1.,0.,0.));
#1382 = DIRECTION('',(0.,0.,1.));
#1383 = ADVANCED_FACE('',(#1384,#1459),#1470,.T.);
#1384 = FACE_BOUND('',#1385,.T.);
#1385 = EDGE_LOOP('',(#1386,#1396,#1404,#1413,#1422,#1430,#1436,#1437,
    #1445,#1453));
#1386 = ORIENTED_EDGE('',*,*,#1387,.T.);
#1387 = EDGE_CURVE('',#1388,#1390,#1392,.T.);
#1388 = VERTEX_POINT('',#1389);
#1389 = CARTESIAN_POINT('',(20.,184.,31.));
#1390 = VERTEX_POINT('',#1391);
#1391 = CARTESIAN_POINT('',(20.,184.,44.5));
#1392 = LINE('',#1393,#1394);
#1393 = CARTESIAN_POINT('',(20.,184.,31.));
#1394 = VECTOR('',#1395,1.);
#1395 = DIRECTION('',(0.,0.,1.));
#1396 = ORIENTED_EDGE('',*,*,#1397,.T.);
#1397 = EDGE_CURVE('',#1390,#1398,#1400,.T.);
#1398 = VERTEX_POINT('',#1399);
#1399 = CARTESIAN_POINT('',(20.,188.,44.5));
#1400 = LINE('',#1401,#1402);
#1401 = CARTESIAN_POINT('',(20.,184.,44.5));
#1402 = VECTOR('',#1403,1.);
#1403 = DIRECTION('',(0.,1.,0.));
#1404 = ORIENTED_EDGE('',*,*,#1405,.F.);
#1405 = EDGE_CURVE('',#1406,#1398,#1408,.T.);
#1406 = VERTEX_POINT('',#1407);
#1407 = CARTESIAN_POINT('',(20.,195.,51.5));
#1408 = CIRCLE('',#1409,7.);
#1409 = AXIS2_PLACEMENT_3D('',#1410,#1411,#1412);
#1410 = CARTESIAN_POINT('',(20.,195.,44.5));
#1411 = DIRECTION('',(1.,0.,-0.));
#1412 = DIRECTION('',(0.,0.,1.));
#1413 = ORIENTED_EDGE('',*,*,#1414,.F.);
#1414 = EDGE_CURVE('',#1415,#1406,#1417,.T.);
#1415 = VERTEX_POINT('',#1416);
#1416 = CARTESIAN_POINT('',(20.,195.,37.5));
#1417 = CIRCLE('',#1418,7.);
#1418 = AXIS2_PLACEMENT_3D('',#1419,#1420,#1421);
#1419 = CARTESIAN_POINT('',(20.,195.,44.5));
#1420 = DIRECTION('',(1.,0.,-0.));
#1421 = DIRECTION('',(0.,0.,1.));
#1422 = ORIENTED_EDGE('',*,*,#1423,.F.);
#1423 = EDGE_CURVE('',#1424,#1415,#1426,.T.);
#1424 = VERTEX_POINT('',#1425);
#1425 = CARTESIAN_POINT('',(20.,195.,31.));
#1426 = LINE('',#1427,#1428);
#1427 = CARTESIAN_POINT('',(20.,195.,31.));
#1428 = VECTOR('',#1429,1.);
#1429 = DIRECTION('',(0.,0.,1.));
#1430 = ORIENTED_EDGE('',*,*,#1431,.F.);
#1431 = EDGE_CURVE('',#1017,#1424,#1432,.T.);
#1432 = LINE('',#1433,#1434);
#1433 = CARTESIAN_POINT('',(20.,184.,31.));
#1434 = VECTOR('',#1435,1.);
#1435 = DIRECTION('',(0.,1.,0.));
#1436 = ORIENTED_EDGE('',*,*,#1016,.T.);
#1437 = ORIENTED_EDGE('',*,*,#1438,.T.);
#1438 = EDGE_CURVE('',#1009,#1439,#1441,.T.);
#1439 = VERTEX_POINT('',#1440);
#1440 = CARTESIAN_POINT('',(20.,187.,39.));
#1441 = LINE('',#1442,#1443);
#1442 = CARTESIAN_POINT('',(20.,95.948791421577,39.));
#1443 = VECTOR('',#1444,1.);
#1444 = DIRECTION('',(0.,-1.,0.));
#1445 = ORIENTED_EDGE('',*,*,#1446,.F.);
#1446 = EDGE_CURVE('',#1447,#1439,#1449,.T.);
#1447 = VERTEX_POINT('',#1448);
#1448 = CARTESIAN_POINT('',(20.,187.,31.));
#1449 = LINE('',#1450,#1451);
#1450 = CARTESIAN_POINT('',(20.,187.,21.814019095735));
#1451 = VECTOR('',#1452,1.);
#1452 = DIRECTION('',(0.,0.,1.));
#1453 = ORIENTED_EDGE('',*,*,#1454,.F.);
#1454 = EDGE_CURVE('',#1388,#1447,#1455,.T.);
#1455 = LINE('',#1456,#1457);
#1456 = CARTESIAN_POINT('',(20.,184.,31.));
#1457 = VECTOR('',#1458,1.);
#1458 = DIRECTION('',(0.,1.,0.));
#1459 = FACE_BOUND('',#1460,.T.);
#1460 = EDGE_LOOP('',(#1461));
#1461 = ORIENTED_EDGE('',*,*,#1462,.T.);
#1462 = EDGE_CURVE('',#1463,#1463,#1465,.T.);
#1463 = VERTEX_POINT('',#1464);
#1464 = CARTESIAN_POINT('',(20.,195.,46.7));
#1465 = CIRCLE('',#1466,2.2);
#1466 = AXIS2_PLACEMENT_3D('',#1467,#1468,#1469);
#1467 = CARTESIAN_POINT('',(20.,195.,44.5));
#1468 = DIRECTION('',(1.,0.,-0.));
#1469 = DIRECTION('',(0.,0.,1.));
#1470 = PLANE('',#1471);
#1471 = AXIS2_PLACEMENT_3D('',#1472,#1473,#1474);
#1472 = CARTESIAN_POINT('',(20.,191.89758284315,40.628038191471));
#1473 = DIRECTION('',(-1.,-0.,-0.));
#1474 = DIRECTION('',(0.,0.,-1.));
#1475 = ADVANCED_FACE('',(#1476,#1621,#1655,#1689),#1723,.F.);
#1476 = FACE_BOUND('',#1477,.F.);
#1477 = EDGE_LOOP('',(#1478,#1479,#1480,#1488,#1494,#1495,#1503,#1511,
    #1519,#1527,#1535,#1543,#1551,#1559,#1567,#1575,#1583,#1591,#1599,
    #1607,#1615));
#1478 = ORIENTED_EDGE('',*,*,#791,.F.);
#1479 = ORIENTED_EDGE('',*,*,#131,.F.);
#1480 = ORIENTED_EDGE('',*,*,#1481,.T.);
#1481 = EDGE_CURVE('',#132,#1482,#1484,.T.);
#1482 = VERTEX_POINT('',#1483);
#1483 = CARTESIAN_POINT('',(11.316624790355,187.,39.));
#1484 = LINE('',#1485,#1486);
#1485 = CARTESIAN_POINT('',(11.316624790355,187.,0.));
#1486 = VECTOR('',#1487,1.);
#1487 = DIRECTION('',(0.,0.,1.));
#1488 = ORIENTED_EDGE('',*,*,#1489,.F.);
#1489 = EDGE_CURVE('',#1439,#1482,#1490,.T.);
#1490 = LINE('',#1491,#1492);
#1491 = CARTESIAN_POINT('',(1.5,187.,39.));
#1492 = VECTOR('',#1493,1.);
#1493 = DIRECTION('',(-1.,0.,0.));
#1494 = ORIENTED_EDGE('',*,*,#1446,.F.);
#1495 = ORIENTED_EDGE('',*,*,#1496,.T.);
#1496 = EDGE_CURVE('',#1447,#1497,#1499,.T.);
#1497 = VERTEX_POINT('',#1498);
#1498 = CARTESIAN_POINT('',(28.,187.,31.));
#1499 = LINE('',#1500,#1501);
#1500 = CARTESIAN_POINT('',(11.5,187.,31.));
#1501 = VECTOR('',#1502,1.);
#1502 = DIRECTION('',(1.,0.,0.));
#1503 = ORIENTED_EDGE('',*,*,#1504,.F.);
#1504 = EDGE_CURVE('',#1505,#1497,#1507,.T.);
#1505 = VERTEX_POINT('',#1506);
#1506 = CARTESIAN_POINT('',(28.,187.,39.));
#1507 = LINE('',#1508,#1509);
#1508 = CARTESIAN_POINT('',(28.,187.,21.814019095735));
#1509 = VECTOR('',#1510,1.);
#1510 = DIRECTION('',(0.,0.,-1.));
#1511 = ORIENTED_EDGE('',*,*,#1512,.F.);
#1512 = EDGE_CURVE('',#1513,#1505,#1515,.T.);
#1513 = VERTEX_POINT('',#1514);
#1514 = CARTESIAN_POINT('',(48.,187.,39.));
#1515 = LINE('',#1516,#1517);
#1516 = CARTESIAN_POINT('',(1.5,187.,39.));
#1517 = VECTOR('',#1518,1.);
#1518 = DIRECTION('',(-1.,0.,0.));
#1519 = ORIENTED_EDGE('',*,*,#1520,.F.);
#1520 = EDGE_CURVE('',#1521,#1513,#1523,.T.);
#1521 = VERTEX_POINT('',#1522);
#1522 = CARTESIAN_POINT('',(48.,187.,31.));
#1523 = LINE('',#1524,#1525);
#1524 = CARTESIAN_POINT('',(48.,187.,21.814019095735));
#1525 = VECTOR('',#1526,1.);
#1526 = DIRECTION('',(0.,0.,1.));
#1527 = ORIENTED_EDGE('',*,*,#1528,.T.);
#1528 = EDGE_CURVE('',#1521,#1529,#1531,.T.);
#1529 = VERTEX_POINT('',#1530);
#1530 = CARTESIAN_POINT('',(56.,187.,31.));
#1531 = LINE('',#1532,#1533);
#1532 = CARTESIAN_POINT('',(25.5,187.,31.));
#1533 = VECTOR('',#1534,1.);
#1534 = DIRECTION('',(1.,0.,0.));
#1535 = ORIENTED_EDGE('',*,*,#1536,.F.);
#1536 = EDGE_CURVE('',#1537,#1529,#1539,.T.);
#1537 = VERTEX_POINT('',#1538);
#1538 = CARTESIAN_POINT('',(56.,187.,39.));
#1539 = LINE('',#1540,#1541);
#1540 = CARTESIAN_POINT('',(56.,187.,21.814019095735));
#1541 = VECTOR('',#1542,1.);
#1542 = DIRECTION('',(0.,0.,-1.));
#1543 = ORIENTED_EDGE('',*,*,#1544,.F.);
#1544 = EDGE_CURVE('',#1545,#1537,#1547,.T.);
#1545 = VERTEX_POINT('',#1546);
#1546 = CARTESIAN_POINT('',(114.,187.,39.));
#1547 = LINE('',#1548,#1549);
#1548 = CARTESIAN_POINT('',(1.5,187.,39.));
#1549 = VECTOR('',#1550,1.);
#1550 = DIRECTION('',(-1.,0.,0.));
#1551 = ORIENTED_EDGE('',*,*,#1552,.T.);
#1552 = EDGE_CURVE('',#1545,#1553,#1555,.T.);
#1553 = VERTEX_POINT('',#1554);
#1554 = CARTESIAN_POINT('',(114.,187.,23.));
#1555 = LINE('',#1556,#1557);
#1556 = CARTESIAN_POINT('',(114.,187.,13.));
#1557 = VECTOR('',#1558,1.);
#1558 = DIRECTION('',(0.,0.,-1.));
#1559 = ORIENTED_EDGE('',*,*,#1560,.T.);
#1560 = EDGE_CURVE('',#1553,#1561,#1563,.T.);
#1561 = VERTEX_POINT('',#1562);
#1562 = CARTESIAN_POINT('',(148.,187.,23.));
#1563 = LINE('',#1564,#1565);
#1564 = CARTESIAN_POINT('',(58.5,187.,23.));
#1565 = VECTOR('',#1566,1.);
#1566 = DIRECTION('',(1.,0.,0.));
#1567 = ORIENTED_EDGE('',*,*,#1568,.F.);
#1568 = EDGE_CURVE('',#1569,#1561,#1571,.T.);
#1569 = VERTEX_POINT('',#1570);
#1570 = CARTESIAN_POINT('',(148.,187.,31.));
#1571 = LINE('',#1572,#1573);
#1572 = CARTESIAN_POINT('',(148.,187.,13.));
#1573 = VECTOR('',#1574,1.);
#1574 = DIRECTION('',(0.,0.,-1.));
#1575 = ORIENTED_EDGE('',*,*,#1576,.F.);
#1576 = EDGE_CURVE('',#1577,#1569,#1579,.T.);
#1577 = VERTEX_POINT('',#1578);
#1578 = CARTESIAN_POINT('',(148.,187.,39.));
#1579 = LINE('',#1580,#1581);
#1580 = CARTESIAN_POINT('',(148.,187.,13.));
#1581 = VECTOR('',#1582,1.);
#1582 = DIRECTION('',(0.,0.,-1.));
#1583 = ORIENTED_EDGE('',*,*,#1584,.F.);
#1584 = EDGE_CURVE('',#1585,#1577,#1587,.T.);
#1585 = VERTEX_POINT('',#1586);
#1586 = CARTESIAN_POINT('',(168.,187.,39.));
#1587 = LINE('',#1588,#1589);
#1588 = CARTESIAN_POINT('',(1.5,187.,39.));
#1589 = VECTOR('',#1590,1.);
#1590 = DIRECTION('',(-1.,0.,0.));
#1591 = ORIENTED_EDGE('',*,*,#1592,.F.);
#1592 = EDGE_CURVE('',#1593,#1585,#1595,.T.);
#1593 = VERTEX_POINT('',#1594);
#1594 = CARTESIAN_POINT('',(168.,187.,31.));
#1595 = LINE('',#1596,#1597);
#1596 = CARTESIAN_POINT('',(168.,187.,21.814019095735));
#1597 = VECTOR('',#1598,1.);
#1598 = DIRECTION('',(0.,0.,1.));
#1599 = ORIENTED_EDGE('',*,*,#1600,.T.);
#1600 = EDGE_CURVE('',#1593,#1601,#1603,.T.);
#1601 = VERTEX_POINT('',#1602);
#1602 = CARTESIAN_POINT('',(176.,187.,31.));
#1603 = LINE('',#1604,#1605);
#1604 = CARTESIAN_POINT('',(85.5,187.,31.));
#1605 = VECTOR('',#1606,1.);
#1606 = DIRECTION('',(1.,0.,0.));
#1607 = ORIENTED_EDGE('',*,*,#1608,.F.);
#1608 = EDGE_CURVE('',#1609,#1601,#1611,.T.);
#1609 = VERTEX_POINT('',#1610);
#1610 = CARTESIAN_POINT('',(176.,187.,39.));
#1611 = LINE('',#1612,#1613);
#1612 = CARTESIAN_POINT('',(176.,187.,21.814019095735));
#1613 = VECTOR('',#1614,1.);
#1614 = DIRECTION('',(0.,0.,-1.));
#1615 = ORIENTED_EDGE('',*,*,#1616,.F.);
#1616 = EDGE_CURVE('',#783,#1609,#1617,.T.);
#1617 = LINE('',#1618,#1619);
#1618 = CARTESIAN_POINT('',(1.5,187.,39.));
#1619 = VECTOR('',#1620,1.);
#1620 = DIRECTION('',(-1.,0.,0.));
#1621 = FACE_BOUND('',#1622,.F.);
#1622 = EDGE_LOOP('',(#1623,#1633,#1641,#1649));
#1623 = ORIENTED_EDGE('',*,*,#1624,.F.);
#1624 = EDGE_CURVE('',#1625,#1627,#1629,.T.);
#1625 = VERTEX_POINT('',#1626);
#1626 = CARTESIAN_POINT('',(55.,187.,27.));
#1627 = VERTEX_POINT('',#1628);
#1628 = CARTESIAN_POINT('',(109.,187.,27.));
#1629 = LINE('',#1630,#1631);
#1630 = CARTESIAN_POINT('',(29.,187.,27.));
#1631 = VECTOR('',#1632,1.);
#1632 = DIRECTION('',(1.,0.,0.));
#1633 = ORIENTED_EDGE('',*,*,#1634,.T.);
#1634 = EDGE_CURVE('',#1625,#1635,#1637,.T.);
#1635 = VERTEX_POINT('',#1636);
#1636 = CARTESIAN_POINT('',(55.,187.,5.));
#1637 = LINE('',#1638,#1639);
#1638 = CARTESIAN_POINT('',(55.,187.,4.));
#1639 = VECTOR('',#1640,1.);
#1640 = DIRECTION('',(0.,0.,-1.));
#1641 = ORIENTED_EDGE('',*,*,#1642,.T.);
#1642 = EDGE_CURVE('',#1635,#1643,#1645,.T.);
#1643 = VERTEX_POINT('',#1644);
#1644 = CARTESIAN_POINT('',(109.,187.,5.));
#1645 = LINE('',#1646,#1647);
#1646 = CARTESIAN_POINT('',(29.,187.,5.));
#1647 = VECTOR('',#1648,1.);
#1648 = DIRECTION('',(1.,0.,0.));
#1649 = ORIENTED_EDGE('',*,*,#1650,.F.);
#1650 = EDGE_CURVE('',#1627,#1643,#1651,.T.);
#1651 = LINE('',#1652,#1653);
#1652 = CARTESIAN_POINT('',(109.,187.,4.));
#1653 = VECTOR('',#1654,1.);
#1654 = DIRECTION('',(0.,0.,-1.));
#1655 = FACE_BOUND('',#1656,.F.);
#1656 = EDGE_LOOP('',(#1657,#1667,#1675,#1683));
#1657 = ORIENTED_EDGE('',*,*,#1658,.T.);
#1658 = EDGE_CURVE('',#1659,#1661,#1663,.T.);
#1659 = VERTEX_POINT('',#1660);
#1660 = CARTESIAN_POINT('',(33.,187.,36.5));
#1661 = VERTEX_POINT('',#1662);
#1662 = CARTESIAN_POINT('',(33.,187.,36.238823287351));
#1663 = LINE('',#1664,#1665);
#1664 = CARTESIAN_POINT('',(33.,187.,19.734650698434));
#1665 = VECTOR('',#1666,1.);
#1666 = DIRECTION('',(0.,0.,-1.));
#1667 = ORIENTED_EDGE('',*,*,#1668,.T.);
#1668 = EDGE_CURVE('',#1661,#1669,#1671,.T.);
#1669 = VERTEX_POINT('',#1670);
#1670 = CARTESIAN_POINT('',(43.,187.,36.238823287351));
#1671 = LINE('',#1672,#1673);
#1672 = CARTESIAN_POINT('',(18.,187.,36.238823287351));
#1673 = VECTOR('',#1674,1.);
#1674 = DIRECTION('',(1.,0.,0.));
#1675 = ORIENTED_EDGE('',*,*,#1676,.F.);
#1676 = EDGE_CURVE('',#1677,#1669,#1679,.T.);
#1677 = VERTEX_POINT('',#1678);
#1678 = CARTESIAN_POINT('',(43.,187.,36.5));
#1679 = LINE('',#1680,#1681);
#1680 = CARTESIAN_POINT('',(43.,187.,19.734650698434));
#1681 = VECTOR('',#1682,1.);
#1682 = DIRECTION('',(0.,0.,-1.));
#1683 = ORIENTED_EDGE('',*,*,#1684,.T.);
#1684 = EDGE_CURVE('',#1677,#1659,#1685,.T.);
#1685 = LINE('',#1686,#1687);
#1686 = CARTESIAN_POINT('',(18.,187.,36.5));
#1687 = VECTOR('',#1688,1.);
#1688 = DIRECTION('',(-1.,0.,0.));
#1689 = FACE_BOUND('',#1690,.F.);
#1690 = EDGE_LOOP('',(#1691,#1701,#1709,#1717));
#1691 = ORIENTED_EDGE('',*,*,#1692,.T.);
#1692 = EDGE_CURVE('',#1693,#1695,#1697,.T.);
#1693 = VERTEX_POINT('',#1694);
#1694 = CARTESIAN_POINT('',(153.,187.,36.5));
#1695 = VERTEX_POINT('',#1696);
#1696 = CARTESIAN_POINT('',(153.,187.,36.238823287351));
#1697 = LINE('',#1698,#1699);
#1698 = CARTESIAN_POINT('',(153.,187.,19.734650698434));
#1699 = VECTOR('',#1700,1.);
#1700 = DIRECTION('',(0.,0.,-1.));
#1701 = ORIENTED_EDGE('',*,*,#1702,.T.);
#1702 = EDGE_CURVE('',#1695,#1703,#1705,.T.);
#1703 = VERTEX_POINT('',#1704);
#1704 = CARTESIAN_POINT('',(163.,187.,36.238823287351));
#1705 = LINE('',#1706,#1707);
#1706 = CARTESIAN_POINT('',(78.,187.,36.238823287351));
#1707 = VECTOR('',#1708,1.);
#1708 = DIRECTION('',(1.,0.,0.));
#1709 = ORIENTED_EDGE('',*,*,#1710,.F.);
#1710 = EDGE_CURVE('',#1711,#1703,#1713,.T.);
#1711 = VERTEX_POINT('',#1712);
#1712 = CARTESIAN_POINT('',(163.,187.,36.5));
#1713 = LINE('',#1714,#1715);
#1714 = CARTESIAN_POINT('',(163.,187.,19.734650698434));
#1715 = VECTOR('',#1716,1.);
#1716 = DIRECTION('',(0.,0.,-1.));
#1717 = ORIENTED_EDGE('',*,*,#1718,.T.);
#1718 = EDGE_CURVE('',#1711,#1693,#1719,.T.);
#1719 = LINE('',#1720,#1721);
#1720 = CARTESIAN_POINT('',(78.,187.,36.5));
#1721 = VECTOR('',#1722,1.);
#1722 = DIRECTION('',(-1.,0.,0.));
#1723 = PLANE('',#1724);
#1724 = AXIS2_PLACEMENT_3D('',#1725,#1726,#1727);
#1725 = CARTESIAN_POINT('',(3.,187.,3.));
#1726 = DIRECTION('',(0.,1.,0.));
#1727 = DIRECTION('',(0.,0.,1.));
#1728 = ADVANCED_FACE('',(#1729),#1754,.T.);
#1729 = FACE_BOUND('',#1730,.T.);
#1730 = EDGE_LOOP('',(#1731,#1739,#1740,#1748));
#1731 = ORIENTED_EDGE('',*,*,#1732,.F.);
#1732 = EDGE_CURVE('',#1309,#1733,#1735,.T.);
#1733 = VERTEX_POINT('',#1734);
#1734 = CARTESIAN_POINT('',(3.,124.31662479035,39.));
#1735 = LINE('',#1736,#1737);
#1736 = CARTESIAN_POINT('',(3.,124.31662479035,0.));
#1737 = VECTOR('',#1738,1.);
#1738 = DIRECTION('',(0.,0.,1.));
#1739 = ORIENTED_EDGE('',*,*,#1317,.F.);
#1740 = ORIENTED_EDGE('',*,*,#1741,.T.);
#1741 = EDGE_CURVE('',#1318,#1742,#1744,.T.);
#1742 = VERTEX_POINT('',#1743);
#1743 = CARTESIAN_POINT('',(3.,178.68337520964,39.));
#1744 = LINE('',#1745,#1746);
#1745 = CARTESIAN_POINT('',(3.,178.68337520964,0.));
#1746 = VECTOR('',#1747,1.);
#1747 = DIRECTION('',(0.,0.,1.));
#1748 = ORIENTED_EDGE('',*,*,#1749,.F.);
#1749 = EDGE_CURVE('',#1733,#1742,#1750,.T.);
#1750 = LINE('',#1751,#1752);
#1751 = CARTESIAN_POINT('',(3.,1.5,39.));
#1752 = VECTOR('',#1753,1.);
#1753 = DIRECTION('',(0.,1.,0.));
#1754 = PLANE('',#1755);
#1755 = AXIS2_PLACEMENT_3D('',#1756,#1757,#1758);
#1756 = CARTESIAN_POINT('',(3.,3.,3.));
#1757 = DIRECTION('',(1.,0.,0.));
#1758 = DIRECTION('',(0.,0.,1.));
#1759 = ADVANCED_FACE('',(#1760,#1826),#1837,.T.);
#1760 = FACE_BOUND('',#1761,.T.);
#1761 = EDGE_LOOP('',(#1762,#1772,#1780,#1786,#1787,#1793,#1794,#1802,
    #1810,#1819));
#1762 = ORIENTED_EDGE('',*,*,#1763,.F.);
#1763 = EDGE_CURVE('',#1764,#1766,#1768,.T.);
#1764 = VERTEX_POINT('',#1765);
#1765 = CARTESIAN_POINT('',(176.,184.,44.5));
#1766 = VERTEX_POINT('',#1767);
#1767 = CARTESIAN_POINT('',(176.,188.,44.5));
#1768 = LINE('',#1769,#1770);
#1769 = CARTESIAN_POINT('',(176.,184.,44.5));
#1770 = VECTOR('',#1771,1.);
#1771 = DIRECTION('',(0.,1.,0.));
#1772 = ORIENTED_EDGE('',*,*,#1773,.F.);
#1773 = EDGE_CURVE('',#1774,#1764,#1776,.T.);
#1774 = VERTEX_POINT('',#1775);
#1775 = CARTESIAN_POINT('',(176.,184.,31.));
#1776 = LINE('',#1777,#1778);
#1777 = CARTESIAN_POINT('',(176.,184.,31.));
#1778 = VECTOR('',#1779,1.);
#1779 = DIRECTION('',(0.,0.,1.));
#1780 = ORIENTED_EDGE('',*,*,#1781,.T.);
#1781 = EDGE_CURVE('',#1774,#1601,#1782,.T.);
#1782 = LINE('',#1783,#1784);
#1783 = CARTESIAN_POINT('',(176.,184.,31.));
#1784 = VECTOR('',#1785,1.);
#1785 = DIRECTION('',(0.,1.,0.));
#1786 = ORIENTED_EDGE('',*,*,#1608,.F.);
#1787 = ORIENTED_EDGE('',*,*,#1788,.T.);
#1788 = EDGE_CURVE('',#1609,#978,#1789,.T.);
#1789 = LINE('',#1790,#1791);
#1790 = CARTESIAN_POINT('',(176.,95.948791421577,39.));
#1791 = VECTOR('',#1792,1.);
#1792 = DIRECTION('',(0.,1.,0.));
#1793 = ORIENTED_EDGE('',*,*,#977,.T.);
#1794 = ORIENTED_EDGE('',*,*,#1795,.T.);
#1795 = EDGE_CURVE('',#970,#1796,#1798,.T.);
#1796 = VERTEX_POINT('',#1797);
#1797 = CARTESIAN_POINT('',(176.,195.,31.));
#1798 = LINE('',#1799,#1800);
#1799 = CARTESIAN_POINT('',(176.,184.,31.));
#1800 = VECTOR('',#1801,1.);
#1801 = DIRECTION('',(0.,1.,0.));
#1802 = ORIENTED_EDGE('',*,*,#1803,.T.);
#1803 = EDGE_CURVE('',#1796,#1804,#1806,.T.);
#1804 = VERTEX_POINT('',#1805);
#1805 = CARTESIAN_POINT('',(176.,195.,37.5));
#1806 = LINE('',#1807,#1808);
#1807 = CARTESIAN_POINT('',(176.,195.,31.));
#1808 = VECTOR('',#1809,1.);
#1809 = DIRECTION('',(0.,0.,1.));
#1810 = ORIENTED_EDGE('',*,*,#1811,.T.);
#1811 = EDGE_CURVE('',#1804,#1812,#1814,.T.);
#1812 = VERTEX_POINT('',#1813);
#1813 = CARTESIAN_POINT('',(176.,195.,51.5));
#1814 = CIRCLE('',#1815,7.);
#1815 = AXIS2_PLACEMENT_3D('',#1816,#1817,#1818);
#1816 = CARTESIAN_POINT('',(176.,195.,44.5));
#1817 = DIRECTION('',(1.,0.,-0.));
#1818 = DIRECTION('',(0.,0.,1.));
#1819 = ORIENTED_EDGE('',*,*,#1820,.T.);
#1820 = EDGE_CURVE('',#1812,#1766,#1821,.T.);
#1821 = CIRCLE('',#1822,7.);
#1822 = AXIS2_PLACEMENT_3D('',#1823,#1824,#1825);
#1823 = CARTESIAN_POINT('',(176.,195.,44.5));
#1824 = DIRECTION('',(1.,0.,-0.));
#1825 = DIRECTION('',(0.,0.,1.));
#1826 = FACE_BOUND('',#1827,.T.);
#1827 = EDGE_LOOP('',(#1828));
#1828 = ORIENTED_EDGE('',*,*,#1829,.F.);
#1829 = EDGE_CURVE('',#1830,#1830,#1832,.T.);
#1830 = VERTEX_POINT('',#1831);
#1831 = CARTESIAN_POINT('',(176.,195.,46.7));
#1832 = CIRCLE('',#1833,2.2);
#1833 = AXIS2_PLACEMENT_3D('',#1834,#1835,#1836);
#1834 = CARTESIAN_POINT('',(176.,195.,44.5));
#1835 = DIRECTION('',(1.,0.,-0.));
#1836 = DIRECTION('',(0.,0.,1.));
#1837 = PLANE('',#1838);
#1838 = AXIS2_PLACEMENT_3D('',#1839,#1840,#1841);
#1839 = CARTESIAN_POINT('',(176.,191.89758284315,40.628038191471));
#1840 = DIRECTION('',(1.,0.,0.));
#1841 = DIRECTION('',(0.,0.,1.));
#1842 = ADVANCED_FACE('',(#1843,#1909),#1920,.T.);
#1843 = FACE_BOUND('',#1844,.T.);
#1844 = EDGE_LOOP('',(#1845,#1855,#1863,#1869,#1870,#1876,#1877,#1885,
    #1893,#1902));
#1845 = ORIENTED_EDGE('',*,*,#1846,.F.);
#1846 = EDGE_CURVE('',#1847,#1849,#1851,.T.);
#1847 = VERTEX_POINT('',#1848);
#1848 = CARTESIAN_POINT('',(148.,184.,44.5));
#1849 = VERTEX_POINT('',#1850);
#1850 = CARTESIAN_POINT('',(148.,188.,44.5));
#1851 = LINE('',#1852,#1853);
#1852 = CARTESIAN_POINT('',(148.,184.,44.5));
#1853 = VECTOR('',#1854,1.);
#1854 = DIRECTION('',(0.,1.,0.));
#1855 = ORIENTED_EDGE('',*,*,#1856,.F.);
#1856 = EDGE_CURVE('',#1857,#1847,#1859,.T.);
#1857 = VERTEX_POINT('',#1858);
#1858 = CARTESIAN_POINT('',(148.,184.,31.));
#1859 = LINE('',#1860,#1861);
#1860 = CARTESIAN_POINT('',(148.,184.,31.));
#1861 = VECTOR('',#1862,1.);
#1862 = DIRECTION('',(0.,0.,1.));
#1863 = ORIENTED_EDGE('',*,*,#1864,.T.);
#1864 = EDGE_CURVE('',#1857,#1569,#1865,.T.);
#1865 = LINE('',#1866,#1867);
#1866 = CARTESIAN_POINT('',(148.,184.,31.));
#1867 = VECTOR('',#1868,1.);
#1868 = DIRECTION('',(0.,1.,0.));
#1869 = ORIENTED_EDGE('',*,*,#1576,.F.);
#1870 = ORIENTED_EDGE('',*,*,#1871,.T.);
#1871 = EDGE_CURVE('',#1577,#912,#1872,.T.);
#1872 = LINE('',#1873,#1874);
#1873 = CARTESIAN_POINT('',(148.,93.,39.));
#1874 = VECTOR('',#1875,1.);
#1875 = DIRECTION('',(0.,1.,0.));
#1876 = ORIENTED_EDGE('',*,*,#911,.T.);
#1877 = ORIENTED_EDGE('',*,*,#1878,.T.);
#1878 = EDGE_CURVE('',#914,#1879,#1881,.T.);
#1879 = VERTEX_POINT('',#1880);
#1880 = CARTESIAN_POINT('',(148.,195.,31.));
#1881 = LINE('',#1882,#1883);
#1882 = CARTESIAN_POINT('',(148.,184.,31.));
#1883 = VECTOR('',#1884,1.);
#1884 = DIRECTION('',(0.,1.,0.));
#1885 = ORIENTED_EDGE('',*,*,#1886,.T.);
#1886 = EDGE_CURVE('',#1879,#1887,#1889,.T.);
#1887 = VERTEX_POINT('',#1888);
#1888 = CARTESIAN_POINT('',(148.,195.,37.5));
#1889 = LINE('',#1890,#1891);
#1890 = CARTESIAN_POINT('',(148.,195.,31.));
#1891 = VECTOR('',#1892,1.);
#1892 = DIRECTION('',(0.,0.,1.));
#1893 = ORIENTED_EDGE('',*,*,#1894,.T.);
#1894 = EDGE_CURVE('',#1887,#1895,#1897,.T.);
#1895 = VERTEX_POINT('',#1896);
#1896 = CARTESIAN_POINT('',(148.,195.,51.5));
#1897 = CIRCLE('',#1898,7.);
#1898 = AXIS2_PLACEMENT_3D('',#1899,#1900,#1901);
#1899 = CARTESIAN_POINT('',(148.,195.,44.5));
#1900 = DIRECTION('',(1.,0.,-0.));
#1901 = DIRECTION('',(0.,0.,1.));
#1902 = ORIENTED_EDGE('',*,*,#1903,.T.);
#1903 = EDGE_CURVE('',#1895,#1849,#1904,.T.);
#1904 = CIRCLE('',#1905,7.);
#1905 = AXIS2_PLACEMENT_3D('',#1906,#1907,#1908);
#1906 = CARTESIAN_POINT('',(148.,195.,44.5));
#1907 = DIRECTION('',(1.,0.,-0.));
#1908 = DIRECTION('',(0.,0.,1.));
#1909 = FACE_BOUND('',#1910,.T.);
#1910 = EDGE_LOOP('',(#1911));
#1911 = ORIENTED_EDGE('',*,*,#1912,.F.);
#1912 = EDGE_CURVE('',#1913,#1913,#1915,.T.);
#1913 = VERTEX_POINT('',#1914);
#1914 = CARTESIAN_POINT('',(148.,195.,46.7));
#1915 = CIRCLE('',#1916,2.2);
#1916 = AXIS2_PLACEMENT_3D('',#1917,#1918,#1919);
#1917 = CARTESIAN_POINT('',(148.,195.,44.5));
#1918 = DIRECTION('',(1.,0.,-0.));
#1919 = DIRECTION('',(0.,0.,1.));
#1920 = PLANE('',#1921);
#1921 = AXIS2_PLACEMENT_3D('',#1922,#1923,#1924);
#1922 = CARTESIAN_POINT('',(148.,191.89758284315,40.628038191471));
#1923 = DIRECTION('',(1.,0.,0.));
#1924 = DIRECTION('',(0.,0.,1.));
#1925 = ADVANCED_FACE('',(#1926),#1942,.F.);
#1926 = FACE_BOUND('',#1927,.F.);
#1927 = EDGE_LOOP('',(#1928,#1934,#1935,#1941));
#1928 = ORIENTED_EDGE('',*,*,#1929,.F.);
#1929 = EDGE_CURVE('',#1569,#914,#1930,.T.);
#1930 = LINE('',#1931,#1932);
#1931 = CARTESIAN_POINT('',(148.,184.,31.));
#1932 = VECTOR('',#1933,1.);
#1933 = DIRECTION('',(0.,1.,0.));
#1934 = ORIENTED_EDGE('',*,*,#1568,.T.);
#1935 = ORIENTED_EDGE('',*,*,#1936,.T.);
#1936 = EDGE_CURVE('',#1561,#1121,#1937,.T.);
#1937 = LINE('',#1938,#1939);
#1938 = CARTESIAN_POINT('',(148.,186.,23.));
#1939 = VECTOR('',#1940,1.);
#1940 = DIRECTION('',(0.,1.,0.));
#1941 = ORIENTED_EDGE('',*,*,#1128,.F.);
#1942 = PLANE('',#1943);
#1943 = AXIS2_PLACEMENT_3D('',#1944,#1945,#1946);
#1944 = CARTESIAN_POINT('',(148.,186.,23.));
#1945 = DIRECTION('',(1.,0.,0.));
#1946 = DIRECTION('',(0.,0.,1.));
#1947 = ADVANCED_FACE('',(#1948),#1959,.T.);
#1948 = FACE_BOUND('',#1949,.T.);
#1949 = EDGE_LOOP('',(#1950,#1956,#1957,#1958));
#1950 = ORIENTED_EDGE('',*,*,#1951,.F.);
#1951 = EDGE_CURVE('',#1553,#1113,#1952,.T.);
#1952 = LINE('',#1953,#1954);
#1953 = CARTESIAN_POINT('',(114.,186.,23.));
#1954 = VECTOR('',#1955,1.);
#1955 = DIRECTION('',(0.,1.,0.));
#1956 = ORIENTED_EDGE('',*,*,#1560,.T.);
#1957 = ORIENTED_EDGE('',*,*,#1936,.T.);
#1958 = ORIENTED_EDGE('',*,*,#1120,.F.);
#1959 = PLANE('',#1960);
#1960 = AXIS2_PLACEMENT_3D('',#1961,#1962,#1963);
#1961 = CARTESIAN_POINT('',(114.,186.,23.));
#1962 = DIRECTION('',(0.,0.,1.));
#1963 = DIRECTION('',(1.,0.,0.));
#1964 = ADVANCED_FACE('',(#1965),#1976,.T.);
#1965 = FACE_BOUND('',#1966,.T.);
#1966 = EDGE_LOOP('',(#1967,#1968,#1969,#1970));
#1967 = ORIENTED_EDGE('',*,*,#1552,.T.);
#1968 = ORIENTED_EDGE('',*,*,#1951,.T.);
#1969 = ORIENTED_EDGE('',*,*,#1112,.F.);
#1970 = ORIENTED_EDGE('',*,*,#1971,.F.);
#1971 = EDGE_CURVE('',#1545,#1105,#1972,.T.);
#1972 = LINE('',#1973,#1974);
#1973 = CARTESIAN_POINT('',(114.,93.,39.));
#1974 = VECTOR('',#1975,1.);
#1975 = DIRECTION('',(0.,1.,0.));
#1976 = PLANE('',#1977);
#1977 = AXIS2_PLACEMENT_3D('',#1978,#1979,#1980);
#1978 = CARTESIAN_POINT('',(114.,186.,23.));
#1979 = DIRECTION('',(1.,0.,0.));
#1980 = DIRECTION('',(0.,0.,1.));
#1981 = ADVANCED_FACE('',(#1982),#1993,.T.);
#1982 = FACE_BOUND('',#1983,.T.);
#1983 = EDGE_LOOP('',(#1984,#1985,#1991,#1992));
#1984 = ORIENTED_EDGE('',*,*,#1104,.F.);
#1985 = ORIENTED_EDGE('',*,*,#1986,.F.);
#1986 = EDGE_CURVE('',#1537,#1097,#1987,.T.);
#1987 = LINE('',#1988,#1989);
#1988 = CARTESIAN_POINT('',(56.,95.948791421577,39.));
#1989 = VECTOR('',#1990,1.);
#1990 = DIRECTION('',(0.,1.,0.));
#1991 = ORIENTED_EDGE('',*,*,#1544,.F.);
#1992 = ORIENTED_EDGE('',*,*,#1971,.T.);
#1993 = PLANE('',#1994);
#1994 = AXIS2_PLACEMENT_3D('',#1995,#1996,#1997);
#1995 = CARTESIAN_POINT('',(0.,0.,39.));
#1996 = DIRECTION('',(0.,0.,1.));
#1997 = DIRECTION('',(1.,0.,0.));
#1998 = ADVANCED_FACE('',(#1999,#2060),#2071,.T.);
#1999 = FACE_BOUND('',#2000,.T.);
#2000 = EDGE_LOOP('',(#2001,#2011,#2019,#2025,#2026,#2027,#2028,#2036,
    #2044,#2053));
#2001 = ORIENTED_EDGE('',*,*,#2002,.F.);
#2002 = EDGE_CURVE('',#2003,#2005,#2007,.T.);
#2003 = VERTEX_POINT('',#2004);
#2004 = CARTESIAN_POINT('',(56.,184.,44.5));
#2005 = VERTEX_POINT('',#2006);
#2006 = CARTESIAN_POINT('',(56.,188.,44.5));
#2007 = LINE('',#2008,#2009);
#2008 = CARTESIAN_POINT('',(56.,184.,44.5));
#2009 = VECTOR('',#2010,1.);
#2010 = DIRECTION('',(0.,1.,0.));
#2011 = ORIENTED_EDGE('',*,*,#2012,.F.);
#2012 = EDGE_CURVE('',#2013,#2003,#2015,.T.);
#2013 = VERTEX_POINT('',#2014);
#2014 = CARTESIAN_POINT('',(56.,184.,31.));
#2015 = LINE('',#2016,#2017);
#2016 = CARTESIAN_POINT('',(56.,184.,31.));
#2017 = VECTOR('',#2018,1.);
#2018 = DIRECTION('',(0.,0.,1.));
#2019 = ORIENTED_EDGE('',*,*,#2020,.T.);
#2020 = EDGE_CURVE('',#2013,#1529,#2021,.T.);
#2021 = LINE('',#2022,#2023);
#2022 = CARTESIAN_POINT('',(56.,184.,31.));
#2023 = VECTOR('',#2024,1.);
#2024 = DIRECTION('',(0.,1.,0.));
#2025 = ORIENTED_EDGE('',*,*,#1536,.F.);
#2026 = ORIENTED_EDGE('',*,*,#1986,.T.);
#2027 = ORIENTED_EDGE('',*,*,#1096,.T.);
#2028 = ORIENTED_EDGE('',*,*,#2029,.T.);
#2029 = EDGE_CURVE('',#1089,#2030,#2032,.T.);
#2030 = VERTEX_POINT('',#2031);
#2031 = CARTESIAN_POINT('',(56.,195.,31.));
#2032 = LINE('',#2033,#2034);
#2033 = CARTESIAN_POINT('',(56.,184.,31.));
#2034 = VECTOR('',#2035,1.);
#2035 = DIRECTION('',(0.,1.,0.));
#2036 = ORIENTED_EDGE('',*,*,#2037,.T.);
#2037 = EDGE_CURVE('',#2030,#2038,#2040,.T.);
#2038 = VERTEX_POINT('',#2039);
#2039 = CARTESIAN_POINT('',(56.,195.,37.5));
#2040 = LINE('',#2041,#2042);
#2041 = CARTESIAN_POINT('',(56.,195.,31.));
#2042 = VECTOR('',#2043,1.);
#2043 = DIRECTION('',(0.,0.,1.));
#2044 = ORIENTED_EDGE('',*,*,#2045,.T.);
#2045 = EDGE_CURVE('',#2038,#2046,#2048,.T.);
#2046 = VERTEX_POINT('',#2047);
#2047 = CARTESIAN_POINT('',(56.,195.,51.5));
#2048 = CIRCLE('',#2049,7.);
#2049 = AXIS2_PLACEMENT_3D('',#2050,#2051,#2052);
#2050 = CARTESIAN_POINT('',(56.,195.,44.5));
#2051 = DIRECTION('',(1.,0.,-0.));
#2052 = DIRECTION('',(0.,0.,1.));
#2053 = ORIENTED_EDGE('',*,*,#2054,.T.);
#2054 = EDGE_CURVE('',#2046,#2005,#2055,.T.);
#2055 = CIRCLE('',#2056,7.);
#2056 = AXIS2_PLACEMENT_3D('',#2057,#2058,#2059);
#2057 = CARTESIAN_POINT('',(56.,195.,44.5));
#2058 = DIRECTION('',(1.,0.,-0.));
#2059 = DIRECTION('',(0.,0.,1.));
#2060 = FACE_BOUND('',#2061,.T.);
#2061 = EDGE_LOOP('',(#2062));
#2062 = ORIENTED_EDGE('',*,*,#2063,.F.);
#2063 = EDGE_CURVE('',#2064,#2064,#2066,.T.);
#2064 = VERTEX_POINT('',#2065);
#2065 = CARTESIAN_POINT('',(56.,195.,46.7));
#2066 = CIRCLE('',#2067,2.2);
#2067 = AXIS2_PLACEMENT_3D('',#2068,#2069,#2070);
#2068 = CARTESIAN_POINT('',(56.,195.,44.5));
#2069 = DIRECTION('',(1.,0.,-0.));
#2070 = DIRECTION('',(0.,0.,1.));
#2071 = PLANE('',#2072);
#2072 = AXIS2_PLACEMENT_3D('',#2073,#2074,#2075);
#2073 = CARTESIAN_POINT('',(56.,191.89758284315,40.628038191471));
#2074 = DIRECTION('',(1.,0.,0.));
#2075 = DIRECTION('',(0.,0.,1.));
#2076 = ADVANCED_FACE('',(#2077),#2095,.F.);
#2077 = FACE_BOUND('',#2078,.F.);
#2078 = EDGE_LOOP('',(#2079,#2087,#2088,#2089));
#2079 = ORIENTED_EDGE('',*,*,#2080,.F.);
#2080 = EDGE_CURVE('',#1081,#2081,#2083,.T.);
#2081 = VERTEX_POINT('',#2082);
#2082 = CARTESIAN_POINT('',(48.,195.,31.));
#2083 = LINE('',#2084,#2085);
#2084 = CARTESIAN_POINT('',(48.,184.,31.));
#2085 = VECTOR('',#2086,1.);
#2086 = DIRECTION('',(0.,1.,0.));
#2087 = ORIENTED_EDGE('',*,*,#1088,.T.);
#2088 = ORIENTED_EDGE('',*,*,#2029,.T.);
#2089 = ORIENTED_EDGE('',*,*,#2090,.F.);
#2090 = EDGE_CURVE('',#2081,#2030,#2091,.T.);
#2091 = LINE('',#2092,#2093);
#2092 = CARTESIAN_POINT('',(48.,195.,31.));
#2093 = VECTOR('',#2094,1.);
#2094 = DIRECTION('',(1.,0.,0.));
#2095 = PLANE('',#2096);
#2096 = AXIS2_PLACEMENT_3D('',#2097,#2098,#2099);
#2097 = CARTESIAN_POINT('',(48.,184.,31.));
#2098 = DIRECTION('',(0.,0.,1.));
#2099 = DIRECTION('',(1.,0.,0.));
#2100 = ADVANCED_FACE('',(#2101,#2160),#2171,.T.);
#2101 = FACE_BOUND('',#2102,.T.);
#2102 = EDGE_LOOP('',(#2103,#2113,#2121,#2130,#2139,#2145,#2146,#2147,
    #2153,#2154));
#2103 = ORIENTED_EDGE('',*,*,#2104,.T.);
#2104 = EDGE_CURVE('',#2105,#2107,#2109,.T.);
#2105 = VERTEX_POINT('',#2106);
#2106 = CARTESIAN_POINT('',(48.,184.,31.));
#2107 = VERTEX_POINT('',#2108);
#2108 = CARTESIAN_POINT('',(48.,184.,44.5));
#2109 = LINE('',#2110,#2111);
#2110 = CARTESIAN_POINT('',(48.,184.,31.));
#2111 = VECTOR('',#2112,1.);
#2112 = DIRECTION('',(0.,0.,1.));
#2113 = ORIENTED_EDGE('',*,*,#2114,.T.);
#2114 = EDGE_CURVE('',#2107,#2115,#2117,.T.);
#2115 = VERTEX_POINT('',#2116);
#2116 = CARTESIAN_POINT('',(48.,188.,44.5));
#2117 = LINE('',#2118,#2119);
#2118 = CARTESIAN_POINT('',(48.,184.,44.5));
#2119 = VECTOR('',#2120,1.);
#2120 = DIRECTION('',(0.,1.,0.));
#2121 = ORIENTED_EDGE('',*,*,#2122,.F.);
#2122 = EDGE_CURVE('',#2123,#2115,#2125,.T.);
#2123 = VERTEX_POINT('',#2124);
#2124 = CARTESIAN_POINT('',(48.,195.,51.5));
#2125 = CIRCLE('',#2126,7.);
#2126 = AXIS2_PLACEMENT_3D('',#2127,#2128,#2129);
#2127 = CARTESIAN_POINT('',(48.,195.,44.5));
#2128 = DIRECTION('',(1.,0.,-0.));
#2129 = DIRECTION('',(0.,0.,1.));
#2130 = ORIENTED_EDGE('',*,*,#2131,.F.);
#2131 = EDGE_CURVE('',#2132,#2123,#2134,.T.);
#2132 = VERTEX_POINT('',#2133);
#2133 = CARTESIAN_POINT('',(48.,195.,37.5));
#2134 = CIRCLE('',#2135,7.);
#2135 = AXIS2_PLACEMENT_3D('',#2136,#2137,#2138);
#2136 = CARTESIAN_POINT('',(48.,195.,44.5));
#2137 = DIRECTION('',(1.,0.,-0.));
#2138 = DIRECTION('',(0.,0.,1.));
#2139 = ORIENTED_EDGE('',*,*,#2140,.F.);
#2140 = EDGE_CURVE('',#2081,#2132,#2141,.T.);
#2141 = LINE('',#2142,#2143);
#2142 = CARTESIAN_POINT('',(48.,195.,31.));
#2143 = VECTOR('',#2144,1.);
#2144 = DIRECTION('',(0.,0.,1.));
#2145 = ORIENTED_EDGE('',*,*,#2080,.F.);
#2146 = ORIENTED_EDGE('',*,*,#1080,.T.);
#2147 = ORIENTED_EDGE('',*,*,#2148,.T.);
#2148 = EDGE_CURVE('',#1073,#1513,#2149,.T.);
#2149 = LINE('',#2150,#2151);
#2150 = CARTESIAN_POINT('',(48.,95.948791421577,39.));
#2151 = VECTOR('',#2152,1.);
#2152 = DIRECTION('',(0.,-1.,0.));
#2153 = ORIENTED_EDGE('',*,*,#1520,.F.);
#2154 = ORIENTED_EDGE('',*,*,#2155,.F.);
#2155 = EDGE_CURVE('',#2105,#1521,#2156,.T.);
#2156 = LINE('',#2157,#2158);
#2157 = CARTESIAN_POINT('',(48.,184.,31.));
#2158 = VECTOR('',#2159,1.);
#2159 = DIRECTION('',(0.,1.,0.));
#2160 = FACE_BOUND('',#2161,.T.);
#2161 = EDGE_LOOP('',(#2162));
#2162 = ORIENTED_EDGE('',*,*,#2163,.T.);
#2163 = EDGE_CURVE('',#2164,#2164,#2166,.T.);
#2164 = VERTEX_POINT('',#2165);
#2165 = CARTESIAN_POINT('',(48.,195.,46.7));
#2166 = CIRCLE('',#2167,2.2);
#2167 = AXIS2_PLACEMENT_3D('',#2168,#2169,#2170);
#2168 = CARTESIAN_POINT('',(48.,195.,44.5));
#2169 = DIRECTION('',(1.,0.,-0.));
#2170 = DIRECTION('',(0.,0.,1.));
#2171 = PLANE('',#2172);
#2172 = AXIS2_PLACEMENT_3D('',#2173,#2174,#2175);
#2173 = CARTESIAN_POINT('',(48.,191.89758284315,40.628038191471));
#2174 = DIRECTION('',(-1.,-0.,-0.));
#2175 = DIRECTION('',(0.,0.,-1.));
#2176 = ADVANCED_FACE('',(#2177),#2211,.T.);
#2177 = FACE_BOUND('',#2178,.T.);
#2178 = EDGE_LOOP('',(#2179,#2180,#2186,#2187,#2188,#2189,#2197,#2205));
#2179 = ORIENTED_EDGE('',*,*,#1040,.F.);
#2180 = ORIENTED_EDGE('',*,*,#2181,.F.);
#2181 = EDGE_CURVE('',#1505,#1033,#2182,.T.);
#2182 = LINE('',#2183,#2184);
#2183 = CARTESIAN_POINT('',(28.,95.948791421577,39.));
#2184 = VECTOR('',#2185,1.);
#2185 = DIRECTION('',(0.,1.,0.));
#2186 = ORIENTED_EDGE('',*,*,#1512,.F.);
#2187 = ORIENTED_EDGE('',*,*,#2148,.F.);
#2188 = ORIENTED_EDGE('',*,*,#1072,.F.);
#2189 = ORIENTED_EDGE('',*,*,#2190,.F.);
#2190 = EDGE_CURVE('',#2191,#1065,#2193,.T.);
#2191 = VERTEX_POINT('',#2192);
#2192 = CARTESIAN_POINT('',(43.,189.5,39.));
#2193 = LINE('',#2194,#2195);
#2194 = CARTESIAN_POINT('',(43.,94.941940373218,39.));
#2195 = VECTOR('',#2196,1.);
#2196 = DIRECTION('',(0.,1.,0.));
#2197 = ORIENTED_EDGE('',*,*,#2198,.T.);
#2198 = EDGE_CURVE('',#2191,#2199,#2201,.T.);
#2199 = VERTEX_POINT('',#2200);
#2200 = CARTESIAN_POINT('',(33.,189.5,39.));
#2201 = LINE('',#2202,#2203);
#2202 = CARTESIAN_POINT('',(16.5,189.5,39.));
#2203 = VECTOR('',#2204,1.);
#2204 = DIRECTION('',(-1.,0.,0.));
#2205 = ORIENTED_EDGE('',*,*,#2206,.T.);
#2206 = EDGE_CURVE('',#2199,#1041,#2207,.T.);
#2207 = LINE('',#2208,#2209);
#2208 = CARTESIAN_POINT('',(33.,94.941940373218,39.));
#2209 = VECTOR('',#2210,1.);
#2210 = DIRECTION('',(0.,1.,0.));
#2211 = PLANE('',#2212);
#2212 = AXIS2_PLACEMENT_3D('',#2213,#2214,#2215);
#2213 = CARTESIAN_POINT('',(0.,0.,39.));
#2214 = DIRECTION('',(0.,0.,1.));
#2215 = DIRECTION('',(1.,0.,0.));
#2216 = ADVANCED_FACE('',(#2217),#2483,.T.);
#2217 = FACE_BOUND('',#2218,.T.);
#2218 = EDGE_LOOP('',(#2219,#2227,#2228,#2229,#2237,#2245,#2253,#2261,
    #2269,#2277,#2285,#2293,#2301,#2309,#2317,#2325,#2333,#2341,#2349,
    #2357,#2365,#2373,#2381,#2389,#2397,#2405,#2413,#2421,#2429,#2437,
    #2445,#2453,#2461,#2469,#2477));
#2219 = ORIENTED_EDGE('',*,*,#2220,.T.);
#2220 = EDGE_CURVE('',#2221,#2191,#2223,.T.);
#2221 = VERTEX_POINT('',#2222);
#2222 = CARTESIAN_POINT('',(43.,189.76740981922,39.26740981922));
#2223 = LINE('',#2224,#2225);
#2224 = CARTESIAN_POINT('',(43.,189.76740981922,39.26740981922));
#2225 = VECTOR('',#2226,1.);
#2226 = DIRECTION('',(0.,-0.707106781187,-0.707106781187));
#2227 = ORIENTED_EDGE('',*,*,#2190,.T.);
#2228 = ORIENTED_EDGE('',*,*,#1064,.T.);
#2229 = ORIENTED_EDGE('',*,*,#2230,.T.);
#2230 = EDGE_CURVE('',#1057,#2231,#2233,.T.);
#2231 = VERTEX_POINT('',#2232);
#2232 = CARTESIAN_POINT('',(43.,190.13988998998,34.077460449079));
#2233 = LINE('',#2234,#2235);
#2234 = CARTESIAN_POINT('',(43.,189.95873181192,34.16386846756));
#2235 = VECTOR('',#2236,1.);
#2236 = DIRECTION('',(0.,0.90258528435,-0.430511096808));
#2237 = ORIENTED_EDGE('',*,*,#2238,.T.);
#2238 = EDGE_CURVE('',#2231,#2239,#2241,.T.);
#2239 = VERTEX_POINT('',#2240);
#2240 = CARTESIAN_POINT('',(43.,190.32252860462,33.99422723711));
#2241 = LINE('',#2242,#2243);
#2242 = CARTESIAN_POINT('',(43.,190.13988998998,34.077460449079));
#2243 = VECTOR('',#2244,1.);
#2244 = DIRECTION('',(0.,0.909961270877,-0.414693242656));
#2245 = ORIENTED_EDGE('',*,*,#2246,.T.);
#2246 = EDGE_CURVE('',#2239,#2247,#2249,.T.);
#2247 = VERTEX_POINT('',#2248);
#2248 = CARTESIAN_POINT('',(43.,190.50659202237,33.914194185297));
#2249 = LINE('',#2250,#2251);
#2250 = CARTESIAN_POINT('',(43.,190.32252860462,33.99422723711));
#2251 = VECTOR('',#2252,1.);
#2252 = DIRECTION('',(0.,0.917060074385,-0.398749068925));
#2253 = ORIENTED_EDGE('',*,*,#2254,.T.);
#2254 = EDGE_CURVE('',#2247,#2255,#2257,.T.);
#2255 = VERTEX_POINT('',#2256);
#2256 = CARTESIAN_POINT('',(43.,190.69202417571,33.837385672482));
#2257 = LINE('',#2258,#2259);
#2258 = CARTESIAN_POINT('',(43.,190.50659202237,33.914194185297));
#2259 = VECTOR('',#2260,1.);
#2260 = DIRECTION('',(0.,0.923879532511,-0.382683432365));
#2261 = ORIENTED_EDGE('',*,*,#2262,.T.);
#2262 = EDGE_CURVE('',#2255,#2263,#2265,.T.);
#2263 = VERTEX_POINT('',#2264);
#2264 = CARTESIAN_POINT('',(43.,190.87876858022,33.763825095282));
#2265 = LINE('',#2266,#2267);
#2266 = CARTESIAN_POINT('',(43.,190.69202417571,33.837385672482));
#2267 = VECTOR('',#2268,1.);
#2268 = DIRECTION('',(0.,0.930417567982,-0.366501226724));
#2269 = ORIENTED_EDGE('',*,*,#2270,.T.);
#2270 = EDGE_CURVE('',#2263,#2271,#2273,.T.);
#2271 = VERTEX_POINT('',#2272);
#2272 = CARTESIAN_POINT('',(43.,191.06676835175,33.693534860962));
#2273 = LINE('',#2274,#2275);
#2274 = CARTESIAN_POINT('',(43.,190.87876858022,33.763825095282));
#2275 = VECTOR('',#2276,1.);
#2276 = DIRECTION('',(0.,0.936672189248,-0.350207381259));
#2277 = ORIENTED_EDGE('',*,*,#2278,.T.);
#2278 = EDGE_CURVE('',#2271,#2279,#2281,.T.);
#2279 = VERTEX_POINT('',#2280);
#2280 = CARTESIAN_POINT('',(43.,192.46905093939,37.546274606184));
#2281 = LINE('',#2282,#2283);
#2282 = CARTESIAN_POINT('',(43.,191.06676835175,33.693534860962));
#2283 = VECTOR('',#2284,1.);
#2284 = DIRECTION('',(0.,0.342020143326,0.939692620786));
#2285 = ORIENTED_EDGE('',*,*,#2286,.T.);
#2286 = EDGE_CURVE('',#2279,#2287,#2289,.T.);
#2287 = VERTEX_POINT('',#2288);
#2288 = CARTESIAN_POINT('',(43.,192.34807717336,37.591504843921));
#2289 = LINE('',#2290,#2291);
#2290 = CARTESIAN_POINT('',(43.,192.46905093939,37.546274606184));
#2291 = VECTOR('',#2292,1.);
#2292 = DIRECTION('',(0.,-0.936672189248,0.350207381259));
#2293 = ORIENTED_EDGE('',*,*,#2294,.T.);
#2294 = EDGE_CURVE('',#2287,#2295,#2297,.T.);
#2295 = VERTEX_POINT('',#2296);
#2296 = CARTESIAN_POINT('',(43.,192.22791120872,37.638839476206));
#2297 = LINE('',#2298,#2299);
#2298 = CARTESIAN_POINT('',(43.,192.34807717336,37.591504843921));
#2299 = VECTOR('',#2300,1.);
#2300 = DIRECTION('',(0.,-0.930417567982,0.366501226724));
#2301 = ORIENTED_EDGE('',*,*,#2302,.T.);
#2302 = EDGE_CURVE('',#2295,#2303,#2305,.T.);
#2303 = VERTEX_POINT('',#2304);
#2304 = CARTESIAN_POINT('',(43.,192.10858964917,37.688264084452));
#2305 = LINE('',#2306,#2307);
#2306 = CARTESIAN_POINT('',(43.,192.22791120872,37.638839476206));
#2307 = VECTOR('',#2308,1.);
#2308 = DIRECTION('',(0.,-0.923879532511,0.382683432365));
#2309 = ORIENTED_EDGE('',*,*,#2310,.T.);
#2310 = EDGE_CURVE('',#2303,#2311,#2313,.T.);
#2311 = VERTEX_POINT('',#2312);
#2312 = CARTESIAN_POINT('',(43.,191.99014884123,37.739763613445));
#2313 = LINE('',#2314,#2315);
#2314 = CARTESIAN_POINT('',(43.,192.10858964917,37.688264084452));
#2315 = VECTOR('',#2316,1.);
#2316 = DIRECTION('',(0.,-0.917060074385,0.398749068925));
#2317 = ORIENTED_EDGE('',*,*,#2318,.T.);
#2318 = EDGE_CURVE('',#2311,#2319,#2321,.T.);
#2319 = VERTEX_POINT('',#2320);
#2320 = CARTESIAN_POINT('',(43.,191.87262486311,37.793322375929));
#2321 = LINE('',#2322,#2323);
#2322 = CARTESIAN_POINT('',(43.,191.99014884123,37.739763613445));
#2323 = VECTOR('',#2324,1.);
#2324 = DIRECTION('',(0.,-0.909961270877,0.414693242656));
#2325 = ORIENTED_EDGE('',*,*,#2326,.T.);
#2326 = EDGE_CURVE('',#2319,#2327,#2329,.T.);
#2327 = VERTEX_POINT('',#2328);
#2328 = CARTESIAN_POINT('',(43.,191.75605351376,37.848924057386));
#2329 = LINE('',#2330,#2331);
#2330 = CARTESIAN_POINT('',(43.,191.87262486311,37.793322375929));
#2331 = VECTOR('',#2332,1.);
#2332 = DIRECTION('',(0.,-0.90258528435,0.430511096808));
#2333 = ORIENTED_EDGE('',*,*,#2334,.T.);
#2334 = EDGE_CURVE('',#2327,#2335,#2337,.T.);
#2335 = VERTEX_POINT('',#2336);
#2336 = CARTESIAN_POINT('',(43.,191.64047030192,37.906551721006));
#2337 = LINE('',#2338,#2339);
#2338 = CARTESIAN_POINT('',(43.,191.75605351376,37.848924057386));
#2339 = VECTOR('',#2340,1.);
#2340 = DIRECTION('',(0.,-0.894934361602,0.44619781311));
#2341 = ORIENTED_EDGE('',*,*,#2342,.T.);
#2342 = EDGE_CURVE('',#2335,#2343,#2345,.T.);
#2343 = VERTEX_POINT('',#2344);
#2344 = CARTESIAN_POINT('',(43.,191.52591043538,37.966187812844));
#2345 = LINE('',#2346,#2347);
#2346 = CARTESIAN_POINT('',(43.,191.64047030192,37.906551721006));
#2347 = VECTOR('',#2348,1.);
#2348 = DIRECTION('',(0.,-0.887010833178,0.461748613235));
#2349 = ORIENTED_EDGE('',*,*,#2350,.T.);
#2350 = EDGE_CURVE('',#2343,#2351,#2353,.T.);
#2351 = VERTEX_POINT('',#2352);
#2352 = CARTESIAN_POINT('',(43.,191.41240881017,38.027814167168));
#2353 = LINE('',#2354,#2355);
#2354 = CARTESIAN_POINT('',(43.,191.52591043538,37.966187812844));
#2355 = VECTOR('',#2356,1.);
#2356 = DIRECTION('',(0.,-0.878817112662,0.47715876026));
#2357 = ORIENTED_EDGE('',*,*,#2358,.T.);
#2358 = EDGE_CURVE('',#2351,#2359,#2361,.T.);
#2359 = VERTEX_POINT('',#2360);
#2360 = CARTESIAN_POINT('',(43.,191.3,38.091412011995));
#2361 = LINE('',#2362,#2363);
#2362 = CARTESIAN_POINT('',(43.,191.41240881017,38.027814167168));
#2363 = VECTOR('',#2364,1.);
#2364 = DIRECTION('',(0.,-0.87035569594,0.492423560103));
#2365 = ORIENTED_EDGE('',*,*,#2366,.T.);
#2366 = EDGE_CURVE('',#2359,#2367,#2369,.T.);
#2367 = VERTEX_POINT('',#2368);
#2368 = CARTESIAN_POINT('',(43.,191.18871824566,38.156961974804));
#2369 = LINE('',#2370,#2371);
#2370 = CARTESIAN_POINT('',(43.,191.3,38.091412011995));
#2371 = VECTOR('',#2372,1.);
#2372 = DIRECTION('',(0.,-0.861629160442,0.507538362961));
#2373 = ORIENTED_EDGE('',*,*,#2374,.T.);
#2374 = EDGE_CURVE('',#2367,#2375,#2377,.T.);
#2375 = VERTEX_POINT('',#2376);
#2376 = CARTESIAN_POINT('',(43.,191.07859744467,38.224444088442));
#2377 = LINE('',#2378,#2379);
#2378 = CARTESIAN_POINT('',(43.,191.18871824566,38.156961974804));
#2379 = VECTOR('',#2380,1.);
#2380 = DIRECTION('',(0.,-0.852640164354,0.522498564716));
#2381 = ORIENTED_EDGE('',*,*,#2382,.T.);
#2382 = EDGE_CURVE('',#2375,#2383,#2385,.T.);
#2383 = VERTEX_POINT('',#2384);
#2384 = CARTESIAN_POINT('',(43.,190.96967114088,38.293837797204));
#2385 = LINE('',#2386,#2387);
#2386 = CARTESIAN_POINT('',(43.,191.07859744467,38.224444088442));
#2387 = VECTOR('',#2388,1.);
#2388 = DIRECTION('',(0.,-0.843391445813,0.537299608347));
#2389 = ORIENTED_EDGE('',*,*,#2390,.T.);
#2390 = EDGE_CURVE('',#2383,#2391,#2393,.T.);
#2391 = VERTEX_POINT('',#2392);
#2392 = CARTESIAN_POINT('',(43.,190.86197251431,38.365121963093));
#2393 = LINE('',#2394,#2395);
#2394 = CARTESIAN_POINT('',(43.,190.96967114088,38.293837797204));
#2395 = VECTOR('',#2396,1.);
#2396 = DIRECTION('',(0.,-0.833885822067,0.551936985312));
#2397 = ORIENTED_EDGE('',*,*,#2398,.T.);
#2398 = EDGE_CURVE('',#2391,#2399,#2401,.T.);
#2399 = VERTEX_POINT('',#2400);
#2400 = CARTESIAN_POINT('',(43.,190.755534371,38.438274872261));
#2401 = LINE('',#2402,#2403);
#2402 = CARTESIAN_POINT('',(43.,190.86197251431,38.365121963093));
#2403 = VECTOR('',#2404,1.);
#2404 = DIRECTION('',(0.,-0.824126188622,0.566406236925));
#2405 = ORIENTED_EDGE('',*,*,#2406,.T.);
#2406 = EDGE_CURVE('',#2399,#2407,#2409,.T.);
#2407 = VERTEX_POINT('',#2408);
#2408 = CARTESIAN_POINT('',(43.,190.65038913303,38.513274241625));
#2409 = LINE('',#2410,#2411);
#2410 = CARTESIAN_POINT('',(43.,190.755534371,38.438274872261));
#2411 = VECTOR('',#2412,1.);
#2412 = DIRECTION('',(0.,-0.814115518356,0.580702955711));
#2413 = ORIENTED_EDGE('',*,*,#2414,.T.);
#2414 = EDGE_CURVE('',#2407,#2415,#2417,.T.);
#2415 = VERTEX_POINT('',#2416);
#2416 = CARTESIAN_POINT('',(43.,190.54656882867,38.59009722565));
#2417 = LINE('',#2418,#2419);
#2418 = CARTESIAN_POINT('',(43.,190.65038913303,38.513274241625));
#2419 = VECTOR('',#2420,1.);
#2420 = DIRECTION('',(0.,-0.803856860617,0.594822786751));
#2421 = ORIENTED_EDGE('',*,*,#2422,.T.);
#2422 = EDGE_CURVE('',#2415,#2423,#2425,.T.);
#2423 = VERTEX_POINT('',#2424);
#2424 = CARTESIAN_POINT('',(43.,190.44410508259,38.66872042331));
#2425 = LINE('',#2426,#2427);
#2426 = CARTESIAN_POINT('',(43.,190.54656882867,38.59009722565));
#2427 = VECTOR('',#2428,1.);
#2428 = DIRECTION('',(0.,-0.793353340291,0.608761429009));
#2429 = ORIENTED_EDGE('',*,*,#2430,.T.);
#2430 = EDGE_CURVE('',#2423,#2431,#2433,.T.);
#2431 = VERTEX_POINT('',#2432);
#2432 = CARTESIAN_POINT('',(43.,190.34302910623,38.749119885218));
#2433 = LINE('',#2434,#2435);
#2434 = CARTESIAN_POINT('',(43.,190.44410508259,38.66872042331));
#2435 = VECTOR('',#2436,1.);
#2436 = DIRECTION('',(0.,-0.782608156852,0.622514636638));
#2437 = ORIENTED_EDGE('',*,*,#2438,.T.);
#2438 = EDGE_CURVE('',#2431,#2439,#2441,.T.);
#2439 = VERTEX_POINT('',#2440);
#2440 = CARTESIAN_POINT('',(43.,190.24337168832,38.83127112092));
#2441 = LINE('',#2442,#2443);
#2442 = CARTESIAN_POINT('',(43.,190.34302910623,38.749119885218));
#2443 = VECTOR('',#2444,1.);
#2444 = DIRECTION('',(0.,-0.771624583388,0.636078220278));
#2445 = ORIENTED_EDGE('',*,*,#2446,.T.);
#2446 = EDGE_CURVE('',#2439,#2447,#2449,.T.);
#2447 = VERTEX_POINT('',#2448);
#2448 = CARTESIAN_POINT('',(43.,190.14516318547,38.915149106351));
#2449 = LINE('',#2450,#2451);
#2450 = CARTESIAN_POINT('',(43.,190.24337168832,38.83127112092));
#2451 = VECTOR('',#2452,1.);
#2452 = DIRECTION('',(0.,-0.7604059656,0.64944804833));
#2453 = ORIENTED_EDGE('',*,*,#2454,.T.);
#2454 = EDGE_CURVE('',#2447,#2455,#2457,.T.);
#2455 = VERTEX_POINT('',#2456);
#2456 = CARTESIAN_POINT('',(43.,190.04843351294,39.000728291467));
#2457 = LINE('',#2458,#2459);
#2458 = CARTESIAN_POINT('',(43.,190.14516318547,38.915149106351));
#2459 = VECTOR('',#2460,1.);
#2460 = DIRECTION('',(0.,-0.748955720789,0.662620048216));
#2461 = ORIENTED_EDGE('',*,*,#2462,.T.);
#2462 = EDGE_CURVE('',#2455,#2463,#2465,.T.);
#2463 = VERTEX_POINT('',#2464);
#2464 = CARTESIAN_POINT('',(43.,189.95321213553,39.087982608018));
#2465 = LINE('',#2466,#2467);
#2466 = CARTESIAN_POINT('',(43.,190.04843351294,39.000728291467));
#2467 = VECTOR('',#2468,1.);
#2468 = DIRECTION('',(0.,-0.73727733681,0.675590207616));
#2469 = ORIENTED_EDGE('',*,*,#2470,.T.);
#2470 = EDGE_CURVE('',#2463,#2471,#2473,.T.);
#2471 = VERTEX_POINT('',#2472);
#2472 = CARTESIAN_POINT('',(43.,189.8595280586,39.176885477494));
#2473 = LINE('',#2474,#2475);
#2474 = CARTESIAN_POINT('',(43.,189.95321213553,39.087982608018));
#2475 = VECTOR('',#2476,1.);
#2476 = DIRECTION('',(0.,-0.725374371012,0.688354575694));
#2477 = ORIENTED_EDGE('',*,*,#2478,.T.);
#2478 = EDGE_CURVE('',#2471,#2221,#2479,.T.);
#2479 = LINE('',#2480,#2481);
#2480 = CARTESIAN_POINT('',(43.,189.8595280586,39.176885477494));
#2481 = VECTOR('',#2482,1.);
#2482 = DIRECTION('',(0.,-0.713250449154,0.7009092643));
#2483 = PLANE('',#2484);
#2484 = AXIS2_PLACEMENT_3D('',#2485,#2486,#2487);
#2485 = CARTESIAN_POINT('',(43.,189.88388074643,36.469301396868));
#2486 = DIRECTION('',(1.,0.,0.));
#2487 = DIRECTION('',(0.,0.,1.));
#2488 = ADVANCED_FACE('',(#2489),#2507,.F.);
#2489 = FACE_BOUND('',#2490,.F.);
#2490 = EDGE_LOOP('',(#2491,#2499,#2500,#2501));
#2491 = ORIENTED_EDGE('',*,*,#2492,.F.);
#2492 = EDGE_CURVE('',#1049,#2493,#2495,.T.);
#2493 = VERTEX_POINT('',#2494);
#2494 = CARTESIAN_POINT('',(33.,190.13988998998,34.077460449079));
#2495 = LINE('',#2496,#2497);
#2496 = CARTESIAN_POINT('',(33.,189.95873181192,34.16386846756));
#2497 = VECTOR('',#2498,1.);
#2498 = DIRECTION('',(0.,0.90258528435,-0.430511096808));
#2499 = ORIENTED_EDGE('',*,*,#1056,.T.);
#2500 = ORIENTED_EDGE('',*,*,#2230,.T.);
#2501 = ORIENTED_EDGE('',*,*,#2502,.F.);
#2502 = EDGE_CURVE('',#2493,#2231,#2503,.T.);
#2503 = LINE('',#2504,#2505);
#2504 = CARTESIAN_POINT('',(33.,190.13988998998,34.077460449079));
#2505 = VECTOR('',#2506,1.);
#2506 = DIRECTION('',(1.,0.,0.));
#2507 = PLANE('',#2508);
#2508 = AXIS2_PLACEMENT_3D('',#2509,#2510,#2511);
#2509 = CARTESIAN_POINT('',(33.,189.95873181192,34.16386846756));
#2510 = DIRECTION('',(0.,0.430511096808,0.90258528435));
#2511 = DIRECTION('',(0.,0.90258528435,-0.430511096808));
#2512 = ADVANCED_FACE('',(#2513),#2772,.F.);
#2513 = FACE_BOUND('',#2514,.F.);
#2514 = EDGE_LOOP('',(#2515,#2523,#2524,#2525,#2526,#2534,#2542,#2550,
    #2558,#2566,#2574,#2582,#2590,#2598,#2606,#2614,#2622,#2630,#2638,
    #2646,#2654,#2662,#2670,#2678,#2686,#2694,#2702,#2710,#2718,#2726,
    #2734,#2742,#2750,#2758,#2766));
#2515 = ORIENTED_EDGE('',*,*,#2516,.T.);
#2516 = EDGE_CURVE('',#2517,#2199,#2519,.T.);
#2517 = VERTEX_POINT('',#2518);
#2518 = CARTESIAN_POINT('',(33.,189.76740981922,39.26740981922));
#2519 = LINE('',#2520,#2521);
#2520 = CARTESIAN_POINT('',(33.,189.76740981922,39.26740981922));
#2521 = VECTOR('',#2522,1.);
#2522 = DIRECTION('',(0.,-0.707106781187,-0.707106781187));
#2523 = ORIENTED_EDGE('',*,*,#2206,.T.);
#2524 = ORIENTED_EDGE('',*,*,#1048,.T.);
#2525 = ORIENTED_EDGE('',*,*,#2492,.T.);
#2526 = ORIENTED_EDGE('',*,*,#2527,.T.);
#2527 = EDGE_CURVE('',#2493,#2528,#2530,.T.);
#2528 = VERTEX_POINT('',#2529);
#2529 = CARTESIAN_POINT('',(33.,190.32252860462,33.99422723711));
#2530 = LINE('',#2531,#2532);
#2531 = CARTESIAN_POINT('',(33.,190.13988998998,34.077460449079));
#2532 = VECTOR('',#2533,1.);
#2533 = DIRECTION('',(0.,0.909961270877,-0.414693242656));
#2534 = ORIENTED_EDGE('',*,*,#2535,.T.);
#2535 = EDGE_CURVE('',#2528,#2536,#2538,.T.);
#2536 = VERTEX_POINT('',#2537);
#2537 = CARTESIAN_POINT('',(33.,190.50659202237,33.914194185297));
#2538 = LINE('',#2539,#2540);
#2539 = CARTESIAN_POINT('',(33.,190.32252860462,33.99422723711));
#2540 = VECTOR('',#2541,1.);
#2541 = DIRECTION('',(0.,0.917060074385,-0.398749068925));
#2542 = ORIENTED_EDGE('',*,*,#2543,.T.);
#2543 = EDGE_CURVE('',#2536,#2544,#2546,.T.);
#2544 = VERTEX_POINT('',#2545);
#2545 = CARTESIAN_POINT('',(33.,190.69202417571,33.837385672482));
#2546 = LINE('',#2547,#2548);
#2547 = CARTESIAN_POINT('',(33.,190.50659202237,33.914194185297));
#2548 = VECTOR('',#2549,1.);
#2549 = DIRECTION('',(0.,0.923879532511,-0.382683432365));
#2550 = ORIENTED_EDGE('',*,*,#2551,.T.);
#2551 = EDGE_CURVE('',#2544,#2552,#2554,.T.);
#2552 = VERTEX_POINT('',#2553);
#2553 = CARTESIAN_POINT('',(33.,190.87876858022,33.763825095282));
#2554 = LINE('',#2555,#2556);
#2555 = CARTESIAN_POINT('',(33.,190.69202417571,33.837385672482));
#2556 = VECTOR('',#2557,1.);
#2557 = DIRECTION('',(0.,0.930417567982,-0.366501226724));
#2558 = ORIENTED_EDGE('',*,*,#2559,.T.);
#2559 = EDGE_CURVE('',#2552,#2560,#2562,.T.);
#2560 = VERTEX_POINT('',#2561);
#2561 = CARTESIAN_POINT('',(33.,191.06676835175,33.693534860962));
#2562 = LINE('',#2563,#2564);
#2563 = CARTESIAN_POINT('',(33.,190.87876858022,33.763825095282));
#2564 = VECTOR('',#2565,1.);
#2565 = DIRECTION('',(0.,0.936672189248,-0.350207381259));
#2566 = ORIENTED_EDGE('',*,*,#2567,.T.);
#2567 = EDGE_CURVE('',#2560,#2568,#2570,.T.);
#2568 = VERTEX_POINT('',#2569);
#2569 = CARTESIAN_POINT('',(33.,192.46905093939,37.546274606184));
#2570 = LINE('',#2571,#2572);
#2571 = CARTESIAN_POINT('',(33.,191.06676835175,33.693534860962));
#2572 = VECTOR('',#2573,1.);
#2573 = DIRECTION('',(0.,0.342020143326,0.939692620786));
#2574 = ORIENTED_EDGE('',*,*,#2575,.T.);
#2575 = EDGE_CURVE('',#2568,#2576,#2578,.T.);
#2576 = VERTEX_POINT('',#2577);
#2577 = CARTESIAN_POINT('',(33.,192.34807717336,37.591504843921));
#2578 = LINE('',#2579,#2580);
#2579 = CARTESIAN_POINT('',(33.,192.46905093939,37.546274606184));
#2580 = VECTOR('',#2581,1.);
#2581 = DIRECTION('',(0.,-0.936672189248,0.350207381259));
#2582 = ORIENTED_EDGE('',*,*,#2583,.T.);
#2583 = EDGE_CURVE('',#2576,#2584,#2586,.T.);
#2584 = VERTEX_POINT('',#2585);
#2585 = CARTESIAN_POINT('',(33.,192.22791120872,37.638839476206));
#2586 = LINE('',#2587,#2588);
#2587 = CARTESIAN_POINT('',(33.,192.34807717336,37.591504843921));
#2588 = VECTOR('',#2589,1.);
#2589 = DIRECTION('',(0.,-0.930417567982,0.366501226724));
#2590 = ORIENTED_EDGE('',*,*,#2591,.T.);
#2591 = EDGE_CURVE('',#2584,#2592,#2594,.T.);
#2592 = VERTEX_POINT('',#2593);
#2593 = CARTESIAN_POINT('',(33.,192.10858964917,37.688264084452));
#2594 = LINE('',#2595,#2596);
#2595 = CARTESIAN_POINT('',(33.,192.22791120872,37.638839476206));
#2596 = VECTOR('',#2597,1.);
#2597 = DIRECTION('',(0.,-0.923879532511,0.382683432365));
#2598 = ORIENTED_EDGE('',*,*,#2599,.T.);
#2599 = EDGE_CURVE('',#2592,#2600,#2602,.T.);
#2600 = VERTEX_POINT('',#2601);
#2601 = CARTESIAN_POINT('',(33.,191.99014884123,37.739763613445));
#2602 = LINE('',#2603,#2604);
#2603 = CARTESIAN_POINT('',(33.,192.10858964917,37.688264084452));
#2604 = VECTOR('',#2605,1.);
#2605 = DIRECTION('',(0.,-0.917060074385,0.398749068925));
#2606 = ORIENTED_EDGE('',*,*,#2607,.T.);
#2607 = EDGE_CURVE('',#2600,#2608,#2610,.T.);
#2608 = VERTEX_POINT('',#2609);
#2609 = CARTESIAN_POINT('',(33.,191.87262486311,37.793322375929));
#2610 = LINE('',#2611,#2612);
#2611 = CARTESIAN_POINT('',(33.,191.99014884123,37.739763613445));
#2612 = VECTOR('',#2613,1.);
#2613 = DIRECTION('',(0.,-0.909961270877,0.414693242656));
#2614 = ORIENTED_EDGE('',*,*,#2615,.T.);
#2615 = EDGE_CURVE('',#2608,#2616,#2618,.T.);
#2616 = VERTEX_POINT('',#2617);
#2617 = CARTESIAN_POINT('',(33.,191.75605351376,37.848924057386));
#2618 = LINE('',#2619,#2620);
#2619 = CARTESIAN_POINT('',(33.,191.87262486311,37.793322375929));
#2620 = VECTOR('',#2621,1.);
#2621 = DIRECTION('',(0.,-0.90258528435,0.430511096808));
#2622 = ORIENTED_EDGE('',*,*,#2623,.T.);
#2623 = EDGE_CURVE('',#2616,#2624,#2626,.T.);
#2624 = VERTEX_POINT('',#2625);
#2625 = CARTESIAN_POINT('',(33.,191.64047030192,37.906551721006));
#2626 = LINE('',#2627,#2628);
#2627 = CARTESIAN_POINT('',(33.,191.75605351376,37.848924057386));
#2628 = VECTOR('',#2629,1.);
#2629 = DIRECTION('',(0.,-0.894934361602,0.44619781311));
#2630 = ORIENTED_EDGE('',*,*,#2631,.T.);
#2631 = EDGE_CURVE('',#2624,#2632,#2634,.T.);
#2632 = VERTEX_POINT('',#2633);
#2633 = CARTESIAN_POINT('',(33.,191.52591043538,37.966187812844));
#2634 = LINE('',#2635,#2636);
#2635 = CARTESIAN_POINT('',(33.,191.64047030192,37.906551721006));
#2636 = VECTOR('',#2637,1.);
#2637 = DIRECTION('',(0.,-0.887010833178,0.461748613235));
#2638 = ORIENTED_EDGE('',*,*,#2639,.T.);
#2639 = EDGE_CURVE('',#2632,#2640,#2642,.T.);
#2640 = VERTEX_POINT('',#2641);
#2641 = CARTESIAN_POINT('',(33.,191.41240881017,38.027814167168));
#2642 = LINE('',#2643,#2644);
#2643 = CARTESIAN_POINT('',(33.,191.52591043538,37.966187812844));
#2644 = VECTOR('',#2645,1.);
#2645 = DIRECTION('',(0.,-0.878817112662,0.47715876026));
#2646 = ORIENTED_EDGE('',*,*,#2647,.T.);
#2647 = EDGE_CURVE('',#2640,#2648,#2650,.T.);
#2648 = VERTEX_POINT('',#2649);
#2649 = CARTESIAN_POINT('',(33.,191.3,38.091412011995));
#2650 = LINE('',#2651,#2652);
#2651 = CARTESIAN_POINT('',(33.,191.41240881017,38.027814167168));
#2652 = VECTOR('',#2653,1.);
#2653 = DIRECTION('',(0.,-0.87035569594,0.492423560103));
#2654 = ORIENTED_EDGE('',*,*,#2655,.T.);
#2655 = EDGE_CURVE('',#2648,#2656,#2658,.T.);
#2656 = VERTEX_POINT('',#2657);
#2657 = CARTESIAN_POINT('',(33.,191.18871824566,38.156961974804));
#2658 = LINE('',#2659,#2660);
#2659 = CARTESIAN_POINT('',(33.,191.3,38.091412011995));
#2660 = VECTOR('',#2661,1.);
#2661 = DIRECTION('',(0.,-0.861629160442,0.507538362961));
#2662 = ORIENTED_EDGE('',*,*,#2663,.T.);
#2663 = EDGE_CURVE('',#2656,#2664,#2666,.T.);
#2664 = VERTEX_POINT('',#2665);
#2665 = CARTESIAN_POINT('',(33.,191.07859744467,38.224444088442));
#2666 = LINE('',#2667,#2668);
#2667 = CARTESIAN_POINT('',(33.,191.18871824566,38.156961974804));
#2668 = VECTOR('',#2669,1.);
#2669 = DIRECTION('',(0.,-0.852640164354,0.522498564716));
#2670 = ORIENTED_EDGE('',*,*,#2671,.T.);
#2671 = EDGE_CURVE('',#2664,#2672,#2674,.T.);
#2672 = VERTEX_POINT('',#2673);
#2673 = CARTESIAN_POINT('',(33.,190.96967114088,38.293837797204));
#2674 = LINE('',#2675,#2676);
#2675 = CARTESIAN_POINT('',(33.,191.07859744467,38.224444088442));
#2676 = VECTOR('',#2677,1.);
#2677 = DIRECTION('',(0.,-0.843391445813,0.537299608347));
#2678 = ORIENTED_EDGE('',*,*,#2679,.T.);
#2679 = EDGE_CURVE('',#2672,#2680,#2682,.T.);
#2680 = VERTEX_POINT('',#2681);
#2681 = CARTESIAN_POINT('',(33.,190.86197251431,38.365121963093));
#2682 = LINE('',#2683,#2684);
#2683 = CARTESIAN_POINT('',(33.,190.96967114088,38.293837797204));
#2684 = VECTOR('',#2685,1.);
#2685 = DIRECTION('',(0.,-0.833885822067,0.551936985312));
#2686 = ORIENTED_EDGE('',*,*,#2687,.T.);
#2687 = EDGE_CURVE('',#2680,#2688,#2690,.T.);
#2688 = VERTEX_POINT('',#2689);
#2689 = CARTESIAN_POINT('',(33.,190.755534371,38.438274872261));
#2690 = LINE('',#2691,#2692);
#2691 = CARTESIAN_POINT('',(33.,190.86197251431,38.365121963093));
#2692 = VECTOR('',#2693,1.);
#2693 = DIRECTION('',(0.,-0.824126188622,0.566406236925));
#2694 = ORIENTED_EDGE('',*,*,#2695,.T.);
#2695 = EDGE_CURVE('',#2688,#2696,#2698,.T.);
#2696 = VERTEX_POINT('',#2697);
#2697 = CARTESIAN_POINT('',(33.,190.65038913303,38.513274241625));
#2698 = LINE('',#2699,#2700);
#2699 = CARTESIAN_POINT('',(33.,190.755534371,38.438274872261));
#2700 = VECTOR('',#2701,1.);
#2701 = DIRECTION('',(0.,-0.814115518356,0.580702955711));
#2702 = ORIENTED_EDGE('',*,*,#2703,.T.);
#2703 = EDGE_CURVE('',#2696,#2704,#2706,.T.);
#2704 = VERTEX_POINT('',#2705);
#2705 = CARTESIAN_POINT('',(33.,190.54656882867,38.59009722565));
#2706 = LINE('',#2707,#2708);
#2707 = CARTESIAN_POINT('',(33.,190.65038913303,38.513274241625));
#2708 = VECTOR('',#2709,1.);
#2709 = DIRECTION('',(0.,-0.803856860617,0.594822786751));
#2710 = ORIENTED_EDGE('',*,*,#2711,.T.);
#2711 = EDGE_CURVE('',#2704,#2712,#2714,.T.);
#2712 = VERTEX_POINT('',#2713);
#2713 = CARTESIAN_POINT('',(33.,190.44410508259,38.66872042331));
#2714 = LINE('',#2715,#2716);
#2715 = CARTESIAN_POINT('',(33.,190.54656882867,38.59009722565));
#2716 = VECTOR('',#2717,1.);
#2717 = DIRECTION('',(0.,-0.793353340291,0.608761429009));
#2718 = ORIENTED_EDGE('',*,*,#2719,.T.);
#2719 = EDGE_CURVE('',#2712,#2720,#2722,.T.);
#2720 = VERTEX_POINT('',#2721);
#2721 = CARTESIAN_POINT('',(33.,190.34302910623,38.749119885218));
#2722 = LINE('',#2723,#2724);
#2723 = CARTESIAN_POINT('',(33.,190.44410508259,38.66872042331));
#2724 = VECTOR('',#2725,1.);
#2725 = DIRECTION('',(0.,-0.782608156852,0.622514636638));
#2726 = ORIENTED_EDGE('',*,*,#2727,.T.);
#2727 = EDGE_CURVE('',#2720,#2728,#2730,.T.);
#2728 = VERTEX_POINT('',#2729);
#2729 = CARTESIAN_POINT('',(33.,190.24337168832,38.83127112092));
#2730 = LINE('',#2731,#2732);
#2731 = CARTESIAN_POINT('',(33.,190.34302910623,38.749119885218));
#2732 = VECTOR('',#2733,1.);
#2733 = DIRECTION('',(0.,-0.771624583388,0.636078220278));
#2734 = ORIENTED_EDGE('',*,*,#2735,.T.);
#2735 = EDGE_CURVE('',#2728,#2736,#2738,.T.);
#2736 = VERTEX_POINT('',#2737);
#2737 = CARTESIAN_POINT('',(33.,190.14516318547,38.915149106351));
#2738 = LINE('',#2739,#2740);
#2739 = CARTESIAN_POINT('',(33.,190.24337168832,38.83127112092));
#2740 = VECTOR('',#2741,1.);
#2741 = DIRECTION('',(0.,-0.7604059656,0.64944804833));
#2742 = ORIENTED_EDGE('',*,*,#2743,.T.);
#2743 = EDGE_CURVE('',#2736,#2744,#2746,.T.);
#2744 = VERTEX_POINT('',#2745);
#2745 = CARTESIAN_POINT('',(33.,190.04843351294,39.000728291467));
#2746 = LINE('',#2747,#2748);
#2747 = CARTESIAN_POINT('',(33.,190.14516318547,38.915149106351));
#2748 = VECTOR('',#2749,1.);
#2749 = DIRECTION('',(0.,-0.748955720789,0.662620048216));
#2750 = ORIENTED_EDGE('',*,*,#2751,.T.);
#2751 = EDGE_CURVE('',#2744,#2752,#2754,.T.);
#2752 = VERTEX_POINT('',#2753);
#2753 = CARTESIAN_POINT('',(33.,189.95321213553,39.087982608018));
#2754 = LINE('',#2755,#2756);
#2755 = CARTESIAN_POINT('',(33.,190.04843351294,39.000728291467));
#2756 = VECTOR('',#2757,1.);
#2757 = DIRECTION('',(0.,-0.73727733681,0.675590207616));
#2758 = ORIENTED_EDGE('',*,*,#2759,.T.);
#2759 = EDGE_CURVE('',#2752,#2760,#2762,.T.);
#2760 = VERTEX_POINT('',#2761);
#2761 = CARTESIAN_POINT('',(33.,189.8595280586,39.176885477494));
#2762 = LINE('',#2763,#2764);
#2763 = CARTESIAN_POINT('',(33.,189.95321213553,39.087982608018));
#2764 = VECTOR('',#2765,1.);
#2765 = DIRECTION('',(0.,-0.725374371012,0.688354575694));
#2766 = ORIENTED_EDGE('',*,*,#2767,.T.);
#2767 = EDGE_CURVE('',#2760,#2517,#2768,.T.);
#2768 = LINE('',#2769,#2770);
#2769 = CARTESIAN_POINT('',(33.,189.8595280586,39.176885477494));
#2770 = VECTOR('',#2771,1.);
#2771 = DIRECTION('',(0.,-0.713250449154,0.7009092643));
#2772 = PLANE('',#2773);
#2773 = AXIS2_PLACEMENT_3D('',#2774,#2775,#2776);
#2774 = CARTESIAN_POINT('',(33.,189.88388074643,36.469301396868));
#2775 = DIRECTION('',(1.,0.,0.));
#2776 = DIRECTION('',(0.,0.,1.));
#2777 = ADVANCED_FACE('',(#2778,#2839),#2850,.T.);
#2778 = FACE_BOUND('',#2779,.T.);
#2779 = EDGE_LOOP('',(#2780,#2790,#2798,#2804,#2805,#2806,#2807,#2815,
    #2823,#2832));
#2780 = ORIENTED_EDGE('',*,*,#2781,.F.);
#2781 = EDGE_CURVE('',#2782,#2784,#2786,.T.);
#2782 = VERTEX_POINT('',#2783);
#2783 = CARTESIAN_POINT('',(28.,184.,44.5));
#2784 = VERTEX_POINT('',#2785);
#2785 = CARTESIAN_POINT('',(28.,188.,44.5));
#2786 = LINE('',#2787,#2788);
#2787 = CARTESIAN_POINT('',(28.,184.,44.5));
#2788 = VECTOR('',#2789,1.);
#2789 = DIRECTION('',(0.,1.,0.));
#2790 = ORIENTED_EDGE('',*,*,#2791,.F.);
#2791 = EDGE_CURVE('',#2792,#2782,#2794,.T.);
#2792 = VERTEX_POINT('',#2793);
#2793 = CARTESIAN_POINT('',(28.,184.,31.));
#2794 = LINE('',#2795,#2796);
#2795 = CARTESIAN_POINT('',(28.,184.,31.));
#2796 = VECTOR('',#2797,1.);
#2797 = DIRECTION('',(0.,0.,1.));
#2798 = ORIENTED_EDGE('',*,*,#2799,.T.);
#2799 = EDGE_CURVE('',#2792,#1497,#2800,.T.);
#2800 = LINE('',#2801,#2802);
#2801 = CARTESIAN_POINT('',(28.,184.,31.));
#2802 = VECTOR('',#2803,1.);
#2803 = DIRECTION('',(0.,1.,0.));
#2804 = ORIENTED_EDGE('',*,*,#1504,.F.);
#2805 = ORIENTED_EDGE('',*,*,#2181,.T.);
#2806 = ORIENTED_EDGE('',*,*,#1032,.T.);
#2807 = ORIENTED_EDGE('',*,*,#2808,.T.);
#2808 = EDGE_CURVE('',#1025,#2809,#2811,.T.);
#2809 = VERTEX_POINT('',#2810);
#2810 = CARTESIAN_POINT('',(28.,195.,31.));
#2811 = LINE('',#2812,#2813);
#2812 = CARTESIAN_POINT('',(28.,184.,31.));
#2813 = VECTOR('',#2814,1.);
#2814 = DIRECTION('',(0.,1.,0.));
#2815 = ORIENTED_EDGE('',*,*,#2816,.T.);
#2816 = EDGE_CURVE('',#2809,#2817,#2819,.T.);
#2817 = VERTEX_POINT('',#2818);
#2818 = CARTESIAN_POINT('',(28.,195.,37.5));
#2819 = LINE('',#2820,#2821);
#2820 = CARTESIAN_POINT('',(28.,195.,31.));
#2821 = VECTOR('',#2822,1.);
#2822 = DIRECTION('',(0.,0.,1.));
#2823 = ORIENTED_EDGE('',*,*,#2824,.T.);
#2824 = EDGE_CURVE('',#2817,#2825,#2827,.T.);
#2825 = VERTEX_POINT('',#2826);
#2826 = CARTESIAN_POINT('',(28.,195.,51.5));
#2827 = CIRCLE('',#2828,7.);
#2828 = AXIS2_PLACEMENT_3D('',#2829,#2830,#2831);
#2829 = CARTESIAN_POINT('',(28.,195.,44.5));
#2830 = DIRECTION('',(1.,0.,-0.));
#2831 = DIRECTION('',(0.,0.,1.));
#2832 = ORIENTED_EDGE('',*,*,#2833,.T.);
#2833 = EDGE_CURVE('',#2825,#2784,#2834,.T.);
#2834 = CIRCLE('',#2835,7.);
#2835 = AXIS2_PLACEMENT_3D('',#2836,#2837,#2838);
#2836 = CARTESIAN_POINT('',(28.,195.,44.5));
#2837 = DIRECTION('',(1.,0.,-0.));
#2838 = DIRECTION('',(0.,0.,1.));
#2839 = FACE_BOUND('',#2840,.T.);
#2840 = EDGE_LOOP('',(#2841));
#2841 = ORIENTED_EDGE('',*,*,#2842,.F.);
#2842 = EDGE_CURVE('',#2843,#2843,#2845,.T.);
#2843 = VERTEX_POINT('',#2844);
#2844 = CARTESIAN_POINT('',(28.,195.,46.7));
#2845 = CIRCLE('',#2846,2.2);
#2846 = AXIS2_PLACEMENT_3D('',#2847,#2848,#2849);
#2847 = CARTESIAN_POINT('',(28.,195.,44.5));
#2848 = DIRECTION('',(1.,0.,-0.));
#2849 = DIRECTION('',(0.,0.,1.));
#2850 = PLANE('',#2851);
#2851 = AXIS2_PLACEMENT_3D('',#2852,#2853,#2854);
#2852 = CARTESIAN_POINT('',(28.,191.89758284315,40.628038191471));
#2853 = DIRECTION('',(1.,0.,0.));
#2854 = DIRECTION('',(0.,0.,1.));
#2855 = ADVANCED_FACE('',(#2856),#2867,.F.);
#2856 = FACE_BOUND('',#2857,.F.);
#2857 = EDGE_LOOP('',(#2858,#2859,#2860,#2861));
#2858 = ORIENTED_EDGE('',*,*,#1431,.F.);
#2859 = ORIENTED_EDGE('',*,*,#1024,.T.);
#2860 = ORIENTED_EDGE('',*,*,#2808,.T.);
#2861 = ORIENTED_EDGE('',*,*,#2862,.F.);
#2862 = EDGE_CURVE('',#1424,#2809,#2863,.T.);
#2863 = LINE('',#2864,#2865);
#2864 = CARTESIAN_POINT('',(20.,195.,31.));
#2865 = VECTOR('',#2866,1.);
#2866 = DIRECTION('',(1.,0.,0.));
#2867 = PLANE('',#2868);
#2868 = AXIS2_PLACEMENT_3D('',#2869,#2870,#2871);
#2869 = CARTESIAN_POINT('',(20.,184.,31.));
#2870 = DIRECTION('',(0.,0.,1.));
#2871 = DIRECTION('',(1.,0.,0.));
#2872 = ADVANCED_FACE('',(#2873),#2891,.F.);
#2873 = FACE_BOUND('',#2874,.F.);
#2874 = EDGE_LOOP('',(#2875,#2883,#2884,#2885));
#2875 = ORIENTED_EDGE('',*,*,#2876,.F.);
#2876 = EDGE_CURVE('',#962,#2877,#2879,.T.);
#2877 = VERTEX_POINT('',#2878);
#2878 = CARTESIAN_POINT('',(168.,195.,31.));
#2879 = LINE('',#2880,#2881);
#2880 = CARTESIAN_POINT('',(168.,184.,31.));
#2881 = VECTOR('',#2882,1.);
#2882 = DIRECTION('',(0.,1.,0.));
#2883 = ORIENTED_EDGE('',*,*,#969,.T.);
#2884 = ORIENTED_EDGE('',*,*,#1795,.T.);
#2885 = ORIENTED_EDGE('',*,*,#2886,.F.);
#2886 = EDGE_CURVE('',#2877,#1796,#2887,.T.);
#2887 = LINE('',#2888,#2889);
#2888 = CARTESIAN_POINT('',(168.,195.,31.));
#2889 = VECTOR('',#2890,1.);
#2890 = DIRECTION('',(1.,0.,0.));
#2891 = PLANE('',#2892);
#2892 = AXIS2_PLACEMENT_3D('',#2893,#2894,#2895);
#2893 = CARTESIAN_POINT('',(168.,184.,31.));
#2894 = DIRECTION('',(0.,0.,1.));
#2895 = DIRECTION('',(1.,0.,0.));
#2896 = ADVANCED_FACE('',(#2897,#2956),#2967,.T.);
#2897 = FACE_BOUND('',#2898,.T.);
#2898 = EDGE_LOOP('',(#2899,#2909,#2917,#2926,#2935,#2941,#2942,#2943,
    #2949,#2950));
#2899 = ORIENTED_EDGE('',*,*,#2900,.T.);
#2900 = EDGE_CURVE('',#2901,#2903,#2905,.T.);
#2901 = VERTEX_POINT('',#2902);
#2902 = CARTESIAN_POINT('',(168.,184.,31.));
#2903 = VERTEX_POINT('',#2904);
#2904 = CARTESIAN_POINT('',(168.,184.,44.5));
#2905 = LINE('',#2906,#2907);
#2906 = CARTESIAN_POINT('',(168.,184.,31.));
#2907 = VECTOR('',#2908,1.);
#2908 = DIRECTION('',(0.,0.,1.));
#2909 = ORIENTED_EDGE('',*,*,#2910,.T.);
#2910 = EDGE_CURVE('',#2903,#2911,#2913,.T.);
#2911 = VERTEX_POINT('',#2912);
#2912 = CARTESIAN_POINT('',(168.,188.,44.5));
#2913 = LINE('',#2914,#2915);
#2914 = CARTESIAN_POINT('',(168.,184.,44.5));
#2915 = VECTOR('',#2916,1.);
#2916 = DIRECTION('',(0.,1.,0.));
#2917 = ORIENTED_EDGE('',*,*,#2918,.F.);
#2918 = EDGE_CURVE('',#2919,#2911,#2921,.T.);
#2919 = VERTEX_POINT('',#2920);
#2920 = CARTESIAN_POINT('',(168.,195.,51.5));
#2921 = CIRCLE('',#2922,7.);
#2922 = AXIS2_PLACEMENT_3D('',#2923,#2924,#2925);
#2923 = CARTESIAN_POINT('',(168.,195.,44.5));
#2924 = DIRECTION('',(1.,0.,-0.));
#2925 = DIRECTION('',(0.,0.,1.));
#2926 = ORIENTED_EDGE('',*,*,#2927,.F.);
#2927 = EDGE_CURVE('',#2928,#2919,#2930,.T.);
#2928 = VERTEX_POINT('',#2929);
#2929 = CARTESIAN_POINT('',(168.,195.,37.5));
#2930 = CIRCLE('',#2931,7.);
#2931 = AXIS2_PLACEMENT_3D('',#2932,#2933,#2934);
#2932 = CARTESIAN_POINT('',(168.,195.,44.5));
#2933 = DIRECTION('',(1.,0.,-0.));
#2934 = DIRECTION('',(0.,0.,1.));
#2935 = ORIENTED_EDGE('',*,*,#2936,.F.);
#2936 = EDGE_CURVE('',#2877,#2928,#2937,.T.);
#2937 = LINE('',#2938,#2939);
#2938 = CARTESIAN_POINT('',(168.,195.,31.));
#2939 = VECTOR('',#2940,1.);
#2940 = DIRECTION('',(0.,0.,1.));
#2941 = ORIENTED_EDGE('',*,*,#2876,.F.);
#2942 = ORIENTED_EDGE('',*,*,#961,.T.);
#2943 = ORIENTED_EDGE('',*,*,#2944,.T.);
#2944 = EDGE_CURVE('',#954,#1585,#2945,.T.);
#2945 = LINE('',#2946,#2947);
#2946 = CARTESIAN_POINT('',(168.,95.948791421577,39.));
#2947 = VECTOR('',#2948,1.);
#2948 = DIRECTION('',(0.,-1.,0.));
#2949 = ORIENTED_EDGE('',*,*,#1592,.F.);
#2950 = ORIENTED_EDGE('',*,*,#2951,.F.);
#2951 = EDGE_CURVE('',#2901,#1593,#2952,.T.);
#2952 = LINE('',#2953,#2954);
#2953 = CARTESIAN_POINT('',(168.,184.,31.));
#2954 = VECTOR('',#2955,1.);
#2955 = DIRECTION('',(0.,1.,0.));
#2956 = FACE_BOUND('',#2957,.T.);
#2957 = EDGE_LOOP('',(#2958));
#2958 = ORIENTED_EDGE('',*,*,#2959,.T.);
#2959 = EDGE_CURVE('',#2960,#2960,#2962,.T.);
#2960 = VERTEX_POINT('',#2961);
#2961 = CARTESIAN_POINT('',(168.,195.,46.7));
#2962 = CIRCLE('',#2963,2.2);
#2963 = AXIS2_PLACEMENT_3D('',#2964,#2965,#2966);
#2964 = CARTESIAN_POINT('',(168.,195.,44.5));
#2965 = DIRECTION('',(1.,0.,-0.));
#2966 = DIRECTION('',(0.,0.,1.));
#2967 = PLANE('',#2968);
#2968 = AXIS2_PLACEMENT_3D('',#2969,#2970,#2971);
#2969 = CARTESIAN_POINT('',(168.,191.89758284315,40.628038191471));
#2970 = DIRECTION('',(-1.,-0.,-0.));
#2971 = DIRECTION('',(0.,0.,-1.));
#2972 = ADVANCED_FACE('',(#2973),#3002,.T.);
#2973 = FACE_BOUND('',#2974,.T.);
#2974 = EDGE_LOOP('',(#2975,#2976,#2977,#2985,#2993,#2999,#3000,#3001));
#2975 = ORIENTED_EDGE('',*,*,#2944,.F.);
#2976 = ORIENTED_EDGE('',*,*,#953,.F.);
#2977 = ORIENTED_EDGE('',*,*,#2978,.F.);
#2978 = EDGE_CURVE('',#2979,#946,#2981,.T.);
#2979 = VERTEX_POINT('',#2980);
#2980 = CARTESIAN_POINT('',(163.,189.5,39.));
#2981 = LINE('',#2982,#2983);
#2982 = CARTESIAN_POINT('',(163.,94.941940373218,39.));
#2983 = VECTOR('',#2984,1.);
#2984 = DIRECTION('',(0.,1.,0.));
#2985 = ORIENTED_EDGE('',*,*,#2986,.T.);
#2986 = EDGE_CURVE('',#2979,#2987,#2989,.T.);
#2987 = VERTEX_POINT('',#2988);
#2988 = CARTESIAN_POINT('',(153.,189.5,39.));
#2989 = LINE('',#2990,#2991);
#2990 = CARTESIAN_POINT('',(76.5,189.5,39.));
#2991 = VECTOR('',#2992,1.);
#2992 = DIRECTION('',(-1.,0.,0.));
#2993 = ORIENTED_EDGE('',*,*,#2994,.T.);
#2994 = EDGE_CURVE('',#2987,#922,#2995,.T.);
#2995 = LINE('',#2996,#2997);
#2996 = CARTESIAN_POINT('',(153.,94.941940373218,39.));
#2997 = VECTOR('',#2998,1.);
#2998 = DIRECTION('',(0.,1.,0.));
#2999 = ORIENTED_EDGE('',*,*,#921,.F.);
#3000 = ORIENTED_EDGE('',*,*,#1871,.F.);
#3001 = ORIENTED_EDGE('',*,*,#1584,.F.);
#3002 = PLANE('',#3003);
#3003 = AXIS2_PLACEMENT_3D('',#3004,#3005,#3006);
#3004 = CARTESIAN_POINT('',(0.,0.,39.));
#3005 = DIRECTION('',(0.,0.,1.));
#3006 = DIRECTION('',(1.,0.,0.));
#3007 = ADVANCED_FACE('',(#3008),#3274,.T.);
#3008 = FACE_BOUND('',#3009,.T.);
#3009 = EDGE_LOOP('',(#3010,#3018,#3019,#3020,#3028,#3036,#3044,#3052,
    #3060,#3068,#3076,#3084,#3092,#3100,#3108,#3116,#3124,#3132,#3140,
    #3148,#3156,#3164,#3172,#3180,#3188,#3196,#3204,#3212,#3220,#3228,
    #3236,#3244,#3252,#3260,#3268));
#3010 = ORIENTED_EDGE('',*,*,#3011,.T.);
#3011 = EDGE_CURVE('',#3012,#2979,#3014,.T.);
#3012 = VERTEX_POINT('',#3013);
#3013 = CARTESIAN_POINT('',(163.,189.76740981922,39.26740981922));
#3014 = LINE('',#3015,#3016);
#3015 = CARTESIAN_POINT('',(163.,189.76740981922,39.26740981922));
#3016 = VECTOR('',#3017,1.);
#3017 = DIRECTION('',(0.,-0.707106781187,-0.707106781187));
#3018 = ORIENTED_EDGE('',*,*,#2978,.T.);
#3019 = ORIENTED_EDGE('',*,*,#945,.T.);
#3020 = ORIENTED_EDGE('',*,*,#3021,.T.);
#3021 = EDGE_CURVE('',#938,#3022,#3024,.T.);
#3022 = VERTEX_POINT('',#3023);
#3023 = CARTESIAN_POINT('',(163.,190.13988998998,34.077460449079));
#3024 = LINE('',#3025,#3026);
#3025 = CARTESIAN_POINT('',(163.,189.95873181192,34.16386846756));
#3026 = VECTOR('',#3027,1.);
#3027 = DIRECTION('',(0.,0.90258528435,-0.430511096808));
#3028 = ORIENTED_EDGE('',*,*,#3029,.T.);
#3029 = EDGE_CURVE('',#3022,#3030,#3032,.T.);
#3030 = VERTEX_POINT('',#3031);
#3031 = CARTESIAN_POINT('',(163.,190.32252860462,33.99422723711));
#3032 = LINE('',#3033,#3034);
#3033 = CARTESIAN_POINT('',(163.,190.13988998998,34.077460449079));
#3034 = VECTOR('',#3035,1.);
#3035 = DIRECTION('',(0.,0.909961270877,-0.414693242656));
#3036 = ORIENTED_EDGE('',*,*,#3037,.T.);
#3037 = EDGE_CURVE('',#3030,#3038,#3040,.T.);
#3038 = VERTEX_POINT('',#3039);
#3039 = CARTESIAN_POINT('',(163.,190.50659202237,33.914194185297));
#3040 = LINE('',#3041,#3042);
#3041 = CARTESIAN_POINT('',(163.,190.32252860462,33.99422723711));
#3042 = VECTOR('',#3043,1.);
#3043 = DIRECTION('',(0.,0.917060074385,-0.398749068925));
#3044 = ORIENTED_EDGE('',*,*,#3045,.T.);
#3045 = EDGE_CURVE('',#3038,#3046,#3048,.T.);
#3046 = VERTEX_POINT('',#3047);
#3047 = CARTESIAN_POINT('',(163.,190.69202417571,33.837385672482));
#3048 = LINE('',#3049,#3050);
#3049 = CARTESIAN_POINT('',(163.,190.50659202237,33.914194185297));
#3050 = VECTOR('',#3051,1.);
#3051 = DIRECTION('',(0.,0.923879532511,-0.382683432365));
#3052 = ORIENTED_EDGE('',*,*,#3053,.T.);
#3053 = EDGE_CURVE('',#3046,#3054,#3056,.T.);
#3054 = VERTEX_POINT('',#3055);
#3055 = CARTESIAN_POINT('',(163.,190.87876858022,33.763825095282));
#3056 = LINE('',#3057,#3058);
#3057 = CARTESIAN_POINT('',(163.,190.69202417571,33.837385672482));
#3058 = VECTOR('',#3059,1.);
#3059 = DIRECTION('',(0.,0.930417567982,-0.366501226724));
#3060 = ORIENTED_EDGE('',*,*,#3061,.T.);
#3061 = EDGE_CURVE('',#3054,#3062,#3064,.T.);
#3062 = VERTEX_POINT('',#3063);
#3063 = CARTESIAN_POINT('',(163.,191.06676835175,33.693534860962));
#3064 = LINE('',#3065,#3066);
#3065 = CARTESIAN_POINT('',(163.,190.87876858022,33.763825095282));
#3066 = VECTOR('',#3067,1.);
#3067 = DIRECTION('',(0.,0.936672189248,-0.350207381259));
#3068 = ORIENTED_EDGE('',*,*,#3069,.T.);
#3069 = EDGE_CURVE('',#3062,#3070,#3072,.T.);
#3070 = VERTEX_POINT('',#3071);
#3071 = CARTESIAN_POINT('',(163.,192.46905093939,37.546274606184));
#3072 = LINE('',#3073,#3074);
#3073 = CARTESIAN_POINT('',(163.,191.06676835175,33.693534860962));
#3074 = VECTOR('',#3075,1.);
#3075 = DIRECTION('',(0.,0.342020143326,0.939692620786));
#3076 = ORIENTED_EDGE('',*,*,#3077,.T.);
#3077 = EDGE_CURVE('',#3070,#3078,#3080,.T.);
#3078 = VERTEX_POINT('',#3079);
#3079 = CARTESIAN_POINT('',(163.,192.34807717336,37.591504843921));
#3080 = LINE('',#3081,#3082);
#3081 = CARTESIAN_POINT('',(163.,192.46905093939,37.546274606184));
#3082 = VECTOR('',#3083,1.);
#3083 = DIRECTION('',(0.,-0.936672189248,0.350207381259));
#3084 = ORIENTED_EDGE('',*,*,#3085,.T.);
#3085 = EDGE_CURVE('',#3078,#3086,#3088,.T.);
#3086 = VERTEX_POINT('',#3087);
#3087 = CARTESIAN_POINT('',(163.,192.22791120872,37.638839476206));
#3088 = LINE('',#3089,#3090);
#3089 = CARTESIAN_POINT('',(163.,192.34807717336,37.591504843921));
#3090 = VECTOR('',#3091,1.);
#3091 = DIRECTION('',(0.,-0.930417567982,0.366501226724));
#3092 = ORIENTED_EDGE('',*,*,#3093,.T.);
#3093 = EDGE_CURVE('',#3086,#3094,#3096,.T.);
#3094 = VERTEX_POINT('',#3095);
#3095 = CARTESIAN_POINT('',(163.,192.10858964917,37.688264084452));
#3096 = LINE('',#3097,#3098);
#3097 = CARTESIAN_POINT('',(163.,192.22791120872,37.638839476206));
#3098 = VECTOR('',#3099,1.);
#3099 = DIRECTION('',(0.,-0.923879532511,0.382683432365));
#3100 = ORIENTED_EDGE('',*,*,#3101,.T.);
#3101 = EDGE_CURVE('',#3094,#3102,#3104,.T.);
#3102 = VERTEX_POINT('',#3103);
#3103 = CARTESIAN_POINT('',(163.,191.99014884123,37.739763613445));
#3104 = LINE('',#3105,#3106);
#3105 = CARTESIAN_POINT('',(163.,192.10858964917,37.688264084452));
#3106 = VECTOR('',#3107,1.);
#3107 = DIRECTION('',(0.,-0.917060074385,0.398749068925));
#3108 = ORIENTED_EDGE('',*,*,#3109,.T.);
#3109 = EDGE_CURVE('',#3102,#3110,#3112,.T.);
#3110 = VERTEX_POINT('',#3111);
#3111 = CARTESIAN_POINT('',(163.,191.87262486311,37.793322375929));
#3112 = LINE('',#3113,#3114);
#3113 = CARTESIAN_POINT('',(163.,191.99014884123,37.739763613445));
#3114 = VECTOR('',#3115,1.);
#3115 = DIRECTION('',(0.,-0.909961270877,0.414693242656));
#3116 = ORIENTED_EDGE('',*,*,#3117,.T.);
#3117 = EDGE_CURVE('',#3110,#3118,#3120,.T.);
#3118 = VERTEX_POINT('',#3119);
#3119 = CARTESIAN_POINT('',(163.,191.75605351376,37.848924057386));
#3120 = LINE('',#3121,#3122);
#3121 = CARTESIAN_POINT('',(163.,191.87262486311,37.793322375929));
#3122 = VECTOR('',#3123,1.);
#3123 = DIRECTION('',(0.,-0.90258528435,0.430511096808));
#3124 = ORIENTED_EDGE('',*,*,#3125,.T.);
#3125 = EDGE_CURVE('',#3118,#3126,#3128,.T.);
#3126 = VERTEX_POINT('',#3127);
#3127 = CARTESIAN_POINT('',(163.,191.64047030192,37.906551721006));
#3128 = LINE('',#3129,#3130);
#3129 = CARTESIAN_POINT('',(163.,191.75605351376,37.848924057386));
#3130 = VECTOR('',#3131,1.);
#3131 = DIRECTION('',(0.,-0.894934361602,0.44619781311));
#3132 = ORIENTED_EDGE('',*,*,#3133,.T.);
#3133 = EDGE_CURVE('',#3126,#3134,#3136,.T.);
#3134 = VERTEX_POINT('',#3135);
#3135 = CARTESIAN_POINT('',(163.,191.52591043538,37.966187812844));
#3136 = LINE('',#3137,#3138);
#3137 = CARTESIAN_POINT('',(163.,191.64047030192,37.906551721006));
#3138 = VECTOR('',#3139,1.);
#3139 = DIRECTION('',(0.,-0.887010833178,0.461748613235));
#3140 = ORIENTED_EDGE('',*,*,#3141,.T.);
#3141 = EDGE_CURVE('',#3134,#3142,#3144,.T.);
#3142 = VERTEX_POINT('',#3143);
#3143 = CARTESIAN_POINT('',(163.,191.41240881017,38.027814167168));
#3144 = LINE('',#3145,#3146);
#3145 = CARTESIAN_POINT('',(163.,191.52591043538,37.966187812844));
#3146 = VECTOR('',#3147,1.);
#3147 = DIRECTION('',(0.,-0.878817112662,0.47715876026));
#3148 = ORIENTED_EDGE('',*,*,#3149,.T.);
#3149 = EDGE_CURVE('',#3142,#3150,#3152,.T.);
#3150 = VERTEX_POINT('',#3151);
#3151 = CARTESIAN_POINT('',(163.,191.3,38.091412011995));
#3152 = LINE('',#3153,#3154);
#3153 = CARTESIAN_POINT('',(163.,191.41240881017,38.027814167168));
#3154 = VECTOR('',#3155,1.);
#3155 = DIRECTION('',(0.,-0.87035569594,0.492423560103));
#3156 = ORIENTED_EDGE('',*,*,#3157,.T.);
#3157 = EDGE_CURVE('',#3150,#3158,#3160,.T.);
#3158 = VERTEX_POINT('',#3159);
#3159 = CARTESIAN_POINT('',(163.,191.18871824566,38.156961974804));
#3160 = LINE('',#3161,#3162);
#3161 = CARTESIAN_POINT('',(163.,191.3,38.091412011995));
#3162 = VECTOR('',#3163,1.);
#3163 = DIRECTION('',(0.,-0.861629160442,0.507538362961));
#3164 = ORIENTED_EDGE('',*,*,#3165,.T.);
#3165 = EDGE_CURVE('',#3158,#3166,#3168,.T.);
#3166 = VERTEX_POINT('',#3167);
#3167 = CARTESIAN_POINT('',(163.,191.07859744467,38.224444088442));
#3168 = LINE('',#3169,#3170);
#3169 = CARTESIAN_POINT('',(163.,191.18871824566,38.156961974804));
#3170 = VECTOR('',#3171,1.);
#3171 = DIRECTION('',(0.,-0.852640164354,0.522498564716));
#3172 = ORIENTED_EDGE('',*,*,#3173,.T.);
#3173 = EDGE_CURVE('',#3166,#3174,#3176,.T.);
#3174 = VERTEX_POINT('',#3175);
#3175 = CARTESIAN_POINT('',(163.,190.96967114088,38.293837797204));
#3176 = LINE('',#3177,#3178);
#3177 = CARTESIAN_POINT('',(163.,191.07859744467,38.224444088442));
#3178 = VECTOR('',#3179,1.);
#3179 = DIRECTION('',(0.,-0.843391445813,0.537299608347));
#3180 = ORIENTED_EDGE('',*,*,#3181,.T.);
#3181 = EDGE_CURVE('',#3174,#3182,#3184,.T.);
#3182 = VERTEX_POINT('',#3183);
#3183 = CARTESIAN_POINT('',(163.,190.86197251431,38.365121963093));
#3184 = LINE('',#3185,#3186);
#3185 = CARTESIAN_POINT('',(163.,190.96967114088,38.293837797204));
#3186 = VECTOR('',#3187,1.);
#3187 = DIRECTION('',(0.,-0.833885822067,0.551936985312));
#3188 = ORIENTED_EDGE('',*,*,#3189,.T.);
#3189 = EDGE_CURVE('',#3182,#3190,#3192,.T.);
#3190 = VERTEX_POINT('',#3191);
#3191 = CARTESIAN_POINT('',(163.,190.755534371,38.438274872261));
#3192 = LINE('',#3193,#3194);
#3193 = CARTESIAN_POINT('',(163.,190.86197251431,38.365121963093));
#3194 = VECTOR('',#3195,1.);
#3195 = DIRECTION('',(0.,-0.824126188622,0.566406236925));
#3196 = ORIENTED_EDGE('',*,*,#3197,.T.);
#3197 = EDGE_CURVE('',#3190,#3198,#3200,.T.);
#3198 = VERTEX_POINT('',#3199);
#3199 = CARTESIAN_POINT('',(163.,190.65038913303,38.513274241625));
#3200 = LINE('',#3201,#3202);
#3201 = CARTESIAN_POINT('',(163.,190.755534371,38.438274872261));
#3202 = VECTOR('',#3203,1.);
#3203 = DIRECTION('',(0.,-0.814115518356,0.580702955711));
#3204 = ORIENTED_EDGE('',*,*,#3205,.T.);
#3205 = EDGE_CURVE('',#3198,#3206,#3208,.T.);
#3206 = VERTEX_POINT('',#3207);
#3207 = CARTESIAN_POINT('',(163.,190.54656882867,38.59009722565));
#3208 = LINE('',#3209,#3210);
#3209 = CARTESIAN_POINT('',(163.,190.65038913303,38.513274241625));
#3210 = VECTOR('',#3211,1.);
#3211 = DIRECTION('',(0.,-0.803856860617,0.594822786751));
#3212 = ORIENTED_EDGE('',*,*,#3213,.T.);
#3213 = EDGE_CURVE('',#3206,#3214,#3216,.T.);
#3214 = VERTEX_POINT('',#3215);
#3215 = CARTESIAN_POINT('',(163.,190.44410508259,38.66872042331));
#3216 = LINE('',#3217,#3218);
#3217 = CARTESIAN_POINT('',(163.,190.54656882867,38.59009722565));
#3218 = VECTOR('',#3219,1.);
#3219 = DIRECTION('',(0.,-0.793353340291,0.608761429009));
#3220 = ORIENTED_EDGE('',*,*,#3221,.T.);
#3221 = EDGE_CURVE('',#3214,#3222,#3224,.T.);
#3222 = VERTEX_POINT('',#3223);
#3223 = CARTESIAN_POINT('',(163.,190.34302910623,38.749119885218));
#3224 = LINE('',#3225,#3226);
#3225 = CARTESIAN_POINT('',(163.,190.44410508259,38.66872042331));
#3226 = VECTOR('',#3227,1.);
#3227 = DIRECTION('',(0.,-0.782608156852,0.622514636638));
#3228 = ORIENTED_EDGE('',*,*,#3229,.T.);
#3229 = EDGE_CURVE('',#3222,#3230,#3232,.T.);
#3230 = VERTEX_POINT('',#3231);
#3231 = CARTESIAN_POINT('',(163.,190.24337168832,38.83127112092));
#3232 = LINE('',#3233,#3234);
#3233 = CARTESIAN_POINT('',(163.,190.34302910623,38.749119885218));
#3234 = VECTOR('',#3235,1.);
#3235 = DIRECTION('',(0.,-0.771624583388,0.636078220278));
#3236 = ORIENTED_EDGE('',*,*,#3237,.T.);
#3237 = EDGE_CURVE('',#3230,#3238,#3240,.T.);
#3238 = VERTEX_POINT('',#3239);
#3239 = CARTESIAN_POINT('',(163.,190.14516318547,38.915149106351));
#3240 = LINE('',#3241,#3242);
#3241 = CARTESIAN_POINT('',(163.,190.24337168832,38.83127112092));
#3242 = VECTOR('',#3243,1.);
#3243 = DIRECTION('',(0.,-0.7604059656,0.64944804833));
#3244 = ORIENTED_EDGE('',*,*,#3245,.T.);
#3245 = EDGE_CURVE('',#3238,#3246,#3248,.T.);
#3246 = VERTEX_POINT('',#3247);
#3247 = CARTESIAN_POINT('',(163.,190.04843351294,39.000728291467));
#3248 = LINE('',#3249,#3250);
#3249 = CARTESIAN_POINT('',(163.,190.14516318547,38.915149106351));
#3250 = VECTOR('',#3251,1.);
#3251 = DIRECTION('',(0.,-0.748955720789,0.662620048216));
#3252 = ORIENTED_EDGE('',*,*,#3253,.T.);
#3253 = EDGE_CURVE('',#3246,#3254,#3256,.T.);
#3254 = VERTEX_POINT('',#3255);
#3255 = CARTESIAN_POINT('',(163.,189.95321213553,39.087982608018));
#3256 = LINE('',#3257,#3258);
#3257 = CARTESIAN_POINT('',(163.,190.04843351294,39.000728291467));
#3258 = VECTOR('',#3259,1.);
#3259 = DIRECTION('',(0.,-0.73727733681,0.675590207616));
#3260 = ORIENTED_EDGE('',*,*,#3261,.T.);
#3261 = EDGE_CURVE('',#3254,#3262,#3264,.T.);
#3262 = VERTEX_POINT('',#3263);
#3263 = CARTESIAN_POINT('',(163.,189.8595280586,39.176885477494));
#3264 = LINE('',#3265,#3266);
#3265 = CARTESIAN_POINT('',(163.,189.95321213553,39.087982608018));
#3266 = VECTOR('',#3267,1.);
#3267 = DIRECTION('',(0.,-0.725374371012,0.688354575694));
#3268 = ORIENTED_EDGE('',*,*,#3269,.T.);
#3269 = EDGE_CURVE('',#3262,#3012,#3270,.T.);
#3270 = LINE('',#3271,#3272);
#3271 = CARTESIAN_POINT('',(163.,189.8595280586,39.176885477494));
#3272 = VECTOR('',#3273,1.);
#3273 = DIRECTION('',(0.,-0.713250449154,0.7009092643));
#3274 = PLANE('',#3275);
#3275 = AXIS2_PLACEMENT_3D('',#3276,#3277,#3278);
#3276 = CARTESIAN_POINT('',(163.,189.88388074643,36.469301396868));
#3277 = DIRECTION('',(1.,0.,0.));
#3278 = DIRECTION('',(0.,0.,1.));
#3279 = ADVANCED_FACE('',(#3280),#3298,.F.);
#3280 = FACE_BOUND('',#3281,.F.);
#3281 = EDGE_LOOP('',(#3282,#3290,#3291,#3292));
#3282 = ORIENTED_EDGE('',*,*,#3283,.F.);
#3283 = EDGE_CURVE('',#930,#3284,#3286,.T.);
#3284 = VERTEX_POINT('',#3285);
#3285 = CARTESIAN_POINT('',(153.,190.13988998998,34.077460449079));
#3286 = LINE('',#3287,#3288);
#3287 = CARTESIAN_POINT('',(153.,189.95873181192,34.16386846756));
#3288 = VECTOR('',#3289,1.);
#3289 = DIRECTION('',(0.,0.90258528435,-0.430511096808));
#3290 = ORIENTED_EDGE('',*,*,#937,.T.);
#3291 = ORIENTED_EDGE('',*,*,#3021,.T.);
#3292 = ORIENTED_EDGE('',*,*,#3293,.F.);
#3293 = EDGE_CURVE('',#3284,#3022,#3294,.T.);
#3294 = LINE('',#3295,#3296);
#3295 = CARTESIAN_POINT('',(153.,190.13988998998,34.077460449079));
#3296 = VECTOR('',#3297,1.);
#3297 = DIRECTION('',(1.,0.,0.));
#3298 = PLANE('',#3299);
#3299 = AXIS2_PLACEMENT_3D('',#3300,#3301,#3302);
#3300 = CARTESIAN_POINT('',(153.,189.95873181192,34.16386846756));
#3301 = DIRECTION('',(0.,0.430511096808,0.90258528435));
#3302 = DIRECTION('',(0.,0.90258528435,-0.430511096808));
#3303 = ADVANCED_FACE('',(#3304),#3563,.F.);
#3304 = FACE_BOUND('',#3305,.F.);
#3305 = EDGE_LOOP('',(#3306,#3314,#3315,#3316,#3317,#3325,#3333,#3341,
    #3349,#3357,#3365,#3373,#3381,#3389,#3397,#3405,#3413,#3421,#3429,
    #3437,#3445,#3453,#3461,#3469,#3477,#3485,#3493,#3501,#3509,#3517,
    #3525,#3533,#3541,#3549,#3557));
#3306 = ORIENTED_EDGE('',*,*,#3307,.T.);
#3307 = EDGE_CURVE('',#3308,#2987,#3310,.T.);
#3308 = VERTEX_POINT('',#3309);
#3309 = CARTESIAN_POINT('',(153.,189.76740981922,39.26740981922));
#3310 = LINE('',#3311,#3312);
#3311 = CARTESIAN_POINT('',(153.,189.76740981922,39.26740981922));
#3312 = VECTOR('',#3313,1.);
#3313 = DIRECTION('',(0.,-0.707106781187,-0.707106781187));
#3314 = ORIENTED_EDGE('',*,*,#2994,.T.);
#3315 = ORIENTED_EDGE('',*,*,#929,.T.);
#3316 = ORIENTED_EDGE('',*,*,#3283,.T.);
#3317 = ORIENTED_EDGE('',*,*,#3318,.T.);
#3318 = EDGE_CURVE('',#3284,#3319,#3321,.T.);
#3319 = VERTEX_POINT('',#3320);
#3320 = CARTESIAN_POINT('',(153.,190.32252860462,33.99422723711));
#3321 = LINE('',#3322,#3323);
#3322 = CARTESIAN_POINT('',(153.,190.13988998998,34.077460449079));
#3323 = VECTOR('',#3324,1.);
#3324 = DIRECTION('',(0.,0.909961270877,-0.414693242656));
#3325 = ORIENTED_EDGE('',*,*,#3326,.T.);
#3326 = EDGE_CURVE('',#3319,#3327,#3329,.T.);
#3327 = VERTEX_POINT('',#3328);
#3328 = CARTESIAN_POINT('',(153.,190.50659202237,33.914194185297));
#3329 = LINE('',#3330,#3331);
#3330 = CARTESIAN_POINT('',(153.,190.32252860462,33.99422723711));
#3331 = VECTOR('',#3332,1.);
#3332 = DIRECTION('',(0.,0.917060074385,-0.398749068925));
#3333 = ORIENTED_EDGE('',*,*,#3334,.T.);
#3334 = EDGE_CURVE('',#3327,#3335,#3337,.T.);
#3335 = VERTEX_POINT('',#3336);
#3336 = CARTESIAN_POINT('',(153.,190.69202417571,33.837385672482));
#3337 = LINE('',#3338,#3339);
#3338 = CARTESIAN_POINT('',(153.,190.50659202237,33.914194185297));
#3339 = VECTOR('',#3340,1.);
#3340 = DIRECTION('',(0.,0.923879532511,-0.382683432365));
#3341 = ORIENTED_EDGE('',*,*,#3342,.T.);
#3342 = EDGE_CURVE('',#3335,#3343,#3345,.T.);
#3343 = VERTEX_POINT('',#3344);
#3344 = CARTESIAN_POINT('',(153.,190.87876858022,33.763825095282));
#3345 = LINE('',#3346,#3347);
#3346 = CARTESIAN_POINT('',(153.,190.69202417571,33.837385672482));
#3347 = VECTOR('',#3348,1.);
#3348 = DIRECTION('',(0.,0.930417567982,-0.366501226724));
#3349 = ORIENTED_EDGE('',*,*,#3350,.T.);
#3350 = EDGE_CURVE('',#3343,#3351,#3353,.T.);
#3351 = VERTEX_POINT('',#3352);
#3352 = CARTESIAN_POINT('',(153.,191.06676835175,33.693534860962));
#3353 = LINE('',#3354,#3355);
#3354 = CARTESIAN_POINT('',(153.,190.87876858022,33.763825095282));
#3355 = VECTOR('',#3356,1.);
#3356 = DIRECTION('',(0.,0.936672189248,-0.350207381259));
#3357 = ORIENTED_EDGE('',*,*,#3358,.T.);
#3358 = EDGE_CURVE('',#3351,#3359,#3361,.T.);
#3359 = VERTEX_POINT('',#3360);
#3360 = CARTESIAN_POINT('',(153.,192.46905093939,37.546274606184));
#3361 = LINE('',#3362,#3363);
#3362 = CARTESIAN_POINT('',(153.,191.06676835175,33.693534860962));
#3363 = VECTOR('',#3364,1.);
#3364 = DIRECTION('',(0.,0.342020143326,0.939692620786));
#3365 = ORIENTED_EDGE('',*,*,#3366,.T.);
#3366 = EDGE_CURVE('',#3359,#3367,#3369,.T.);
#3367 = VERTEX_POINT('',#3368);
#3368 = CARTESIAN_POINT('',(153.,192.34807717336,37.591504843921));
#3369 = LINE('',#3370,#3371);
#3370 = CARTESIAN_POINT('',(153.,192.46905093939,37.546274606184));
#3371 = VECTOR('',#3372,1.);
#3372 = DIRECTION('',(0.,-0.936672189248,0.350207381259));
#3373 = ORIENTED_EDGE('',*,*,#3374,.T.);
#3374 = EDGE_CURVE('',#3367,#3375,#3377,.T.);
#3375 = VERTEX_POINT('',#3376);
#3376 = CARTESIAN_POINT('',(153.,192.22791120872,37.638839476206));
#3377 = LINE('',#3378,#3379);
#3378 = CARTESIAN_POINT('',(153.,192.34807717336,37.591504843921));
#3379 = VECTOR('',#3380,1.);
#3380 = DIRECTION('',(0.,-0.930417567982,0.366501226724));
#3381 = ORIENTED_EDGE('',*,*,#3382,.T.);
#3382 = EDGE_CURVE('',#3375,#3383,#3385,.T.);
#3383 = VERTEX_POINT('',#3384);
#3384 = CARTESIAN_POINT('',(153.,192.10858964917,37.688264084452));
#3385 = LINE('',#3386,#3387);
#3386 = CARTESIAN_POINT('',(153.,192.22791120872,37.638839476206));
#3387 = VECTOR('',#3388,1.);
#3388 = DIRECTION('',(0.,-0.923879532511,0.382683432365));
#3389 = ORIENTED_EDGE('',*,*,#3390,.T.);
#3390 = EDGE_CURVE('',#3383,#3391,#3393,.T.);
#3391 = VERTEX_POINT('',#3392);
#3392 = CARTESIAN_POINT('',(153.,191.99014884123,37.739763613445));
#3393 = LINE('',#3394,#3395);
#3394 = CARTESIAN_POINT('',(153.,192.10858964917,37.688264084452));
#3395 = VECTOR('',#3396,1.);
#3396 = DIRECTION('',(0.,-0.917060074385,0.398749068925));
#3397 = ORIENTED_EDGE('',*,*,#3398,.T.);
#3398 = EDGE_CURVE('',#3391,#3399,#3401,.T.);
#3399 = VERTEX_POINT('',#3400);
#3400 = CARTESIAN_POINT('',(153.,191.87262486311,37.793322375929));
#3401 = LINE('',#3402,#3403);
#3402 = CARTESIAN_POINT('',(153.,191.99014884123,37.739763613445));
#3403 = VECTOR('',#3404,1.);
#3404 = DIRECTION('',(0.,-0.909961270877,0.414693242656));
#3405 = ORIENTED_EDGE('',*,*,#3406,.T.);
#3406 = EDGE_CURVE('',#3399,#3407,#3409,.T.);
#3407 = VERTEX_POINT('',#3408);
#3408 = CARTESIAN_POINT('',(153.,191.75605351376,37.848924057386));
#3409 = LINE('',#3410,#3411);
#3410 = CARTESIAN_POINT('',(153.,191.87262486311,37.793322375929));
#3411 = VECTOR('',#3412,1.);
#3412 = DIRECTION('',(0.,-0.90258528435,0.430511096808));
#3413 = ORIENTED_EDGE('',*,*,#3414,.T.);
#3414 = EDGE_CURVE('',#3407,#3415,#3417,.T.);
#3415 = VERTEX_POINT('',#3416);
#3416 = CARTESIAN_POINT('',(153.,191.64047030192,37.906551721006));
#3417 = LINE('',#3418,#3419);
#3418 = CARTESIAN_POINT('',(153.,191.75605351376,37.848924057386));
#3419 = VECTOR('',#3420,1.);
#3420 = DIRECTION('',(0.,-0.894934361602,0.44619781311));
#3421 = ORIENTED_EDGE('',*,*,#3422,.T.);
#3422 = EDGE_CURVE('',#3415,#3423,#3425,.T.);
#3423 = VERTEX_POINT('',#3424);
#3424 = CARTESIAN_POINT('',(153.,191.52591043538,37.966187812844));
#3425 = LINE('',#3426,#3427);
#3426 = CARTESIAN_POINT('',(153.,191.64047030192,37.906551721006));
#3427 = VECTOR('',#3428,1.);
#3428 = DIRECTION('',(0.,-0.887010833178,0.461748613235));
#3429 = ORIENTED_EDGE('',*,*,#3430,.T.);
#3430 = EDGE_CURVE('',#3423,#3431,#3433,.T.);
#3431 = VERTEX_POINT('',#3432);
#3432 = CARTESIAN_POINT('',(153.,191.41240881017,38.027814167168));
#3433 = LINE('',#3434,#3435);
#3434 = CARTESIAN_POINT('',(153.,191.52591043538,37.966187812844));
#3435 = VECTOR('',#3436,1.);
#3436 = DIRECTION('',(0.,-0.878817112662,0.47715876026));
#3437 = ORIENTED_EDGE('',*,*,#3438,.T.);
#3438 = EDGE_CURVE('',#3431,#3439,#3441,.T.);
#3439 = VERTEX_POINT('',#3440);
#3440 = CARTESIAN_POINT('',(153.,191.3,38.091412011995));
#3441 = LINE('',#3442,#3443);
#3442 = CARTESIAN_POINT('',(153.,191.41240881017,38.027814167168));
#3443 = VECTOR('',#3444,1.);
#3444 = DIRECTION('',(0.,-0.87035569594,0.492423560103));
#3445 = ORIENTED_EDGE('',*,*,#3446,.T.);
#3446 = EDGE_CURVE('',#3439,#3447,#3449,.T.);
#3447 = VERTEX_POINT('',#3448);
#3448 = CARTESIAN_POINT('',(153.,191.18871824566,38.156961974804));
#3449 = LINE('',#3450,#3451);
#3450 = CARTESIAN_POINT('',(153.,191.3,38.091412011995));
#3451 = VECTOR('',#3452,1.);
#3452 = DIRECTION('',(0.,-0.861629160442,0.507538362961));
#3453 = ORIENTED_EDGE('',*,*,#3454,.T.);
#3454 = EDGE_CURVE('',#3447,#3455,#3457,.T.);
#3455 = VERTEX_POINT('',#3456);
#3456 = CARTESIAN_POINT('',(153.,191.07859744467,38.224444088442));
#3457 = LINE('',#3458,#3459);
#3458 = CARTESIAN_POINT('',(153.,191.18871824566,38.156961974804));
#3459 = VECTOR('',#3460,1.);
#3460 = DIRECTION('',(0.,-0.852640164354,0.522498564716));
#3461 = ORIENTED_EDGE('',*,*,#3462,.T.);
#3462 = EDGE_CURVE('',#3455,#3463,#3465,.T.);
#3463 = VERTEX_POINT('',#3464);
#3464 = CARTESIAN_POINT('',(153.,190.96967114088,38.293837797204));
#3465 = LINE('',#3466,#3467);
#3466 = CARTESIAN_POINT('',(153.,191.07859744467,38.224444088442));
#3467 = VECTOR('',#3468,1.);
#3468 = DIRECTION('',(0.,-0.843391445813,0.537299608347));
#3469 = ORIENTED_EDGE('',*,*,#3470,.T.);
#3470 = EDGE_CURVE('',#3463,#3471,#3473,.T.);
#3471 = VERTEX_POINT('',#3472);
#3472 = CARTESIAN_POINT('',(153.,190.86197251431,38.365121963093));
#3473 = LINE('',#3474,#3475);
#3474 = CARTESIAN_POINT('',(153.,190.96967114088,38.293837797204));
#3475 = VECTOR('',#3476,1.);
#3476 = DIRECTION('',(0.,-0.833885822067,0.551936985312));
#3477 = ORIENTED_EDGE('',*,*,#3478,.T.);
#3478 = EDGE_CURVE('',#3471,#3479,#3481,.T.);
#3479 = VERTEX_POINT('',#3480);
#3480 = CARTESIAN_POINT('',(153.,190.755534371,38.438274872261));
#3481 = LINE('',#3482,#3483);
#3482 = CARTESIAN_POINT('',(153.,190.86197251431,38.365121963093));
#3483 = VECTOR('',#3484,1.);
#3484 = DIRECTION('',(0.,-0.824126188622,0.566406236925));
#3485 = ORIENTED_EDGE('',*,*,#3486,.T.);
#3486 = EDGE_CURVE('',#3479,#3487,#3489,.T.);
#3487 = VERTEX_POINT('',#3488);
#3488 = CARTESIAN_POINT('',(153.,190.65038913303,38.513274241625));
#3489 = LINE('',#3490,#3491);
#3490 = CARTESIAN_POINT('',(153.,190.755534371,38.438274872261));
#3491 = VECTOR('',#3492,1.);
#3492 = DIRECTION('',(0.,-0.814115518356,0.580702955711));
#3493 = ORIENTED_EDGE('',*,*,#3494,.T.);
#3494 = EDGE_CURVE('',#3487,#3495,#3497,.T.);
#3495 = VERTEX_POINT('',#3496);
#3496 = CARTESIAN_POINT('',(153.,190.54656882867,38.59009722565));
#3497 = LINE('',#3498,#3499);
#3498 = CARTESIAN_POINT('',(153.,190.65038913303,38.513274241625));
#3499 = VECTOR('',#3500,1.);
#3500 = DIRECTION('',(0.,-0.803856860617,0.594822786751));
#3501 = ORIENTED_EDGE('',*,*,#3502,.T.);
#3502 = EDGE_CURVE('',#3495,#3503,#3505,.T.);
#3503 = VERTEX_POINT('',#3504);
#3504 = CARTESIAN_POINT('',(153.,190.44410508259,38.66872042331));
#3505 = LINE('',#3506,#3507);
#3506 = CARTESIAN_POINT('',(153.,190.54656882867,38.59009722565));
#3507 = VECTOR('',#3508,1.);
#3508 = DIRECTION('',(0.,-0.793353340291,0.608761429009));
#3509 = ORIENTED_EDGE('',*,*,#3510,.T.);
#3510 = EDGE_CURVE('',#3503,#3511,#3513,.T.);
#3511 = VERTEX_POINT('',#3512);
#3512 = CARTESIAN_POINT('',(153.,190.34302910623,38.749119885218));
#3513 = LINE('',#3514,#3515);
#3514 = CARTESIAN_POINT('',(153.,190.44410508259,38.66872042331));
#3515 = VECTOR('',#3516,1.);
#3516 = DIRECTION('',(0.,-0.782608156852,0.622514636638));
#3517 = ORIENTED_EDGE('',*,*,#3518,.T.);
#3518 = EDGE_CURVE('',#3511,#3519,#3521,.T.);
#3519 = VERTEX_POINT('',#3520);
#3520 = CARTESIAN_POINT('',(153.,190.24337168832,38.83127112092));
#3521 = LINE('',#3522,#3523);
#3522 = CARTESIAN_POINT('',(153.,190.34302910623,38.749119885218));
#3523 = VECTOR('',#3524,1.);
#3524 = DIRECTION('',(0.,-0.771624583388,0.636078220278));
#3525 = ORIENTED_EDGE('',*,*,#3526,.T.);
#3526 = EDGE_CURVE('',#3519,#3527,#3529,.T.);
#3527 = VERTEX_POINT('',#3528);
#3528 = CARTESIAN_POINT('',(153.,190.14516318547,38.915149106351));
#3529 = LINE('',#3530,#3531);
#3530 = CARTESIAN_POINT('',(153.,190.24337168832,38.83127112092));
#3531 = VECTOR('',#3532,1.);
#3532 = DIRECTION('',(0.,-0.7604059656,0.64944804833));
#3533 = ORIENTED_EDGE('',*,*,#3534,.T.);
#3534 = EDGE_CURVE('',#3527,#3535,#3537,.T.);
#3535 = VERTEX_POINT('',#3536);
#3536 = CARTESIAN_POINT('',(153.,190.04843351294,39.000728291467));
#3537 = LINE('',#3538,#3539);
#3538 = CARTESIAN_POINT('',(153.,190.14516318547,38.915149106351));
#3539 = VECTOR('',#3540,1.);
#3540 = DIRECTION('',(0.,-0.748955720789,0.662620048216));
#3541 = ORIENTED_EDGE('',*,*,#3542,.T.);
#3542 = EDGE_CURVE('',#3535,#3543,#3545,.T.);
#3543 = VERTEX_POINT('',#3544);
#3544 = CARTESIAN_POINT('',(153.,189.95321213553,39.087982608018));
#3545 = LINE('',#3546,#3547);
#3546 = CARTESIAN_POINT('',(153.,190.04843351294,39.000728291467));
#3547 = VECTOR('',#3548,1.);
#3548 = DIRECTION('',(0.,-0.73727733681,0.675590207616));
#3549 = ORIENTED_EDGE('',*,*,#3550,.T.);
#3550 = EDGE_CURVE('',#3543,#3551,#3553,.T.);
#3551 = VERTEX_POINT('',#3552);
#3552 = CARTESIAN_POINT('',(153.,189.8595280586,39.176885477494));
#3553 = LINE('',#3554,#3555);
#3554 = CARTESIAN_POINT('',(153.,189.95321213553,39.087982608018));
#3555 = VECTOR('',#3556,1.);
#3556 = DIRECTION('',(0.,-0.725374371012,0.688354575694));
#3557 = ORIENTED_EDGE('',*,*,#3558,.T.);
#3558 = EDGE_CURVE('',#3551,#3308,#3559,.T.);
#3559 = LINE('',#3560,#3561);
#3560 = CARTESIAN_POINT('',(153.,189.8595280586,39.176885477494));
#3561 = VECTOR('',#3562,1.);
#3562 = DIRECTION('',(0.,-0.713250449154,0.7009092643));
#3563 = PLANE('',#3564);
#3564 = AXIS2_PLACEMENT_3D('',#3565,#3566,#3567);
#3565 = CARTESIAN_POINT('',(153.,189.88388074643,36.469301396868));
#3566 = DIRECTION('',(1.,0.,0.));
#3567 = DIRECTION('',(0.,0.,1.));
#3568 = ADVANCED_FACE('',(#3569),#3585,.F.);
#3569 = FACE_BOUND('',#3570,.F.);
#3570 = EDGE_LOOP('',(#3571,#3577,#3578,#3584));
#3571 = ORIENTED_EDGE('',*,*,#3572,.F.);
#3572 = EDGE_CURVE('',#1625,#1137,#3573,.T.);
#3573 = LINE('',#3574,#3575);
#3574 = CARTESIAN_POINT('',(55.,186.,27.));
#3575 = VECTOR('',#3576,1.);
#3576 = DIRECTION('',(0.,1.,0.));
#3577 = ORIENTED_EDGE('',*,*,#1624,.T.);
#3578 = ORIENTED_EDGE('',*,*,#3579,.T.);
#3579 = EDGE_CURVE('',#1627,#1139,#3580,.T.);
#3580 = LINE('',#3581,#3582);
#3581 = CARTESIAN_POINT('',(109.,186.,27.));
#3582 = VECTOR('',#3583,1.);
#3583 = DIRECTION('',(0.,1.,0.));
#3584 = ORIENTED_EDGE('',*,*,#1136,.F.);
#3585 = PLANE('',#3586);
#3586 = AXIS2_PLACEMENT_3D('',#3587,#3588,#3589);
#3587 = CARTESIAN_POINT('',(55.,186.,27.));
#3588 = DIRECTION('',(0.,0.,1.));
#3589 = DIRECTION('',(1.,0.,0.));
#3590 = ADVANCED_FACE('',(#3591),#3602,.T.);
#3591 = FACE_BOUND('',#3592,.T.);
#3592 = EDGE_LOOP('',(#3593,#3594,#3595,#3601));
#3593 = ORIENTED_EDGE('',*,*,#3572,.F.);
#3594 = ORIENTED_EDGE('',*,*,#1634,.T.);
#3595 = ORIENTED_EDGE('',*,*,#3596,.T.);
#3596 = EDGE_CURVE('',#1635,#1147,#3597,.T.);
#3597 = LINE('',#3598,#3599);
#3598 = CARTESIAN_POINT('',(55.,186.,5.));
#3599 = VECTOR('',#3600,1.);
#3600 = DIRECTION('',(0.,1.,0.));
#3601 = ORIENTED_EDGE('',*,*,#1146,.F.);
#3602 = PLANE('',#3603);
#3603 = AXIS2_PLACEMENT_3D('',#3604,#3605,#3606);
#3604 = CARTESIAN_POINT('',(55.,186.,5.));
#3605 = DIRECTION('',(1.,0.,0.));
#3606 = DIRECTION('',(0.,0.,1.));
#3607 = ADVANCED_FACE('',(#3608),#3619,.F.);
#3608 = FACE_BOUND('',#3609,.F.);
#3609 = EDGE_LOOP('',(#3610,#3611,#3612,#3618));
#3610 = ORIENTED_EDGE('',*,*,#3579,.F.);
#3611 = ORIENTED_EDGE('',*,*,#1650,.T.);
#3612 = ORIENTED_EDGE('',*,*,#3613,.T.);
#3613 = EDGE_CURVE('',#1643,#1155,#3614,.T.);
#3614 = LINE('',#3615,#3616);
#3615 = CARTESIAN_POINT('',(109.,186.,5.));
#3616 = VECTOR('',#3617,1.);
#3617 = DIRECTION('',(0.,1.,0.));
#3618 = ORIENTED_EDGE('',*,*,#1162,.F.);
#3619 = PLANE('',#3620);
#3620 = AXIS2_PLACEMENT_3D('',#3621,#3622,#3623);
#3621 = CARTESIAN_POINT('',(109.,186.,5.));
#3622 = DIRECTION('',(1.,0.,0.));
#3623 = DIRECTION('',(0.,0.,1.));
#3624 = ADVANCED_FACE('',(#3625),#3631,.T.);
#3625 = FACE_BOUND('',#3626,.T.);
#3626 = EDGE_LOOP('',(#3627,#3628,#3629,#3630));
#3627 = ORIENTED_EDGE('',*,*,#3596,.F.);
#3628 = ORIENTED_EDGE('',*,*,#1642,.T.);
#3629 = ORIENTED_EDGE('',*,*,#3613,.T.);
#3630 = ORIENTED_EDGE('',*,*,#1154,.F.);
#3631 = PLANE('',#3632);
#3632 = AXIS2_PLACEMENT_3D('',#3633,#3634,#3635);
#3633 = CARTESIAN_POINT('',(55.,186.,5.));
#3634 = DIRECTION('',(0.,0.,1.));
#3635 = DIRECTION('',(1.,0.,0.));
#3636 = ADVANCED_FACE('',(#3637),#3681,.F.);
#3637 = FACE_BOUND('',#3638,.F.);
#3638 = EDGE_LOOP('',(#3639,#3648,#3656,#3665,#3671,#3672,#3673,#3680));
#3639 = ORIENTED_EDGE('',*,*,#3640,.T.);
#3640 = EDGE_CURVE('',#3641,#3641,#3643,.T.);
#3641 = VERTEX_POINT('',#3642);
#3642 = CARTESIAN_POINT('',(12.1,182.,0.));
#3643 = CIRCLE('',#3644,4.1);
#3644 = AXIS2_PLACEMENT_3D('',#3645,#3646,#3647);
#3645 = CARTESIAN_POINT('',(8.,182.,0.));
#3646 = DIRECTION('',(0.,0.,1.));
#3647 = DIRECTION('',(1.,0.,0.));
#3648 = ORIENTED_EDGE('',*,*,#3649,.T.);
#3649 = EDGE_CURVE('',#3641,#3650,#3652,.T.);
#3650 = VERTEX_POINT('',#3651);
#3651 = CARTESIAN_POINT('',(12.1,182.,30.5));
#3652 = LINE('',#3653,#3654);
#3653 = CARTESIAN_POINT('',(12.1,182.,-1.));
#3654 = VECTOR('',#3655,1.);
#3655 = DIRECTION('',(0.,0.,1.));
#3656 = ORIENTED_EDGE('',*,*,#3657,.F.);
#3657 = EDGE_CURVE('',#3658,#3650,#3660,.T.);
#3658 = VERTEX_POINT('',#3659);
#3659 = CARTESIAN_POINT('',(4.,181.1,30.5));
#3660 = CIRCLE('',#3661,4.1);
#3661 = AXIS2_PLACEMENT_3D('',#3662,#3663,#3664);
#3662 = CARTESIAN_POINT('',(8.,182.,30.5));
#3663 = DIRECTION('',(0.,0.,1.));
#3664 = DIRECTION('',(1.,0.,0.));
#3665 = ORIENTED_EDGE('',*,*,#3666,.F.);
#3666 = EDGE_CURVE('',#1228,#3658,#3667,.T.);
#3667 = LINE('',#3668,#3669);
#3668 = CARTESIAN_POINT('',(4.,181.1,-1.));
#3669 = VECTOR('',#3670,1.);
#3670 = DIRECTION('',(0.,0.,1.));
#3671 = ORIENTED_EDGE('',*,*,#1235,.F.);
#3672 = ORIENTED_EDGE('',*,*,#1276,.T.);
#3673 = ORIENTED_EDGE('',*,*,#3674,.F.);
#3674 = EDGE_CURVE('',#3650,#1269,#3675,.T.);
#3675 = CIRCLE('',#3676,4.1);
#3676 = AXIS2_PLACEMENT_3D('',#3677,#3678,#3679);
#3677 = CARTESIAN_POINT('',(8.,182.,30.5));
#3678 = DIRECTION('',(0.,0.,1.));
#3679 = DIRECTION('',(1.,0.,0.));
#3680 = ORIENTED_EDGE('',*,*,#3649,.F.);
#3681 = CYLINDRICAL_SURFACE('',#3682,4.1);
#3682 = AXIS2_PLACEMENT_3D('',#3683,#3684,#3685);
#3683 = CARTESIAN_POINT('',(8.,182.,-1.));
#3684 = DIRECTION('',(0.,0.,1.));
#3685 = DIRECTION('',(1.,0.,0.));
#3686 = ADVANCED_FACE('',(#3687),#3705,.F.);
#3687 = FACE_BOUND('',#3688,.F.);
#3688 = EDGE_LOOP('',(#3689,#3690,#3696,#3697,#3698,#3704));
#3689 = ORIENTED_EDGE('',*,*,#1334,.F.);
#3690 = ORIENTED_EDGE('',*,*,#3691,.F.);
#3691 = EDGE_CURVE('',#1219,#1326,#3692,.T.);
#3692 = LINE('',#3693,#3694);
#3693 = CARTESIAN_POINT('',(4.,177.527864045,0.));
#3694 = VECTOR('',#3695,1.);
#3695 = DIRECTION('',(0.,0.,1.));
#3696 = ORIENTED_EDGE('',*,*,#1227,.T.);
#3697 = ORIENTED_EDGE('',*,*,#3666,.T.);
#3698 = ORIENTED_EDGE('',*,*,#3699,.T.);
#3699 = EDGE_CURVE('',#3658,#1261,#3700,.T.);
#3700 = LINE('',#3701,#3702);
#3701 = CARTESIAN_POINT('',(4.,152.5,30.5));
#3702 = VECTOR('',#3703,1.);
#3703 = DIRECTION('',(0.,1.,0.));
#3704 = ORIENTED_EDGE('',*,*,#1260,.T.);
#3705 = PLANE('',#3706);
#3706 = AXIS2_PLACEMENT_3D('',#3707,#3708,#3709);
#3707 = CARTESIAN_POINT('',(4.,123.,6.));
#3708 = DIRECTION('',(1.,0.,0.));
#3709 = DIRECTION('',(0.,0.,1.));
#3710 = ADVANCED_FACE('',(#3711),#3727,.T.);
#3711 = FACE_BOUND('',#3712,.T.);
#3712 = EDGE_LOOP('',(#3713,#3719,#3720,#3726));
#3713 = ORIENTED_EDGE('',*,*,#3714,.F.);
#3714 = EDGE_CURVE('',#158,#1202,#3715,.T.);
#3715 = LINE('',#3716,#3717);
#3716 = CARTESIAN_POINT('',(3.,124.31662479035,0.));
#3717 = VECTOR('',#3718,1.);
#3718 = DIRECTION('',(0.,0.,1.));
#3719 = ORIENTED_EDGE('',*,*,#157,.T.);
#3720 = ORIENTED_EDGE('',*,*,#3721,.T.);
#3721 = EDGE_CURVE('',#149,#1211,#3722,.T.);
#3722 = LINE('',#3723,#3724);
#3723 = CARTESIAN_POINT('',(3.,178.68337520964,0.));
#3724 = VECTOR('',#3725,1.);
#3725 = DIRECTION('',(0.,0.,1.));
#3726 = ORIENTED_EDGE('',*,*,#1210,.T.);
#3727 = PLANE('',#3728);
#3728 = AXIS2_PLACEMENT_3D('',#3729,#3730,#3731);
#3729 = CARTESIAN_POINT('',(3.,3.,3.));
#3730 = DIRECTION('',(1.,0.,0.));
#3731 = DIRECTION('',(0.,0.,1.));
#3732 = ADVANCED_FACE('',(#3733),#3744,.F.);
#3733 = FACE_BOUND('',#3734,.F.);
#3734 = EDGE_LOOP('',(#3735,#3736,#3737,#3738));
#3735 = ORIENTED_EDGE('',*,*,#1300,.F.);
#3736 = ORIENTED_EDGE('',*,*,#1351,.F.);
#3737 = ORIENTED_EDGE('',*,*,#1193,.T.);
#3738 = ORIENTED_EDGE('',*,*,#3739,.T.);
#3739 = EDGE_CURVE('',#1194,#1301,#3740,.T.);
#3740 = LINE('',#3741,#3742);
#3741 = CARTESIAN_POINT('',(4.,125.472135955,0.));
#3742 = VECTOR('',#3743,1.);
#3743 = DIRECTION('',(0.,0.,1.));
#3744 = PLANE('',#3745);
#3745 = AXIS2_PLACEMENT_3D('',#3746,#3747,#3748);
#3746 = CARTESIAN_POINT('',(4.,123.,6.));
#3747 = DIRECTION('',(1.,0.,0.));
#3748 = DIRECTION('',(0.,0.,1.));
#3749 = ADVANCED_FACE('',(#3750,#3756),#3767,.F.);
#3750 = FACE_BOUND('',#3751,.F.);
#3751 = EDGE_LOOP('',(#3752,#3753,#3754,#3755));
#3752 = ORIENTED_EDGE('',*,*,#3657,.T.);
#3753 = ORIENTED_EDGE('',*,*,#3674,.T.);
#3754 = ORIENTED_EDGE('',*,*,#1268,.F.);
#3755 = ORIENTED_EDGE('',*,*,#3699,.F.);
#3756 = FACE_BOUND('',#3757,.F.);
#3757 = EDGE_LOOP('',(#3758));
#3758 = ORIENTED_EDGE('',*,*,#3759,.F.);
#3759 = EDGE_CURVE('',#3760,#3760,#3762,.T.);
#3760 = VERTEX_POINT('',#3761);
#3761 = CARTESIAN_POINT('',(9.7,182.,30.5));
#3762 = CIRCLE('',#3763,1.7);
#3763 = AXIS2_PLACEMENT_3D('',#3764,#3765,#3766);
#3764 = CARTESIAN_POINT('',(8.,182.,30.5));
#3765 = DIRECTION('',(0.,0.,1.));
#3766 = DIRECTION('',(1.,0.,0.));
#3767 = PLANE('',#3768);
#3768 = AXIS2_PLACEMENT_3D('',#3769,#3770,#3771);
#3769 = CARTESIAN_POINT('',(8.,182.,30.5));
#3770 = DIRECTION('',(0.,0.,1.));
#3771 = DIRECTION('',(1.,0.,0.));
#3772 = ADVANCED_FACE('',(#3773),#3789,.F.);
#3773 = FACE_BOUND('',#3774,.F.);
#3774 = EDGE_LOOP('',(#3775,#3781,#3782,#3788));
#3775 = ORIENTED_EDGE('',*,*,#3776,.F.);
#3776 = EDGE_CURVE('',#1388,#2792,#3777,.T.);
#3777 = LINE('',#3778,#3779);
#3778 = CARTESIAN_POINT('',(20.,184.,31.));
#3779 = VECTOR('',#3780,1.);
#3780 = DIRECTION('',(1.,0.,0.));
#3781 = ORIENTED_EDGE('',*,*,#1387,.T.);
#3782 = ORIENTED_EDGE('',*,*,#3783,.T.);
#3783 = EDGE_CURVE('',#1390,#2782,#3784,.T.);
#3784 = LINE('',#3785,#3786);
#3785 = CARTESIAN_POINT('',(20.,184.,44.5));
#3786 = VECTOR('',#3787,1.);
#3787 = DIRECTION('',(1.,0.,0.));
#3788 = ORIENTED_EDGE('',*,*,#2791,.F.);
#3789 = PLANE('',#3790);
#3790 = AXIS2_PLACEMENT_3D('',#3791,#3792,#3793);
#3791 = CARTESIAN_POINT('',(20.,184.,31.));
#3792 = DIRECTION('',(0.,1.,0.));
#3793 = DIRECTION('',(0.,0.,1.));
#3794 = ADVANCED_FACE('',(#3795),#3801,.F.);
#3795 = FACE_BOUND('',#3796,.F.);
#3796 = EDGE_LOOP('',(#3797,#3798,#3799,#3800));
#3797 = ORIENTED_EDGE('',*,*,#1454,.F.);
#3798 = ORIENTED_EDGE('',*,*,#3776,.T.);
#3799 = ORIENTED_EDGE('',*,*,#2799,.T.);
#3800 = ORIENTED_EDGE('',*,*,#1496,.F.);
#3801 = PLANE('',#3802);
#3802 = AXIS2_PLACEMENT_3D('',#3803,#3804,#3805);
#3803 = CARTESIAN_POINT('',(20.,184.,31.));
#3804 = DIRECTION('',(0.,0.,1.));
#3805 = DIRECTION('',(1.,0.,0.));
#3806 = ADVANCED_FACE('',(#3807),#3818,.T.);
#3807 = FACE_BOUND('',#3808,.T.);
#3808 = EDGE_LOOP('',(#3809,#3810,#3811,#3812));
#3809 = ORIENTED_EDGE('',*,*,#2816,.F.);
#3810 = ORIENTED_EDGE('',*,*,#2862,.F.);
#3811 = ORIENTED_EDGE('',*,*,#1423,.T.);
#3812 = ORIENTED_EDGE('',*,*,#3813,.T.);
#3813 = EDGE_CURVE('',#1415,#2817,#3814,.T.);
#3814 = LINE('',#3815,#3816);
#3815 = CARTESIAN_POINT('',(20.,195.,37.5));
#3816 = VECTOR('',#3817,1.);
#3817 = DIRECTION('',(1.,0.,0.));
#3818 = PLANE('',#3819);
#3819 = AXIS2_PLACEMENT_3D('',#3820,#3821,#3822);
#3820 = CARTESIAN_POINT('',(20.,195.,31.));
#3821 = DIRECTION('',(0.,1.,0.));
#3822 = DIRECTION('',(0.,0.,1.));
#3823 = ADVANCED_FACE('',(#3824),#3837,.T.);
#3824 = FACE_BOUND('',#3825,.T.);
#3825 = EDGE_LOOP('',(#3826,#3827,#3828,#3829,#3830,#3836));
#3826 = ORIENTED_EDGE('',*,*,#2824,.F.);
#3827 = ORIENTED_EDGE('',*,*,#3813,.F.);
#3828 = ORIENTED_EDGE('',*,*,#1414,.T.);
#3829 = ORIENTED_EDGE('',*,*,#1405,.T.);
#3830 = ORIENTED_EDGE('',*,*,#3831,.T.);
#3831 = EDGE_CURVE('',#1398,#2784,#3832,.T.);
#3832 = LINE('',#3833,#3834);
#3833 = CARTESIAN_POINT('',(20.,188.,44.5));
#3834 = VECTOR('',#3835,1.);
#3835 = DIRECTION('',(1.,0.,0.));
#3836 = ORIENTED_EDGE('',*,*,#2833,.F.);
#3837 = CYLINDRICAL_SURFACE('',#3838,7.);
#3838 = AXIS2_PLACEMENT_3D('',#3839,#3840,#3841);
#3839 = CARTESIAN_POINT('',(20.,195.,44.5));
#3840 = DIRECTION('',(1.,0.,0.));
#3841 = DIRECTION('',(0.,0.,1.));
#3842 = ADVANCED_FACE('',(#3843),#3849,.T.);
#3843 = FACE_BOUND('',#3844,.T.);
#3844 = EDGE_LOOP('',(#3845,#3846,#3847,#3848));
#3845 = ORIENTED_EDGE('',*,*,#1397,.F.);
#3846 = ORIENTED_EDGE('',*,*,#3783,.T.);
#3847 = ORIENTED_EDGE('',*,*,#2781,.T.);
#3848 = ORIENTED_EDGE('',*,*,#3831,.F.);
#3849 = PLANE('',#3850);
#3850 = AXIS2_PLACEMENT_3D('',#3851,#3852,#3853);
#3851 = CARTESIAN_POINT('',(20.,184.,44.5));
#3852 = DIRECTION('',(0.,0.,1.));
#3853 = DIRECTION('',(1.,0.,0.));
#3854 = ADVANCED_FACE('',(#3855),#3866,.F.);
#3855 = FACE_BOUND('',#3856,.F.);
#3856 = EDGE_LOOP('',(#3857,#3858,#3864,#3865));
#3857 = ORIENTED_EDGE('',*,*,#2842,.F.);
#3858 = ORIENTED_EDGE('',*,*,#3859,.F.);
#3859 = EDGE_CURVE('',#1463,#2843,#3860,.T.);
#3860 = LINE('',#3861,#3862);
#3861 = CARTESIAN_POINT('',(19.,195.,46.7));
#3862 = VECTOR('',#3863,1.);
#3863 = DIRECTION('',(1.,0.,0.));
#3864 = ORIENTED_EDGE('',*,*,#1462,.T.);
#3865 = ORIENTED_EDGE('',*,*,#3859,.T.);
#3866 = CYLINDRICAL_SURFACE('',#3867,2.2);
#3867 = AXIS2_PLACEMENT_3D('',#3868,#3869,#3870);
#3868 = CARTESIAN_POINT('',(19.,195.,44.5));
#3869 = DIRECTION('',(1.,0.,0.));
#3870 = DIRECTION('',(0.,0.,1.));
#3871 = ADVANCED_FACE('',(#3872),#3897,.F.);
#3872 = FACE_BOUND('',#3873,.F.);
#3873 = EDGE_LOOP('',(#3874,#3882,#3883,#3891));
#3874 = ORIENTED_EDGE('',*,*,#3875,.F.);
#3875 = EDGE_CURVE('',#89,#3876,#3878,.T.);
#3876 = VERTEX_POINT('',#3877);
#3877 = CARTESIAN_POINT('',(193.,11.316624790355,39.));
#3878 = LINE('',#3879,#3880);
#3879 = CARTESIAN_POINT('',(193.,11.316624790355,0.));
#3880 = VECTOR('',#3881,1.);
#3881 = DIRECTION('',(0.,0.,1.));
#3882 = ORIENTED_EDGE('',*,*,#97,.T.);
#3883 = ORIENTED_EDGE('',*,*,#3884,.T.);
#3884 = EDGE_CURVE('',#98,#3885,#3887,.T.);
#3885 = VERTEX_POINT('',#3886);
#3886 = CARTESIAN_POINT('',(193.,117.68337520964,39.));
#3887 = LINE('',#3888,#3889);
#3888 = CARTESIAN_POINT('',(193.,117.68337520964,0.));
#3889 = VECTOR('',#3890,1.);
#3890 = DIRECTION('',(0.,0.,1.));
#3891 = ORIENTED_EDGE('',*,*,#3892,.F.);
#3892 = EDGE_CURVE('',#3876,#3885,#3893,.T.);
#3893 = LINE('',#3894,#3895);
#3894 = CARTESIAN_POINT('',(193.,1.5,39.));
#3895 = VECTOR('',#3896,1.);
#3896 = DIRECTION('',(0.,1.,0.));
#3897 = PLANE('',#3898);
#3898 = AXIS2_PLACEMENT_3D('',#3899,#3900,#3901);
#3899 = CARTESIAN_POINT('',(193.,3.,3.));
#3900 = DIRECTION('',(1.,0.,0.));
#3901 = DIRECTION('',(0.,0.,1.));
#3902 = ADVANCED_FACE('',(#3903),#3922,.F.);
#3903 = FACE_BOUND('',#3904,.F.);
#3904 = EDGE_LOOP('',(#3905,#3906,#3914,#3921));
#3905 = ORIENTED_EDGE('',*,*,#183,.F.);
#3906 = ORIENTED_EDGE('',*,*,#3907,.F.);
#3907 = EDGE_CURVE('',#3908,#184,#3910,.T.);
#3908 = VERTEX_POINT('',#3909);
#3909 = CARTESIAN_POINT('',(21.1,24.,0.));
#3910 = LINE('',#3911,#3912);
#3911 = CARTESIAN_POINT('',(21.1,24.,-1.));
#3912 = VECTOR('',#3913,1.);
#3913 = DIRECTION('',(0.,0.,1.));
#3914 = ORIENTED_EDGE('',*,*,#3915,.T.);
#3915 = EDGE_CURVE('',#3908,#3908,#3916,.T.);
#3916 = CIRCLE('',#3917,4.1);
#3917 = AXIS2_PLACEMENT_3D('',#3918,#3919,#3920);
#3918 = CARTESIAN_POINT('',(17.,24.,0.));
#3919 = DIRECTION('',(0.,0.,1.));
#3920 = DIRECTION('',(1.,0.,0.));
#3921 = ORIENTED_EDGE('',*,*,#3907,.T.);
#3922 = CYLINDRICAL_SURFACE('',#3923,4.1);
#3923 = AXIS2_PLACEMENT_3D('',#3924,#3925,#3926);
#3924 = CARTESIAN_POINT('',(17.,24.,-1.));
#3925 = DIRECTION('',(0.,0.,1.));
#3926 = DIRECTION('',(1.,0.,0.));
#3927 = ADVANCED_FACE('',(#3928),#3947,.F.);
#3928 = FACE_BOUND('',#3929,.F.);
#3929 = EDGE_LOOP('',(#3930,#3931,#3939,#3946));
#3930 = ORIENTED_EDGE('',*,*,#194,.F.);
#3931 = ORIENTED_EDGE('',*,*,#3932,.F.);
#3932 = EDGE_CURVE('',#3933,#195,#3935,.T.);
#3933 = VERTEX_POINT('',#3934);
#3934 = CARTESIAN_POINT('',(21.1,99.,0.));
#3935 = LINE('',#3936,#3937);
#3936 = CARTESIAN_POINT('',(21.1,99.,-1.));
#3937 = VECTOR('',#3938,1.);
#3938 = DIRECTION('',(0.,0.,1.));
#3939 = ORIENTED_EDGE('',*,*,#3940,.T.);
#3940 = EDGE_CURVE('',#3933,#3933,#3941,.T.);
#3941 = CIRCLE('',#3942,4.1);
#3942 = AXIS2_PLACEMENT_3D('',#3943,#3944,#3945);
#3943 = CARTESIAN_POINT('',(17.,99.,0.));
#3944 = DIRECTION('',(0.,0.,1.));
#3945 = DIRECTION('',(1.,0.,0.));
#3946 = ORIENTED_EDGE('',*,*,#3932,.T.);
#3947 = CYLINDRICAL_SURFACE('',#3948,4.1);
#3948 = AXIS2_PLACEMENT_3D('',#3949,#3950,#3951);
#3949 = CARTESIAN_POINT('',(17.,99.,-1.));
#3950 = DIRECTION('',(0.,0.,1.));
#3951 = DIRECTION('',(1.,0.,0.));
#3952 = ADVANCED_FACE('',(#3953),#3972,.F.);
#3953 = FACE_BOUND('',#3954,.F.);
#3954 = EDGE_LOOP('',(#3955,#3956,#3964,#3971));
#3955 = ORIENTED_EDGE('',*,*,#205,.F.);
#3956 = ORIENTED_EDGE('',*,*,#3957,.F.);
#3957 = EDGE_CURVE('',#3958,#206,#3960,.T.);
#3958 = VERTEX_POINT('',#3959);
#3959 = CARTESIAN_POINT('',(183.1,24.,0.));
#3960 = LINE('',#3961,#3962);
#3961 = CARTESIAN_POINT('',(183.1,24.,-1.));
#3962 = VECTOR('',#3963,1.);
#3963 = DIRECTION('',(0.,0.,1.));
#3964 = ORIENTED_EDGE('',*,*,#3965,.T.);
#3965 = EDGE_CURVE('',#3958,#3958,#3966,.T.);
#3966 = CIRCLE('',#3967,4.1);
#3967 = AXIS2_PLACEMENT_3D('',#3968,#3969,#3970);
#3968 = CARTESIAN_POINT('',(179.,24.,0.));
#3969 = DIRECTION('',(0.,0.,1.));
#3970 = DIRECTION('',(1.,0.,0.));
#3971 = ORIENTED_EDGE('',*,*,#3957,.T.);
#3972 = CYLINDRICAL_SURFACE('',#3973,4.1);
#3973 = AXIS2_PLACEMENT_3D('',#3974,#3975,#3976);
#3974 = CARTESIAN_POINT('',(179.,24.,-1.));
#3975 = DIRECTION('',(0.,0.,1.));
#3976 = DIRECTION('',(1.,0.,0.));
#3977 = ADVANCED_FACE('',(#3978),#3997,.F.);
#3978 = FACE_BOUND('',#3979,.F.);
#3979 = EDGE_LOOP('',(#3980,#3981,#3989,#3996));
#3980 = ORIENTED_EDGE('',*,*,#216,.F.);
#3981 = ORIENTED_EDGE('',*,*,#3982,.F.);
#3982 = EDGE_CURVE('',#3983,#217,#3985,.T.);
#3983 = VERTEX_POINT('',#3984);
#3984 = CARTESIAN_POINT('',(183.1,99.,0.));
#3985 = LINE('',#3986,#3987);
#3986 = CARTESIAN_POINT('',(183.1,99.,-1.));
#3987 = VECTOR('',#3988,1.);
#3988 = DIRECTION('',(0.,0.,1.));
#3989 = ORIENTED_EDGE('',*,*,#3990,.T.);
#3990 = EDGE_CURVE('',#3983,#3983,#3991,.T.);
#3991 = CIRCLE('',#3992,4.1);
#3992 = AXIS2_PLACEMENT_3D('',#3993,#3994,#3995);
#3993 = CARTESIAN_POINT('',(179.,99.,0.));
#3994 = DIRECTION('',(0.,0.,1.));
#3995 = DIRECTION('',(1.,0.,0.));
#3996 = ORIENTED_EDGE('',*,*,#3982,.T.);
#3997 = CYLINDRICAL_SURFACE('',#3998,4.1);
#3998 = AXIS2_PLACEMENT_3D('',#3999,#4000,#4001);
#3999 = CARTESIAN_POINT('',(179.,99.,-1.));
#4000 = DIRECTION('',(0.,0.,1.));
#4001 = DIRECTION('',(1.,0.,0.));
#4002 = ADVANCED_FACE('',(#4003),#4022,.F.);
#4003 = FACE_BOUND('',#4004,.F.);
#4004 = EDGE_LOOP('',(#4005,#4006,#4014,#4021));
#4005 = ORIENTED_EDGE('',*,*,#227,.F.);
#4006 = ORIENTED_EDGE('',*,*,#4007,.F.);
#4007 = EDGE_CURVE('',#4008,#228,#4010,.T.);
#4008 = VERTEX_POINT('',#4009);
#4009 = CARTESIAN_POINT('',(45.95,131.5,0.));
#4010 = LINE('',#4011,#4012);
#4011 = CARTESIAN_POINT('',(45.95,131.5,-1.));
#4012 = VECTOR('',#4013,1.);
#4013 = DIRECTION('',(0.,0.,1.));
#4014 = ORIENTED_EDGE('',*,*,#4015,.T.);
#4015 = EDGE_CURVE('',#4008,#4008,#4016,.T.);
#4016 = CIRCLE('',#4017,1.45);
#4017 = AXIS2_PLACEMENT_3D('',#4018,#4019,#4020);
#4018 = CARTESIAN_POINT('',(44.5,131.5,0.));
#4019 = DIRECTION('',(0.,0.,1.));
#4020 = DIRECTION('',(1.,0.,0.));
#4021 = ORIENTED_EDGE('',*,*,#4007,.T.);
#4022 = CYLINDRICAL_SURFACE('',#4023,1.45);
#4023 = AXIS2_PLACEMENT_3D('',#4024,#4025,#4026);
#4024 = CARTESIAN_POINT('',(44.5,131.5,-1.));
#4025 = DIRECTION('',(0.,0.,1.));
#4026 = DIRECTION('',(1.,0.,0.));
#4027 = ADVANCED_FACE('',(#4028),#4053,.T.);
#4028 = FACE_BOUND('',#4029,.T.);
#4029 = EDGE_LOOP('',(#4030,#4038,#4046,#4052));
#4030 = ORIENTED_EDGE('',*,*,#4031,.F.);
#4031 = EDGE_CURVE('',#4032,#239,#4034,.T.);
#4032 = VERTEX_POINT('',#4033);
#4033 = CARTESIAN_POINT('',(53.,145.,0.));
#4034 = LINE('',#4035,#4036);
#4035 = CARTESIAN_POINT('',(53.,145.,-1.));
#4036 = VECTOR('',#4037,1.);
#4037 = DIRECTION('',(0.,0.,1.));
#4038 = ORIENTED_EDGE('',*,*,#4039,.T.);
#4039 = EDGE_CURVE('',#4032,#4040,#4042,.T.);
#4040 = VERTEX_POINT('',#4041);
#4041 = CARTESIAN_POINT('',(50.,145.,0.));
#4042 = LINE('',#4043,#4044);
#4043 = CARTESIAN_POINT('',(25.,145.,0.));
#4044 = VECTOR('',#4045,1.);
#4045 = DIRECTION('',(-1.,0.,0.));
#4046 = ORIENTED_EDGE('',*,*,#4047,.T.);
#4047 = EDGE_CURVE('',#4040,#241,#4048,.T.);
#4048 = LINE('',#4049,#4050);
#4049 = CARTESIAN_POINT('',(50.,145.,-1.));
#4050 = VECTOR('',#4051,1.);
#4051 = DIRECTION('',(0.,0.,1.));
#4052 = ORIENTED_EDGE('',*,*,#238,.F.);
#4053 = PLANE('',#4054);
#4054 = AXIS2_PLACEMENT_3D('',#4055,#4056,#4057);
#4055 = CARTESIAN_POINT('',(50.,145.,-1.));
#4056 = DIRECTION('',(0.,1.,0.));
#4057 = DIRECTION('',(0.,0.,1.));
#4058 = ADVANCED_FACE('',(#4059),#4077,.F.);
#4059 = FACE_BOUND('',#4060,.F.);
#4060 = EDGE_LOOP('',(#4061,#4062,#4070,#4076));
#4061 = ORIENTED_EDGE('',*,*,#4031,.F.);
#4062 = ORIENTED_EDGE('',*,*,#4063,.T.);
#4063 = EDGE_CURVE('',#4032,#4064,#4066,.T.);
#4064 = VERTEX_POINT('',#4065);
#4065 = CARTESIAN_POINT('',(53.,172.,0.));
#4066 = LINE('',#4067,#4068);
#4067 = CARTESIAN_POINT('',(53.,72.5,0.));
#4068 = VECTOR('',#4069,1.);
#4069 = DIRECTION('',(0.,1.,0.));
#4070 = ORIENTED_EDGE('',*,*,#4071,.T.);
#4071 = EDGE_CURVE('',#4064,#257,#4072,.T.);
#4072 = LINE('',#4073,#4074);
#4073 = CARTESIAN_POINT('',(53.,172.,-1.));
#4074 = VECTOR('',#4075,1.);
#4075 = DIRECTION('',(0.,0.,1.));
#4076 = ORIENTED_EDGE('',*,*,#264,.F.);
#4077 = PLANE('',#4078);
#4078 = AXIS2_PLACEMENT_3D('',#4079,#4080,#4081);
#4079 = CARTESIAN_POINT('',(53.,145.,-1.));
#4080 = DIRECTION('',(1.,0.,0.));
#4081 = DIRECTION('',(0.,0.,1.));
#4082 = ADVANCED_FACE('',(#4083),#4101,.T.);
#4083 = FACE_BOUND('',#4084,.T.);
#4084 = EDGE_LOOP('',(#4085,#4086,#4094,#4100));
#4085 = ORIENTED_EDGE('',*,*,#4047,.F.);
#4086 = ORIENTED_EDGE('',*,*,#4087,.T.);
#4087 = EDGE_CURVE('',#4040,#4088,#4090,.T.);
#4088 = VERTEX_POINT('',#4089);
#4089 = CARTESIAN_POINT('',(50.,172.,0.));
#4090 = LINE('',#4091,#4092);
#4091 = CARTESIAN_POINT('',(50.,72.5,0.));
#4092 = VECTOR('',#4093,1.);
#4093 = DIRECTION('',(0.,1.,0.));
#4094 = ORIENTED_EDGE('',*,*,#4095,.T.);
#4095 = EDGE_CURVE('',#4088,#249,#4096,.T.);
#4096 = LINE('',#4097,#4098);
#4097 = CARTESIAN_POINT('',(50.,172.,-1.));
#4098 = VECTOR('',#4099,1.);
#4099 = DIRECTION('',(0.,0.,1.));
#4100 = ORIENTED_EDGE('',*,*,#248,.F.);
#4101 = PLANE('',#4102);
#4102 = AXIS2_PLACEMENT_3D('',#4103,#4104,#4105);
#4103 = CARTESIAN_POINT('',(50.,145.,-1.));
#4104 = DIRECTION('',(1.,0.,0.));
#4105 = DIRECTION('',(0.,0.,1.));
#4106 = ADVANCED_FACE('',(#4107),#4118,.F.);
#4107 = FACE_BOUND('',#4108,.F.);
#4108 = EDGE_LOOP('',(#4109,#4110,#4116,#4117));
#4109 = ORIENTED_EDGE('',*,*,#4071,.F.);
#4110 = ORIENTED_EDGE('',*,*,#4111,.T.);
#4111 = EDGE_CURVE('',#4064,#4088,#4112,.T.);
#4112 = LINE('',#4113,#4114);
#4113 = CARTESIAN_POINT('',(25.,172.,0.));
#4114 = VECTOR('',#4115,1.);
#4115 = DIRECTION('',(-1.,0.,0.));
#4116 = ORIENTED_EDGE('',*,*,#4095,.T.);
#4117 = ORIENTED_EDGE('',*,*,#256,.F.);
#4118 = PLANE('',#4119);
#4119 = AXIS2_PLACEMENT_3D('',#4120,#4121,#4122);
#4120 = CARTESIAN_POINT('',(50.,172.,-1.));
#4121 = DIRECTION('',(0.,1.,0.));
#4122 = DIRECTION('',(0.,0.,1.));
#4123 = ADVANCED_FACE('',(#4124),#4143,.F.);
#4124 = FACE_BOUND('',#4125,.F.);
#4125 = EDGE_LOOP('',(#4126,#4127,#4135,#4142));
#4126 = ORIENTED_EDGE('',*,*,#272,.F.);
#4127 = ORIENTED_EDGE('',*,*,#4128,.F.);
#4128 = EDGE_CURVE('',#4129,#273,#4131,.T.);
#4129 = VERTEX_POINT('',#4130);
#4130 = CARTESIAN_POINT('',(45.95,180.5,0.));
#4131 = LINE('',#4132,#4133);
#4132 = CARTESIAN_POINT('',(45.95,180.5,-1.));
#4133 = VECTOR('',#4134,1.);
#4134 = DIRECTION('',(0.,0.,1.));
#4135 = ORIENTED_EDGE('',*,*,#4136,.T.);
#4136 = EDGE_CURVE('',#4129,#4129,#4137,.T.);
#4137 = CIRCLE('',#4138,1.45);
#4138 = AXIS2_PLACEMENT_3D('',#4139,#4140,#4141);
#4139 = CARTESIAN_POINT('',(44.5,180.5,0.));
#4140 = DIRECTION('',(0.,0.,1.));
#4141 = DIRECTION('',(1.,0.,0.));
#4142 = ORIENTED_EDGE('',*,*,#4128,.T.);
#4143 = CYLINDRICAL_SURFACE('',#4144,1.45);
#4144 = AXIS2_PLACEMENT_3D('',#4145,#4146,#4147);
#4145 = CARTESIAN_POINT('',(44.5,180.5,-1.));
#4146 = DIRECTION('',(0.,0.,1.));
#4147 = DIRECTION('',(1.,0.,0.));
#4148 = ADVANCED_FACE('',(#4149),#4174,.T.);
#4149 = FACE_BOUND('',#4150,.T.);
#4150 = EDGE_LOOP('',(#4151,#4159,#4167,#4173));
#4151 = ORIENTED_EDGE('',*,*,#4152,.F.);
#4152 = EDGE_CURVE('',#4153,#284,#4155,.T.);
#4153 = VERTEX_POINT('',#4154);
#4154 = CARTESIAN_POINT('',(60.,145.,0.));
#4155 = LINE('',#4156,#4157);
#4156 = CARTESIAN_POINT('',(60.,145.,-1.));
#4157 = VECTOR('',#4158,1.);
#4158 = DIRECTION('',(0.,0.,1.));
#4159 = ORIENTED_EDGE('',*,*,#4160,.T.);
#4160 = EDGE_CURVE('',#4153,#4161,#4163,.T.);
#4161 = VERTEX_POINT('',#4162);
#4162 = CARTESIAN_POINT('',(57.,145.,0.));
#4163 = LINE('',#4164,#4165);
#4164 = CARTESIAN_POINT('',(28.5,145.,0.));
#4165 = VECTOR('',#4166,1.);
#4166 = DIRECTION('',(-1.,0.,0.));
#4167 = ORIENTED_EDGE('',*,*,#4168,.T.);
#4168 = EDGE_CURVE('',#4161,#286,#4169,.T.);
#4169 = LINE('',#4170,#4171);
#4170 = CARTESIAN_POINT('',(57.,145.,-1.));
#4171 = VECTOR('',#4172,1.);
#4172 = DIRECTION('',(0.,0.,1.));
#4173 = ORIENTED_EDGE('',*,*,#283,.F.);
#4174 = PLANE('',#4175);
#4175 = AXIS2_PLACEMENT_3D('',#4176,#4177,#4178);
#4176 = CARTESIAN_POINT('',(57.,145.,-1.));
#4177 = DIRECTION('',(0.,1.,0.));
#4178 = DIRECTION('',(0.,0.,1.));
#4179 = ADVANCED_FACE('',(#4180),#4198,.F.);
#4180 = FACE_BOUND('',#4181,.F.);
#4181 = EDGE_LOOP('',(#4182,#4183,#4191,#4197));
#4182 = ORIENTED_EDGE('',*,*,#4152,.F.);
#4183 = ORIENTED_EDGE('',*,*,#4184,.T.);
#4184 = EDGE_CURVE('',#4153,#4185,#4187,.T.);
#4185 = VERTEX_POINT('',#4186);
#4186 = CARTESIAN_POINT('',(60.,172.,0.));
#4187 = LINE('',#4188,#4189);
#4188 = CARTESIAN_POINT('',(60.,72.5,0.));
#4189 = VECTOR('',#4190,1.);
#4190 = DIRECTION('',(0.,1.,0.));
#4191 = ORIENTED_EDGE('',*,*,#4192,.T.);
#4192 = EDGE_CURVE('',#4185,#302,#4193,.T.);
#4193 = LINE('',#4194,#4195);
#4194 = CARTESIAN_POINT('',(60.,172.,-1.));
#4195 = VECTOR('',#4196,1.);
#4196 = DIRECTION('',(0.,0.,1.));
#4197 = ORIENTED_EDGE('',*,*,#309,.F.);
#4198 = PLANE('',#4199);
#4199 = AXIS2_PLACEMENT_3D('',#4200,#4201,#4202);
#4200 = CARTESIAN_POINT('',(60.,145.,-1.));
#4201 = DIRECTION('',(1.,0.,0.));
#4202 = DIRECTION('',(0.,0.,1.));
#4203 = ADVANCED_FACE('',(#4204),#4222,.T.);
#4204 = FACE_BOUND('',#4205,.T.);
#4205 = EDGE_LOOP('',(#4206,#4207,#4215,#4221));
#4206 = ORIENTED_EDGE('',*,*,#4168,.F.);
#4207 = ORIENTED_EDGE('',*,*,#4208,.T.);
#4208 = EDGE_CURVE('',#4161,#4209,#4211,.T.);
#4209 = VERTEX_POINT('',#4210);
#4210 = CARTESIAN_POINT('',(57.,172.,0.));
#4211 = LINE('',#4212,#4213);
#4212 = CARTESIAN_POINT('',(57.,72.5,0.));
#4213 = VECTOR('',#4214,1.);
#4214 = DIRECTION('',(0.,1.,0.));
#4215 = ORIENTED_EDGE('',*,*,#4216,.T.);
#4216 = EDGE_CURVE('',#4209,#294,#4217,.T.);
#4217 = LINE('',#4218,#4219);
#4218 = CARTESIAN_POINT('',(57.,172.,-1.));
#4219 = VECTOR('',#4220,1.);
#4220 = DIRECTION('',(0.,0.,1.));
#4221 = ORIENTED_EDGE('',*,*,#293,.F.);
#4222 = PLANE('',#4223);
#4223 = AXIS2_PLACEMENT_3D('',#4224,#4225,#4226);
#4224 = CARTESIAN_POINT('',(57.,145.,-1.));
#4225 = DIRECTION('',(1.,0.,0.));
#4226 = DIRECTION('',(0.,0.,1.));
#4227 = ADVANCED_FACE('',(#4228),#4239,.F.);
#4228 = FACE_BOUND('',#4229,.F.);
#4229 = EDGE_LOOP('',(#4230,#4231,#4237,#4238));
#4230 = ORIENTED_EDGE('',*,*,#4192,.F.);
#4231 = ORIENTED_EDGE('',*,*,#4232,.T.);
#4232 = EDGE_CURVE('',#4185,#4209,#4233,.T.);
#4233 = LINE('',#4234,#4235);
#4234 = CARTESIAN_POINT('',(28.5,172.,0.));
#4235 = VECTOR('',#4236,1.);
#4236 = DIRECTION('',(-1.,0.,0.));
#4237 = ORIENTED_EDGE('',*,*,#4216,.T.);
#4238 = ORIENTED_EDGE('',*,*,#301,.F.);
#4239 = PLANE('',#4240);
#4240 = AXIS2_PLACEMENT_3D('',#4241,#4242,#4243);
#4241 = CARTESIAN_POINT('',(57.,172.,-1.));
#4242 = DIRECTION('',(0.,1.,0.));
#4243 = DIRECTION('',(0.,0.,1.));
#4244 = ADVANCED_FACE('',(#4245),#4270,.T.);
#4245 = FACE_BOUND('',#4246,.T.);
#4246 = EDGE_LOOP('',(#4247,#4255,#4263,#4269));
#4247 = ORIENTED_EDGE('',*,*,#4248,.F.);
#4248 = EDGE_CURVE('',#4249,#318,#4251,.T.);
#4249 = VERTEX_POINT('',#4250);
#4250 = CARTESIAN_POINT('',(67.,145.,0.));
#4251 = LINE('',#4252,#4253);
#4252 = CARTESIAN_POINT('',(67.,145.,-1.));
#4253 = VECTOR('',#4254,1.);
#4254 = DIRECTION('',(0.,0.,1.));
#4255 = ORIENTED_EDGE('',*,*,#4256,.T.);
#4256 = EDGE_CURVE('',#4249,#4257,#4259,.T.);
#4257 = VERTEX_POINT('',#4258);
#4258 = CARTESIAN_POINT('',(64.,145.,0.));
#4259 = LINE('',#4260,#4261);
#4260 = CARTESIAN_POINT('',(32.,145.,0.));
#4261 = VECTOR('',#4262,1.);
#4262 = DIRECTION('',(-1.,0.,0.));
#4263 = ORIENTED_EDGE('',*,*,#4264,.T.);
#4264 = EDGE_CURVE('',#4257,#320,#4265,.T.);
#4265 = LINE('',#4266,#4267);
#4266 = CARTESIAN_POINT('',(64.,145.,-1.));
#4267 = VECTOR('',#4268,1.);
#4268 = DIRECTION('',(0.,0.,1.));
#4269 = ORIENTED_EDGE('',*,*,#317,.F.);
#4270 = PLANE('',#4271);
#4271 = AXIS2_PLACEMENT_3D('',#4272,#4273,#4274);
#4272 = CARTESIAN_POINT('',(64.,145.,-1.));
#4273 = DIRECTION('',(0.,1.,0.));
#4274 = DIRECTION('',(0.,0.,1.));
#4275 = ADVANCED_FACE('',(#4276),#4294,.F.);
#4276 = FACE_BOUND('',#4277,.F.);
#4277 = EDGE_LOOP('',(#4278,#4279,#4287,#4293));
#4278 = ORIENTED_EDGE('',*,*,#4248,.F.);
#4279 = ORIENTED_EDGE('',*,*,#4280,.T.);
#4280 = EDGE_CURVE('',#4249,#4281,#4283,.T.);
#4281 = VERTEX_POINT('',#4282);
#4282 = CARTESIAN_POINT('',(67.,172.,0.));
#4283 = LINE('',#4284,#4285);
#4284 = CARTESIAN_POINT('',(67.,72.5,0.));
#4285 = VECTOR('',#4286,1.);
#4286 = DIRECTION('',(0.,1.,0.));
#4287 = ORIENTED_EDGE('',*,*,#4288,.T.);
#4288 = EDGE_CURVE('',#4281,#336,#4289,.T.);
#4289 = LINE('',#4290,#4291);
#4290 = CARTESIAN_POINT('',(67.,172.,-1.));
#4291 = VECTOR('',#4292,1.);
#4292 = DIRECTION('',(0.,0.,1.));
#4293 = ORIENTED_EDGE('',*,*,#343,.F.);
#4294 = PLANE('',#4295);
#4295 = AXIS2_PLACEMENT_3D('',#4296,#4297,#4298);
#4296 = CARTESIAN_POINT('',(67.,145.,-1.));
#4297 = DIRECTION('',(1.,0.,0.));
#4298 = DIRECTION('',(0.,0.,1.));
#4299 = ADVANCED_FACE('',(#4300),#4318,.T.);
#4300 = FACE_BOUND('',#4301,.T.);
#4301 = EDGE_LOOP('',(#4302,#4303,#4311,#4317));
#4302 = ORIENTED_EDGE('',*,*,#4264,.F.);
#4303 = ORIENTED_EDGE('',*,*,#4304,.T.);
#4304 = EDGE_CURVE('',#4257,#4305,#4307,.T.);
#4305 = VERTEX_POINT('',#4306);
#4306 = CARTESIAN_POINT('',(64.,172.,0.));
#4307 = LINE('',#4308,#4309);
#4308 = CARTESIAN_POINT('',(64.,72.5,0.));
#4309 = VECTOR('',#4310,1.);
#4310 = DIRECTION('',(0.,1.,0.));
#4311 = ORIENTED_EDGE('',*,*,#4312,.T.);
#4312 = EDGE_CURVE('',#4305,#328,#4313,.T.);
#4313 = LINE('',#4314,#4315);
#4314 = CARTESIAN_POINT('',(64.,172.,-1.));
#4315 = VECTOR('',#4316,1.);
#4316 = DIRECTION('',(0.,0.,1.));
#4317 = ORIENTED_EDGE('',*,*,#327,.F.);
#4318 = PLANE('',#4319);
#4319 = AXIS2_PLACEMENT_3D('',#4320,#4321,#4322);
#4320 = CARTESIAN_POINT('',(64.,145.,-1.));
#4321 = DIRECTION('',(1.,0.,0.));
#4322 = DIRECTION('',(0.,0.,1.));
#4323 = ADVANCED_FACE('',(#4324),#4335,.F.);
#4324 = FACE_BOUND('',#4325,.F.);
#4325 = EDGE_LOOP('',(#4326,#4327,#4333,#4334));
#4326 = ORIENTED_EDGE('',*,*,#4288,.F.);
#4327 = ORIENTED_EDGE('',*,*,#4328,.T.);
#4328 = EDGE_CURVE('',#4281,#4305,#4329,.T.);
#4329 = LINE('',#4330,#4331);
#4330 = CARTESIAN_POINT('',(32.,172.,0.));
#4331 = VECTOR('',#4332,1.);
#4332 = DIRECTION('',(-1.,0.,0.));
#4333 = ORIENTED_EDGE('',*,*,#4312,.T.);
#4334 = ORIENTED_EDGE('',*,*,#335,.F.);
#4335 = PLANE('',#4336);
#4336 = AXIS2_PLACEMENT_3D('',#4337,#4338,#4339);
#4337 = CARTESIAN_POINT('',(64.,172.,-1.));
#4338 = DIRECTION('',(0.,1.,0.));
#4339 = DIRECTION('',(0.,0.,1.));
#4340 = ADVANCED_FACE('',(#4341),#4366,.T.);
#4341 = FACE_BOUND('',#4342,.T.);
#4342 = EDGE_LOOP('',(#4343,#4351,#4359,#4365));
#4343 = ORIENTED_EDGE('',*,*,#4344,.F.);
#4344 = EDGE_CURVE('',#4345,#352,#4347,.T.);
#4345 = VERTEX_POINT('',#4346);
#4346 = CARTESIAN_POINT('',(74.,145.,0.));
#4347 = LINE('',#4348,#4349);
#4348 = CARTESIAN_POINT('',(74.,145.,-1.));
#4349 = VECTOR('',#4350,1.);
#4350 = DIRECTION('',(0.,0.,1.));
#4351 = ORIENTED_EDGE('',*,*,#4352,.T.);
#4352 = EDGE_CURVE('',#4345,#4353,#4355,.T.);
#4353 = VERTEX_POINT('',#4354);
#4354 = CARTESIAN_POINT('',(71.,145.,0.));
#4355 = LINE('',#4356,#4357);
#4356 = CARTESIAN_POINT('',(35.5,145.,0.));
#4357 = VECTOR('',#4358,1.);
#4358 = DIRECTION('',(-1.,0.,0.));
#4359 = ORIENTED_EDGE('',*,*,#4360,.T.);
#4360 = EDGE_CURVE('',#4353,#354,#4361,.T.);
#4361 = LINE('',#4362,#4363);
#4362 = CARTESIAN_POINT('',(71.,145.,-1.));
#4363 = VECTOR('',#4364,1.);
#4364 = DIRECTION('',(0.,0.,1.));
#4365 = ORIENTED_EDGE('',*,*,#351,.F.);
#4366 = PLANE('',#4367);
#4367 = AXIS2_PLACEMENT_3D('',#4368,#4369,#4370);
#4368 = CARTESIAN_POINT('',(71.,145.,-1.));
#4369 = DIRECTION('',(0.,1.,0.));
#4370 = DIRECTION('',(0.,0.,1.));
#4371 = ADVANCED_FACE('',(#4372),#4390,.F.);
#4372 = FACE_BOUND('',#4373,.F.);
#4373 = EDGE_LOOP('',(#4374,#4375,#4383,#4389));
#4374 = ORIENTED_EDGE('',*,*,#4344,.F.);
#4375 = ORIENTED_EDGE('',*,*,#4376,.T.);
#4376 = EDGE_CURVE('',#4345,#4377,#4379,.T.);
#4377 = VERTEX_POINT('',#4378);
#4378 = CARTESIAN_POINT('',(74.,172.,0.));
#4379 = LINE('',#4380,#4381);
#4380 = CARTESIAN_POINT('',(74.,72.5,0.));
#4381 = VECTOR('',#4382,1.);
#4382 = DIRECTION('',(0.,1.,0.));
#4383 = ORIENTED_EDGE('',*,*,#4384,.T.);
#4384 = EDGE_CURVE('',#4377,#370,#4385,.T.);
#4385 = LINE('',#4386,#4387);
#4386 = CARTESIAN_POINT('',(74.,172.,-1.));
#4387 = VECTOR('',#4388,1.);
#4388 = DIRECTION('',(0.,0.,1.));
#4389 = ORIENTED_EDGE('',*,*,#377,.F.);
#4390 = PLANE('',#4391);
#4391 = AXIS2_PLACEMENT_3D('',#4392,#4393,#4394);
#4392 = CARTESIAN_POINT('',(74.,145.,-1.));
#4393 = DIRECTION('',(1.,0.,0.));
#4394 = DIRECTION('',(0.,0.,1.));
#4395 = ADVANCED_FACE('',(#4396),#4414,.T.);
#4396 = FACE_BOUND('',#4397,.T.);
#4397 = EDGE_LOOP('',(#4398,#4399,#4407,#4413));
#4398 = ORIENTED_EDGE('',*,*,#4360,.F.);
#4399 = ORIENTED_EDGE('',*,*,#4400,.T.);
#4400 = EDGE_CURVE('',#4353,#4401,#4403,.T.);
#4401 = VERTEX_POINT('',#4402);
#4402 = CARTESIAN_POINT('',(71.,172.,0.));
#4403 = LINE('',#4404,#4405);
#4404 = CARTESIAN_POINT('',(71.,72.5,0.));
#4405 = VECTOR('',#4406,1.);
#4406 = DIRECTION('',(0.,1.,0.));
#4407 = ORIENTED_EDGE('',*,*,#4408,.T.);
#4408 = EDGE_CURVE('',#4401,#362,#4409,.T.);
#4409 = LINE('',#4410,#4411);
#4410 = CARTESIAN_POINT('',(71.,172.,-1.));
#4411 = VECTOR('',#4412,1.);
#4412 = DIRECTION('',(0.,0.,1.));
#4413 = ORIENTED_EDGE('',*,*,#361,.F.);
#4414 = PLANE('',#4415);
#4415 = AXIS2_PLACEMENT_3D('',#4416,#4417,#4418);
#4416 = CARTESIAN_POINT('',(71.,145.,-1.));
#4417 = DIRECTION('',(1.,0.,0.));
#4418 = DIRECTION('',(0.,0.,1.));
#4419 = ADVANCED_FACE('',(#4420),#4431,.F.);
#4420 = FACE_BOUND('',#4421,.F.);
#4421 = EDGE_LOOP('',(#4422,#4423,#4429,#4430));
#4422 = ORIENTED_EDGE('',*,*,#4384,.F.);
#4423 = ORIENTED_EDGE('',*,*,#4424,.T.);
#4424 = EDGE_CURVE('',#4377,#4401,#4425,.T.);
#4425 = LINE('',#4426,#4427);
#4426 = CARTESIAN_POINT('',(35.5,172.,0.));
#4427 = VECTOR('',#4428,1.);
#4428 = DIRECTION('',(-1.,0.,0.));
#4429 = ORIENTED_EDGE('',*,*,#4408,.T.);
#4430 = ORIENTED_EDGE('',*,*,#369,.F.);
#4431 = PLANE('',#4432);
#4432 = AXIS2_PLACEMENT_3D('',#4433,#4434,#4435);
#4433 = CARTESIAN_POINT('',(71.,172.,-1.));
#4434 = DIRECTION('',(0.,1.,0.));
#4435 = DIRECTION('',(0.,0.,1.));
#4436 = ADVANCED_FACE('',(#4437),#4462,.T.);
#4437 = FACE_BOUND('',#4438,.T.);
#4438 = EDGE_LOOP('',(#4439,#4447,#4455,#4461));
#4439 = ORIENTED_EDGE('',*,*,#4440,.F.);
#4440 = EDGE_CURVE('',#4441,#386,#4443,.T.);
#4441 = VERTEX_POINT('',#4442);
#4442 = CARTESIAN_POINT('',(81.,145.,0.));
#4443 = LINE('',#4444,#4445);
#4444 = CARTESIAN_POINT('',(81.,145.,-1.));
#4445 = VECTOR('',#4446,1.);
#4446 = DIRECTION('',(0.,0.,1.));
#4447 = ORIENTED_EDGE('',*,*,#4448,.T.);
#4448 = EDGE_CURVE('',#4441,#4449,#4451,.T.);
#4449 = VERTEX_POINT('',#4450);
#4450 = CARTESIAN_POINT('',(78.,145.,0.));
#4451 = LINE('',#4452,#4453);
#4452 = CARTESIAN_POINT('',(39.,145.,0.));
#4453 = VECTOR('',#4454,1.);
#4454 = DIRECTION('',(-1.,0.,0.));
#4455 = ORIENTED_EDGE('',*,*,#4456,.T.);
#4456 = EDGE_CURVE('',#4449,#388,#4457,.T.);
#4457 = LINE('',#4458,#4459);
#4458 = CARTESIAN_POINT('',(78.,145.,-1.));
#4459 = VECTOR('',#4460,1.);
#4460 = DIRECTION('',(0.,0.,1.));
#4461 = ORIENTED_EDGE('',*,*,#385,.F.);
#4462 = PLANE('',#4463);
#4463 = AXIS2_PLACEMENT_3D('',#4464,#4465,#4466);
#4464 = CARTESIAN_POINT('',(78.,145.,-1.));
#4465 = DIRECTION('',(0.,1.,0.));
#4466 = DIRECTION('',(0.,0.,1.));
#4467 = ADVANCED_FACE('',(#4468),#4486,.F.);
#4468 = FACE_BOUND('',#4469,.F.);
#4469 = EDGE_LOOP('',(#4470,#4471,#4479,#4485));
#4470 = ORIENTED_EDGE('',*,*,#4440,.F.);
#4471 = ORIENTED_EDGE('',*,*,#4472,.T.);
#4472 = EDGE_CURVE('',#4441,#4473,#4475,.T.);
#4473 = VERTEX_POINT('',#4474);
#4474 = CARTESIAN_POINT('',(81.,172.,0.));
#4475 = LINE('',#4476,#4477);
#4476 = CARTESIAN_POINT('',(81.,72.5,0.));
#4477 = VECTOR('',#4478,1.);
#4478 = DIRECTION('',(0.,1.,0.));
#4479 = ORIENTED_EDGE('',*,*,#4480,.T.);
#4480 = EDGE_CURVE('',#4473,#404,#4481,.T.);
#4481 = LINE('',#4482,#4483);
#4482 = CARTESIAN_POINT('',(81.,172.,-1.));
#4483 = VECTOR('',#4484,1.);
#4484 = DIRECTION('',(0.,0.,1.));
#4485 = ORIENTED_EDGE('',*,*,#411,.F.);
#4486 = PLANE('',#4487);
#4487 = AXIS2_PLACEMENT_3D('',#4488,#4489,#4490);
#4488 = CARTESIAN_POINT('',(81.,145.,-1.));
#4489 = DIRECTION('',(1.,0.,0.));
#4490 = DIRECTION('',(0.,0.,1.));
#4491 = ADVANCED_FACE('',(#4492),#4510,.T.);
#4492 = FACE_BOUND('',#4493,.T.);
#4493 = EDGE_LOOP('',(#4494,#4495,#4503,#4509));
#4494 = ORIENTED_EDGE('',*,*,#4456,.F.);
#4495 = ORIENTED_EDGE('',*,*,#4496,.T.);
#4496 = EDGE_CURVE('',#4449,#4497,#4499,.T.);
#4497 = VERTEX_POINT('',#4498);
#4498 = CARTESIAN_POINT('',(78.,172.,0.));
#4499 = LINE('',#4500,#4501);
#4500 = CARTESIAN_POINT('',(78.,72.5,0.));
#4501 = VECTOR('',#4502,1.);
#4502 = DIRECTION('',(0.,1.,0.));
#4503 = ORIENTED_EDGE('',*,*,#4504,.T.);
#4504 = EDGE_CURVE('',#4497,#396,#4505,.T.);
#4505 = LINE('',#4506,#4507);
#4506 = CARTESIAN_POINT('',(78.,172.,-1.));
#4507 = VECTOR('',#4508,1.);
#4508 = DIRECTION('',(0.,0.,1.));
#4509 = ORIENTED_EDGE('',*,*,#395,.F.);
#4510 = PLANE('',#4511);
#4511 = AXIS2_PLACEMENT_3D('',#4512,#4513,#4514);
#4512 = CARTESIAN_POINT('',(78.,145.,-1.));
#4513 = DIRECTION('',(1.,0.,0.));
#4514 = DIRECTION('',(0.,0.,1.));
#4515 = ADVANCED_FACE('',(#4516),#4527,.F.);
#4516 = FACE_BOUND('',#4517,.F.);
#4517 = EDGE_LOOP('',(#4518,#4519,#4525,#4526));
#4518 = ORIENTED_EDGE('',*,*,#4480,.F.);
#4519 = ORIENTED_EDGE('',*,*,#4520,.T.);
#4520 = EDGE_CURVE('',#4473,#4497,#4521,.T.);
#4521 = LINE('',#4522,#4523);
#4522 = CARTESIAN_POINT('',(39.,172.,0.));
#4523 = VECTOR('',#4524,1.);
#4524 = DIRECTION('',(-1.,0.,0.));
#4525 = ORIENTED_EDGE('',*,*,#4504,.T.);
#4526 = ORIENTED_EDGE('',*,*,#403,.F.);
#4527 = PLANE('',#4528);
#4528 = AXIS2_PLACEMENT_3D('',#4529,#4530,#4531);
#4529 = CARTESIAN_POINT('',(78.,172.,-1.));
#4530 = DIRECTION('',(0.,1.,0.));
#4531 = DIRECTION('',(0.,0.,1.));
#4532 = ADVANCED_FACE('',(#4533),#4558,.T.);
#4533 = FACE_BOUND('',#4534,.T.);
#4534 = EDGE_LOOP('',(#4535,#4543,#4551,#4557));
#4535 = ORIENTED_EDGE('',*,*,#4536,.F.);
#4536 = EDGE_CURVE('',#4537,#420,#4539,.T.);
#4537 = VERTEX_POINT('',#4538);
#4538 = CARTESIAN_POINT('',(88.,145.,0.));
#4539 = LINE('',#4540,#4541);
#4540 = CARTESIAN_POINT('',(88.,145.,-1.));
#4541 = VECTOR('',#4542,1.);
#4542 = DIRECTION('',(0.,0.,1.));
#4543 = ORIENTED_EDGE('',*,*,#4544,.T.);
#4544 = EDGE_CURVE('',#4537,#4545,#4547,.T.);
#4545 = VERTEX_POINT('',#4546);
#4546 = CARTESIAN_POINT('',(85.,145.,0.));
#4547 = LINE('',#4548,#4549);
#4548 = CARTESIAN_POINT('',(42.5,145.,0.));
#4549 = VECTOR('',#4550,1.);
#4550 = DIRECTION('',(-1.,0.,0.));
#4551 = ORIENTED_EDGE('',*,*,#4552,.T.);
#4552 = EDGE_CURVE('',#4545,#422,#4553,.T.);
#4553 = LINE('',#4554,#4555);
#4554 = CARTESIAN_POINT('',(85.,145.,-1.));
#4555 = VECTOR('',#4556,1.);
#4556 = DIRECTION('',(0.,0.,1.));
#4557 = ORIENTED_EDGE('',*,*,#419,.F.);
#4558 = PLANE('',#4559);
#4559 = AXIS2_PLACEMENT_3D('',#4560,#4561,#4562);
#4560 = CARTESIAN_POINT('',(85.,145.,-1.));
#4561 = DIRECTION('',(0.,1.,0.));
#4562 = DIRECTION('',(0.,0.,1.));
#4563 = ADVANCED_FACE('',(#4564),#4582,.F.);
#4564 = FACE_BOUND('',#4565,.F.);
#4565 = EDGE_LOOP('',(#4566,#4567,#4575,#4581));
#4566 = ORIENTED_EDGE('',*,*,#4536,.F.);
#4567 = ORIENTED_EDGE('',*,*,#4568,.T.);
#4568 = EDGE_CURVE('',#4537,#4569,#4571,.T.);
#4569 = VERTEX_POINT('',#4570);
#4570 = CARTESIAN_POINT('',(88.,172.,0.));
#4571 = LINE('',#4572,#4573);
#4572 = CARTESIAN_POINT('',(88.,72.5,0.));
#4573 = VECTOR('',#4574,1.);
#4574 = DIRECTION('',(0.,1.,0.));
#4575 = ORIENTED_EDGE('',*,*,#4576,.T.);
#4576 = EDGE_CURVE('',#4569,#438,#4577,.T.);
#4577 = LINE('',#4578,#4579);
#4578 = CARTESIAN_POINT('',(88.,172.,-1.));
#4579 = VECTOR('',#4580,1.);
#4580 = DIRECTION('',(0.,0.,1.));
#4581 = ORIENTED_EDGE('',*,*,#445,.F.);
#4582 = PLANE('',#4583);
#4583 = AXIS2_PLACEMENT_3D('',#4584,#4585,#4586);
#4584 = CARTESIAN_POINT('',(88.,145.,-1.));
#4585 = DIRECTION('',(1.,0.,0.));
#4586 = DIRECTION('',(0.,0.,1.));
#4587 = ADVANCED_FACE('',(#4588),#4606,.T.);
#4588 = FACE_BOUND('',#4589,.T.);
#4589 = EDGE_LOOP('',(#4590,#4591,#4599,#4605));
#4590 = ORIENTED_EDGE('',*,*,#4552,.F.);
#4591 = ORIENTED_EDGE('',*,*,#4592,.T.);
#4592 = EDGE_CURVE('',#4545,#4593,#4595,.T.);
#4593 = VERTEX_POINT('',#4594);
#4594 = CARTESIAN_POINT('',(85.,172.,0.));
#4595 = LINE('',#4596,#4597);
#4596 = CARTESIAN_POINT('',(85.,72.5,0.));
#4597 = VECTOR('',#4598,1.);
#4598 = DIRECTION('',(0.,1.,0.));
#4599 = ORIENTED_EDGE('',*,*,#4600,.T.);
#4600 = EDGE_CURVE('',#4593,#430,#4601,.T.);
#4601 = LINE('',#4602,#4603);
#4602 = CARTESIAN_POINT('',(85.,172.,-1.));
#4603 = VECTOR('',#4604,1.);
#4604 = DIRECTION('',(0.,0.,1.));
#4605 = ORIENTED_EDGE('',*,*,#429,.F.);
#4606 = PLANE('',#4607);
#4607 = AXIS2_PLACEMENT_3D('',#4608,#4609,#4610);
#4608 = CARTESIAN_POINT('',(85.,145.,-1.));
#4609 = DIRECTION('',(1.,0.,0.));
#4610 = DIRECTION('',(0.,0.,1.));
#4611 = ADVANCED_FACE('',(#4612),#4623,.F.);
#4612 = FACE_BOUND('',#4613,.F.);
#4613 = EDGE_LOOP('',(#4614,#4615,#4621,#4622));
#4614 = ORIENTED_EDGE('',*,*,#4576,.F.);
#4615 = ORIENTED_EDGE('',*,*,#4616,.T.);
#4616 = EDGE_CURVE('',#4569,#4593,#4617,.T.);
#4617 = LINE('',#4618,#4619);
#4618 = CARTESIAN_POINT('',(42.5,172.,0.));
#4619 = VECTOR('',#4620,1.);
#4620 = DIRECTION('',(-1.,0.,0.));
#4621 = ORIENTED_EDGE('',*,*,#4600,.T.);
#4622 = ORIENTED_EDGE('',*,*,#437,.F.);
#4623 = PLANE('',#4624);
#4624 = AXIS2_PLACEMENT_3D('',#4625,#4626,#4627);
#4625 = CARTESIAN_POINT('',(85.,172.,-1.));
#4626 = DIRECTION('',(0.,1.,0.));
#4627 = DIRECTION('',(0.,0.,1.));
#4628 = ADVANCED_FACE('',(#4629),#4654,.T.);
#4629 = FACE_BOUND('',#4630,.T.);
#4630 = EDGE_LOOP('',(#4631,#4639,#4647,#4653));
#4631 = ORIENTED_EDGE('',*,*,#4632,.F.);
#4632 = EDGE_CURVE('',#4633,#454,#4635,.T.);
#4633 = VERTEX_POINT('',#4634);
#4634 = CARTESIAN_POINT('',(95.,145.,0.));
#4635 = LINE('',#4636,#4637);
#4636 = CARTESIAN_POINT('',(95.,145.,-1.));
#4637 = VECTOR('',#4638,1.);
#4638 = DIRECTION('',(0.,0.,1.));
#4639 = ORIENTED_EDGE('',*,*,#4640,.T.);
#4640 = EDGE_CURVE('',#4633,#4641,#4643,.T.);
#4641 = VERTEX_POINT('',#4642);
#4642 = CARTESIAN_POINT('',(92.,145.,0.));
#4643 = LINE('',#4644,#4645);
#4644 = CARTESIAN_POINT('',(46.,145.,0.));
#4645 = VECTOR('',#4646,1.);
#4646 = DIRECTION('',(-1.,0.,0.));
#4647 = ORIENTED_EDGE('',*,*,#4648,.T.);
#4648 = EDGE_CURVE('',#4641,#456,#4649,.T.);
#4649 = LINE('',#4650,#4651);
#4650 = CARTESIAN_POINT('',(92.,145.,-1.));
#4651 = VECTOR('',#4652,1.);
#4652 = DIRECTION('',(0.,0.,1.));
#4653 = ORIENTED_EDGE('',*,*,#453,.F.);
#4654 = PLANE('',#4655);
#4655 = AXIS2_PLACEMENT_3D('',#4656,#4657,#4658);
#4656 = CARTESIAN_POINT('',(92.,145.,-1.));
#4657 = DIRECTION('',(0.,1.,0.));
#4658 = DIRECTION('',(0.,0.,1.));
#4659 = ADVANCED_FACE('',(#4660),#4678,.F.);
#4660 = FACE_BOUND('',#4661,.F.);
#4661 = EDGE_LOOP('',(#4662,#4663,#4671,#4677));
#4662 = ORIENTED_EDGE('',*,*,#4632,.F.);
#4663 = ORIENTED_EDGE('',*,*,#4664,.T.);
#4664 = EDGE_CURVE('',#4633,#4665,#4667,.T.);
#4665 = VERTEX_POINT('',#4666);
#4666 = CARTESIAN_POINT('',(95.,172.,0.));
#4667 = LINE('',#4668,#4669);
#4668 = CARTESIAN_POINT('',(95.,72.5,0.));
#4669 = VECTOR('',#4670,1.);
#4670 = DIRECTION('',(0.,1.,0.));
#4671 = ORIENTED_EDGE('',*,*,#4672,.T.);
#4672 = EDGE_CURVE('',#4665,#472,#4673,.T.);
#4673 = LINE('',#4674,#4675);
#4674 = CARTESIAN_POINT('',(95.,172.,-1.));
#4675 = VECTOR('',#4676,1.);
#4676 = DIRECTION('',(0.,0.,1.));
#4677 = ORIENTED_EDGE('',*,*,#479,.F.);
#4678 = PLANE('',#4679);
#4679 = AXIS2_PLACEMENT_3D('',#4680,#4681,#4682);
#4680 = CARTESIAN_POINT('',(95.,145.,-1.));
#4681 = DIRECTION('',(1.,0.,0.));
#4682 = DIRECTION('',(0.,0.,1.));
#4683 = ADVANCED_FACE('',(#4684),#4702,.T.);
#4684 = FACE_BOUND('',#4685,.T.);
#4685 = EDGE_LOOP('',(#4686,#4687,#4695,#4701));
#4686 = ORIENTED_EDGE('',*,*,#4648,.F.);
#4687 = ORIENTED_EDGE('',*,*,#4688,.T.);
#4688 = EDGE_CURVE('',#4641,#4689,#4691,.T.);
#4689 = VERTEX_POINT('',#4690);
#4690 = CARTESIAN_POINT('',(92.,172.,0.));
#4691 = LINE('',#4692,#4693);
#4692 = CARTESIAN_POINT('',(92.,72.5,0.));
#4693 = VECTOR('',#4694,1.);
#4694 = DIRECTION('',(0.,1.,0.));
#4695 = ORIENTED_EDGE('',*,*,#4696,.T.);
#4696 = EDGE_CURVE('',#4689,#464,#4697,.T.);
#4697 = LINE('',#4698,#4699);
#4698 = CARTESIAN_POINT('',(92.,172.,-1.));
#4699 = VECTOR('',#4700,1.);
#4700 = DIRECTION('',(0.,0.,1.));
#4701 = ORIENTED_EDGE('',*,*,#463,.F.);
#4702 = PLANE('',#4703);
#4703 = AXIS2_PLACEMENT_3D('',#4704,#4705,#4706);
#4704 = CARTESIAN_POINT('',(92.,145.,-1.));
#4705 = DIRECTION('',(1.,0.,0.));
#4706 = DIRECTION('',(0.,0.,1.));
#4707 = ADVANCED_FACE('',(#4708),#4719,.F.);
#4708 = FACE_BOUND('',#4709,.F.);
#4709 = EDGE_LOOP('',(#4710,#4711,#4717,#4718));
#4710 = ORIENTED_EDGE('',*,*,#4672,.F.);
#4711 = ORIENTED_EDGE('',*,*,#4712,.T.);
#4712 = EDGE_CURVE('',#4665,#4689,#4713,.T.);
#4713 = LINE('',#4714,#4715);
#4714 = CARTESIAN_POINT('',(46.,172.,0.));
#4715 = VECTOR('',#4716,1.);
#4716 = DIRECTION('',(-1.,0.,0.));
#4717 = ORIENTED_EDGE('',*,*,#4696,.T.);
#4718 = ORIENTED_EDGE('',*,*,#471,.F.);
#4719 = PLANE('',#4720);
#4720 = AXIS2_PLACEMENT_3D('',#4721,#4722,#4723);
#4721 = CARTESIAN_POINT('',(92.,172.,-1.));
#4722 = DIRECTION('',(0.,1.,0.));
#4723 = DIRECTION('',(0.,0.,1.));
#4724 = ADVANCED_FACE('',(#4725),#4744,.F.);
#4725 = FACE_BOUND('',#4726,.F.);
#4726 = EDGE_LOOP('',(#4727,#4728,#4736,#4743));
#4727 = ORIENTED_EDGE('',*,*,#487,.F.);
#4728 = ORIENTED_EDGE('',*,*,#4729,.F.);
#4729 = EDGE_CURVE('',#4730,#488,#4732,.T.);
#4730 = VERTEX_POINT('',#4731);
#4731 = CARTESIAN_POINT('',(103.95,131.5,0.));
#4732 = LINE('',#4733,#4734);
#4733 = CARTESIAN_POINT('',(103.95,131.5,-1.));
#4734 = VECTOR('',#4735,1.);
#4735 = DIRECTION('',(0.,0.,1.));
#4736 = ORIENTED_EDGE('',*,*,#4737,.T.);
#4737 = EDGE_CURVE('',#4730,#4730,#4738,.T.);
#4738 = CIRCLE('',#4739,1.45);
#4739 = AXIS2_PLACEMENT_3D('',#4740,#4741,#4742);
#4740 = CARTESIAN_POINT('',(102.5,131.5,0.));
#4741 = DIRECTION('',(0.,0.,1.));
#4742 = DIRECTION('',(1.,0.,0.));
#4743 = ORIENTED_EDGE('',*,*,#4729,.T.);
#4744 = CYLINDRICAL_SURFACE('',#4745,1.45);
#4745 = AXIS2_PLACEMENT_3D('',#4746,#4747,#4748);
#4746 = CARTESIAN_POINT('',(102.5,131.5,-1.));
#4747 = DIRECTION('',(0.,0.,1.));
#4748 = DIRECTION('',(1.,0.,0.));
#4749 = ADVANCED_FACE('',(#4750),#4775,.T.);
#4750 = FACE_BOUND('',#4751,.T.);
#4751 = EDGE_LOOP('',(#4752,#4760,#4768,#4774));
#4752 = ORIENTED_EDGE('',*,*,#4753,.F.);
#4753 = EDGE_CURVE('',#4754,#499,#4756,.T.);
#4754 = VERTEX_POINT('',#4755);
#4755 = CARTESIAN_POINT('',(128.,139.,0.));
#4756 = LINE('',#4757,#4758);
#4757 = CARTESIAN_POINT('',(128.,139.,-1.));
#4758 = VECTOR('',#4759,1.);
#4759 = DIRECTION('',(0.,0.,1.));
#4760 = ORIENTED_EDGE('',*,*,#4761,.T.);
#4761 = EDGE_CURVE('',#4754,#4762,#4764,.T.);
#4762 = VERTEX_POINT('',#4763);
#4763 = CARTESIAN_POINT('',(125.,139.,0.));
#4764 = LINE('',#4765,#4766);
#4765 = CARTESIAN_POINT('',(62.5,139.,0.));
#4766 = VECTOR('',#4767,1.);
#4767 = DIRECTION('',(-1.,0.,0.));
#4768 = ORIENTED_EDGE('',*,*,#4769,.T.);
#4769 = EDGE_CURVE('',#4762,#501,#4770,.T.);
#4770 = LINE('',#4771,#4772);
#4771 = CARTESIAN_POINT('',(125.,139.,-1.));
#4772 = VECTOR('',#4773,1.);
#4773 = DIRECTION('',(0.,0.,1.));
#4774 = ORIENTED_EDGE('',*,*,#498,.F.);
#4775 = PLANE('',#4776);
#4776 = AXIS2_PLACEMENT_3D('',#4777,#4778,#4779);
#4777 = CARTESIAN_POINT('',(125.,139.,-1.));
#4778 = DIRECTION('',(0.,1.,0.));
#4779 = DIRECTION('',(0.,0.,1.));
#4780 = ADVANCED_FACE('',(#4781),#4799,.F.);
#4781 = FACE_BOUND('',#4782,.F.);
#4782 = EDGE_LOOP('',(#4783,#4784,#4792,#4798));
#4783 = ORIENTED_EDGE('',*,*,#4753,.F.);
#4784 = ORIENTED_EDGE('',*,*,#4785,.T.);
#4785 = EDGE_CURVE('',#4754,#4786,#4788,.T.);
#4786 = VERTEX_POINT('',#4787);
#4787 = CARTESIAN_POINT('',(128.,172.,0.));
#4788 = LINE('',#4789,#4790);
#4789 = CARTESIAN_POINT('',(128.,69.5,0.));
#4790 = VECTOR('',#4791,1.);
#4791 = DIRECTION('',(0.,1.,0.));
#4792 = ORIENTED_EDGE('',*,*,#4793,.T.);
#4793 = EDGE_CURVE('',#4786,#517,#4794,.T.);
#4794 = LINE('',#4795,#4796);
#4795 = CARTESIAN_POINT('',(128.,172.,-1.));
#4796 = VECTOR('',#4797,1.);
#4797 = DIRECTION('',(0.,0.,1.));
#4798 = ORIENTED_EDGE('',*,*,#524,.F.);
#4799 = PLANE('',#4800);
#4800 = AXIS2_PLACEMENT_3D('',#4801,#4802,#4803);
#4801 = CARTESIAN_POINT('',(128.,139.,-1.));
#4802 = DIRECTION('',(1.,0.,0.));
#4803 = DIRECTION('',(0.,0.,1.));
#4804 = ADVANCED_FACE('',(#4805),#4823,.T.);
#4805 = FACE_BOUND('',#4806,.T.);
#4806 = EDGE_LOOP('',(#4807,#4808,#4816,#4822));
#4807 = ORIENTED_EDGE('',*,*,#4769,.F.);
#4808 = ORIENTED_EDGE('',*,*,#4809,.T.);
#4809 = EDGE_CURVE('',#4762,#4810,#4812,.T.);
#4810 = VERTEX_POINT('',#4811);
#4811 = CARTESIAN_POINT('',(125.,172.,0.));
#4812 = LINE('',#4813,#4814);
#4813 = CARTESIAN_POINT('',(125.,69.5,0.));
#4814 = VECTOR('',#4815,1.);
#4815 = DIRECTION('',(0.,1.,0.));
#4816 = ORIENTED_EDGE('',*,*,#4817,.T.);
#4817 = EDGE_CURVE('',#4810,#509,#4818,.T.);
#4818 = LINE('',#4819,#4820);
#4819 = CARTESIAN_POINT('',(125.,172.,-1.));
#4820 = VECTOR('',#4821,1.);
#4821 = DIRECTION('',(0.,0.,1.));
#4822 = ORIENTED_EDGE('',*,*,#508,.F.);
#4823 = PLANE('',#4824);
#4824 = AXIS2_PLACEMENT_3D('',#4825,#4826,#4827);
#4825 = CARTESIAN_POINT('',(125.,139.,-1.));
#4826 = DIRECTION('',(1.,0.,0.));
#4827 = DIRECTION('',(0.,0.,1.));
#4828 = ADVANCED_FACE('',(#4829),#4840,.F.);
#4829 = FACE_BOUND('',#4830,.F.);
#4830 = EDGE_LOOP('',(#4831,#4832,#4838,#4839));
#4831 = ORIENTED_EDGE('',*,*,#4793,.F.);
#4832 = ORIENTED_EDGE('',*,*,#4833,.T.);
#4833 = EDGE_CURVE('',#4786,#4810,#4834,.T.);
#4834 = LINE('',#4835,#4836);
#4835 = CARTESIAN_POINT('',(62.5,172.,0.));
#4836 = VECTOR('',#4837,1.);
#4837 = DIRECTION('',(-1.,0.,0.));
#4838 = ORIENTED_EDGE('',*,*,#4817,.T.);
#4839 = ORIENTED_EDGE('',*,*,#516,.F.);
#4840 = PLANE('',#4841);
#4841 = AXIS2_PLACEMENT_3D('',#4842,#4843,#4844);
#4842 = CARTESIAN_POINT('',(125.,172.,-1.));
#4843 = DIRECTION('',(0.,1.,0.));
#4844 = DIRECTION('',(0.,0.,1.));
#4845 = ADVANCED_FACE('',(#4846),#4871,.T.);
#4846 = FACE_BOUND('',#4847,.T.);
#4847 = EDGE_LOOP('',(#4848,#4856,#4864,#4870));
#4848 = ORIENTED_EDGE('',*,*,#4849,.F.);
#4849 = EDGE_CURVE('',#4850,#533,#4852,.T.);
#4850 = VERTEX_POINT('',#4851);
#4851 = CARTESIAN_POINT('',(137.,139.,0.));
#4852 = LINE('',#4853,#4854);
#4853 = CARTESIAN_POINT('',(137.,139.,-1.));
#4854 = VECTOR('',#4855,1.);
#4855 = DIRECTION('',(0.,0.,1.));
#4856 = ORIENTED_EDGE('',*,*,#4857,.T.);
#4857 = EDGE_CURVE('',#4850,#4858,#4860,.T.);
#4858 = VERTEX_POINT('',#4859);
#4859 = CARTESIAN_POINT('',(134.,139.,0.));
#4860 = LINE('',#4861,#4862);
#4861 = CARTESIAN_POINT('',(67.,139.,0.));
#4862 = VECTOR('',#4863,1.);
#4863 = DIRECTION('',(-1.,0.,0.));
#4864 = ORIENTED_EDGE('',*,*,#4865,.T.);
#4865 = EDGE_CURVE('',#4858,#535,#4866,.T.);
#4866 = LINE('',#4867,#4868);
#4867 = CARTESIAN_POINT('',(134.,139.,-1.));
#4868 = VECTOR('',#4869,1.);
#4869 = DIRECTION('',(0.,0.,1.));
#4870 = ORIENTED_EDGE('',*,*,#532,.F.);
#4871 = PLANE('',#4872);
#4872 = AXIS2_PLACEMENT_3D('',#4873,#4874,#4875);
#4873 = CARTESIAN_POINT('',(134.,139.,-1.));
#4874 = DIRECTION('',(0.,1.,0.));
#4875 = DIRECTION('',(0.,0.,1.));
#4876 = ADVANCED_FACE('',(#4877),#4895,.F.);
#4877 = FACE_BOUND('',#4878,.F.);
#4878 = EDGE_LOOP('',(#4879,#4880,#4888,#4894));
#4879 = ORIENTED_EDGE('',*,*,#4849,.F.);
#4880 = ORIENTED_EDGE('',*,*,#4881,.T.);
#4881 = EDGE_CURVE('',#4850,#4882,#4884,.T.);
#4882 = VERTEX_POINT('',#4883);
#4883 = CARTESIAN_POINT('',(137.,172.,0.));
#4884 = LINE('',#4885,#4886);
#4885 = CARTESIAN_POINT('',(137.,69.5,0.));
#4886 = VECTOR('',#4887,1.);
#4887 = DIRECTION('',(0.,1.,0.));
#4888 = ORIENTED_EDGE('',*,*,#4889,.T.);
#4889 = EDGE_CURVE('',#4882,#551,#4890,.T.);
#4890 = LINE('',#4891,#4892);
#4891 = CARTESIAN_POINT('',(137.,172.,-1.));
#4892 = VECTOR('',#4893,1.);
#4893 = DIRECTION('',(0.,0.,1.));
#4894 = ORIENTED_EDGE('',*,*,#558,.F.);
#4895 = PLANE('',#4896);
#4896 = AXIS2_PLACEMENT_3D('',#4897,#4898,#4899);
#4897 = CARTESIAN_POINT('',(137.,139.,-1.));
#4898 = DIRECTION('',(1.,0.,0.));
#4899 = DIRECTION('',(0.,0.,1.));
#4900 = ADVANCED_FACE('',(#4901),#4919,.T.);
#4901 = FACE_BOUND('',#4902,.T.);
#4902 = EDGE_LOOP('',(#4903,#4904,#4912,#4918));
#4903 = ORIENTED_EDGE('',*,*,#4865,.F.);
#4904 = ORIENTED_EDGE('',*,*,#4905,.T.);
#4905 = EDGE_CURVE('',#4858,#4906,#4908,.T.);
#4906 = VERTEX_POINT('',#4907);
#4907 = CARTESIAN_POINT('',(134.,172.,0.));
#4908 = LINE('',#4909,#4910);
#4909 = CARTESIAN_POINT('',(134.,69.5,0.));
#4910 = VECTOR('',#4911,1.);
#4911 = DIRECTION('',(0.,1.,0.));
#4912 = ORIENTED_EDGE('',*,*,#4913,.T.);
#4913 = EDGE_CURVE('',#4906,#543,#4914,.T.);
#4914 = LINE('',#4915,#4916);
#4915 = CARTESIAN_POINT('',(134.,172.,-1.));
#4916 = VECTOR('',#4917,1.);
#4917 = DIRECTION('',(0.,0.,1.));
#4918 = ORIENTED_EDGE('',*,*,#542,.F.);
#4919 = PLANE('',#4920);
#4920 = AXIS2_PLACEMENT_3D('',#4921,#4922,#4923);
#4921 = CARTESIAN_POINT('',(134.,139.,-1.));
#4922 = DIRECTION('',(1.,0.,0.));
#4923 = DIRECTION('',(0.,0.,1.));
#4924 = ADVANCED_FACE('',(#4925),#4936,.F.);
#4925 = FACE_BOUND('',#4926,.F.);
#4926 = EDGE_LOOP('',(#4927,#4928,#4934,#4935));
#4927 = ORIENTED_EDGE('',*,*,#4889,.F.);
#4928 = ORIENTED_EDGE('',*,*,#4929,.T.);
#4929 = EDGE_CURVE('',#4882,#4906,#4930,.T.);
#4930 = LINE('',#4931,#4932);
#4931 = CARTESIAN_POINT('',(67.,172.,0.));
#4932 = VECTOR('',#4933,1.);
#4933 = DIRECTION('',(-1.,0.,0.));
#4934 = ORIENTED_EDGE('',*,*,#4913,.T.);
#4935 = ORIENTED_EDGE('',*,*,#550,.F.);
#4936 = PLANE('',#4937);
#4937 = AXIS2_PLACEMENT_3D('',#4938,#4939,#4940);
#4938 = CARTESIAN_POINT('',(134.,172.,-1.));
#4939 = DIRECTION('',(0.,1.,0.));
#4940 = DIRECTION('',(0.,0.,1.));
#4941 = ADVANCED_FACE('',(#4942),#4961,.F.);
#4942 = FACE_BOUND('',#4943,.F.);
#4943 = EDGE_LOOP('',(#4944,#4945,#4953,#4960));
#4944 = ORIENTED_EDGE('',*,*,#566,.F.);
#4945 = ORIENTED_EDGE('',*,*,#4946,.F.);
#4946 = EDGE_CURVE('',#4947,#567,#4949,.T.);
#4947 = VERTEX_POINT('',#4948);
#4948 = CARTESIAN_POINT('',(103.95,180.5,0.));
#4949 = LINE('',#4950,#4951);
#4950 = CARTESIAN_POINT('',(103.95,180.5,-1.));
#4951 = VECTOR('',#4952,1.);
#4952 = DIRECTION('',(0.,0.,1.));
#4953 = ORIENTED_EDGE('',*,*,#4954,.T.);
#4954 = EDGE_CURVE('',#4947,#4947,#4955,.T.);
#4955 = CIRCLE('',#4956,1.45);
#4956 = AXIS2_PLACEMENT_3D('',#4957,#4958,#4959);
#4957 = CARTESIAN_POINT('',(102.5,180.5,0.));
#4958 = DIRECTION('',(0.,0.,1.));
#4959 = DIRECTION('',(1.,0.,0.));
#4960 = ORIENTED_EDGE('',*,*,#4946,.T.);
#4961 = CYLINDRICAL_SURFACE('',#4962,1.45);
#4962 = AXIS2_PLACEMENT_3D('',#4963,#4964,#4965);
#4963 = CARTESIAN_POINT('',(102.5,180.5,-1.));
#4964 = DIRECTION('',(0.,0.,1.));
#4965 = DIRECTION('',(1.,0.,0.));
#4966 = ADVANCED_FACE('',(#4967),#4992,.T.);
#4967 = FACE_BOUND('',#4968,.T.);
#4968 = EDGE_LOOP('',(#4969,#4977,#4985,#4991));
#4969 = ORIENTED_EDGE('',*,*,#4970,.F.);
#4970 = EDGE_CURVE('',#4971,#578,#4973,.T.);
#4971 = VERTEX_POINT('',#4972);
#4972 = CARTESIAN_POINT('',(146.,139.,0.));
#4973 = LINE('',#4974,#4975);
#4974 = CARTESIAN_POINT('',(146.,139.,-1.));
#4975 = VECTOR('',#4976,1.);
#4976 = DIRECTION('',(0.,0.,1.));
#4977 = ORIENTED_EDGE('',*,*,#4978,.T.);
#4978 = EDGE_CURVE('',#4971,#4979,#4981,.T.);
#4979 = VERTEX_POINT('',#4980);
#4980 = CARTESIAN_POINT('',(143.,139.,0.));
#4981 = LINE('',#4982,#4983);
#4982 = CARTESIAN_POINT('',(71.5,139.,0.));
#4983 = VECTOR('',#4984,1.);
#4984 = DIRECTION('',(-1.,0.,0.));
#4985 = ORIENTED_EDGE('',*,*,#4986,.T.);
#4986 = EDGE_CURVE('',#4979,#580,#4987,.T.);
#4987 = LINE('',#4988,#4989);
#4988 = CARTESIAN_POINT('',(143.,139.,-1.));
#4989 = VECTOR('',#4990,1.);
#4990 = DIRECTION('',(0.,0.,1.));
#4991 = ORIENTED_EDGE('',*,*,#577,.F.);
#4992 = PLANE('',#4993);
#4993 = AXIS2_PLACEMENT_3D('',#4994,#4995,#4996);
#4994 = CARTESIAN_POINT('',(143.,139.,-1.));
#4995 = DIRECTION('',(0.,1.,0.));
#4996 = DIRECTION('',(0.,0.,1.));
#4997 = ADVANCED_FACE('',(#4998),#5016,.F.);
#4998 = FACE_BOUND('',#4999,.F.);
#4999 = EDGE_LOOP('',(#5000,#5001,#5009,#5015));
#5000 = ORIENTED_EDGE('',*,*,#4970,.F.);
#5001 = ORIENTED_EDGE('',*,*,#5002,.T.);
#5002 = EDGE_CURVE('',#4971,#5003,#5005,.T.);
#5003 = VERTEX_POINT('',#5004);
#5004 = CARTESIAN_POINT('',(146.,172.,0.));
#5005 = LINE('',#5006,#5007);
#5006 = CARTESIAN_POINT('',(146.,69.5,0.));
#5007 = VECTOR('',#5008,1.);
#5008 = DIRECTION('',(0.,1.,0.));
#5009 = ORIENTED_EDGE('',*,*,#5010,.T.);
#5010 = EDGE_CURVE('',#5003,#596,#5011,.T.);
#5011 = LINE('',#5012,#5013);
#5012 = CARTESIAN_POINT('',(146.,172.,-1.));
#5013 = VECTOR('',#5014,1.);
#5014 = DIRECTION('',(0.,0.,1.));
#5015 = ORIENTED_EDGE('',*,*,#603,.F.);
#5016 = PLANE('',#5017);
#5017 = AXIS2_PLACEMENT_3D('',#5018,#5019,#5020);
#5018 = CARTESIAN_POINT('',(146.,139.,-1.));
#5019 = DIRECTION('',(1.,0.,0.));
#5020 = DIRECTION('',(0.,0.,1.));
#5021 = ADVANCED_FACE('',(#5022),#5040,.T.);
#5022 = FACE_BOUND('',#5023,.T.);
#5023 = EDGE_LOOP('',(#5024,#5025,#5033,#5039));
#5024 = ORIENTED_EDGE('',*,*,#4986,.F.);
#5025 = ORIENTED_EDGE('',*,*,#5026,.T.);
#5026 = EDGE_CURVE('',#4979,#5027,#5029,.T.);
#5027 = VERTEX_POINT('',#5028);
#5028 = CARTESIAN_POINT('',(143.,172.,0.));
#5029 = LINE('',#5030,#5031);
#5030 = CARTESIAN_POINT('',(143.,69.5,0.));
#5031 = VECTOR('',#5032,1.);
#5032 = DIRECTION('',(0.,1.,0.));
#5033 = ORIENTED_EDGE('',*,*,#5034,.T.);
#5034 = EDGE_CURVE('',#5027,#588,#5035,.T.);
#5035 = LINE('',#5036,#5037);
#5036 = CARTESIAN_POINT('',(143.,172.,-1.));
#5037 = VECTOR('',#5038,1.);
#5038 = DIRECTION('',(0.,0.,1.));
#5039 = ORIENTED_EDGE('',*,*,#587,.F.);
#5040 = PLANE('',#5041);
#5041 = AXIS2_PLACEMENT_3D('',#5042,#5043,#5044);
#5042 = CARTESIAN_POINT('',(143.,139.,-1.));
#5043 = DIRECTION('',(1.,0.,0.));
#5044 = DIRECTION('',(0.,0.,1.));
#5045 = ADVANCED_FACE('',(#5046),#5057,.F.);
#5046 = FACE_BOUND('',#5047,.F.);
#5047 = EDGE_LOOP('',(#5048,#5049,#5055,#5056));
#5048 = ORIENTED_EDGE('',*,*,#5010,.F.);
#5049 = ORIENTED_EDGE('',*,*,#5050,.T.);
#5050 = EDGE_CURVE('',#5003,#5027,#5051,.T.);
#5051 = LINE('',#5052,#5053);
#5052 = CARTESIAN_POINT('',(71.5,172.,0.));
#5053 = VECTOR('',#5054,1.);
#5054 = DIRECTION('',(-1.,0.,0.));
#5055 = ORIENTED_EDGE('',*,*,#5034,.T.);
#5056 = ORIENTED_EDGE('',*,*,#595,.F.);
#5057 = PLANE('',#5058);
#5058 = AXIS2_PLACEMENT_3D('',#5059,#5060,#5061);
#5059 = CARTESIAN_POINT('',(143.,172.,-1.));
#5060 = DIRECTION('',(0.,1.,0.));
#5061 = DIRECTION('',(0.,0.,1.));
#5062 = ADVANCED_FACE('',(#5063),#5088,.T.);
#5063 = FACE_BOUND('',#5064,.T.);
#5064 = EDGE_LOOP('',(#5065,#5073,#5081,#5087));
#5065 = ORIENTED_EDGE('',*,*,#5066,.F.);
#5066 = EDGE_CURVE('',#5067,#612,#5069,.T.);
#5067 = VERTEX_POINT('',#5068);
#5068 = CARTESIAN_POINT('',(155.,139.,0.));
#5069 = LINE('',#5070,#5071);
#5070 = CARTESIAN_POINT('',(155.,139.,-1.));
#5071 = VECTOR('',#5072,1.);
#5072 = DIRECTION('',(0.,0.,1.));
#5073 = ORIENTED_EDGE('',*,*,#5074,.T.);
#5074 = EDGE_CURVE('',#5067,#5075,#5077,.T.);
#5075 = VERTEX_POINT('',#5076);
#5076 = CARTESIAN_POINT('',(152.,139.,0.));
#5077 = LINE('',#5078,#5079);
#5078 = CARTESIAN_POINT('',(76.,139.,0.));
#5079 = VECTOR('',#5080,1.);
#5080 = DIRECTION('',(-1.,0.,0.));
#5081 = ORIENTED_EDGE('',*,*,#5082,.T.);
#5082 = EDGE_CURVE('',#5075,#614,#5083,.T.);
#5083 = LINE('',#5084,#5085);
#5084 = CARTESIAN_POINT('',(152.,139.,-1.));
#5085 = VECTOR('',#5086,1.);
#5086 = DIRECTION('',(0.,0.,1.));
#5087 = ORIENTED_EDGE('',*,*,#611,.F.);
#5088 = PLANE('',#5089);
#5089 = AXIS2_PLACEMENT_3D('',#5090,#5091,#5092);
#5090 = CARTESIAN_POINT('',(152.,139.,-1.));
#5091 = DIRECTION('',(0.,1.,0.));
#5092 = DIRECTION('',(0.,0.,1.));
#5093 = ADVANCED_FACE('',(#5094),#5112,.F.);
#5094 = FACE_BOUND('',#5095,.F.);
#5095 = EDGE_LOOP('',(#5096,#5097,#5105,#5111));
#5096 = ORIENTED_EDGE('',*,*,#5066,.F.);
#5097 = ORIENTED_EDGE('',*,*,#5098,.T.);
#5098 = EDGE_CURVE('',#5067,#5099,#5101,.T.);
#5099 = VERTEX_POINT('',#5100);
#5100 = CARTESIAN_POINT('',(155.,172.,0.));
#5101 = LINE('',#5102,#5103);
#5102 = CARTESIAN_POINT('',(155.,69.5,0.));
#5103 = VECTOR('',#5104,1.);
#5104 = DIRECTION('',(0.,1.,0.));
#5105 = ORIENTED_EDGE('',*,*,#5106,.T.);
#5106 = EDGE_CURVE('',#5099,#630,#5107,.T.);
#5107 = LINE('',#5108,#5109);
#5108 = CARTESIAN_POINT('',(155.,172.,-1.));
#5109 = VECTOR('',#5110,1.);
#5110 = DIRECTION('',(0.,0.,1.));
#5111 = ORIENTED_EDGE('',*,*,#637,.F.);
#5112 = PLANE('',#5113);
#5113 = AXIS2_PLACEMENT_3D('',#5114,#5115,#5116);
#5114 = CARTESIAN_POINT('',(155.,139.,-1.));
#5115 = DIRECTION('',(1.,0.,0.));
#5116 = DIRECTION('',(0.,0.,1.));
#5117 = ADVANCED_FACE('',(#5118),#5136,.T.);
#5118 = FACE_BOUND('',#5119,.T.);
#5119 = EDGE_LOOP('',(#5120,#5121,#5129,#5135));
#5120 = ORIENTED_EDGE('',*,*,#5082,.F.);
#5121 = ORIENTED_EDGE('',*,*,#5122,.T.);
#5122 = EDGE_CURVE('',#5075,#5123,#5125,.T.);
#5123 = VERTEX_POINT('',#5124);
#5124 = CARTESIAN_POINT('',(152.,172.,0.));
#5125 = LINE('',#5126,#5127);
#5126 = CARTESIAN_POINT('',(152.,69.5,0.));
#5127 = VECTOR('',#5128,1.);
#5128 = DIRECTION('',(0.,1.,0.));
#5129 = ORIENTED_EDGE('',*,*,#5130,.T.);
#5130 = EDGE_CURVE('',#5123,#622,#5131,.T.);
#5131 = LINE('',#5132,#5133);
#5132 = CARTESIAN_POINT('',(152.,172.,-1.));
#5133 = VECTOR('',#5134,1.);
#5134 = DIRECTION('',(0.,0.,1.));
#5135 = ORIENTED_EDGE('',*,*,#621,.F.);
#5136 = PLANE('',#5137);
#5137 = AXIS2_PLACEMENT_3D('',#5138,#5139,#5140);
#5138 = CARTESIAN_POINT('',(152.,139.,-1.));
#5139 = DIRECTION('',(1.,0.,0.));
#5140 = DIRECTION('',(0.,0.,1.));
#5141 = ADVANCED_FACE('',(#5142),#5153,.F.);
#5142 = FACE_BOUND('',#5143,.F.);
#5143 = EDGE_LOOP('',(#5144,#5145,#5151,#5152));
#5144 = ORIENTED_EDGE('',*,*,#5106,.F.);
#5145 = ORIENTED_EDGE('',*,*,#5146,.T.);
#5146 = EDGE_CURVE('',#5099,#5123,#5147,.T.);
#5147 = LINE('',#5148,#5149);
#5148 = CARTESIAN_POINT('',(76.,172.,0.));
#5149 = VECTOR('',#5150,1.);
#5150 = DIRECTION('',(-1.,0.,0.));
#5151 = ORIENTED_EDGE('',*,*,#5130,.T.);
#5152 = ORIENTED_EDGE('',*,*,#629,.F.);
#5153 = PLANE('',#5154);
#5154 = AXIS2_PLACEMENT_3D('',#5155,#5156,#5157);
#5155 = CARTESIAN_POINT('',(152.,172.,-1.));
#5156 = DIRECTION('',(0.,1.,0.));
#5157 = DIRECTION('',(0.,0.,1.));
#5158 = ADVANCED_FACE('',(#5159),#5184,.T.);
#5159 = FACE_BOUND('',#5160,.T.);
#5160 = EDGE_LOOP('',(#5161,#5169,#5177,#5183));
#5161 = ORIENTED_EDGE('',*,*,#5162,.F.);
#5162 = EDGE_CURVE('',#5163,#646,#5165,.T.);
#5163 = VERTEX_POINT('',#5164);
#5164 = CARTESIAN_POINT('',(164.,139.,0.));
#5165 = LINE('',#5166,#5167);
#5166 = CARTESIAN_POINT('',(164.,139.,-1.));
#5167 = VECTOR('',#5168,1.);
#5168 = DIRECTION('',(0.,0.,1.));
#5169 = ORIENTED_EDGE('',*,*,#5170,.T.);
#5170 = EDGE_CURVE('',#5163,#5171,#5173,.T.);
#5171 = VERTEX_POINT('',#5172);
#5172 = CARTESIAN_POINT('',(161.,139.,0.));
#5173 = LINE('',#5174,#5175);
#5174 = CARTESIAN_POINT('',(80.5,139.,0.));
#5175 = VECTOR('',#5176,1.);
#5176 = DIRECTION('',(-1.,0.,0.));
#5177 = ORIENTED_EDGE('',*,*,#5178,.T.);
#5178 = EDGE_CURVE('',#5171,#648,#5179,.T.);
#5179 = LINE('',#5180,#5181);
#5180 = CARTESIAN_POINT('',(161.,139.,-1.));
#5181 = VECTOR('',#5182,1.);
#5182 = DIRECTION('',(0.,0.,1.));
#5183 = ORIENTED_EDGE('',*,*,#645,.F.);
#5184 = PLANE('',#5185);
#5185 = AXIS2_PLACEMENT_3D('',#5186,#5187,#5188);
#5186 = CARTESIAN_POINT('',(161.,139.,-1.));
#5187 = DIRECTION('',(0.,1.,0.));
#5188 = DIRECTION('',(0.,0.,1.));
#5189 = ADVANCED_FACE('',(#5190),#5208,.F.);
#5190 = FACE_BOUND('',#5191,.F.);
#5191 = EDGE_LOOP('',(#5192,#5193,#5201,#5207));
#5192 = ORIENTED_EDGE('',*,*,#5162,.F.);
#5193 = ORIENTED_EDGE('',*,*,#5194,.T.);
#5194 = EDGE_CURVE('',#5163,#5195,#5197,.T.);
#5195 = VERTEX_POINT('',#5196);
#5196 = CARTESIAN_POINT('',(164.,172.,0.));
#5197 = LINE('',#5198,#5199);
#5198 = CARTESIAN_POINT('',(164.,69.5,0.));
#5199 = VECTOR('',#5200,1.);
#5200 = DIRECTION('',(0.,1.,0.));
#5201 = ORIENTED_EDGE('',*,*,#5202,.T.);
#5202 = EDGE_CURVE('',#5195,#664,#5203,.T.);
#5203 = LINE('',#5204,#5205);
#5204 = CARTESIAN_POINT('',(164.,172.,-1.));
#5205 = VECTOR('',#5206,1.);
#5206 = DIRECTION('',(0.,0.,1.));
#5207 = ORIENTED_EDGE('',*,*,#671,.F.);
#5208 = PLANE('',#5209);
#5209 = AXIS2_PLACEMENT_3D('',#5210,#5211,#5212);
#5210 = CARTESIAN_POINT('',(164.,139.,-1.));
#5211 = DIRECTION('',(1.,0.,0.));
#5212 = DIRECTION('',(0.,0.,1.));
#5213 = ADVANCED_FACE('',(#5214),#5232,.T.);
#5214 = FACE_BOUND('',#5215,.T.);
#5215 = EDGE_LOOP('',(#5216,#5217,#5225,#5231));
#5216 = ORIENTED_EDGE('',*,*,#5178,.F.);
#5217 = ORIENTED_EDGE('',*,*,#5218,.T.);
#5218 = EDGE_CURVE('',#5171,#5219,#5221,.T.);
#5219 = VERTEX_POINT('',#5220);
#5220 = CARTESIAN_POINT('',(161.,172.,0.));
#5221 = LINE('',#5222,#5223);
#5222 = CARTESIAN_POINT('',(161.,69.5,0.));
#5223 = VECTOR('',#5224,1.);
#5224 = DIRECTION('',(0.,1.,0.));
#5225 = ORIENTED_EDGE('',*,*,#5226,.T.);
#5226 = EDGE_CURVE('',#5219,#656,#5227,.T.);
#5227 = LINE('',#5228,#5229);
#5228 = CARTESIAN_POINT('',(161.,172.,-1.));
#5229 = VECTOR('',#5230,1.);
#5230 = DIRECTION('',(0.,0.,1.));
#5231 = ORIENTED_EDGE('',*,*,#655,.F.);
#5232 = PLANE('',#5233);
#5233 = AXIS2_PLACEMENT_3D('',#5234,#5235,#5236);
#5234 = CARTESIAN_POINT('',(161.,139.,-1.));
#5235 = DIRECTION('',(1.,0.,0.));
#5236 = DIRECTION('',(0.,0.,1.));
#5237 = ADVANCED_FACE('',(#5238),#5249,.F.);
#5238 = FACE_BOUND('',#5239,.F.);
#5239 = EDGE_LOOP('',(#5240,#5241,#5247,#5248));
#5240 = ORIENTED_EDGE('',*,*,#5202,.F.);
#5241 = ORIENTED_EDGE('',*,*,#5242,.T.);
#5242 = EDGE_CURVE('',#5195,#5219,#5243,.T.);
#5243 = LINE('',#5244,#5245);
#5244 = CARTESIAN_POINT('',(80.5,172.,0.));
#5245 = VECTOR('',#5246,1.);
#5246 = DIRECTION('',(-1.,0.,0.));
#5247 = ORIENTED_EDGE('',*,*,#5226,.T.);
#5248 = ORIENTED_EDGE('',*,*,#663,.F.);
#5249 = PLANE('',#5250);
#5250 = AXIS2_PLACEMENT_3D('',#5251,#5252,#5253);
#5251 = CARTESIAN_POINT('',(161.,172.,-1.));
#5252 = DIRECTION('',(0.,1.,0.));
#5253 = DIRECTION('',(0.,0.,1.));
#5254 = ADVANCED_FACE('',(#5255),#5280,.T.);
#5255 = FACE_BOUND('',#5256,.T.);
#5256 = EDGE_LOOP('',(#5257,#5265,#5273,#5279));
#5257 = ORIENTED_EDGE('',*,*,#5258,.F.);
#5258 = EDGE_CURVE('',#5259,#680,#5261,.T.);
#5259 = VERTEX_POINT('',#5260);
#5260 = CARTESIAN_POINT('',(173.,139.,0.));
#5261 = LINE('',#5262,#5263);
#5262 = CARTESIAN_POINT('',(173.,139.,-1.));
#5263 = VECTOR('',#5264,1.);
#5264 = DIRECTION('',(0.,0.,1.));
#5265 = ORIENTED_EDGE('',*,*,#5266,.T.);
#5266 = EDGE_CURVE('',#5259,#5267,#5269,.T.);
#5267 = VERTEX_POINT('',#5268);
#5268 = CARTESIAN_POINT('',(170.,139.,0.));
#5269 = LINE('',#5270,#5271);
#5270 = CARTESIAN_POINT('',(85.,139.,0.));
#5271 = VECTOR('',#5272,1.);
#5272 = DIRECTION('',(-1.,0.,0.));
#5273 = ORIENTED_EDGE('',*,*,#5274,.T.);
#5274 = EDGE_CURVE('',#5267,#682,#5275,.T.);
#5275 = LINE('',#5276,#5277);
#5276 = CARTESIAN_POINT('',(170.,139.,-1.));
#5277 = VECTOR('',#5278,1.);
#5278 = DIRECTION('',(0.,0.,1.));
#5279 = ORIENTED_EDGE('',*,*,#679,.F.);
#5280 = PLANE('',#5281);
#5281 = AXIS2_PLACEMENT_3D('',#5282,#5283,#5284);
#5282 = CARTESIAN_POINT('',(170.,139.,-1.));
#5283 = DIRECTION('',(0.,1.,0.));
#5284 = DIRECTION('',(0.,0.,1.));
#5285 = ADVANCED_FACE('',(#5286),#5304,.F.);
#5286 = FACE_BOUND('',#5287,.F.);
#5287 = EDGE_LOOP('',(#5288,#5289,#5297,#5303));
#5288 = ORIENTED_EDGE('',*,*,#5258,.F.);
#5289 = ORIENTED_EDGE('',*,*,#5290,.T.);
#5290 = EDGE_CURVE('',#5259,#5291,#5293,.T.);
#5291 = VERTEX_POINT('',#5292);
#5292 = CARTESIAN_POINT('',(173.,172.,0.));
#5293 = LINE('',#5294,#5295);
#5294 = CARTESIAN_POINT('',(173.,69.5,0.));
#5295 = VECTOR('',#5296,1.);
#5296 = DIRECTION('',(0.,1.,0.));
#5297 = ORIENTED_EDGE('',*,*,#5298,.T.);
#5298 = EDGE_CURVE('',#5291,#698,#5299,.T.);
#5299 = LINE('',#5300,#5301);
#5300 = CARTESIAN_POINT('',(173.,172.,-1.));
#5301 = VECTOR('',#5302,1.);
#5302 = DIRECTION('',(0.,0.,1.));
#5303 = ORIENTED_EDGE('',*,*,#705,.F.);
#5304 = PLANE('',#5305);
#5305 = AXIS2_PLACEMENT_3D('',#5306,#5307,#5308);
#5306 = CARTESIAN_POINT('',(173.,139.,-1.));
#5307 = DIRECTION('',(1.,0.,0.));
#5308 = DIRECTION('',(0.,0.,1.));
#5309 = ADVANCED_FACE('',(#5310),#5328,.F.);
#5310 = FACE_BOUND('',#5311,.F.);
#5311 = EDGE_LOOP('',(#5312,#5313,#5321,#5327));
#5312 = ORIENTED_EDGE('',*,*,#5298,.F.);
#5313 = ORIENTED_EDGE('',*,*,#5314,.T.);
#5314 = EDGE_CURVE('',#5291,#5315,#5317,.T.);
#5315 = VERTEX_POINT('',#5316);
#5316 = CARTESIAN_POINT('',(170.,172.,0.));
#5317 = LINE('',#5318,#5319);
#5318 = CARTESIAN_POINT('',(85.,172.,0.));
#5319 = VECTOR('',#5320,1.);
#5320 = DIRECTION('',(-1.,0.,0.));
#5321 = ORIENTED_EDGE('',*,*,#5322,.T.);
#5322 = EDGE_CURVE('',#5315,#690,#5323,.T.);
#5323 = LINE('',#5324,#5325);
#5324 = CARTESIAN_POINT('',(170.,172.,-1.));
#5325 = VECTOR('',#5326,1.);
#5326 = DIRECTION('',(0.,0.,1.));
#5327 = ORIENTED_EDGE('',*,*,#697,.F.);
#5328 = PLANE('',#5329);
#5329 = AXIS2_PLACEMENT_3D('',#5330,#5331,#5332);
#5330 = CARTESIAN_POINT('',(170.,172.,-1.));
#5331 = DIRECTION('',(0.,1.,0.));
#5332 = DIRECTION('',(0.,0.,1.));
#5333 = ADVANCED_FACE('',(#5334),#5345,.T.);
#5334 = FACE_BOUND('',#5335,.T.);
#5335 = EDGE_LOOP('',(#5336,#5337,#5343,#5344));
#5336 = ORIENTED_EDGE('',*,*,#5274,.F.);
#5337 = ORIENTED_EDGE('',*,*,#5338,.T.);
#5338 = EDGE_CURVE('',#5267,#5315,#5339,.T.);
#5339 = LINE('',#5340,#5341);
#5340 = CARTESIAN_POINT('',(170.,69.5,0.));
#5341 = VECTOR('',#5342,1.);
#5342 = DIRECTION('',(0.,1.,0.));
#5343 = ORIENTED_EDGE('',*,*,#5322,.T.);
#5344 = ORIENTED_EDGE('',*,*,#689,.F.);
#5345 = PLANE('',#5346);
#5346 = AXIS2_PLACEMENT_3D('',#5347,#5348,#5349);
#5347 = CARTESIAN_POINT('',(170.,139.,-1.));
#5348 = DIRECTION('',(1.,0.,0.));
#5349 = DIRECTION('',(0.,0.,1.));
#5350 = ADVANCED_FACE('',(#5351),#5362,.F.);
#5351 = FACE_BOUND('',#5352,.F.);
#5352 = EDGE_LOOP('',(#5353,#5354,#5360,#5361));
#5353 = ORIENTED_EDGE('',*,*,#2951,.F.);
#5354 = ORIENTED_EDGE('',*,*,#5355,.T.);
#5355 = EDGE_CURVE('',#2901,#1774,#5356,.T.);
#5356 = LINE('',#5357,#5358);
#5357 = CARTESIAN_POINT('',(168.,184.,31.));
#5358 = VECTOR('',#5359,1.);
#5359 = DIRECTION('',(1.,0.,0.));
#5360 = ORIENTED_EDGE('',*,*,#1781,.T.);
#5361 = ORIENTED_EDGE('',*,*,#1600,.F.);
#5362 = PLANE('',#5363);
#5363 = AXIS2_PLACEMENT_3D('',#5364,#5365,#5366);
#5364 = CARTESIAN_POINT('',(168.,184.,31.));
#5365 = DIRECTION('',(0.,0.,1.));
#5366 = DIRECTION('',(1.,0.,0.));
#5367 = ADVANCED_FACE('',(#5368),#5379,.F.);
#5368 = FACE_BOUND('',#5369,.F.);
#5369 = EDGE_LOOP('',(#5370,#5371,#5377,#5378));
#5370 = ORIENTED_EDGE('',*,*,#2155,.F.);
#5371 = ORIENTED_EDGE('',*,*,#5372,.T.);
#5372 = EDGE_CURVE('',#2105,#2013,#5373,.T.);
#5373 = LINE('',#5374,#5375);
#5374 = CARTESIAN_POINT('',(48.,184.,31.));
#5375 = VECTOR('',#5376,1.);
#5376 = DIRECTION('',(1.,0.,0.));
#5377 = ORIENTED_EDGE('',*,*,#2020,.T.);
#5378 = ORIENTED_EDGE('',*,*,#1528,.F.);
#5379 = PLANE('',#5380);
#5380 = AXIS2_PLACEMENT_3D('',#5381,#5382,#5383);
#5381 = CARTESIAN_POINT('',(48.,184.,31.));
#5382 = DIRECTION('',(0.,0.,1.));
#5383 = DIRECTION('',(1.,0.,0.));
#5384 = ADVANCED_FACE('',(#5385),#5402,.F.);
#5385 = FACE_BOUND('',#5386,.F.);
#5386 = EDGE_LOOP('',(#5387,#5395,#5401));
#5387 = ORIENTED_EDGE('',*,*,#5388,.T.);
#5388 = EDGE_CURVE('',#1659,#5389,#5391,.T.);
#5389 = VERTEX_POINT('',#5390);
#5390 = CARTESIAN_POINT('',(33.,186.86827201635,36.368272016355));
#5391 = LINE('',#5392,#5393);
#5392 = CARTESIAN_POINT('',(33.,189.76740981922,39.26740981922));
#5393 = VECTOR('',#5394,1.);
#5394 = DIRECTION('',(0.,-0.707106781187,-0.707106781187));
#5395 = ORIENTED_EDGE('',*,*,#5396,.T.);
#5396 = EDGE_CURVE('',#5389,#1661,#5397,.T.);
#5397 = LINE('',#5398,#5399);
#5398 = CARTESIAN_POINT('',(33.,186.86827201635,36.368272016355));
#5399 = VECTOR('',#5400,1.);
#5400 = DIRECTION('',(0.,0.713250449154,-0.7009092643));
#5401 = ORIENTED_EDGE('',*,*,#1658,.F.);
#5402 = PLANE('',#5403);
#5403 = AXIS2_PLACEMENT_3D('',#5404,#5405,#5406);
#5404 = CARTESIAN_POINT('',(33.,189.88388074643,36.469301396868));
#5405 = DIRECTION('',(1.,0.,0.));
#5406 = DIRECTION('',(0.,0.,1.));
#5407 = ADVANCED_FACE('',(#5408),#5426,.F.);
#5408 = FACE_BOUND('',#5409,.F.);
#5409 = EDGE_LOOP('',(#5410,#5411,#5412,#5420));
#5410 = ORIENTED_EDGE('',*,*,#5388,.F.);
#5411 = ORIENTED_EDGE('',*,*,#1684,.F.);
#5412 = ORIENTED_EDGE('',*,*,#5413,.T.);
#5413 = EDGE_CURVE('',#1677,#5414,#5416,.T.);
#5414 = VERTEX_POINT('',#5415);
#5415 = CARTESIAN_POINT('',(43.,186.86827201635,36.368272016355));
#5416 = LINE('',#5417,#5418);
#5417 = CARTESIAN_POINT('',(43.,189.76740981922,39.26740981922));
#5418 = VECTOR('',#5419,1.);
#5419 = DIRECTION('',(0.,-0.707106781187,-0.707106781187));
#5420 = ORIENTED_EDGE('',*,*,#5421,.F.);
#5421 = EDGE_CURVE('',#5389,#5414,#5422,.T.);
#5422 = LINE('',#5423,#5424);
#5423 = CARTESIAN_POINT('',(33.,186.86827201635,36.368272016355));
#5424 = VECTOR('',#5425,1.);
#5425 = DIRECTION('',(1.,0.,0.));
#5426 = PLANE('',#5427);
#5427 = AXIS2_PLACEMENT_3D('',#5428,#5429,#5430);
#5428 = CARTESIAN_POINT('',(33.,189.76740981922,39.26740981922));
#5429 = DIRECTION('',(0.,0.707106781187,-0.707106781187));
#5430 = DIRECTION('',(0.,-0.707106781187,-0.707106781187));
#5431 = ADVANCED_FACE('',(#5432),#5443,.F.);
#5432 = FACE_BOUND('',#5433,.F.);
#5433 = EDGE_LOOP('',(#5434,#5435,#5436,#5442));
#5434 = ORIENTED_EDGE('',*,*,#5396,.F.);
#5435 = ORIENTED_EDGE('',*,*,#5421,.T.);
#5436 = ORIENTED_EDGE('',*,*,#5437,.T.);
#5437 = EDGE_CURVE('',#5414,#1669,#5438,.T.);
#5438 = LINE('',#5439,#5440);
#5439 = CARTESIAN_POINT('',(43.,186.86827201635,36.368272016355));
#5440 = VECTOR('',#5441,1.);
#5441 = DIRECTION('',(0.,0.713250449154,-0.7009092643));
#5442 = ORIENTED_EDGE('',*,*,#1668,.F.);
#5443 = PLANE('',#5444);
#5444 = AXIS2_PLACEMENT_3D('',#5445,#5446,#5447);
#5445 = CARTESIAN_POINT('',(33.,186.86827201635,36.368272016355));
#5446 = DIRECTION('',(0.,0.7009092643,0.713250449154));
#5447 = DIRECTION('',(0.,0.713250449154,-0.7009092643));
#5448 = ADVANCED_FACE('',(#5449),#5454,.T.);
#5449 = FACE_BOUND('',#5450,.T.);
#5450 = EDGE_LOOP('',(#5451,#5452,#5453));
#5451 = ORIENTED_EDGE('',*,*,#5413,.T.);
#5452 = ORIENTED_EDGE('',*,*,#5437,.T.);
#5453 = ORIENTED_EDGE('',*,*,#1676,.F.);
#5454 = PLANE('',#5455);
#5455 = AXIS2_PLACEMENT_3D('',#5456,#5457,#5458);
#5456 = CARTESIAN_POINT('',(43.,189.88388074643,36.469301396868));
#5457 = DIRECTION('',(1.,0.,0.));
#5458 = DIRECTION('',(0.,0.,1.));
#5459 = ADVANCED_FACE('',(#5460),#5477,.F.);
#5460 = FACE_BOUND('',#5461,.F.);
#5461 = EDGE_LOOP('',(#5462,#5470,#5476));
#5462 = ORIENTED_EDGE('',*,*,#5463,.T.);
#5463 = EDGE_CURVE('',#1693,#5464,#5466,.T.);
#5464 = VERTEX_POINT('',#5465);
#5465 = CARTESIAN_POINT('',(153.,186.86827201635,36.368272016355));
#5466 = LINE('',#5467,#5468);
#5467 = CARTESIAN_POINT('',(153.,189.76740981922,39.26740981922));
#5468 = VECTOR('',#5469,1.);
#5469 = DIRECTION('',(0.,-0.707106781187,-0.707106781187));
#5470 = ORIENTED_EDGE('',*,*,#5471,.T.);
#5471 = EDGE_CURVE('',#5464,#1695,#5472,.T.);
#5472 = LINE('',#5473,#5474);
#5473 = CARTESIAN_POINT('',(153.,186.86827201635,36.368272016355));
#5474 = VECTOR('',#5475,1.);
#5475 = DIRECTION('',(0.,0.713250449154,-0.7009092643));
#5476 = ORIENTED_EDGE('',*,*,#1692,.F.);
#5477 = PLANE('',#5478);
#5478 = AXIS2_PLACEMENT_3D('',#5479,#5480,#5481);
#5479 = CARTESIAN_POINT('',(153.,189.88388074643,36.469301396868));
#5480 = DIRECTION('',(1.,0.,0.));
#5481 = DIRECTION('',(0.,0.,1.));
#5482 = ADVANCED_FACE('',(#5483),#5501,.F.);
#5483 = FACE_BOUND('',#5484,.F.);
#5484 = EDGE_LOOP('',(#5485,#5486,#5487,#5495));
#5485 = ORIENTED_EDGE('',*,*,#5463,.F.);
#5486 = ORIENTED_EDGE('',*,*,#1718,.F.);
#5487 = ORIENTED_EDGE('',*,*,#5488,.T.);
#5488 = EDGE_CURVE('',#1711,#5489,#5491,.T.);
#5489 = VERTEX_POINT('',#5490);
#5490 = CARTESIAN_POINT('',(163.,186.86827201635,36.368272016355));
#5491 = LINE('',#5492,#5493);
#5492 = CARTESIAN_POINT('',(163.,189.76740981922,39.26740981922));
#5493 = VECTOR('',#5494,1.);
#5494 = DIRECTION('',(0.,-0.707106781187,-0.707106781187));
#5495 = ORIENTED_EDGE('',*,*,#5496,.F.);
#5496 = EDGE_CURVE('',#5464,#5489,#5497,.T.);
#5497 = LINE('',#5498,#5499);
#5498 = CARTESIAN_POINT('',(153.,186.86827201635,36.368272016355));
#5499 = VECTOR('',#5500,1.);
#5500 = DIRECTION('',(1.,0.,0.));
#5501 = PLANE('',#5502);
#5502 = AXIS2_PLACEMENT_3D('',#5503,#5504,#5505);
#5503 = CARTESIAN_POINT('',(153.,189.76740981922,39.26740981922));
#5504 = DIRECTION('',(0.,0.707106781187,-0.707106781187));
#5505 = DIRECTION('',(0.,-0.707106781187,-0.707106781187));
#5506 = ADVANCED_FACE('',(#5507),#5517,.T.);
#5507 = FACE_BOUND('',#5508,.T.);
#5508 = EDGE_LOOP('',(#5509,#5510,#5516));
#5509 = ORIENTED_EDGE('',*,*,#5488,.T.);
#5510 = ORIENTED_EDGE('',*,*,#5511,.T.);
#5511 = EDGE_CURVE('',#5489,#1703,#5512,.T.);
#5512 = LINE('',#5513,#5514);
#5513 = CARTESIAN_POINT('',(163.,186.86827201635,36.368272016355));
#5514 = VECTOR('',#5515,1.);
#5515 = DIRECTION('',(0.,0.713250449154,-0.7009092643));
#5516 = ORIENTED_EDGE('',*,*,#1710,.F.);
#5517 = PLANE('',#5518);
#5518 = AXIS2_PLACEMENT_3D('',#5519,#5520,#5521);
#5519 = CARTESIAN_POINT('',(163.,189.88388074643,36.469301396868));
#5520 = DIRECTION('',(1.,0.,0.));
#5521 = DIRECTION('',(0.,0.,1.));
#5522 = ADVANCED_FACE('',(#5523),#5529,.F.);
#5523 = FACE_BOUND('',#5524,.F.);
#5524 = EDGE_LOOP('',(#5525,#5526,#5527,#5528));
#5525 = ORIENTED_EDGE('',*,*,#5471,.F.);
#5526 = ORIENTED_EDGE('',*,*,#5496,.T.);
#5527 = ORIENTED_EDGE('',*,*,#5511,.T.);
#5528 = ORIENTED_EDGE('',*,*,#1702,.F.);
#5529 = PLANE('',#5530);
#5530 = AXIS2_PLACEMENT_3D('',#5531,#5532,#5533);
#5531 = CARTESIAN_POINT('',(153.,186.86827201635,36.368272016355));
#5532 = DIRECTION('',(0.,0.7009092643,0.713250449154));
#5533 = DIRECTION('',(0.,0.713250449154,-0.7009092643));
#5534 = ADVANCED_FACE('',(#5535),#5547,.T.);
#5535 = FACE_BOUND('',#5536,.T.);
#5536 = EDGE_LOOP('',(#5537,#5544,#5545,#5546));
#5537 = ORIENTED_EDGE('',*,*,#5538,.F.);
#5538 = EDGE_CURVE('',#3876,#720,#5539,.T.);
#5539 = CIRCLE('',#5540,6.);
#5540 = AXIS2_PLACEMENT_3D('',#5541,#5542,#5543);
#5541 = CARTESIAN_POINT('',(188.,8.,39.));
#5542 = DIRECTION('',(0.,0.,1.));
#5543 = DIRECTION('',(1.,0.,0.));
#5544 = ORIENTED_EDGE('',*,*,#3875,.F.);
#5545 = ORIENTED_EDGE('',*,*,#88,.T.);
#5546 = ORIENTED_EDGE('',*,*,#719,.T.);
#5547 = CYLINDRICAL_SURFACE('',#5548,6.);
#5548 = AXIS2_PLACEMENT_3D('',#5549,#5550,#5551);
#5549 = CARTESIAN_POINT('',(188.,8.,0.));
#5550 = DIRECTION('',(0.,0.,1.));
#5551 = DIRECTION('',(1.,0.,0.));
#5552 = ADVANCED_FACE('',(#5553),#5565,.T.);
#5553 = FACE_BOUND('',#5554,.T.);
#5554 = EDGE_LOOP('',(#5555,#5562,#5563,#5564));
#5555 = ORIENTED_EDGE('',*,*,#5556,.F.);
#5556 = EDGE_CURVE('',#751,#3885,#5557,.T.);
#5557 = CIRCLE('',#5558,6.);
#5558 = AXIS2_PLACEMENT_3D('',#5559,#5560,#5561);
#5559 = CARTESIAN_POINT('',(188.,121.,39.));
#5560 = DIRECTION('',(0.,0.,1.));
#5561 = DIRECTION('',(1.,0.,0.));
#5562 = ORIENTED_EDGE('',*,*,#750,.F.);
#5563 = ORIENTED_EDGE('',*,*,#105,.T.);
#5564 = ORIENTED_EDGE('',*,*,#3884,.T.);
#5565 = CYLINDRICAL_SURFACE('',#5566,6.);
#5566 = AXIS2_PLACEMENT_3D('',#5567,#5568,#5569);
#5567 = CARTESIAN_POINT('',(188.,121.,0.));
#5568 = DIRECTION('',(0.,0.,1.));
#5569 = DIRECTION('',(1.,0.,0.));
#5570 = ADVANCED_FACE('',(#5571),#5587,.T.);
#5571 = FACE_BOUND('',#5572,.T.);
#5572 = EDGE_LOOP('',(#5573,#5574,#5580,#5581));
#5573 = ORIENTED_EDGE('',*,*,#2910,.F.);
#5574 = ORIENTED_EDGE('',*,*,#5575,.T.);
#5575 = EDGE_CURVE('',#2903,#1764,#5576,.T.);
#5576 = LINE('',#5577,#5578);
#5577 = CARTESIAN_POINT('',(168.,184.,44.5));
#5578 = VECTOR('',#5579,1.);
#5579 = DIRECTION('',(1.,0.,0.));
#5580 = ORIENTED_EDGE('',*,*,#1763,.T.);
#5581 = ORIENTED_EDGE('',*,*,#5582,.F.);
#5582 = EDGE_CURVE('',#2911,#1766,#5583,.T.);
#5583 = LINE('',#5584,#5585);
#5584 = CARTESIAN_POINT('',(168.,188.,44.5));
#5585 = VECTOR('',#5586,1.);
#5586 = DIRECTION('',(1.,0.,0.));
#5587 = PLANE('',#5588);
#5588 = AXIS2_PLACEMENT_3D('',#5589,#5590,#5591);
#5589 = CARTESIAN_POINT('',(168.,184.,44.5));
#5590 = DIRECTION('',(0.,0.,1.));
#5591 = DIRECTION('',(1.,0.,0.));
#5592 = ADVANCED_FACE('',(#5593),#5606,.T.);
#5593 = FACE_BOUND('',#5594,.T.);
#5594 = EDGE_LOOP('',(#5595,#5596,#5602,#5603,#5604,#5605));
#5595 = ORIENTED_EDGE('',*,*,#1811,.F.);
#5596 = ORIENTED_EDGE('',*,*,#5597,.F.);
#5597 = EDGE_CURVE('',#2928,#1804,#5598,.T.);
#5598 = LINE('',#5599,#5600);
#5599 = CARTESIAN_POINT('',(168.,195.,37.5));
#5600 = VECTOR('',#5601,1.);
#5601 = DIRECTION('',(1.,0.,0.));
#5602 = ORIENTED_EDGE('',*,*,#2927,.T.);
#5603 = ORIENTED_EDGE('',*,*,#2918,.T.);
#5604 = ORIENTED_EDGE('',*,*,#5582,.T.);
#5605 = ORIENTED_EDGE('',*,*,#1820,.F.);
#5606 = CYLINDRICAL_SURFACE('',#5607,7.);
#5607 = AXIS2_PLACEMENT_3D('',#5608,#5609,#5610);
#5608 = CARTESIAN_POINT('',(168.,195.,44.5));
#5609 = DIRECTION('',(1.,0.,0.));
#5610 = DIRECTION('',(0.,0.,1.));
#5611 = ADVANCED_FACE('',(#5612),#5618,.T.);
#5612 = FACE_BOUND('',#5613,.T.);
#5613 = EDGE_LOOP('',(#5614,#5615,#5616,#5617));
#5614 = ORIENTED_EDGE('',*,*,#1803,.F.);
#5615 = ORIENTED_EDGE('',*,*,#2886,.F.);
#5616 = ORIENTED_EDGE('',*,*,#2936,.T.);
#5617 = ORIENTED_EDGE('',*,*,#5597,.T.);
#5618 = PLANE('',#5619);
#5619 = AXIS2_PLACEMENT_3D('',#5620,#5621,#5622);
#5620 = CARTESIAN_POINT('',(168.,195.,31.));
#5621 = DIRECTION('',(0.,1.,0.));
#5622 = DIRECTION('',(0.,0.,1.));
#5623 = ADVANCED_FACE('',(#5624),#5630,.F.);
#5624 = FACE_BOUND('',#5625,.F.);
#5625 = EDGE_LOOP('',(#5626,#5627,#5628,#5629));
#5626 = ORIENTED_EDGE('',*,*,#5355,.F.);
#5627 = ORIENTED_EDGE('',*,*,#2900,.T.);
#5628 = ORIENTED_EDGE('',*,*,#5575,.T.);
#5629 = ORIENTED_EDGE('',*,*,#1773,.F.);
#5630 = PLANE('',#5631);
#5631 = AXIS2_PLACEMENT_3D('',#5632,#5633,#5634);
#5632 = CARTESIAN_POINT('',(168.,184.,31.));
#5633 = DIRECTION('',(0.,1.,0.));
#5634 = DIRECTION('',(0.,0.,1.));
#5635 = ADVANCED_FACE('',(#5636),#5647,.F.);
#5636 = FACE_BOUND('',#5637,.F.);
#5637 = EDGE_LOOP('',(#5638,#5639,#5645,#5646));
#5638 = ORIENTED_EDGE('',*,*,#1829,.F.);
#5639 = ORIENTED_EDGE('',*,*,#5640,.F.);
#5640 = EDGE_CURVE('',#2960,#1830,#5641,.T.);
#5641 = LINE('',#5642,#5643);
#5642 = CARTESIAN_POINT('',(167.,195.,46.7));
#5643 = VECTOR('',#5644,1.);
#5644 = DIRECTION('',(1.,0.,0.));
#5645 = ORIENTED_EDGE('',*,*,#2959,.T.);
#5646 = ORIENTED_EDGE('',*,*,#5640,.T.);
#5647 = CYLINDRICAL_SURFACE('',#5648,2.2);
#5648 = AXIS2_PLACEMENT_3D('',#5649,#5650,#5651);
#5649 = CARTESIAN_POINT('',(167.,195.,44.5));
#5650 = DIRECTION('',(1.,0.,0.));
#5651 = DIRECTION('',(0.,0.,1.));
#5652 = ADVANCED_FACE('',(#5653),#5678,.T.);
#5653 = FACE_BOUND('',#5654,.T.);
#5654 = EDGE_LOOP('',(#5655,#5665,#5671,#5672));
#5655 = ORIENTED_EDGE('',*,*,#5656,.F.);
#5656 = EDGE_CURVE('',#5657,#5659,#5661,.T.);
#5657 = VERTEX_POINT('',#5658);
#5658 = CARTESIAN_POINT('',(140.,184.,44.5));
#5659 = VERTEX_POINT('',#5660);
#5660 = CARTESIAN_POINT('',(140.,188.,44.5));
#5661 = LINE('',#5662,#5663);
#5662 = CARTESIAN_POINT('',(140.,184.,44.5));
#5663 = VECTOR('',#5664,1.);
#5664 = DIRECTION('',(0.,1.,0.));
#5665 = ORIENTED_EDGE('',*,*,#5666,.T.);
#5666 = EDGE_CURVE('',#5657,#1847,#5667,.T.);
#5667 = LINE('',#5668,#5669);
#5668 = CARTESIAN_POINT('',(140.,184.,44.5));
#5669 = VECTOR('',#5670,1.);
#5670 = DIRECTION('',(1.,0.,0.));
#5671 = ORIENTED_EDGE('',*,*,#1846,.T.);
#5672 = ORIENTED_EDGE('',*,*,#5673,.F.);
#5673 = EDGE_CURVE('',#5659,#1849,#5674,.T.);
#5674 = LINE('',#5675,#5676);
#5675 = CARTESIAN_POINT('',(140.,188.,44.5));
#5676 = VECTOR('',#5677,1.);
#5677 = DIRECTION('',(1.,0.,0.));
#5678 = PLANE('',#5679);
#5679 = AXIS2_PLACEMENT_3D('',#5680,#5681,#5682);
#5680 = CARTESIAN_POINT('',(140.,184.,44.5));
#5681 = DIRECTION('',(0.,0.,1.));
#5682 = DIRECTION('',(1.,0.,0.));
#5683 = ADVANCED_FACE('',(#5684),#5713,.T.);
#5684 = FACE_BOUND('',#5685,.T.);
#5685 = EDGE_LOOP('',(#5686,#5687,#5695,#5704,#5711,#5712));
#5686 = ORIENTED_EDGE('',*,*,#1894,.F.);
#5687 = ORIENTED_EDGE('',*,*,#5688,.F.);
#5688 = EDGE_CURVE('',#5689,#1887,#5691,.T.);
#5689 = VERTEX_POINT('',#5690);
#5690 = CARTESIAN_POINT('',(140.,195.,37.5));
#5691 = LINE('',#5692,#5693);
#5692 = CARTESIAN_POINT('',(140.,195.,37.5));
#5693 = VECTOR('',#5694,1.);
#5694 = DIRECTION('',(1.,0.,0.));
#5695 = ORIENTED_EDGE('',*,*,#5696,.T.);
#5696 = EDGE_CURVE('',#5689,#5697,#5699,.T.);
#5697 = VERTEX_POINT('',#5698);
#5698 = CARTESIAN_POINT('',(140.,195.,51.5));
#5699 = CIRCLE('',#5700,7.);
#5700 = AXIS2_PLACEMENT_3D('',#5701,#5702,#5703);
#5701 = CARTESIAN_POINT('',(140.,195.,44.5));
#5702 = DIRECTION('',(1.,0.,-0.));
#5703 = DIRECTION('',(0.,0.,1.));
#5704 = ORIENTED_EDGE('',*,*,#5705,.T.);
#5705 = EDGE_CURVE('',#5697,#5659,#5706,.T.);
#5706 = CIRCLE('',#5707,7.);
#5707 = AXIS2_PLACEMENT_3D('',#5708,#5709,#5710);
#5708 = CARTESIAN_POINT('',(140.,195.,44.5));
#5709 = DIRECTION('',(1.,0.,-0.));
#5710 = DIRECTION('',(0.,0.,1.));
#5711 = ORIENTED_EDGE('',*,*,#5673,.T.);
#5712 = ORIENTED_EDGE('',*,*,#1903,.F.);
#5713 = CYLINDRICAL_SURFACE('',#5714,7.);
#5714 = AXIS2_PLACEMENT_3D('',#5715,#5716,#5717);
#5715 = CARTESIAN_POINT('',(140.,195.,44.5));
#5716 = DIRECTION('',(1.,0.,0.));
#5717 = DIRECTION('',(0.,0.,1.));
#5718 = ADVANCED_FACE('',(#5719),#5737,.T.);
#5719 = FACE_BOUND('',#5720,.T.);
#5720 = EDGE_LOOP('',(#5721,#5722,#5730,#5736));
#5721 = ORIENTED_EDGE('',*,*,#1886,.F.);
#5722 = ORIENTED_EDGE('',*,*,#5723,.F.);
#5723 = EDGE_CURVE('',#5724,#1879,#5726,.T.);
#5724 = VERTEX_POINT('',#5725);
#5725 = CARTESIAN_POINT('',(140.,195.,31.));
#5726 = LINE('',#5727,#5728);
#5727 = CARTESIAN_POINT('',(140.,195.,31.));
#5728 = VECTOR('',#5729,1.);
#5729 = DIRECTION('',(1.,0.,0.));
#5730 = ORIENTED_EDGE('',*,*,#5731,.T.);
#5731 = EDGE_CURVE('',#5724,#5689,#5732,.T.);
#5732 = LINE('',#5733,#5734);
#5733 = CARTESIAN_POINT('',(140.,195.,31.));
#5734 = VECTOR('',#5735,1.);
#5735 = DIRECTION('',(0.,0.,1.));
#5736 = ORIENTED_EDGE('',*,*,#5688,.T.);
#5737 = PLANE('',#5738);
#5738 = AXIS2_PLACEMENT_3D('',#5739,#5740,#5741);
#5739 = CARTESIAN_POINT('',(140.,195.,31.));
#5740 = DIRECTION('',(0.,1.,0.));
#5741 = DIRECTION('',(0.,0.,1.));
#5742 = ADVANCED_FACE('',(#5743),#5763,.F.);
#5743 = FACE_BOUND('',#5744,.F.);
#5744 = EDGE_LOOP('',(#5745,#5753,#5759,#5760,#5761,#5762));
#5745 = ORIENTED_EDGE('',*,*,#5746,.F.);
#5746 = EDGE_CURVE('',#5747,#5724,#5749,.T.);
#5747 = VERTEX_POINT('',#5748);
#5748 = CARTESIAN_POINT('',(140.,184.,31.));
#5749 = LINE('',#5750,#5751);
#5750 = CARTESIAN_POINT('',(140.,184.,31.));
#5751 = VECTOR('',#5752,1.);
#5752 = DIRECTION('',(0.,1.,0.));
#5753 = ORIENTED_EDGE('',*,*,#5754,.T.);
#5754 = EDGE_CURVE('',#5747,#1857,#5755,.T.);
#5755 = LINE('',#5756,#5757);
#5756 = CARTESIAN_POINT('',(140.,184.,31.));
#5757 = VECTOR('',#5758,1.);
#5758 = DIRECTION('',(1.,0.,0.));
#5759 = ORIENTED_EDGE('',*,*,#1864,.T.);
#5760 = ORIENTED_EDGE('',*,*,#1929,.T.);
#5761 = ORIENTED_EDGE('',*,*,#1878,.T.);
#5762 = ORIENTED_EDGE('',*,*,#5723,.F.);
#5763 = PLANE('',#5764);
#5764 = AXIS2_PLACEMENT_3D('',#5765,#5766,#5767);
#5765 = CARTESIAN_POINT('',(140.,184.,31.));
#5766 = DIRECTION('',(0.,0.,1.));
#5767 = DIRECTION('',(1.,0.,0.));
#5768 = ADVANCED_FACE('',(#5769),#5780,.F.);
#5769 = FACE_BOUND('',#5770,.F.);
#5770 = EDGE_LOOP('',(#5771,#5772,#5778,#5779));
#5771 = ORIENTED_EDGE('',*,*,#5754,.F.);
#5772 = ORIENTED_EDGE('',*,*,#5773,.T.);
#5773 = EDGE_CURVE('',#5747,#5657,#5774,.T.);
#5774 = LINE('',#5775,#5776);
#5775 = CARTESIAN_POINT('',(140.,184.,31.));
#5776 = VECTOR('',#5777,1.);
#5777 = DIRECTION('',(0.,0.,1.));
#5778 = ORIENTED_EDGE('',*,*,#5666,.T.);
#5779 = ORIENTED_EDGE('',*,*,#1856,.F.);
#5780 = PLANE('',#5781);
#5781 = AXIS2_PLACEMENT_3D('',#5782,#5783,#5784);
#5782 = CARTESIAN_POINT('',(140.,184.,31.));
#5783 = DIRECTION('',(0.,1.,0.));
#5784 = DIRECTION('',(0.,0.,1.));
#5785 = ADVANCED_FACE('',(#5786),#5805,.F.);
#5786 = FACE_BOUND('',#5787,.F.);
#5787 = EDGE_LOOP('',(#5788,#5789,#5797,#5804));
#5788 = ORIENTED_EDGE('',*,*,#1912,.F.);
#5789 = ORIENTED_EDGE('',*,*,#5790,.F.);
#5790 = EDGE_CURVE('',#5791,#1913,#5793,.T.);
#5791 = VERTEX_POINT('',#5792);
#5792 = CARTESIAN_POINT('',(140.,195.,46.7));
#5793 = LINE('',#5794,#5795);
#5794 = CARTESIAN_POINT('',(139.,195.,46.7));
#5795 = VECTOR('',#5796,1.);
#5796 = DIRECTION('',(1.,0.,0.));
#5797 = ORIENTED_EDGE('',*,*,#5798,.T.);
#5798 = EDGE_CURVE('',#5791,#5791,#5799,.T.);
#5799 = CIRCLE('',#5800,2.2);
#5800 = AXIS2_PLACEMENT_3D('',#5801,#5802,#5803);
#5801 = CARTESIAN_POINT('',(140.,195.,44.5));
#5802 = DIRECTION('',(1.,0.,-0.));
#5803 = DIRECTION('',(0.,0.,1.));
#5804 = ORIENTED_EDGE('',*,*,#5790,.T.);
#5805 = CYLINDRICAL_SURFACE('',#5806,2.2);
#5806 = AXIS2_PLACEMENT_3D('',#5807,#5808,#5809);
#5807 = CARTESIAN_POINT('',(139.,195.,44.5));
#5808 = DIRECTION('',(1.,0.,0.));
#5809 = DIRECTION('',(0.,0.,1.));
#5810 = ADVANCED_FACE('',(#5811),#5827,.T.);
#5811 = FACE_BOUND('',#5812,.T.);
#5812 = EDGE_LOOP('',(#5813,#5814,#5820,#5821));
#5813 = ORIENTED_EDGE('',*,*,#2114,.F.);
#5814 = ORIENTED_EDGE('',*,*,#5815,.T.);
#5815 = EDGE_CURVE('',#2107,#2003,#5816,.T.);
#5816 = LINE('',#5817,#5818);
#5817 = CARTESIAN_POINT('',(48.,184.,44.5));
#5818 = VECTOR('',#5819,1.);
#5819 = DIRECTION('',(1.,0.,0.));
#5820 = ORIENTED_EDGE('',*,*,#2002,.T.);
#5821 = ORIENTED_EDGE('',*,*,#5822,.F.);
#5822 = EDGE_CURVE('',#2115,#2005,#5823,.T.);
#5823 = LINE('',#5824,#5825);
#5824 = CARTESIAN_POINT('',(48.,188.,44.5));
#5825 = VECTOR('',#5826,1.);
#5826 = DIRECTION('',(1.,0.,0.));
#5827 = PLANE('',#5828);
#5828 = AXIS2_PLACEMENT_3D('',#5829,#5830,#5831);
#5829 = CARTESIAN_POINT('',(48.,184.,44.5));
#5830 = DIRECTION('',(0.,0.,1.));
#5831 = DIRECTION('',(1.,0.,0.));
#5832 = ADVANCED_FACE('',(#5833),#5846,.T.);
#5833 = FACE_BOUND('',#5834,.T.);
#5834 = EDGE_LOOP('',(#5835,#5836,#5842,#5843,#5844,#5845));
#5835 = ORIENTED_EDGE('',*,*,#2045,.F.);
#5836 = ORIENTED_EDGE('',*,*,#5837,.F.);
#5837 = EDGE_CURVE('',#2132,#2038,#5838,.T.);
#5838 = LINE('',#5839,#5840);
#5839 = CARTESIAN_POINT('',(48.,195.,37.5));
#5840 = VECTOR('',#5841,1.);
#5841 = DIRECTION('',(1.,0.,0.));
#5842 = ORIENTED_EDGE('',*,*,#2131,.T.);
#5843 = ORIENTED_EDGE('',*,*,#2122,.T.);
#5844 = ORIENTED_EDGE('',*,*,#5822,.T.);
#5845 = ORIENTED_EDGE('',*,*,#2054,.F.);
#5846 = CYLINDRICAL_SURFACE('',#5847,7.);
#5847 = AXIS2_PLACEMENT_3D('',#5848,#5849,#5850);
#5848 = CARTESIAN_POINT('',(48.,195.,44.5));
#5849 = DIRECTION('',(1.,0.,0.));
#5850 = DIRECTION('',(0.,0.,1.));
#5851 = ADVANCED_FACE('',(#5852),#5858,.T.);
#5852 = FACE_BOUND('',#5853,.T.);
#5853 = EDGE_LOOP('',(#5854,#5855,#5856,#5857));
#5854 = ORIENTED_EDGE('',*,*,#2037,.F.);
#5855 = ORIENTED_EDGE('',*,*,#2090,.F.);
#5856 = ORIENTED_EDGE('',*,*,#2140,.T.);
#5857 = ORIENTED_EDGE('',*,*,#5837,.T.);
#5858 = PLANE('',#5859);
#5859 = AXIS2_PLACEMENT_3D('',#5860,#5861,#5862);
#5860 = CARTESIAN_POINT('',(48.,195.,31.));
#5861 = DIRECTION('',(0.,1.,0.));
#5862 = DIRECTION('',(0.,0.,1.));
#5863 = ADVANCED_FACE('',(#5864),#5870,.F.);
#5864 = FACE_BOUND('',#5865,.F.);
#5865 = EDGE_LOOP('',(#5866,#5867,#5868,#5869));
#5866 = ORIENTED_EDGE('',*,*,#5372,.F.);
#5867 = ORIENTED_EDGE('',*,*,#2104,.T.);
#5868 = ORIENTED_EDGE('',*,*,#5815,.T.);
#5869 = ORIENTED_EDGE('',*,*,#2012,.F.);
#5870 = PLANE('',#5871);
#5871 = AXIS2_PLACEMENT_3D('',#5872,#5873,#5874);
#5872 = CARTESIAN_POINT('',(48.,184.,31.));
#5873 = DIRECTION('',(0.,1.,0.));
#5874 = DIRECTION('',(0.,0.,1.));
#5875 = ADVANCED_FACE('',(#5876),#5887,.F.);
#5876 = FACE_BOUND('',#5877,.F.);
#5877 = EDGE_LOOP('',(#5878,#5879,#5885,#5886));
#5878 = ORIENTED_EDGE('',*,*,#2063,.F.);
#5879 = ORIENTED_EDGE('',*,*,#5880,.F.);
#5880 = EDGE_CURVE('',#2164,#2064,#5881,.T.);
#5881 = LINE('',#5882,#5883);
#5882 = CARTESIAN_POINT('',(47.,195.,46.7));
#5883 = VECTOR('',#5884,1.);
#5884 = DIRECTION('',(1.,0.,0.));
#5885 = ORIENTED_EDGE('',*,*,#2163,.T.);
#5886 = ORIENTED_EDGE('',*,*,#5880,.T.);
#5887 = CYLINDRICAL_SURFACE('',#5888,2.2);
#5888 = AXIS2_PLACEMENT_3D('',#5889,#5890,#5891);
#5889 = CARTESIAN_POINT('',(47.,195.,44.5));
#5890 = DIRECTION('',(1.,0.,0.));
#5891 = DIRECTION('',(0.,0.,1.));
#5892 = ADVANCED_FACE('',(#5893),#5904,.F.);
#5893 = FACE_BOUND('',#5894,.F.);
#5894 = EDGE_LOOP('',(#5895,#5896,#5902,#5903));
#5895 = ORIENTED_EDGE('',*,*,#2516,.F.);
#5896 = ORIENTED_EDGE('',*,*,#5897,.T.);
#5897 = EDGE_CURVE('',#2517,#2221,#5898,.T.);
#5898 = LINE('',#5899,#5900);
#5899 = CARTESIAN_POINT('',(33.,189.76740981922,39.26740981922));
#5900 = VECTOR('',#5901,1.);
#5901 = DIRECTION('',(1.,0.,0.));
#5902 = ORIENTED_EDGE('',*,*,#2220,.T.);
#5903 = ORIENTED_EDGE('',*,*,#2198,.T.);
#5904 = PLANE('',#5905);
#5905 = AXIS2_PLACEMENT_3D('',#5906,#5907,#5908);
#5906 = CARTESIAN_POINT('',(33.,189.76740981922,39.26740981922));
#5907 = DIRECTION('',(0.,0.707106781187,-0.707106781187));
#5908 = DIRECTION('',(0.,-0.707106781187,-0.707106781187));
#5909 = ADVANCED_FACE('',(#5910),#5921,.F.);
#5910 = FACE_BOUND('',#5911,.F.);
#5911 = EDGE_LOOP('',(#5912,#5918,#5919,#5920));
#5912 = ORIENTED_EDGE('',*,*,#5913,.T.);
#5913 = EDGE_CURVE('',#2760,#2471,#5914,.T.);
#5914 = LINE('',#5915,#5916);
#5915 = CARTESIAN_POINT('',(33.,189.8595280586,39.176885477494));
#5916 = VECTOR('',#5917,1.);
#5917 = DIRECTION('',(1.,0.,0.));
#5918 = ORIENTED_EDGE('',*,*,#2478,.T.);
#5919 = ORIENTED_EDGE('',*,*,#5897,.F.);
#5920 = ORIENTED_EDGE('',*,*,#2767,.F.);
#5921 = PLANE('',#5922);
#5922 = AXIS2_PLACEMENT_3D('',#5923,#5924,#5925);
#5923 = CARTESIAN_POINT('',(33.,189.8595280586,39.176885477494));
#5924 = DIRECTION('',(0.,-0.7009092643,-0.713250449154));
#5925 = DIRECTION('',(0.,-0.713250449154,0.7009092643));
#5926 = ADVANCED_FACE('',(#5927),#5938,.F.);
#5927 = FACE_BOUND('',#5928,.F.);
#5928 = EDGE_LOOP('',(#5929,#5935,#5936,#5937));
#5929 = ORIENTED_EDGE('',*,*,#5930,.T.);
#5930 = EDGE_CURVE('',#2752,#2463,#5931,.T.);
#5931 = LINE('',#5932,#5933);
#5932 = CARTESIAN_POINT('',(33.,189.95321213553,39.087982608018));
#5933 = VECTOR('',#5934,1.);
#5934 = DIRECTION('',(1.,0.,0.));
#5935 = ORIENTED_EDGE('',*,*,#2470,.T.);
#5936 = ORIENTED_EDGE('',*,*,#5913,.F.);
#5937 = ORIENTED_EDGE('',*,*,#2759,.F.);
#5938 = PLANE('',#5939);
#5939 = AXIS2_PLACEMENT_3D('',#5940,#5941,#5942);
#5940 = CARTESIAN_POINT('',(33.,189.95321213553,39.087982608018));
#5941 = DIRECTION('',(0.,-0.688354575694,-0.725374371012));
#5942 = DIRECTION('',(0.,-0.725374371012,0.688354575694));
#5943 = ADVANCED_FACE('',(#5944),#5955,.F.);
#5944 = FACE_BOUND('',#5945,.F.);
#5945 = EDGE_LOOP('',(#5946,#5952,#5953,#5954));
#5946 = ORIENTED_EDGE('',*,*,#5947,.T.);
#5947 = EDGE_CURVE('',#2744,#2455,#5948,.T.);
#5948 = LINE('',#5949,#5950);
#5949 = CARTESIAN_POINT('',(33.,190.04843351294,39.000728291467));
#5950 = VECTOR('',#5951,1.);
#5951 = DIRECTION('',(1.,0.,0.));
#5952 = ORIENTED_EDGE('',*,*,#2462,.T.);
#5953 = ORIENTED_EDGE('',*,*,#5930,.F.);
#5954 = ORIENTED_EDGE('',*,*,#2751,.F.);
#5955 = PLANE('',#5956);
#5956 = AXIS2_PLACEMENT_3D('',#5957,#5958,#5959);
#5957 = CARTESIAN_POINT('',(33.,190.04843351294,39.000728291467));
#5958 = DIRECTION('',(0.,-0.675590207616,-0.73727733681));
#5959 = DIRECTION('',(0.,-0.73727733681,0.675590207616));
#5960 = ADVANCED_FACE('',(#5961),#5972,.F.);
#5961 = FACE_BOUND('',#5962,.F.);
#5962 = EDGE_LOOP('',(#5963,#5969,#5970,#5971));
#5963 = ORIENTED_EDGE('',*,*,#5964,.T.);
#5964 = EDGE_CURVE('',#2736,#2447,#5965,.T.);
#5965 = LINE('',#5966,#5967);
#5966 = CARTESIAN_POINT('',(33.,190.14516318547,38.915149106351));
#5967 = VECTOR('',#5968,1.);
#5968 = DIRECTION('',(1.,0.,0.));
#5969 = ORIENTED_EDGE('',*,*,#2454,.T.);
#5970 = ORIENTED_EDGE('',*,*,#5947,.F.);
#5971 = ORIENTED_EDGE('',*,*,#2743,.F.);
#5972 = PLANE('',#5973);
#5973 = AXIS2_PLACEMENT_3D('',#5974,#5975,#5976);
#5974 = CARTESIAN_POINT('',(33.,190.14516318547,38.915149106351));
#5975 = DIRECTION('',(0.,-0.662620048216,-0.748955720789));
#5976 = DIRECTION('',(0.,-0.748955720789,0.662620048216));
#5977 = ADVANCED_FACE('',(#5978),#5989,.F.);
#5978 = FACE_BOUND('',#5979,.F.);
#5979 = EDGE_LOOP('',(#5980,#5986,#5987,#5988));
#5980 = ORIENTED_EDGE('',*,*,#5981,.T.);
#5981 = EDGE_CURVE('',#2728,#2439,#5982,.T.);
#5982 = LINE('',#5983,#5984);
#5983 = CARTESIAN_POINT('',(33.,190.24337168832,38.83127112092));
#5984 = VECTOR('',#5985,1.);
#5985 = DIRECTION('',(1.,0.,0.));
#5986 = ORIENTED_EDGE('',*,*,#2446,.T.);
#5987 = ORIENTED_EDGE('',*,*,#5964,.F.);
#5988 = ORIENTED_EDGE('',*,*,#2735,.F.);
#5989 = PLANE('',#5990);
#5990 = AXIS2_PLACEMENT_3D('',#5991,#5992,#5993);
#5991 = CARTESIAN_POINT('',(33.,190.24337168832,38.83127112092));
#5992 = DIRECTION('',(0.,-0.64944804833,-0.7604059656));
#5993 = DIRECTION('',(0.,-0.7604059656,0.64944804833));
#5994 = ADVANCED_FACE('',(#5995),#6006,.F.);
#5995 = FACE_BOUND('',#5996,.F.);
#5996 = EDGE_LOOP('',(#5997,#6003,#6004,#6005));
#5997 = ORIENTED_EDGE('',*,*,#5998,.T.);
#5998 = EDGE_CURVE('',#2720,#2431,#5999,.T.);
#5999 = LINE('',#6000,#6001);
#6000 = CARTESIAN_POINT('',(33.,190.34302910623,38.749119885218));
#6001 = VECTOR('',#6002,1.);
#6002 = DIRECTION('',(1.,0.,0.));
#6003 = ORIENTED_EDGE('',*,*,#2438,.T.);
#6004 = ORIENTED_EDGE('',*,*,#5981,.F.);
#6005 = ORIENTED_EDGE('',*,*,#2727,.F.);
#6006 = PLANE('',#6007);
#6007 = AXIS2_PLACEMENT_3D('',#6008,#6009,#6010);
#6008 = CARTESIAN_POINT('',(33.,190.34302910623,38.749119885218));
#6009 = DIRECTION('',(0.,-0.636078220278,-0.771624583388));
#6010 = DIRECTION('',(0.,-0.771624583388,0.636078220278));
#6011 = ADVANCED_FACE('',(#6012),#6023,.F.);
#6012 = FACE_BOUND('',#6013,.F.);
#6013 = EDGE_LOOP('',(#6014,#6020,#6021,#6022));
#6014 = ORIENTED_EDGE('',*,*,#6015,.T.);
#6015 = EDGE_CURVE('',#2712,#2423,#6016,.T.);
#6016 = LINE('',#6017,#6018);
#6017 = CARTESIAN_POINT('',(33.,190.44410508259,38.66872042331));
#6018 = VECTOR('',#6019,1.);
#6019 = DIRECTION('',(1.,0.,0.));
#6020 = ORIENTED_EDGE('',*,*,#2430,.T.);
#6021 = ORIENTED_EDGE('',*,*,#5998,.F.);
#6022 = ORIENTED_EDGE('',*,*,#2719,.F.);
#6023 = PLANE('',#6024);
#6024 = AXIS2_PLACEMENT_3D('',#6025,#6026,#6027);
#6025 = CARTESIAN_POINT('',(33.,190.44410508259,38.66872042331));
#6026 = DIRECTION('',(0.,-0.622514636638,-0.782608156852));
#6027 = DIRECTION('',(0.,-0.782608156852,0.622514636638));
#6028 = ADVANCED_FACE('',(#6029),#6040,.F.);
#6029 = FACE_BOUND('',#6030,.F.);
#6030 = EDGE_LOOP('',(#6031,#6037,#6038,#6039));
#6031 = ORIENTED_EDGE('',*,*,#6032,.T.);
#6032 = EDGE_CURVE('',#2704,#2415,#6033,.T.);
#6033 = LINE('',#6034,#6035);
#6034 = CARTESIAN_POINT('',(33.,190.54656882867,38.59009722565));
#6035 = VECTOR('',#6036,1.);
#6036 = DIRECTION('',(1.,0.,0.));
#6037 = ORIENTED_EDGE('',*,*,#2422,.T.);
#6038 = ORIENTED_EDGE('',*,*,#6015,.F.);
#6039 = ORIENTED_EDGE('',*,*,#2711,.F.);
#6040 = PLANE('',#6041);
#6041 = AXIS2_PLACEMENT_3D('',#6042,#6043,#6044);
#6042 = CARTESIAN_POINT('',(33.,190.54656882867,38.59009722565));
#6043 = DIRECTION('',(0.,-0.608761429009,-0.793353340291));
#6044 = DIRECTION('',(0.,-0.793353340291,0.608761429009));
#6045 = ADVANCED_FACE('',(#6046),#6057,.F.);
#6046 = FACE_BOUND('',#6047,.F.);
#6047 = EDGE_LOOP('',(#6048,#6054,#6055,#6056));
#6048 = ORIENTED_EDGE('',*,*,#6049,.T.);
#6049 = EDGE_CURVE('',#2696,#2407,#6050,.T.);
#6050 = LINE('',#6051,#6052);
#6051 = CARTESIAN_POINT('',(33.,190.65038913303,38.513274241625));
#6052 = VECTOR('',#6053,1.);
#6053 = DIRECTION('',(1.,0.,0.));
#6054 = ORIENTED_EDGE('',*,*,#2414,.T.);
#6055 = ORIENTED_EDGE('',*,*,#6032,.F.);
#6056 = ORIENTED_EDGE('',*,*,#2703,.F.);
#6057 = PLANE('',#6058);
#6058 = AXIS2_PLACEMENT_3D('',#6059,#6060,#6061);
#6059 = CARTESIAN_POINT('',(33.,190.65038913303,38.513274241625));
#6060 = DIRECTION('',(0.,-0.594822786751,-0.803856860617));
#6061 = DIRECTION('',(0.,-0.803856860617,0.594822786751));
#6062 = ADVANCED_FACE('',(#6063),#6074,.F.);
#6063 = FACE_BOUND('',#6064,.F.);
#6064 = EDGE_LOOP('',(#6065,#6071,#6072,#6073));
#6065 = ORIENTED_EDGE('',*,*,#6066,.T.);
#6066 = EDGE_CURVE('',#2688,#2399,#6067,.T.);
#6067 = LINE('',#6068,#6069);
#6068 = CARTESIAN_POINT('',(33.,190.755534371,38.438274872261));
#6069 = VECTOR('',#6070,1.);
#6070 = DIRECTION('',(1.,0.,0.));
#6071 = ORIENTED_EDGE('',*,*,#2406,.T.);
#6072 = ORIENTED_EDGE('',*,*,#6049,.F.);
#6073 = ORIENTED_EDGE('',*,*,#2695,.F.);
#6074 = PLANE('',#6075);
#6075 = AXIS2_PLACEMENT_3D('',#6076,#6077,#6078);
#6076 = CARTESIAN_POINT('',(33.,190.755534371,38.438274872261));
#6077 = DIRECTION('',(0.,-0.580702955711,-0.814115518356));
#6078 = DIRECTION('',(0.,-0.814115518356,0.580702955711));
#6079 = ADVANCED_FACE('',(#6080),#6091,.F.);
#6080 = FACE_BOUND('',#6081,.F.);
#6081 = EDGE_LOOP('',(#6082,#6088,#6089,#6090));
#6082 = ORIENTED_EDGE('',*,*,#6083,.T.);
#6083 = EDGE_CURVE('',#2680,#2391,#6084,.T.);
#6084 = LINE('',#6085,#6086);
#6085 = CARTESIAN_POINT('',(33.,190.86197251431,38.365121963093));
#6086 = VECTOR('',#6087,1.);
#6087 = DIRECTION('',(1.,0.,0.));
#6088 = ORIENTED_EDGE('',*,*,#2398,.T.);
#6089 = ORIENTED_EDGE('',*,*,#6066,.F.);
#6090 = ORIENTED_EDGE('',*,*,#2687,.F.);
#6091 = PLANE('',#6092);
#6092 = AXIS2_PLACEMENT_3D('',#6093,#6094,#6095);
#6093 = CARTESIAN_POINT('',(33.,190.86197251431,38.365121963093));
#6094 = DIRECTION('',(0.,-0.566406236925,-0.824126188622));
#6095 = DIRECTION('',(0.,-0.824126188622,0.566406236925));
#6096 = ADVANCED_FACE('',(#6097),#6108,.F.);
#6097 = FACE_BOUND('',#6098,.F.);
#6098 = EDGE_LOOP('',(#6099,#6105,#6106,#6107));
#6099 = ORIENTED_EDGE('',*,*,#6100,.T.);
#6100 = EDGE_CURVE('',#2672,#2383,#6101,.T.);
#6101 = LINE('',#6102,#6103);
#6102 = CARTESIAN_POINT('',(33.,190.96967114088,38.293837797204));
#6103 = VECTOR('',#6104,1.);
#6104 = DIRECTION('',(1.,0.,0.));
#6105 = ORIENTED_EDGE('',*,*,#2390,.T.);
#6106 = ORIENTED_EDGE('',*,*,#6083,.F.);
#6107 = ORIENTED_EDGE('',*,*,#2679,.F.);
#6108 = PLANE('',#6109);
#6109 = AXIS2_PLACEMENT_3D('',#6110,#6111,#6112);
#6110 = CARTESIAN_POINT('',(33.,190.96967114088,38.293837797204));
#6111 = DIRECTION('',(0.,-0.551936985312,-0.833885822067));
#6112 = DIRECTION('',(0.,-0.833885822067,0.551936985312));
#6113 = ADVANCED_FACE('',(#6114),#6125,.F.);
#6114 = FACE_BOUND('',#6115,.F.);
#6115 = EDGE_LOOP('',(#6116,#6122,#6123,#6124));
#6116 = ORIENTED_EDGE('',*,*,#6117,.T.);
#6117 = EDGE_CURVE('',#2664,#2375,#6118,.T.);
#6118 = LINE('',#6119,#6120);
#6119 = CARTESIAN_POINT('',(33.,191.07859744467,38.224444088442));
#6120 = VECTOR('',#6121,1.);
#6121 = DIRECTION('',(1.,0.,0.));
#6122 = ORIENTED_EDGE('',*,*,#2382,.T.);
#6123 = ORIENTED_EDGE('',*,*,#6100,.F.);
#6124 = ORIENTED_EDGE('',*,*,#2671,.F.);
#6125 = PLANE('',#6126);
#6126 = AXIS2_PLACEMENT_3D('',#6127,#6128,#6129);
#6127 = CARTESIAN_POINT('',(33.,191.07859744467,38.224444088442));
#6128 = DIRECTION('',(0.,-0.537299608347,-0.843391445813));
#6129 = DIRECTION('',(0.,-0.843391445813,0.537299608347));
#6130 = ADVANCED_FACE('',(#6131),#6142,.F.);
#6131 = FACE_BOUND('',#6132,.F.);
#6132 = EDGE_LOOP('',(#6133,#6139,#6140,#6141));
#6133 = ORIENTED_EDGE('',*,*,#6134,.T.);
#6134 = EDGE_CURVE('',#2656,#2367,#6135,.T.);
#6135 = LINE('',#6136,#6137);
#6136 = CARTESIAN_POINT('',(33.,191.18871824566,38.156961974804));
#6137 = VECTOR('',#6138,1.);
#6138 = DIRECTION('',(1.,0.,0.));
#6139 = ORIENTED_EDGE('',*,*,#2374,.T.);
#6140 = ORIENTED_EDGE('',*,*,#6117,.F.);
#6141 = ORIENTED_EDGE('',*,*,#2663,.F.);
#6142 = PLANE('',#6143);
#6143 = AXIS2_PLACEMENT_3D('',#6144,#6145,#6146);
#6144 = CARTESIAN_POINT('',(33.,191.18871824566,38.156961974804));
#6145 = DIRECTION('',(0.,-0.522498564716,-0.852640164354));
#6146 = DIRECTION('',(0.,-0.852640164354,0.522498564716));
#6147 = ADVANCED_FACE('',(#6148),#6159,.F.);
#6148 = FACE_BOUND('',#6149,.F.);
#6149 = EDGE_LOOP('',(#6150,#6156,#6157,#6158));
#6150 = ORIENTED_EDGE('',*,*,#6151,.T.);
#6151 = EDGE_CURVE('',#2648,#2359,#6152,.T.);
#6152 = LINE('',#6153,#6154);
#6153 = CARTESIAN_POINT('',(33.,191.3,38.091412011995));
#6154 = VECTOR('',#6155,1.);
#6155 = DIRECTION('',(1.,0.,0.));
#6156 = ORIENTED_EDGE('',*,*,#2366,.T.);
#6157 = ORIENTED_EDGE('',*,*,#6134,.F.);
#6158 = ORIENTED_EDGE('',*,*,#2655,.F.);
#6159 = PLANE('',#6160);
#6160 = AXIS2_PLACEMENT_3D('',#6161,#6162,#6163);
#6161 = CARTESIAN_POINT('',(33.,191.3,38.091412011995));
#6162 = DIRECTION('',(0.,-0.507538362961,-0.861629160442));
#6163 = DIRECTION('',(0.,-0.861629160442,0.507538362961));
#6164 = ADVANCED_FACE('',(#6165),#6176,.F.);
#6165 = FACE_BOUND('',#6166,.F.);
#6166 = EDGE_LOOP('',(#6167,#6173,#6174,#6175));
#6167 = ORIENTED_EDGE('',*,*,#6168,.T.);
#6168 = EDGE_CURVE('',#2640,#2351,#6169,.T.);
#6169 = LINE('',#6170,#6171);
#6170 = CARTESIAN_POINT('',(33.,191.41240881017,38.027814167168));
#6171 = VECTOR('',#6172,1.);
#6172 = DIRECTION('',(1.,0.,0.));
#6173 = ORIENTED_EDGE('',*,*,#2358,.T.);
#6174 = ORIENTED_EDGE('',*,*,#6151,.F.);
#6175 = ORIENTED_EDGE('',*,*,#2647,.F.);
#6176 = PLANE('',#6177);
#6177 = AXIS2_PLACEMENT_3D('',#6178,#6179,#6180);
#6178 = CARTESIAN_POINT('',(33.,191.41240881017,38.027814167168));
#6179 = DIRECTION('',(0.,-0.492423560103,-0.87035569594));
#6180 = DIRECTION('',(0.,-0.87035569594,0.492423560103));
#6181 = ADVANCED_FACE('',(#6182),#6193,.F.);
#6182 = FACE_BOUND('',#6183,.F.);
#6183 = EDGE_LOOP('',(#6184,#6190,#6191,#6192));
#6184 = ORIENTED_EDGE('',*,*,#6185,.T.);
#6185 = EDGE_CURVE('',#2632,#2343,#6186,.T.);
#6186 = LINE('',#6187,#6188);
#6187 = CARTESIAN_POINT('',(33.,191.52591043538,37.966187812844));
#6188 = VECTOR('',#6189,1.);
#6189 = DIRECTION('',(1.,0.,0.));
#6190 = ORIENTED_EDGE('',*,*,#2350,.T.);
#6191 = ORIENTED_EDGE('',*,*,#6168,.F.);
#6192 = ORIENTED_EDGE('',*,*,#2639,.F.);
#6193 = PLANE('',#6194);
#6194 = AXIS2_PLACEMENT_3D('',#6195,#6196,#6197);
#6195 = CARTESIAN_POINT('',(33.,191.52591043538,37.966187812844));
#6196 = DIRECTION('',(0.,-0.47715876026,-0.878817112662));
#6197 = DIRECTION('',(0.,-0.878817112662,0.47715876026));
#6198 = ADVANCED_FACE('',(#6199),#6210,.F.);
#6199 = FACE_BOUND('',#6200,.F.);
#6200 = EDGE_LOOP('',(#6201,#6207,#6208,#6209));
#6201 = ORIENTED_EDGE('',*,*,#6202,.T.);
#6202 = EDGE_CURVE('',#2624,#2335,#6203,.T.);
#6203 = LINE('',#6204,#6205);
#6204 = CARTESIAN_POINT('',(33.,191.64047030192,37.906551721006));
#6205 = VECTOR('',#6206,1.);
#6206 = DIRECTION('',(1.,0.,0.));
#6207 = ORIENTED_EDGE('',*,*,#2342,.T.);
#6208 = ORIENTED_EDGE('',*,*,#6185,.F.);
#6209 = ORIENTED_EDGE('',*,*,#2631,.F.);
#6210 = PLANE('',#6211);
#6211 = AXIS2_PLACEMENT_3D('',#6212,#6213,#6214);
#6212 = CARTESIAN_POINT('',(33.,191.64047030192,37.906551721006));
#6213 = DIRECTION('',(0.,-0.461748613235,-0.887010833178));
#6214 = DIRECTION('',(0.,-0.887010833178,0.461748613235));
#6215 = ADVANCED_FACE('',(#6216),#6227,.F.);
#6216 = FACE_BOUND('',#6217,.F.);
#6217 = EDGE_LOOP('',(#6218,#6224,#6225,#6226));
#6218 = ORIENTED_EDGE('',*,*,#6219,.T.);
#6219 = EDGE_CURVE('',#2616,#2327,#6220,.T.);
#6220 = LINE('',#6221,#6222);
#6221 = CARTESIAN_POINT('',(33.,191.75605351376,37.848924057386));
#6222 = VECTOR('',#6223,1.);
#6223 = DIRECTION('',(1.,0.,0.));
#6224 = ORIENTED_EDGE('',*,*,#2334,.T.);
#6225 = ORIENTED_EDGE('',*,*,#6202,.F.);
#6226 = ORIENTED_EDGE('',*,*,#2623,.F.);
#6227 = PLANE('',#6228);
#6228 = AXIS2_PLACEMENT_3D('',#6229,#6230,#6231);
#6229 = CARTESIAN_POINT('',(33.,191.75605351376,37.848924057386));
#6230 = DIRECTION('',(0.,-0.44619781311,-0.894934361602));
#6231 = DIRECTION('',(0.,-0.894934361602,0.44619781311));
#6232 = ADVANCED_FACE('',(#6233),#6244,.F.);
#6233 = FACE_BOUND('',#6234,.F.);
#6234 = EDGE_LOOP('',(#6235,#6241,#6242,#6243));
#6235 = ORIENTED_EDGE('',*,*,#6236,.T.);
#6236 = EDGE_CURVE('',#2608,#2319,#6237,.T.);
#6237 = LINE('',#6238,#6239);
#6238 = CARTESIAN_POINT('',(33.,191.87262486311,37.793322375929));
#6239 = VECTOR('',#6240,1.);
#6240 = DIRECTION('',(1.,0.,0.));
#6241 = ORIENTED_EDGE('',*,*,#2326,.T.);
#6242 = ORIENTED_EDGE('',*,*,#6219,.F.);
#6243 = ORIENTED_EDGE('',*,*,#2615,.F.);
#6244 = PLANE('',#6245);
#6245 = AXIS2_PLACEMENT_3D('',#6246,#6247,#6248);
#6246 = CARTESIAN_POINT('',(33.,191.87262486311,37.793322375929));
#6247 = DIRECTION('',(0.,-0.430511096808,-0.90258528435));
#6248 = DIRECTION('',(0.,-0.90258528435,0.430511096808));
#6249 = ADVANCED_FACE('',(#6250),#6261,.F.);
#6250 = FACE_BOUND('',#6251,.F.);
#6251 = EDGE_LOOP('',(#6252,#6258,#6259,#6260));
#6252 = ORIENTED_EDGE('',*,*,#6253,.T.);
#6253 = EDGE_CURVE('',#2600,#2311,#6254,.T.);
#6254 = LINE('',#6255,#6256);
#6255 = CARTESIAN_POINT('',(33.,191.99014884123,37.739763613445));
#6256 = VECTOR('',#6257,1.);
#6257 = DIRECTION('',(1.,0.,0.));
#6258 = ORIENTED_EDGE('',*,*,#2318,.T.);
#6259 = ORIENTED_EDGE('',*,*,#6236,.F.);
#6260 = ORIENTED_EDGE('',*,*,#2607,.F.);
#6261 = PLANE('',#6262);
#6262 = AXIS2_PLACEMENT_3D('',#6263,#6264,#6265);
#6263 = CARTESIAN_POINT('',(33.,191.99014884123,37.739763613445));
#6264 = DIRECTION('',(0.,-0.414693242656,-0.909961270877));
#6265 = DIRECTION('',(0.,-0.909961270877,0.414693242656));
#6266 = ADVANCED_FACE('',(#6267),#6278,.F.);
#6267 = FACE_BOUND('',#6268,.F.);
#6268 = EDGE_LOOP('',(#6269,#6275,#6276,#6277));
#6269 = ORIENTED_EDGE('',*,*,#6270,.T.);
#6270 = EDGE_CURVE('',#2592,#2303,#6271,.T.);
#6271 = LINE('',#6272,#6273);
#6272 = CARTESIAN_POINT('',(33.,192.10858964917,37.688264084452));
#6273 = VECTOR('',#6274,1.);
#6274 = DIRECTION('',(1.,0.,0.));
#6275 = ORIENTED_EDGE('',*,*,#2310,.T.);
#6276 = ORIENTED_EDGE('',*,*,#6253,.F.);
#6277 = ORIENTED_EDGE('',*,*,#2599,.F.);
#6278 = PLANE('',#6279);
#6279 = AXIS2_PLACEMENT_3D('',#6280,#6281,#6282);
#6280 = CARTESIAN_POINT('',(33.,192.10858964917,37.688264084452));
#6281 = DIRECTION('',(0.,-0.398749068925,-0.917060074385));
#6282 = DIRECTION('',(0.,-0.917060074385,0.398749068925));
#6283 = ADVANCED_FACE('',(#6284),#6295,.F.);
#6284 = FACE_BOUND('',#6285,.F.);
#6285 = EDGE_LOOP('',(#6286,#6292,#6293,#6294));
#6286 = ORIENTED_EDGE('',*,*,#6287,.T.);
#6287 = EDGE_CURVE('',#2584,#2295,#6288,.T.);
#6288 = LINE('',#6289,#6290);
#6289 = CARTESIAN_POINT('',(33.,192.22791120872,37.638839476206));
#6290 = VECTOR('',#6291,1.);
#6291 = DIRECTION('',(1.,0.,0.));
#6292 = ORIENTED_EDGE('',*,*,#2302,.T.);
#6293 = ORIENTED_EDGE('',*,*,#6270,.F.);
#6294 = ORIENTED_EDGE('',*,*,#2591,.F.);
#6295 = PLANE('',#6296);
#6296 = AXIS2_PLACEMENT_3D('',#6297,#6298,#6299);
#6297 = CARTESIAN_POINT('',(33.,192.22791120872,37.638839476206));
#6298 = DIRECTION('',(0.,-0.382683432365,-0.923879532511));
#6299 = DIRECTION('',(0.,-0.923879532511,0.382683432365));
#6300 = ADVANCED_FACE('',(#6301),#6312,.F.);
#6301 = FACE_BOUND('',#6302,.F.);
#6302 = EDGE_LOOP('',(#6303,#6309,#6310,#6311));
#6303 = ORIENTED_EDGE('',*,*,#6304,.T.);
#6304 = EDGE_CURVE('',#2576,#2287,#6305,.T.);
#6305 = LINE('',#6306,#6307);
#6306 = CARTESIAN_POINT('',(33.,192.34807717336,37.591504843921));
#6307 = VECTOR('',#6308,1.);
#6308 = DIRECTION('',(1.,0.,0.));
#6309 = ORIENTED_EDGE('',*,*,#2294,.T.);
#6310 = ORIENTED_EDGE('',*,*,#6287,.F.);
#6311 = ORIENTED_EDGE('',*,*,#2583,.F.);
#6312 = PLANE('',#6313);
#6313 = AXIS2_PLACEMENT_3D('',#6314,#6315,#6316);
#6314 = CARTESIAN_POINT('',(33.,192.34807717336,37.591504843921));
#6315 = DIRECTION('',(0.,-0.366501226724,-0.930417567982));
#6316 = DIRECTION('',(0.,-0.930417567982,0.366501226724));
#6317 = ADVANCED_FACE('',(#6318),#6329,.F.);
#6318 = FACE_BOUND('',#6319,.F.);
#6319 = EDGE_LOOP('',(#6320,#6326,#6327,#6328));
#6320 = ORIENTED_EDGE('',*,*,#6321,.T.);
#6321 = EDGE_CURVE('',#2568,#2279,#6322,.T.);
#6322 = LINE('',#6323,#6324);
#6323 = CARTESIAN_POINT('',(33.,192.46905093939,37.546274606184));
#6324 = VECTOR('',#6325,1.);
#6325 = DIRECTION('',(1.,0.,0.));
#6326 = ORIENTED_EDGE('',*,*,#2286,.T.);
#6327 = ORIENTED_EDGE('',*,*,#6304,.F.);
#6328 = ORIENTED_EDGE('',*,*,#2575,.F.);
#6329 = PLANE('',#6330);
#6330 = AXIS2_PLACEMENT_3D('',#6331,#6332,#6333);
#6331 = CARTESIAN_POINT('',(33.,192.46905093939,37.546274606184));
#6332 = DIRECTION('',(0.,-0.350207381259,-0.936672189248));
#6333 = DIRECTION('',(0.,-0.936672189248,0.350207381259));
#6334 = ADVANCED_FACE('',(#6335),#6346,.F.);
#6335 = FACE_BOUND('',#6336,.F.);
#6336 = EDGE_LOOP('',(#6337,#6343,#6344,#6345));
#6337 = ORIENTED_EDGE('',*,*,#6338,.T.);
#6338 = EDGE_CURVE('',#2560,#2271,#6339,.T.);
#6339 = LINE('',#6340,#6341);
#6340 = CARTESIAN_POINT('',(33.,191.06676835175,33.693534860962));
#6341 = VECTOR('',#6342,1.);
#6342 = DIRECTION('',(1.,0.,0.));
#6343 = ORIENTED_EDGE('',*,*,#2278,.T.);
#6344 = ORIENTED_EDGE('',*,*,#6321,.F.);
#6345 = ORIENTED_EDGE('',*,*,#2567,.F.);
#6346 = PLANE('',#6347);
#6347 = AXIS2_PLACEMENT_3D('',#6348,#6349,#6350);
#6348 = CARTESIAN_POINT('',(33.,191.06676835175,33.693534860962));
#6349 = DIRECTION('',(0.,-0.939692620786,0.342020143326));
#6350 = DIRECTION('',(0.,0.342020143326,0.939692620786));
#6351 = ADVANCED_FACE('',(#6352),#6363,.F.);
#6352 = FACE_BOUND('',#6353,.F.);
#6353 = EDGE_LOOP('',(#6354,#6360,#6361,#6362));
#6354 = ORIENTED_EDGE('',*,*,#6355,.T.);
#6355 = EDGE_CURVE('',#2552,#2263,#6356,.T.);
#6356 = LINE('',#6357,#6358);
#6357 = CARTESIAN_POINT('',(33.,190.87876858022,33.763825095282));
#6358 = VECTOR('',#6359,1.);
#6359 = DIRECTION('',(1.,0.,0.));
#6360 = ORIENTED_EDGE('',*,*,#2270,.T.);
#6361 = ORIENTED_EDGE('',*,*,#6338,.F.);
#6362 = ORIENTED_EDGE('',*,*,#2559,.F.);
#6363 = PLANE('',#6364);
#6364 = AXIS2_PLACEMENT_3D('',#6365,#6366,#6367);
#6365 = CARTESIAN_POINT('',(33.,190.87876858022,33.763825095282));
#6366 = DIRECTION('',(0.,0.350207381259,0.936672189248));
#6367 = DIRECTION('',(0.,0.936672189248,-0.350207381259));
#6368 = ADVANCED_FACE('',(#6369),#6380,.F.);
#6369 = FACE_BOUND('',#6370,.F.);
#6370 = EDGE_LOOP('',(#6371,#6377,#6378,#6379));
#6371 = ORIENTED_EDGE('',*,*,#6372,.T.);
#6372 = EDGE_CURVE('',#2544,#2255,#6373,.T.);
#6373 = LINE('',#6374,#6375);
#6374 = CARTESIAN_POINT('',(33.,190.69202417571,33.837385672482));
#6375 = VECTOR('',#6376,1.);
#6376 = DIRECTION('',(1.,0.,0.));
#6377 = ORIENTED_EDGE('',*,*,#2262,.T.);
#6378 = ORIENTED_EDGE('',*,*,#6355,.F.);
#6379 = ORIENTED_EDGE('',*,*,#2551,.F.);
#6380 = PLANE('',#6381);
#6381 = AXIS2_PLACEMENT_3D('',#6382,#6383,#6384);
#6382 = CARTESIAN_POINT('',(33.,190.69202417571,33.837385672482));
#6383 = DIRECTION('',(0.,0.366501226724,0.930417567982));
#6384 = DIRECTION('',(0.,0.930417567982,-0.366501226724));
#6385 = ADVANCED_FACE('',(#6386),#6397,.F.);
#6386 = FACE_BOUND('',#6387,.F.);
#6387 = EDGE_LOOP('',(#6388,#6394,#6395,#6396));
#6388 = ORIENTED_EDGE('',*,*,#6389,.T.);
#6389 = EDGE_CURVE('',#2536,#2247,#6390,.T.);
#6390 = LINE('',#6391,#6392);
#6391 = CARTESIAN_POINT('',(33.,190.50659202237,33.914194185297));
#6392 = VECTOR('',#6393,1.);
#6393 = DIRECTION('',(1.,0.,0.));
#6394 = ORIENTED_EDGE('',*,*,#2254,.T.);
#6395 = ORIENTED_EDGE('',*,*,#6372,.F.);
#6396 = ORIENTED_EDGE('',*,*,#2543,.F.);
#6397 = PLANE('',#6398);
#6398 = AXIS2_PLACEMENT_3D('',#6399,#6400,#6401);
#6399 = CARTESIAN_POINT('',(33.,190.50659202237,33.914194185297));
#6400 = DIRECTION('',(0.,0.382683432365,0.923879532511));
#6401 = DIRECTION('',(0.,0.923879532511,-0.382683432365));
#6402 = ADVANCED_FACE('',(#6403),#6414,.F.);
#6403 = FACE_BOUND('',#6404,.F.);
#6404 = EDGE_LOOP('',(#6405,#6411,#6412,#6413));
#6405 = ORIENTED_EDGE('',*,*,#6406,.T.);
#6406 = EDGE_CURVE('',#2528,#2239,#6407,.T.);
#6407 = LINE('',#6408,#6409);
#6408 = CARTESIAN_POINT('',(33.,190.32252860462,33.99422723711));
#6409 = VECTOR('',#6410,1.);
#6410 = DIRECTION('',(1.,0.,0.));
#6411 = ORIENTED_EDGE('',*,*,#2246,.T.);
#6412 = ORIENTED_EDGE('',*,*,#6389,.F.);
#6413 = ORIENTED_EDGE('',*,*,#2535,.F.);
#6414 = PLANE('',#6415);
#6415 = AXIS2_PLACEMENT_3D('',#6416,#6417,#6418);
#6416 = CARTESIAN_POINT('',(33.,190.32252860462,33.99422723711));
#6417 = DIRECTION('',(0.,0.398749068925,0.917060074385));
#6418 = DIRECTION('',(0.,0.917060074385,-0.398749068925));
#6419 = ADVANCED_FACE('',(#6420),#6426,.F.);
#6420 = FACE_BOUND('',#6421,.F.);
#6421 = EDGE_LOOP('',(#6422,#6423,#6424,#6425));
#6422 = ORIENTED_EDGE('',*,*,#2502,.T.);
#6423 = ORIENTED_EDGE('',*,*,#2238,.T.);
#6424 = ORIENTED_EDGE('',*,*,#6406,.F.);
#6425 = ORIENTED_EDGE('',*,*,#2527,.F.);
#6426 = PLANE('',#6427);
#6427 = AXIS2_PLACEMENT_3D('',#6428,#6429,#6430);
#6428 = CARTESIAN_POINT('',(33.,190.13988998998,34.077460449079));
#6429 = DIRECTION('',(0.,0.414693242656,0.909961270877));
#6430 = DIRECTION('',(0.,0.909961270877,-0.414693242656));
#6431 = ADVANCED_FACE('',(#6432),#6443,.F.);
#6432 = FACE_BOUND('',#6433,.F.);
#6433 = EDGE_LOOP('',(#6434,#6435,#6441,#6442));
#6434 = ORIENTED_EDGE('',*,*,#3307,.F.);
#6435 = ORIENTED_EDGE('',*,*,#6436,.T.);
#6436 = EDGE_CURVE('',#3308,#3012,#6437,.T.);
#6437 = LINE('',#6438,#6439);
#6438 = CARTESIAN_POINT('',(153.,189.76740981922,39.26740981922));
#6439 = VECTOR('',#6440,1.);
#6440 = DIRECTION('',(1.,0.,0.));
#6441 = ORIENTED_EDGE('',*,*,#3011,.T.);
#6442 = ORIENTED_EDGE('',*,*,#2986,.T.);
#6443 = PLANE('',#6444);
#6444 = AXIS2_PLACEMENT_3D('',#6445,#6446,#6447);
#6445 = CARTESIAN_POINT('',(153.,189.76740981922,39.26740981922));
#6446 = DIRECTION('',(0.,0.707106781187,-0.707106781187));
#6447 = DIRECTION('',(0.,-0.707106781187,-0.707106781187));
#6448 = ADVANCED_FACE('',(#6449),#6460,.F.);
#6449 = FACE_BOUND('',#6450,.F.);
#6450 = EDGE_LOOP('',(#6451,#6457,#6458,#6459));
#6451 = ORIENTED_EDGE('',*,*,#6452,.T.);
#6452 = EDGE_CURVE('',#3551,#3262,#6453,.T.);
#6453 = LINE('',#6454,#6455);
#6454 = CARTESIAN_POINT('',(153.,189.8595280586,39.176885477494));
#6455 = VECTOR('',#6456,1.);
#6456 = DIRECTION('',(1.,0.,0.));
#6457 = ORIENTED_EDGE('',*,*,#3269,.T.);
#6458 = ORIENTED_EDGE('',*,*,#6436,.F.);
#6459 = ORIENTED_EDGE('',*,*,#3558,.F.);
#6460 = PLANE('',#6461);
#6461 = AXIS2_PLACEMENT_3D('',#6462,#6463,#6464);
#6462 = CARTESIAN_POINT('',(153.,189.8595280586,39.176885477494));
#6463 = DIRECTION('',(0.,-0.7009092643,-0.713250449154));
#6464 = DIRECTION('',(0.,-0.713250449154,0.7009092643));
#6465 = ADVANCED_FACE('',(#6466),#6477,.F.);
#6466 = FACE_BOUND('',#6467,.F.);
#6467 = EDGE_LOOP('',(#6468,#6474,#6475,#6476));
#6468 = ORIENTED_EDGE('',*,*,#6469,.T.);
#6469 = EDGE_CURVE('',#3543,#3254,#6470,.T.);
#6470 = LINE('',#6471,#6472);
#6471 = CARTESIAN_POINT('',(153.,189.95321213553,39.087982608018));
#6472 = VECTOR('',#6473,1.);
#6473 = DIRECTION('',(1.,0.,0.));
#6474 = ORIENTED_EDGE('',*,*,#3261,.T.);
#6475 = ORIENTED_EDGE('',*,*,#6452,.F.);
#6476 = ORIENTED_EDGE('',*,*,#3550,.F.);
#6477 = PLANE('',#6478);
#6478 = AXIS2_PLACEMENT_3D('',#6479,#6480,#6481);
#6479 = CARTESIAN_POINT('',(153.,189.95321213553,39.087982608018));
#6480 = DIRECTION('',(0.,-0.688354575694,-0.725374371012));
#6481 = DIRECTION('',(0.,-0.725374371012,0.688354575694));
#6482 = ADVANCED_FACE('',(#6483),#6494,.F.);
#6483 = FACE_BOUND('',#6484,.F.);
#6484 = EDGE_LOOP('',(#6485,#6491,#6492,#6493));
#6485 = ORIENTED_EDGE('',*,*,#6486,.T.);
#6486 = EDGE_CURVE('',#3535,#3246,#6487,.T.);
#6487 = LINE('',#6488,#6489);
#6488 = CARTESIAN_POINT('',(153.,190.04843351294,39.000728291467));
#6489 = VECTOR('',#6490,1.);
#6490 = DIRECTION('',(1.,0.,0.));
#6491 = ORIENTED_EDGE('',*,*,#3253,.T.);
#6492 = ORIENTED_EDGE('',*,*,#6469,.F.);
#6493 = ORIENTED_EDGE('',*,*,#3542,.F.);
#6494 = PLANE('',#6495);
#6495 = AXIS2_PLACEMENT_3D('',#6496,#6497,#6498);
#6496 = CARTESIAN_POINT('',(153.,190.04843351294,39.000728291467));
#6497 = DIRECTION('',(0.,-0.675590207616,-0.73727733681));
#6498 = DIRECTION('',(0.,-0.73727733681,0.675590207616));
#6499 = ADVANCED_FACE('',(#6500),#6511,.F.);
#6500 = FACE_BOUND('',#6501,.F.);
#6501 = EDGE_LOOP('',(#6502,#6508,#6509,#6510));
#6502 = ORIENTED_EDGE('',*,*,#6503,.T.);
#6503 = EDGE_CURVE('',#3527,#3238,#6504,.T.);
#6504 = LINE('',#6505,#6506);
#6505 = CARTESIAN_POINT('',(153.,190.14516318547,38.915149106351));
#6506 = VECTOR('',#6507,1.);
#6507 = DIRECTION('',(1.,0.,0.));
#6508 = ORIENTED_EDGE('',*,*,#3245,.T.);
#6509 = ORIENTED_EDGE('',*,*,#6486,.F.);
#6510 = ORIENTED_EDGE('',*,*,#3534,.F.);
#6511 = PLANE('',#6512);
#6512 = AXIS2_PLACEMENT_3D('',#6513,#6514,#6515);
#6513 = CARTESIAN_POINT('',(153.,190.14516318547,38.915149106351));
#6514 = DIRECTION('',(0.,-0.662620048216,-0.748955720789));
#6515 = DIRECTION('',(0.,-0.748955720789,0.662620048216));
#6516 = ADVANCED_FACE('',(#6517),#6528,.F.);
#6517 = FACE_BOUND('',#6518,.F.);
#6518 = EDGE_LOOP('',(#6519,#6525,#6526,#6527));
#6519 = ORIENTED_EDGE('',*,*,#6520,.T.);
#6520 = EDGE_CURVE('',#3519,#3230,#6521,.T.);
#6521 = LINE('',#6522,#6523);
#6522 = CARTESIAN_POINT('',(153.,190.24337168832,38.83127112092));
#6523 = VECTOR('',#6524,1.);
#6524 = DIRECTION('',(1.,0.,0.));
#6525 = ORIENTED_EDGE('',*,*,#3237,.T.);
#6526 = ORIENTED_EDGE('',*,*,#6503,.F.);
#6527 = ORIENTED_EDGE('',*,*,#3526,.F.);
#6528 = PLANE('',#6529);
#6529 = AXIS2_PLACEMENT_3D('',#6530,#6531,#6532);
#6530 = CARTESIAN_POINT('',(153.,190.24337168832,38.83127112092));
#6531 = DIRECTION('',(0.,-0.64944804833,-0.7604059656));
#6532 = DIRECTION('',(0.,-0.7604059656,0.64944804833));
#6533 = ADVANCED_FACE('',(#6534),#6545,.F.);
#6534 = FACE_BOUND('',#6535,.F.);
#6535 = EDGE_LOOP('',(#6536,#6542,#6543,#6544));
#6536 = ORIENTED_EDGE('',*,*,#6537,.T.);
#6537 = EDGE_CURVE('',#3511,#3222,#6538,.T.);
#6538 = LINE('',#6539,#6540);
#6539 = CARTESIAN_POINT('',(153.,190.34302910623,38.749119885218));
#6540 = VECTOR('',#6541,1.);
#6541 = DIRECTION('',(1.,0.,0.));
#6542 = ORIENTED_EDGE('',*,*,#3229,.T.);
#6543 = ORIENTED_EDGE('',*,*,#6520,.F.);
#6544 = ORIENTED_EDGE('',*,*,#3518,.F.);
#6545 = PLANE('',#6546);
#6546 = AXIS2_PLACEMENT_3D('',#6547,#6548,#6549);
#6547 = CARTESIAN_POINT('',(153.,190.34302910623,38.749119885218));
#6548 = DIRECTION('',(0.,-0.636078220278,-0.771624583388));
#6549 = DIRECTION('',(0.,-0.771624583388,0.636078220278));
#6550 = ADVANCED_FACE('',(#6551),#6562,.F.);
#6551 = FACE_BOUND('',#6552,.F.);
#6552 = EDGE_LOOP('',(#6553,#6559,#6560,#6561));
#6553 = ORIENTED_EDGE('',*,*,#6554,.T.);
#6554 = EDGE_CURVE('',#3503,#3214,#6555,.T.);
#6555 = LINE('',#6556,#6557);
#6556 = CARTESIAN_POINT('',(153.,190.44410508259,38.66872042331));
#6557 = VECTOR('',#6558,1.);
#6558 = DIRECTION('',(1.,0.,0.));
#6559 = ORIENTED_EDGE('',*,*,#3221,.T.);
#6560 = ORIENTED_EDGE('',*,*,#6537,.F.);
#6561 = ORIENTED_EDGE('',*,*,#3510,.F.);
#6562 = PLANE('',#6563);
#6563 = AXIS2_PLACEMENT_3D('',#6564,#6565,#6566);
#6564 = CARTESIAN_POINT('',(153.,190.44410508259,38.66872042331));
#6565 = DIRECTION('',(0.,-0.622514636638,-0.782608156852));
#6566 = DIRECTION('',(0.,-0.782608156852,0.622514636638));
#6567 = ADVANCED_FACE('',(#6568),#6579,.F.);
#6568 = FACE_BOUND('',#6569,.F.);
#6569 = EDGE_LOOP('',(#6570,#6576,#6577,#6578));
#6570 = ORIENTED_EDGE('',*,*,#6571,.T.);
#6571 = EDGE_CURVE('',#3495,#3206,#6572,.T.);
#6572 = LINE('',#6573,#6574);
#6573 = CARTESIAN_POINT('',(153.,190.54656882867,38.59009722565));
#6574 = VECTOR('',#6575,1.);
#6575 = DIRECTION('',(1.,0.,0.));
#6576 = ORIENTED_EDGE('',*,*,#3213,.T.);
#6577 = ORIENTED_EDGE('',*,*,#6554,.F.);
#6578 = ORIENTED_EDGE('',*,*,#3502,.F.);
#6579 = PLANE('',#6580);
#6580 = AXIS2_PLACEMENT_3D('',#6581,#6582,#6583);
#6581 = CARTESIAN_POINT('',(153.,190.54656882867,38.59009722565));
#6582 = DIRECTION('',(0.,-0.608761429009,-0.793353340291));
#6583 = DIRECTION('',(0.,-0.793353340291,0.608761429009));
#6584 = ADVANCED_FACE('',(#6585),#6596,.F.);
#6585 = FACE_BOUND('',#6586,.F.);
#6586 = EDGE_LOOP('',(#6587,#6593,#6594,#6595));
#6587 = ORIENTED_EDGE('',*,*,#6588,.T.);
#6588 = EDGE_CURVE('',#3487,#3198,#6589,.T.);
#6589 = LINE('',#6590,#6591);
#6590 = CARTESIAN_POINT('',(153.,190.65038913303,38.513274241625));
#6591 = VECTOR('',#6592,1.);
#6592 = DIRECTION('',(1.,0.,0.));
#6593 = ORIENTED_EDGE('',*,*,#3205,.T.);
#6594 = ORIENTED_EDGE('',*,*,#6571,.F.);
#6595 = ORIENTED_EDGE('',*,*,#3494,.F.);
#6596 = PLANE('',#6597);
#6597 = AXIS2_PLACEMENT_3D('',#6598,#6599,#6600);
#6598 = CARTESIAN_POINT('',(153.,190.65038913303,38.513274241625));
#6599 = DIRECTION('',(0.,-0.594822786751,-0.803856860617));
#6600 = DIRECTION('',(0.,-0.803856860617,0.594822786751));
#6601 = ADVANCED_FACE('',(#6602),#6613,.F.);
#6602 = FACE_BOUND('',#6603,.F.);
#6603 = EDGE_LOOP('',(#6604,#6610,#6611,#6612));
#6604 = ORIENTED_EDGE('',*,*,#6605,.T.);
#6605 = EDGE_CURVE('',#3479,#3190,#6606,.T.);
#6606 = LINE('',#6607,#6608);
#6607 = CARTESIAN_POINT('',(153.,190.755534371,38.438274872261));
#6608 = VECTOR('',#6609,1.);
#6609 = DIRECTION('',(1.,0.,0.));
#6610 = ORIENTED_EDGE('',*,*,#3197,.T.);
#6611 = ORIENTED_EDGE('',*,*,#6588,.F.);
#6612 = ORIENTED_EDGE('',*,*,#3486,.F.);
#6613 = PLANE('',#6614);
#6614 = AXIS2_PLACEMENT_3D('',#6615,#6616,#6617);
#6615 = CARTESIAN_POINT('',(153.,190.755534371,38.438274872261));
#6616 = DIRECTION('',(0.,-0.580702955711,-0.814115518356));
#6617 = DIRECTION('',(0.,-0.814115518356,0.580702955711));
#6618 = ADVANCED_FACE('',(#6619),#6630,.F.);
#6619 = FACE_BOUND('',#6620,.F.);
#6620 = EDGE_LOOP('',(#6621,#6627,#6628,#6629));
#6621 = ORIENTED_EDGE('',*,*,#6622,.T.);
#6622 = EDGE_CURVE('',#3471,#3182,#6623,.T.);
#6623 = LINE('',#6624,#6625);
#6624 = CARTESIAN_POINT('',(153.,190.86197251431,38.365121963093));
#6625 = VECTOR('',#6626,1.);
#6626 = DIRECTION('',(1.,0.,0.));
#6627 = ORIENTED_EDGE('',*,*,#3189,.T.);
#6628 = ORIENTED_EDGE('',*,*,#6605,.F.);
#6629 = ORIENTED_EDGE('',*,*,#3478,.F.);
#6630 = PLANE('',#6631);
#6631 = AXIS2_PLACEMENT_3D('',#6632,#6633,#6634);
#6632 = CARTESIAN_POINT('',(153.,190.86197251431,38.365121963093));
#6633 = DIRECTION('',(0.,-0.566406236925,-0.824126188622));
#6634 = DIRECTION('',(0.,-0.824126188622,0.566406236925));
#6635 = ADVANCED_FACE('',(#6636),#6647,.F.);
#6636 = FACE_BOUND('',#6637,.F.);
#6637 = EDGE_LOOP('',(#6638,#6644,#6645,#6646));
#6638 = ORIENTED_EDGE('',*,*,#6639,.T.);
#6639 = EDGE_CURVE('',#3463,#3174,#6640,.T.);
#6640 = LINE('',#6641,#6642);
#6641 = CARTESIAN_POINT('',(153.,190.96967114088,38.293837797204));
#6642 = VECTOR('',#6643,1.);
#6643 = DIRECTION('',(1.,0.,0.));
#6644 = ORIENTED_EDGE('',*,*,#3181,.T.);
#6645 = ORIENTED_EDGE('',*,*,#6622,.F.);
#6646 = ORIENTED_EDGE('',*,*,#3470,.F.);
#6647 = PLANE('',#6648);
#6648 = AXIS2_PLACEMENT_3D('',#6649,#6650,#6651);
#6649 = CARTESIAN_POINT('',(153.,190.96967114088,38.293837797204));
#6650 = DIRECTION('',(0.,-0.551936985312,-0.833885822067));
#6651 = DIRECTION('',(0.,-0.833885822067,0.551936985312));
#6652 = ADVANCED_FACE('',(#6653),#6664,.F.);
#6653 = FACE_BOUND('',#6654,.F.);
#6654 = EDGE_LOOP('',(#6655,#6661,#6662,#6663));
#6655 = ORIENTED_EDGE('',*,*,#6656,.T.);
#6656 = EDGE_CURVE('',#3455,#3166,#6657,.T.);
#6657 = LINE('',#6658,#6659);
#6658 = CARTESIAN_POINT('',(153.,191.07859744467,38.224444088442));
#6659 = VECTOR('',#6660,1.);
#6660 = DIRECTION('',(1.,0.,0.));
#6661 = ORIENTED_EDGE('',*,*,#3173,.T.);
#6662 = ORIENTED_EDGE('',*,*,#6639,.F.);
#6663 = ORIENTED_EDGE('',*,*,#3462,.F.);
#6664 = PLANE('',#6665);
#6665 = AXIS2_PLACEMENT_3D('',#6666,#6667,#6668);
#6666 = CARTESIAN_POINT('',(153.,191.07859744467,38.224444088442));
#6667 = DIRECTION('',(0.,-0.537299608347,-0.843391445813));
#6668 = DIRECTION('',(0.,-0.843391445813,0.537299608347));
#6669 = ADVANCED_FACE('',(#6670),#6681,.F.);
#6670 = FACE_BOUND('',#6671,.F.);
#6671 = EDGE_LOOP('',(#6672,#6678,#6679,#6680));
#6672 = ORIENTED_EDGE('',*,*,#6673,.T.);
#6673 = EDGE_CURVE('',#3447,#3158,#6674,.T.);
#6674 = LINE('',#6675,#6676);
#6675 = CARTESIAN_POINT('',(153.,191.18871824566,38.156961974804));
#6676 = VECTOR('',#6677,1.);
#6677 = DIRECTION('',(1.,0.,0.));
#6678 = ORIENTED_EDGE('',*,*,#3165,.T.);
#6679 = ORIENTED_EDGE('',*,*,#6656,.F.);
#6680 = ORIENTED_EDGE('',*,*,#3454,.F.);
#6681 = PLANE('',#6682);
#6682 = AXIS2_PLACEMENT_3D('',#6683,#6684,#6685);
#6683 = CARTESIAN_POINT('',(153.,191.18871824566,38.156961974804));
#6684 = DIRECTION('',(0.,-0.522498564716,-0.852640164354));
#6685 = DIRECTION('',(0.,-0.852640164354,0.522498564716));
#6686 = ADVANCED_FACE('',(#6687),#6698,.F.);
#6687 = FACE_BOUND('',#6688,.F.);
#6688 = EDGE_LOOP('',(#6689,#6695,#6696,#6697));
#6689 = ORIENTED_EDGE('',*,*,#6690,.T.);
#6690 = EDGE_CURVE('',#3439,#3150,#6691,.T.);
#6691 = LINE('',#6692,#6693);
#6692 = CARTESIAN_POINT('',(153.,191.3,38.091412011995));
#6693 = VECTOR('',#6694,1.);
#6694 = DIRECTION('',(1.,0.,0.));
#6695 = ORIENTED_EDGE('',*,*,#3157,.T.);
#6696 = ORIENTED_EDGE('',*,*,#6673,.F.);
#6697 = ORIENTED_EDGE('',*,*,#3446,.F.);
#6698 = PLANE('',#6699);
#6699 = AXIS2_PLACEMENT_3D('',#6700,#6701,#6702);
#6700 = CARTESIAN_POINT('',(153.,191.3,38.091412011995));
#6701 = DIRECTION('',(0.,-0.507538362961,-0.861629160442));
#6702 = DIRECTION('',(0.,-0.861629160442,0.507538362961));
#6703 = ADVANCED_FACE('',(#6704),#6715,.F.);
#6704 = FACE_BOUND('',#6705,.F.);
#6705 = EDGE_LOOP('',(#6706,#6712,#6713,#6714));
#6706 = ORIENTED_EDGE('',*,*,#6707,.T.);
#6707 = EDGE_CURVE('',#3431,#3142,#6708,.T.);
#6708 = LINE('',#6709,#6710);
#6709 = CARTESIAN_POINT('',(153.,191.41240881017,38.027814167168));
#6710 = VECTOR('',#6711,1.);
#6711 = DIRECTION('',(1.,0.,0.));
#6712 = ORIENTED_EDGE('',*,*,#3149,.T.);
#6713 = ORIENTED_EDGE('',*,*,#6690,.F.);
#6714 = ORIENTED_EDGE('',*,*,#3438,.F.);
#6715 = PLANE('',#6716);
#6716 = AXIS2_PLACEMENT_3D('',#6717,#6718,#6719);
#6717 = CARTESIAN_POINT('',(153.,191.41240881017,38.027814167168));
#6718 = DIRECTION('',(0.,-0.492423560103,-0.87035569594));
#6719 = DIRECTION('',(0.,-0.87035569594,0.492423560103));
#6720 = ADVANCED_FACE('',(#6721),#6732,.F.);
#6721 = FACE_BOUND('',#6722,.F.);
#6722 = EDGE_LOOP('',(#6723,#6729,#6730,#6731));
#6723 = ORIENTED_EDGE('',*,*,#6724,.T.);
#6724 = EDGE_CURVE('',#3423,#3134,#6725,.T.);
#6725 = LINE('',#6726,#6727);
#6726 = CARTESIAN_POINT('',(153.,191.52591043538,37.966187812844));
#6727 = VECTOR('',#6728,1.);
#6728 = DIRECTION('',(1.,0.,0.));
#6729 = ORIENTED_EDGE('',*,*,#3141,.T.);
#6730 = ORIENTED_EDGE('',*,*,#6707,.F.);
#6731 = ORIENTED_EDGE('',*,*,#3430,.F.);
#6732 = PLANE('',#6733);
#6733 = AXIS2_PLACEMENT_3D('',#6734,#6735,#6736);
#6734 = CARTESIAN_POINT('',(153.,191.52591043538,37.966187812844));
#6735 = DIRECTION('',(0.,-0.47715876026,-0.878817112662));
#6736 = DIRECTION('',(0.,-0.878817112662,0.47715876026));
#6737 = ADVANCED_FACE('',(#6738),#6749,.F.);
#6738 = FACE_BOUND('',#6739,.F.);
#6739 = EDGE_LOOP('',(#6740,#6746,#6747,#6748));
#6740 = ORIENTED_EDGE('',*,*,#6741,.T.);
#6741 = EDGE_CURVE('',#3415,#3126,#6742,.T.);
#6742 = LINE('',#6743,#6744);
#6743 = CARTESIAN_POINT('',(153.,191.64047030192,37.906551721006));
#6744 = VECTOR('',#6745,1.);
#6745 = DIRECTION('',(1.,0.,0.));
#6746 = ORIENTED_EDGE('',*,*,#3133,.T.);
#6747 = ORIENTED_EDGE('',*,*,#6724,.F.);
#6748 = ORIENTED_EDGE('',*,*,#3422,.F.);
#6749 = PLANE('',#6750);
#6750 = AXIS2_PLACEMENT_3D('',#6751,#6752,#6753);
#6751 = CARTESIAN_POINT('',(153.,191.64047030192,37.906551721006));
#6752 = DIRECTION('',(0.,-0.461748613235,-0.887010833178));
#6753 = DIRECTION('',(0.,-0.887010833178,0.461748613235));
#6754 = ADVANCED_FACE('',(#6755),#6766,.F.);
#6755 = FACE_BOUND('',#6756,.F.);
#6756 = EDGE_LOOP('',(#6757,#6763,#6764,#6765));
#6757 = ORIENTED_EDGE('',*,*,#6758,.T.);
#6758 = EDGE_CURVE('',#3407,#3118,#6759,.T.);
#6759 = LINE('',#6760,#6761);
#6760 = CARTESIAN_POINT('',(153.,191.75605351376,37.848924057386));
#6761 = VECTOR('',#6762,1.);
#6762 = DIRECTION('',(1.,0.,0.));
#6763 = ORIENTED_EDGE('',*,*,#3125,.T.);
#6764 = ORIENTED_EDGE('',*,*,#6741,.F.);
#6765 = ORIENTED_EDGE('',*,*,#3414,.F.);
#6766 = PLANE('',#6767);
#6767 = AXIS2_PLACEMENT_3D('',#6768,#6769,#6770);
#6768 = CARTESIAN_POINT('',(153.,191.75605351376,37.848924057386));
#6769 = DIRECTION('',(0.,-0.44619781311,-0.894934361602));
#6770 = DIRECTION('',(0.,-0.894934361602,0.44619781311));
#6771 = ADVANCED_FACE('',(#6772),#6783,.F.);
#6772 = FACE_BOUND('',#6773,.F.);
#6773 = EDGE_LOOP('',(#6774,#6780,#6781,#6782));
#6774 = ORIENTED_EDGE('',*,*,#6775,.T.);
#6775 = EDGE_CURVE('',#3399,#3110,#6776,.T.);
#6776 = LINE('',#6777,#6778);
#6777 = CARTESIAN_POINT('',(153.,191.87262486311,37.793322375929));
#6778 = VECTOR('',#6779,1.);
#6779 = DIRECTION('',(1.,0.,0.));
#6780 = ORIENTED_EDGE('',*,*,#3117,.T.);
#6781 = ORIENTED_EDGE('',*,*,#6758,.F.);
#6782 = ORIENTED_EDGE('',*,*,#3406,.F.);
#6783 = PLANE('',#6784);
#6784 = AXIS2_PLACEMENT_3D('',#6785,#6786,#6787);
#6785 = CARTESIAN_POINT('',(153.,191.87262486311,37.793322375929));
#6786 = DIRECTION('',(0.,-0.430511096808,-0.90258528435));
#6787 = DIRECTION('',(0.,-0.90258528435,0.430511096808));
#6788 = ADVANCED_FACE('',(#6789),#6800,.F.);
#6789 = FACE_BOUND('',#6790,.F.);
#6790 = EDGE_LOOP('',(#6791,#6797,#6798,#6799));
#6791 = ORIENTED_EDGE('',*,*,#6792,.T.);
#6792 = EDGE_CURVE('',#3391,#3102,#6793,.T.);
#6793 = LINE('',#6794,#6795);
#6794 = CARTESIAN_POINT('',(153.,191.99014884123,37.739763613445));
#6795 = VECTOR('',#6796,1.);
#6796 = DIRECTION('',(1.,0.,0.));
#6797 = ORIENTED_EDGE('',*,*,#3109,.T.);
#6798 = ORIENTED_EDGE('',*,*,#6775,.F.);
#6799 = ORIENTED_EDGE('',*,*,#3398,.F.);
#6800 = PLANE('',#6801);
#6801 = AXIS2_PLACEMENT_3D('',#6802,#6803,#6804);
#6802 = CARTESIAN_POINT('',(153.,191.99014884123,37.739763613445));
#6803 = DIRECTION('',(0.,-0.414693242656,-0.909961270877));
#6804 = DIRECTION('',(0.,-0.909961270877,0.414693242656));
#6805 = ADVANCED_FACE('',(#6806),#6817,.F.);
#6806 = FACE_BOUND('',#6807,.F.);
#6807 = EDGE_LOOP('',(#6808,#6814,#6815,#6816));
#6808 = ORIENTED_EDGE('',*,*,#6809,.T.);
#6809 = EDGE_CURVE('',#3383,#3094,#6810,.T.);
#6810 = LINE('',#6811,#6812);
#6811 = CARTESIAN_POINT('',(153.,192.10858964917,37.688264084452));
#6812 = VECTOR('',#6813,1.);
#6813 = DIRECTION('',(1.,0.,0.));
#6814 = ORIENTED_EDGE('',*,*,#3101,.T.);
#6815 = ORIENTED_EDGE('',*,*,#6792,.F.);
#6816 = ORIENTED_EDGE('',*,*,#3390,.F.);
#6817 = PLANE('',#6818);
#6818 = AXIS2_PLACEMENT_3D('',#6819,#6820,#6821);
#6819 = CARTESIAN_POINT('',(153.,192.10858964917,37.688264084452));
#6820 = DIRECTION('',(0.,-0.398749068925,-0.917060074385));
#6821 = DIRECTION('',(0.,-0.917060074385,0.398749068925));
#6822 = ADVANCED_FACE('',(#6823),#6834,.F.);
#6823 = FACE_BOUND('',#6824,.F.);
#6824 = EDGE_LOOP('',(#6825,#6831,#6832,#6833));
#6825 = ORIENTED_EDGE('',*,*,#6826,.T.);
#6826 = EDGE_CURVE('',#3375,#3086,#6827,.T.);
#6827 = LINE('',#6828,#6829);
#6828 = CARTESIAN_POINT('',(153.,192.22791120872,37.638839476206));
#6829 = VECTOR('',#6830,1.);
#6830 = DIRECTION('',(1.,0.,0.));
#6831 = ORIENTED_EDGE('',*,*,#3093,.T.);
#6832 = ORIENTED_EDGE('',*,*,#6809,.F.);
#6833 = ORIENTED_EDGE('',*,*,#3382,.F.);
#6834 = PLANE('',#6835);
#6835 = AXIS2_PLACEMENT_3D('',#6836,#6837,#6838);
#6836 = CARTESIAN_POINT('',(153.,192.22791120872,37.638839476206));
#6837 = DIRECTION('',(0.,-0.382683432365,-0.923879532511));
#6838 = DIRECTION('',(0.,-0.923879532511,0.382683432365));
#6839 = ADVANCED_FACE('',(#6840),#6851,.F.);
#6840 = FACE_BOUND('',#6841,.F.);
#6841 = EDGE_LOOP('',(#6842,#6848,#6849,#6850));
#6842 = ORIENTED_EDGE('',*,*,#6843,.T.);
#6843 = EDGE_CURVE('',#3367,#3078,#6844,.T.);
#6844 = LINE('',#6845,#6846);
#6845 = CARTESIAN_POINT('',(153.,192.34807717336,37.591504843921));
#6846 = VECTOR('',#6847,1.);
#6847 = DIRECTION('',(1.,0.,0.));
#6848 = ORIENTED_EDGE('',*,*,#3085,.T.);
#6849 = ORIENTED_EDGE('',*,*,#6826,.F.);
#6850 = ORIENTED_EDGE('',*,*,#3374,.F.);
#6851 = PLANE('',#6852);
#6852 = AXIS2_PLACEMENT_3D('',#6853,#6854,#6855);
#6853 = CARTESIAN_POINT('',(153.,192.34807717336,37.591504843921));
#6854 = DIRECTION('',(0.,-0.366501226724,-0.930417567982));
#6855 = DIRECTION('',(0.,-0.930417567982,0.366501226724));
#6856 = ADVANCED_FACE('',(#6857),#6868,.F.);
#6857 = FACE_BOUND('',#6858,.F.);
#6858 = EDGE_LOOP('',(#6859,#6865,#6866,#6867));
#6859 = ORIENTED_EDGE('',*,*,#6860,.T.);
#6860 = EDGE_CURVE('',#3359,#3070,#6861,.T.);
#6861 = LINE('',#6862,#6863);
#6862 = CARTESIAN_POINT('',(153.,192.46905093939,37.546274606184));
#6863 = VECTOR('',#6864,1.);
#6864 = DIRECTION('',(1.,0.,0.));
#6865 = ORIENTED_EDGE('',*,*,#3077,.T.);
#6866 = ORIENTED_EDGE('',*,*,#6843,.F.);
#6867 = ORIENTED_EDGE('',*,*,#3366,.F.);
#6868 = PLANE('',#6869);
#6869 = AXIS2_PLACEMENT_3D('',#6870,#6871,#6872);
#6870 = CARTESIAN_POINT('',(153.,192.46905093939,37.546274606184));
#6871 = DIRECTION('',(0.,-0.350207381259,-0.936672189248));
#6872 = DIRECTION('',(0.,-0.936672189248,0.350207381259));
#6873 = ADVANCED_FACE('',(#6874),#6885,.F.);
#6874 = FACE_BOUND('',#6875,.F.);
#6875 = EDGE_LOOP('',(#6876,#6882,#6883,#6884));
#6876 = ORIENTED_EDGE('',*,*,#6877,.T.);
#6877 = EDGE_CURVE('',#3351,#3062,#6878,.T.);
#6878 = LINE('',#6879,#6880);
#6879 = CARTESIAN_POINT('',(153.,191.06676835175,33.693534860962));
#6880 = VECTOR('',#6881,1.);
#6881 = DIRECTION('',(1.,0.,0.));
#6882 = ORIENTED_EDGE('',*,*,#3069,.T.);
#6883 = ORIENTED_EDGE('',*,*,#6860,.F.);
#6884 = ORIENTED_EDGE('',*,*,#3358,.F.);
#6885 = PLANE('',#6886);
#6886 = AXIS2_PLACEMENT_3D('',#6887,#6888,#6889);
#6887 = CARTESIAN_POINT('',(153.,191.06676835175,33.693534860962));
#6888 = DIRECTION('',(0.,-0.939692620786,0.342020143326));
#6889 = DIRECTION('',(0.,0.342020143326,0.939692620786));
#6890 = ADVANCED_FACE('',(#6891),#6902,.F.);
#6891 = FACE_BOUND('',#6892,.F.);
#6892 = EDGE_LOOP('',(#6893,#6899,#6900,#6901));
#6893 = ORIENTED_EDGE('',*,*,#6894,.T.);
#6894 = EDGE_CURVE('',#3343,#3054,#6895,.T.);
#6895 = LINE('',#6896,#6897);
#6896 = CARTESIAN_POINT('',(153.,190.87876858022,33.763825095282));
#6897 = VECTOR('',#6898,1.);
#6898 = DIRECTION('',(1.,0.,0.));
#6899 = ORIENTED_EDGE('',*,*,#3061,.T.);
#6900 = ORIENTED_EDGE('',*,*,#6877,.F.);
#6901 = ORIENTED_EDGE('',*,*,#3350,.F.);
#6902 = PLANE('',#6903);
#6903 = AXIS2_PLACEMENT_3D('',#6904,#6905,#6906);
#6904 = CARTESIAN_POINT('',(153.,190.87876858022,33.763825095282));
#6905 = DIRECTION('',(0.,0.350207381259,0.936672189248));
#6906 = DIRECTION('',(0.,0.936672189248,-0.350207381259));
#6907 = ADVANCED_FACE('',(#6908),#6919,.F.);
#6908 = FACE_BOUND('',#6909,.F.);
#6909 = EDGE_LOOP('',(#6910,#6916,#6917,#6918));
#6910 = ORIENTED_EDGE('',*,*,#6911,.T.);
#6911 = EDGE_CURVE('',#3335,#3046,#6912,.T.);
#6912 = LINE('',#6913,#6914);
#6913 = CARTESIAN_POINT('',(153.,190.69202417571,33.837385672482));
#6914 = VECTOR('',#6915,1.);
#6915 = DIRECTION('',(1.,0.,0.));
#6916 = ORIENTED_EDGE('',*,*,#3053,.T.);
#6917 = ORIENTED_EDGE('',*,*,#6894,.F.);
#6918 = ORIENTED_EDGE('',*,*,#3342,.F.);
#6919 = PLANE('',#6920);
#6920 = AXIS2_PLACEMENT_3D('',#6921,#6922,#6923);
#6921 = CARTESIAN_POINT('',(153.,190.69202417571,33.837385672482));
#6922 = DIRECTION('',(0.,0.366501226724,0.930417567982));
#6923 = DIRECTION('',(0.,0.930417567982,-0.366501226724));
#6924 = ADVANCED_FACE('',(#6925),#6936,.F.);
#6925 = FACE_BOUND('',#6926,.F.);
#6926 = EDGE_LOOP('',(#6927,#6933,#6934,#6935));
#6927 = ORIENTED_EDGE('',*,*,#6928,.T.);
#6928 = EDGE_CURVE('',#3327,#3038,#6929,.T.);
#6929 = LINE('',#6930,#6931);
#6930 = CARTESIAN_POINT('',(153.,190.50659202237,33.914194185297));
#6931 = VECTOR('',#6932,1.);
#6932 = DIRECTION('',(1.,0.,0.));
#6933 = ORIENTED_EDGE('',*,*,#3045,.T.);
#6934 = ORIENTED_EDGE('',*,*,#6911,.F.);
#6935 = ORIENTED_EDGE('',*,*,#3334,.F.);
#6936 = PLANE('',#6937);
#6937 = AXIS2_PLACEMENT_3D('',#6938,#6939,#6940);
#6938 = CARTESIAN_POINT('',(153.,190.50659202237,33.914194185297));
#6939 = DIRECTION('',(0.,0.382683432365,0.923879532511));
#6940 = DIRECTION('',(0.,0.923879532511,-0.382683432365));
#6941 = ADVANCED_FACE('',(#6942),#6953,.F.);
#6942 = FACE_BOUND('',#6943,.F.);
#6943 = EDGE_LOOP('',(#6944,#6950,#6951,#6952));
#6944 = ORIENTED_EDGE('',*,*,#6945,.T.);
#6945 = EDGE_CURVE('',#3319,#3030,#6946,.T.);
#6946 = LINE('',#6947,#6948);
#6947 = CARTESIAN_POINT('',(153.,190.32252860462,33.99422723711));
#6948 = VECTOR('',#6949,1.);
#6949 = DIRECTION('',(1.,0.,0.));
#6950 = ORIENTED_EDGE('',*,*,#3037,.T.);
#6951 = ORIENTED_EDGE('',*,*,#6928,.F.);
#6952 = ORIENTED_EDGE('',*,*,#3326,.F.);
#6953 = PLANE('',#6954);
#6954 = AXIS2_PLACEMENT_3D('',#6955,#6956,#6957);
#6955 = CARTESIAN_POINT('',(153.,190.32252860462,33.99422723711));
#6956 = DIRECTION('',(0.,0.398749068925,0.917060074385));
#6957 = DIRECTION('',(0.,0.917060074385,-0.398749068925));
#6958 = ADVANCED_FACE('',(#6959),#6965,.F.);
#6959 = FACE_BOUND('',#6960,.F.);
#6960 = EDGE_LOOP('',(#6961,#6962,#6963,#6964));
#6961 = ORIENTED_EDGE('',*,*,#3293,.T.);
#6962 = ORIENTED_EDGE('',*,*,#3029,.T.);
#6963 = ORIENTED_EDGE('',*,*,#6945,.F.);
#6964 = ORIENTED_EDGE('',*,*,#3318,.F.);
#6965 = PLANE('',#6966);
#6966 = AXIS2_PLACEMENT_3D('',#6967,#6968,#6969);
#6967 = CARTESIAN_POINT('',(153.,190.13988998998,34.077460449079));
#6968 = DIRECTION('',(0.,0.414693242656,0.909961270877));
#6969 = DIRECTION('',(0.,0.909961270877,-0.414693242656));
#6970 = ADVANCED_FACE('',(#6971),#6990,.F.);
#6971 = FACE_BOUND('',#6972,.F.);
#6972 = EDGE_LOOP('',(#6973,#6982,#6988,#6989));
#6973 = ORIENTED_EDGE('',*,*,#6974,.F.);
#6974 = EDGE_CURVE('',#6975,#6975,#6977,.T.);
#6975 = VERTEX_POINT('',#6976);
#6976 = CARTESIAN_POINT('',(9.7,182.,39.));
#6977 = CIRCLE('',#6978,1.7);
#6978 = AXIS2_PLACEMENT_3D('',#6979,#6980,#6981);
#6979 = CARTESIAN_POINT('',(8.,182.,39.));
#6980 = DIRECTION('',(0.,0.,1.));
#6981 = DIRECTION('',(1.,0.,0.));
#6982 = ORIENTED_EDGE('',*,*,#6983,.F.);
#6983 = EDGE_CURVE('',#3760,#6975,#6984,.T.);
#6984 = LINE('',#6985,#6986);
#6985 = CARTESIAN_POINT('',(9.7,182.,30.5));
#6986 = VECTOR('',#6987,1.);
#6987 = DIRECTION('',(0.,0.,1.));
#6988 = ORIENTED_EDGE('',*,*,#3759,.T.);
#6989 = ORIENTED_EDGE('',*,*,#6983,.T.);
#6990 = CYLINDRICAL_SURFACE('',#6991,1.7);
#6991 = AXIS2_PLACEMENT_3D('',#6992,#6993,#6994);
#6992 = CARTESIAN_POINT('',(8.,182.,30.5));
#6993 = DIRECTION('',(0.,0.,1.));
#6994 = DIRECTION('',(1.,0.,0.));
#6995 = ADVANCED_FACE('',(#6996,#7004),#7007,.T.);
#6996 = FACE_BOUND('',#6997,.T.);
#6997 = EDGE_LOOP('',(#6998,#6999,#7000,#7001,#7002,#7003));
#6998 = ORIENTED_EDGE('',*,*,#5656,.T.);
#6999 = ORIENTED_EDGE('',*,*,#5705,.F.);
#7000 = ORIENTED_EDGE('',*,*,#5696,.F.);
#7001 = ORIENTED_EDGE('',*,*,#5731,.F.);
#7002 = ORIENTED_EDGE('',*,*,#5746,.F.);
#7003 = ORIENTED_EDGE('',*,*,#5773,.T.);
#7004 = FACE_BOUND('',#7005,.T.);
#7005 = EDGE_LOOP('',(#7006));
#7006 = ORIENTED_EDGE('',*,*,#5798,.T.);
#7007 = PLANE('',#7008);
#7008 = AXIS2_PLACEMENT_3D('',#7009,#7010,#7011);
#7009 = CARTESIAN_POINT('',(140.,191.89758284315,40.628038191471));
#7010 = DIRECTION('',(-1.,-0.,-0.));
#7011 = DIRECTION('',(0.,0.,-1.));
#7012 = ADVANCED_FACE('',(#7013,#7080,#7091,#7102,#7113,#7116,#7127,
    #7138,#7165,#7192,#7219),#7246,.T.);
#7013 = FACE_BOUND('',#7014,.T.);
#7014 = EDGE_LOOP('',(#7015,#7016,#7017,#7018,#7019,#7020,#7021,#7022,
    #7023,#7024,#7025,#7026,#7027,#7028,#7037,#7044,#7045,#7054,#7061,
    #7062,#7071,#7078,#7079));
#7015 = ORIENTED_EDGE('',*,*,#1008,.F.);
#7016 = ORIENTED_EDGE('',*,*,#832,.F.);
#7017 = ORIENTED_EDGE('',*,*,#889,.T.);
#7018 = ORIENTED_EDGE('',*,*,#1373,.T.);
#7019 = ORIENTED_EDGE('',*,*,#985,.F.);
#7020 = ORIENTED_EDGE('',*,*,#1788,.F.);
#7021 = ORIENTED_EDGE('',*,*,#1616,.F.);
#7022 = ORIENTED_EDGE('',*,*,#782,.T.);
#7023 = ORIENTED_EDGE('',*,*,#767,.F.);
#7024 = ORIENTED_EDGE('',*,*,#5556,.T.);
#7025 = ORIENTED_EDGE('',*,*,#3892,.F.);
#7026 = ORIENTED_EDGE('',*,*,#5538,.T.);
#7027 = ORIENTED_EDGE('',*,*,#736,.T.);
#7028 = ORIENTED_EDGE('',*,*,#7029,.T.);
#7029 = EDGE_CURVE('',#729,#7030,#7032,.T.);
#7030 = VERTEX_POINT('',#7031);
#7031 = CARTESIAN_POINT('',(14.,8.,39.));
#7032 = CIRCLE('',#7033,6.);
#7033 = AXIS2_PLACEMENT_3D('',#7034,#7035,#7036);
#7034 = CARTESIAN_POINT('',(8.,8.,39.));
#7035 = DIRECTION('',(0.,0.,1.));
#7036 = DIRECTION('',(1.,0.,0.));
#7037 = ORIENTED_EDGE('',*,*,#7038,.T.);
#7038 = EDGE_CURVE('',#7030,#24,#7039,.T.);
#7039 = CIRCLE('',#7040,6.);
#7040 = AXIS2_PLACEMENT_3D('',#7041,#7042,#7043);
#7041 = CARTESIAN_POINT('',(8.,8.,39.));
#7042 = DIRECTION('',(0.,0.,1.));
#7043 = DIRECTION('',(1.,0.,0.));
#7044 = ORIENTED_EDGE('',*,*,#47,.T.);
#7045 = ORIENTED_EDGE('',*,*,#7046,.T.);
#7046 = EDGE_CURVE('',#40,#7047,#7049,.T.);
#7047 = VERTEX_POINT('',#7048);
#7048 = CARTESIAN_POINT('',(14.,121.,39.));
#7049 = CIRCLE('',#7050,6.);
#7050 = AXIS2_PLACEMENT_3D('',#7051,#7052,#7053);
#7051 = CARTESIAN_POINT('',(8.,121.,39.));
#7052 = DIRECTION('',(0.,0.,1.));
#7053 = DIRECTION('',(1.,0.,0.));
#7054 = ORIENTED_EDGE('',*,*,#7055,.T.);
#7055 = EDGE_CURVE('',#7047,#1733,#7056,.T.);
#7056 = CIRCLE('',#7057,6.);
#7057 = AXIS2_PLACEMENT_3D('',#7058,#7059,#7060);
#7058 = CARTESIAN_POINT('',(8.,121.,39.));
#7059 = DIRECTION('',(0.,0.,1.));
#7060 = DIRECTION('',(1.,0.,0.));
#7061 = ORIENTED_EDGE('',*,*,#1749,.T.);
#7062 = ORIENTED_EDGE('',*,*,#7063,.T.);
#7063 = EDGE_CURVE('',#1742,#7064,#7066,.T.);
#7064 = VERTEX_POINT('',#7065);
#7065 = CARTESIAN_POINT('',(14.,182.,39.));
#7066 = CIRCLE('',#7067,6.);
#7067 = AXIS2_PLACEMENT_3D('',#7068,#7069,#7070);
#7068 = CARTESIAN_POINT('',(8.,182.,39.));
#7069 = DIRECTION('',(0.,0.,1.));
#7070 = DIRECTION('',(1.,0.,0.));
#7071 = ORIENTED_EDGE('',*,*,#7072,.T.);
#7072 = EDGE_CURVE('',#7064,#1482,#7073,.T.);
#7073 = CIRCLE('',#7074,6.);
#7074 = AXIS2_PLACEMENT_3D('',#7075,#7076,#7077);
#7075 = CARTESIAN_POINT('',(8.,182.,39.));
#7076 = DIRECTION('',(0.,0.,1.));
#7077 = DIRECTION('',(1.,0.,0.));
#7078 = ORIENTED_EDGE('',*,*,#1489,.F.);
#7079 = ORIENTED_EDGE('',*,*,#1438,.F.);
#7080 = FACE_BOUND('',#7081,.T.);
#7081 = EDGE_LOOP('',(#7082));
#7082 = ORIENTED_EDGE('',*,*,#7083,.F.);
#7083 = EDGE_CURVE('',#7084,#7084,#7086,.T.);
#7084 = VERTEX_POINT('',#7085);
#7085 = CARTESIAN_POINT('',(9.7,121.,39.));
#7086 = CIRCLE('',#7087,1.7);
#7087 = AXIS2_PLACEMENT_3D('',#7088,#7089,#7090);
#7088 = CARTESIAN_POINT('',(8.,121.,39.));
#7089 = DIRECTION('',(0.,0.,1.));
#7090 = DIRECTION('',(1.,0.,0.));
#7091 = FACE_BOUND('',#7092,.T.);
#7092 = EDGE_LOOP('',(#7093));
#7093 = ORIENTED_EDGE('',*,*,#7094,.F.);
#7094 = EDGE_CURVE('',#7095,#7095,#7097,.T.);
#7095 = VERTEX_POINT('',#7096);
#7096 = CARTESIAN_POINT('',(9.7,8.,39.));
#7097 = CIRCLE('',#7098,1.7);
#7098 = AXIS2_PLACEMENT_3D('',#7099,#7100,#7101);
#7099 = CARTESIAN_POINT('',(8.,8.,39.));
#7100 = DIRECTION('',(0.,0.,1.));
#7101 = DIRECTION('',(1.,0.,0.));
#7102 = FACE_BOUND('',#7103,.T.);
#7103 = EDGE_LOOP('',(#7104));
#7104 = ORIENTED_EDGE('',*,*,#7105,.F.);
#7105 = EDGE_CURVE('',#7106,#7106,#7108,.T.);
#7106 = VERTEX_POINT('',#7107);
#7107 = CARTESIAN_POINT('',(189.7,121.,39.));
#7108 = CIRCLE('',#7109,1.7);
#7109 = AXIS2_PLACEMENT_3D('',#7110,#7111,#7112);
#7110 = CARTESIAN_POINT('',(188.,121.,39.));
#7111 = DIRECTION('',(0.,0.,1.));
#7112 = DIRECTION('',(1.,0.,0.));
#7113 = FACE_BOUND('',#7114,.T.);
#7114 = EDGE_LOOP('',(#7115));
#7115 = ORIENTED_EDGE('',*,*,#6974,.F.);
#7116 = FACE_BOUND('',#7117,.T.);
#7117 = EDGE_LOOP('',(#7118));
#7118 = ORIENTED_EDGE('',*,*,#7119,.F.);
#7119 = EDGE_CURVE('',#7120,#7120,#7122,.T.);
#7120 = VERTEX_POINT('',#7121);
#7121 = CARTESIAN_POINT('',(189.7,8.,39.));
#7122 = CIRCLE('',#7123,1.7);
#7123 = AXIS2_PLACEMENT_3D('',#7124,#7125,#7126);
#7124 = CARTESIAN_POINT('',(188.,8.,39.));
#7125 = DIRECTION('',(0.,0.,1.));
#7126 = DIRECTION('',(1.,0.,0.));
#7127 = FACE_BOUND('',#7128,.T.);
#7128 = EDGE_LOOP('',(#7129));
#7129 = ORIENTED_EDGE('',*,*,#7130,.F.);
#7130 = EDGE_CURVE('',#7131,#7131,#7133,.T.);
#7131 = VERTEX_POINT('',#7132);
#7132 = CARTESIAN_POINT('',(189.7,182.,39.));
#7133 = CIRCLE('',#7134,1.7);
#7134 = AXIS2_PLACEMENT_3D('',#7135,#7136,#7137);
#7135 = CARTESIAN_POINT('',(188.,182.,39.));
#7136 = DIRECTION('',(0.,0.,1.));
#7137 = DIRECTION('',(1.,0.,0.));
#7138 = FACE_BOUND('',#7139,.T.);
#7139 = EDGE_LOOP('',(#7140,#7150,#7159));
#7140 = ORIENTED_EDGE('',*,*,#7141,.T.);
#7141 = EDGE_CURVE('',#7142,#7144,#7146,.T.);
#7142 = VERTEX_POINT('',#7143);
#7143 = CARTESIAN_POINT('',(193.,3.,39.));
#7144 = VERTEX_POINT('',#7145);
#7145 = CARTESIAN_POINT('',(191.31662479035,3.,39.));
#7146 = LINE('',#7147,#7148);
#7147 = CARTESIAN_POINT('',(1.5,3.,39.));
#7148 = VECTOR('',#7149,1.);
#7149 = DIRECTION('',(-1.,0.,0.));
#7150 = ORIENTED_EDGE('',*,*,#7151,.T.);
#7151 = EDGE_CURVE('',#7144,#7152,#7154,.T.);
#7152 = VERTEX_POINT('',#7153);
#7153 = CARTESIAN_POINT('',(193.,4.683375209645,39.));
#7154 = CIRCLE('',#7155,6.);
#7155 = AXIS2_PLACEMENT_3D('',#7156,#7157,#7158);
#7156 = CARTESIAN_POINT('',(188.,8.,39.));
#7157 = DIRECTION('',(0.,0.,1.));
#7158 = DIRECTION('',(1.,0.,0.));
#7159 = ORIENTED_EDGE('',*,*,#7160,.F.);
#7160 = EDGE_CURVE('',#7142,#7152,#7161,.T.);
#7161 = LINE('',#7162,#7163);
#7162 = CARTESIAN_POINT('',(193.,1.5,39.));
#7163 = VECTOR('',#7164,1.);
#7164 = DIRECTION('',(0.,1.,0.));
#7165 = FACE_BOUND('',#7166,.T.);
#7166 = EDGE_LOOP('',(#7167,#7177,#7186));
#7167 = ORIENTED_EDGE('',*,*,#7168,.F.);
#7168 = EDGE_CURVE('',#7169,#7171,#7173,.T.);
#7169 = VERTEX_POINT('',#7170);
#7170 = CARTESIAN_POINT('',(193.,185.31662479035,39.));
#7171 = VERTEX_POINT('',#7172);
#7172 = CARTESIAN_POINT('',(193.,187.,39.));
#7173 = LINE('',#7174,#7175);
#7174 = CARTESIAN_POINT('',(193.,1.5,39.));
#7175 = VECTOR('',#7176,1.);
#7176 = DIRECTION('',(0.,1.,0.));
#7177 = ORIENTED_EDGE('',*,*,#7178,.T.);
#7178 = EDGE_CURVE('',#7169,#7179,#7181,.T.);
#7179 = VERTEX_POINT('',#7180);
#7180 = CARTESIAN_POINT('',(191.31662479035,187.,39.));
#7181 = CIRCLE('',#7182,6.);
#7182 = AXIS2_PLACEMENT_3D('',#7183,#7184,#7185);
#7183 = CARTESIAN_POINT('',(188.,182.,39.));
#7184 = DIRECTION('',(0.,0.,1.));
#7185 = DIRECTION('',(1.,0.,0.));
#7186 = ORIENTED_EDGE('',*,*,#7187,.F.);
#7187 = EDGE_CURVE('',#7171,#7179,#7188,.T.);
#7188 = LINE('',#7189,#7190);
#7189 = CARTESIAN_POINT('',(1.5,187.,39.));
#7190 = VECTOR('',#7191,1.);
#7191 = DIRECTION('',(-1.,0.,0.));
#7192 = FACE_BOUND('',#7193,.T.);
#7193 = EDGE_LOOP('',(#7194,#7204,#7213));
#7194 = ORIENTED_EDGE('',*,*,#7195,.F.);
#7195 = EDGE_CURVE('',#7196,#7198,#7200,.T.);
#7196 = VERTEX_POINT('',#7197);
#7197 = CARTESIAN_POINT('',(4.683375209645,187.,39.));
#7198 = VERTEX_POINT('',#7199);
#7199 = CARTESIAN_POINT('',(3.,187.,39.));
#7200 = LINE('',#7201,#7202);
#7201 = CARTESIAN_POINT('',(1.5,187.,39.));
#7202 = VECTOR('',#7203,1.);
#7203 = DIRECTION('',(-1.,0.,0.));
#7204 = ORIENTED_EDGE('',*,*,#7205,.T.);
#7205 = EDGE_CURVE('',#7196,#7206,#7208,.T.);
#7206 = VERTEX_POINT('',#7207);
#7207 = CARTESIAN_POINT('',(3.,185.31662479035,39.));
#7208 = CIRCLE('',#7209,6.);
#7209 = AXIS2_PLACEMENT_3D('',#7210,#7211,#7212);
#7210 = CARTESIAN_POINT('',(8.,182.,39.));
#7211 = DIRECTION('',(0.,0.,1.));
#7212 = DIRECTION('',(1.,0.,0.));
#7213 = ORIENTED_EDGE('',*,*,#7214,.T.);
#7214 = EDGE_CURVE('',#7206,#7198,#7215,.T.);
#7215 = LINE('',#7216,#7217);
#7216 = CARTESIAN_POINT('',(3.,1.5,39.));
#7217 = VECTOR('',#7218,1.);
#7218 = DIRECTION('',(0.,1.,0.));
#7219 = FACE_BOUND('',#7220,.T.);
#7220 = EDGE_LOOP('',(#7221,#7231,#7240));
#7221 = ORIENTED_EDGE('',*,*,#7222,.T.);
#7222 = EDGE_CURVE('',#7223,#7225,#7227,.T.);
#7223 = VERTEX_POINT('',#7224);
#7224 = CARTESIAN_POINT('',(3.,3.,39.));
#7225 = VERTEX_POINT('',#7226);
#7226 = CARTESIAN_POINT('',(3.,4.683375209644,39.));
#7227 = LINE('',#7228,#7229);
#7228 = CARTESIAN_POINT('',(3.,1.5,39.));
#7229 = VECTOR('',#7230,1.);
#7230 = DIRECTION('',(0.,1.,0.));
#7231 = ORIENTED_EDGE('',*,*,#7232,.T.);
#7232 = EDGE_CURVE('',#7225,#7233,#7235,.T.);
#7233 = VERTEX_POINT('',#7234);
#7234 = CARTESIAN_POINT('',(4.683375209645,3.,39.));
#7235 = CIRCLE('',#7236,6.);
#7236 = AXIS2_PLACEMENT_3D('',#7237,#7238,#7239);
#7237 = CARTESIAN_POINT('',(8.,8.,39.));
#7238 = DIRECTION('',(0.,0.,1.));
#7239 = DIRECTION('',(1.,0.,0.));
#7240 = ORIENTED_EDGE('',*,*,#7241,.T.);
#7241 = EDGE_CURVE('',#7233,#7223,#7242,.T.);
#7242 = LINE('',#7243,#7244);
#7243 = CARTESIAN_POINT('',(1.5,3.,39.));
#7244 = VECTOR('',#7245,1.);
#7245 = DIRECTION('',(-1.,0.,0.));
#7246 = PLANE('',#7247);
#7247 = AXIS2_PLACEMENT_3D('',#7248,#7249,#7250);
#7248 = CARTESIAN_POINT('',(97.727018269808,73.408566696563,39.));
#7249 = DIRECTION('',(0.,0.,1.));
#7250 = DIRECTION('',(1.,0.,0.));
#7251 = ADVANCED_FACE('',(#7252),#7279,.F.);
#7252 = FACE_BOUND('',#7253,.F.);
#7253 = EDGE_LOOP('',(#7254,#7264,#7271,#7272));
#7254 = ORIENTED_EDGE('',*,*,#7255,.T.);
#7255 = EDGE_CURVE('',#7256,#7258,#7260,.T.);
#7256 = VERTEX_POINT('',#7257);
#7257 = CARTESIAN_POINT('',(12.1,121.,0.));
#7258 = VERTEX_POINT('',#7259);
#7259 = CARTESIAN_POINT('',(12.1,121.,30.5));
#7260 = LINE('',#7261,#7262);
#7261 = CARTESIAN_POINT('',(12.1,121.,-1.));
#7262 = VECTOR('',#7263,1.);
#7263 = DIRECTION('',(0.,0.,1.));
#7264 = ORIENTED_EDGE('',*,*,#7265,.F.);
#7265 = EDGE_CURVE('',#7258,#7258,#7266,.T.);
#7266 = CIRCLE('',#7267,4.1);
#7267 = AXIS2_PLACEMENT_3D('',#7268,#7269,#7270);
#7268 = CARTESIAN_POINT('',(8.,121.,30.5));
#7269 = DIRECTION('',(0.,0.,1.));
#7270 = DIRECTION('',(1.,0.,0.));
#7271 = ORIENTED_EDGE('',*,*,#7255,.F.);
#7272 = ORIENTED_EDGE('',*,*,#7273,.T.);
#7273 = EDGE_CURVE('',#7256,#7256,#7274,.T.);
#7274 = CIRCLE('',#7275,4.1);
#7275 = AXIS2_PLACEMENT_3D('',#7276,#7277,#7278);
#7276 = CARTESIAN_POINT('',(8.,121.,0.));
#7277 = DIRECTION('',(0.,0.,1.));
#7278 = DIRECTION('',(1.,0.,0.));
#7279 = CYLINDRICAL_SURFACE('',#7280,4.1);
#7280 = AXIS2_PLACEMENT_3D('',#7281,#7282,#7283);
#7281 = CARTESIAN_POINT('',(8.,121.,-1.));
#7282 = DIRECTION('',(0.,0.,1.));
#7283 = DIRECTION('',(1.,0.,0.));
#7284 = ADVANCED_FACE('',(#7285,#7288),#7299,.F.);
#7285 = FACE_BOUND('',#7286,.F.);
#7286 = EDGE_LOOP('',(#7287));
#7287 = ORIENTED_EDGE('',*,*,#7265,.T.);
#7288 = FACE_BOUND('',#7289,.F.);
#7289 = EDGE_LOOP('',(#7290));
#7290 = ORIENTED_EDGE('',*,*,#7291,.F.);
#7291 = EDGE_CURVE('',#7292,#7292,#7294,.T.);
#7292 = VERTEX_POINT('',#7293);
#7293 = CARTESIAN_POINT('',(9.7,121.,30.5));
#7294 = CIRCLE('',#7295,1.7);
#7295 = AXIS2_PLACEMENT_3D('',#7296,#7297,#7298);
#7296 = CARTESIAN_POINT('',(8.,121.,30.5));
#7297 = DIRECTION('',(0.,0.,1.));
#7298 = DIRECTION('',(1.,0.,0.));
#7299 = PLANE('',#7300);
#7300 = AXIS2_PLACEMENT_3D('',#7301,#7302,#7303);
#7301 = CARTESIAN_POINT('',(8.,121.,30.5));
#7302 = DIRECTION('',(0.,0.,1.));
#7303 = DIRECTION('',(1.,0.,0.));
#7304 = ADVANCED_FACE('',(#7305),#7316,.F.);
#7305 = FACE_BOUND('',#7306,.F.);
#7306 = EDGE_LOOP('',(#7307,#7308,#7314,#7315));
#7307 = ORIENTED_EDGE('',*,*,#7083,.F.);
#7308 = ORIENTED_EDGE('',*,*,#7309,.F.);
#7309 = EDGE_CURVE('',#7292,#7084,#7310,.T.);
#7310 = LINE('',#7311,#7312);
#7311 = CARTESIAN_POINT('',(9.7,121.,30.5));
#7312 = VECTOR('',#7313,1.);
#7313 = DIRECTION('',(0.,0.,1.));
#7314 = ORIENTED_EDGE('',*,*,#7291,.T.);
#7315 = ORIENTED_EDGE('',*,*,#7309,.T.);
#7316 = CYLINDRICAL_SURFACE('',#7317,1.7);
#7317 = AXIS2_PLACEMENT_3D('',#7318,#7319,#7320);
#7318 = CARTESIAN_POINT('',(8.,121.,30.5));
#7319 = DIRECTION('',(0.,0.,1.));
#7320 = DIRECTION('',(1.,0.,0.));
#7321 = ADVANCED_FACE('',(#7322),#7349,.F.);
#7322 = FACE_BOUND('',#7323,.F.);
#7323 = EDGE_LOOP('',(#7324,#7334,#7341,#7342));
#7324 = ORIENTED_EDGE('',*,*,#7325,.T.);
#7325 = EDGE_CURVE('',#7326,#7328,#7330,.T.);
#7326 = VERTEX_POINT('',#7327);
#7327 = CARTESIAN_POINT('',(12.1,8.,0.));
#7328 = VERTEX_POINT('',#7329);
#7329 = CARTESIAN_POINT('',(12.1,8.,30.5));
#7330 = LINE('',#7331,#7332);
#7331 = CARTESIAN_POINT('',(12.1,8.,-1.));
#7332 = VECTOR('',#7333,1.);
#7333 = DIRECTION('',(0.,0.,1.));
#7334 = ORIENTED_EDGE('',*,*,#7335,.F.);
#7335 = EDGE_CURVE('',#7328,#7328,#7336,.T.);
#7336 = CIRCLE('',#7337,4.1);
#7337 = AXIS2_PLACEMENT_3D('',#7338,#7339,#7340);
#7338 = CARTESIAN_POINT('',(8.,8.,30.5));
#7339 = DIRECTION('',(0.,0.,1.));
#7340 = DIRECTION('',(1.,0.,0.));
#7341 = ORIENTED_EDGE('',*,*,#7325,.F.);
#7342 = ORIENTED_EDGE('',*,*,#7343,.T.);
#7343 = EDGE_CURVE('',#7326,#7326,#7344,.T.);
#7344 = CIRCLE('',#7345,4.1);
#7345 = AXIS2_PLACEMENT_3D('',#7346,#7347,#7348);
#7346 = CARTESIAN_POINT('',(8.,8.,0.));
#7347 = DIRECTION('',(0.,0.,1.));
#7348 = DIRECTION('',(1.,0.,0.));
#7349 = CYLINDRICAL_SURFACE('',#7350,4.1);
#7350 = AXIS2_PLACEMENT_3D('',#7351,#7352,#7353);
#7351 = CARTESIAN_POINT('',(8.,8.,-1.));
#7352 = DIRECTION('',(0.,0.,1.));
#7353 = DIRECTION('',(1.,0.,0.));
#7354 = ADVANCED_FACE('',(#7355,#7358),#7369,.F.);
#7355 = FACE_BOUND('',#7356,.F.);
#7356 = EDGE_LOOP('',(#7357));
#7357 = ORIENTED_EDGE('',*,*,#7335,.T.);
#7358 = FACE_BOUND('',#7359,.F.);
#7359 = EDGE_LOOP('',(#7360));
#7360 = ORIENTED_EDGE('',*,*,#7361,.F.);
#7361 = EDGE_CURVE('',#7362,#7362,#7364,.T.);
#7362 = VERTEX_POINT('',#7363);
#7363 = CARTESIAN_POINT('',(9.7,8.,30.5));
#7364 = CIRCLE('',#7365,1.7);
#7365 = AXIS2_PLACEMENT_3D('',#7366,#7367,#7368);
#7366 = CARTESIAN_POINT('',(8.,8.,30.5));
#7367 = DIRECTION('',(0.,0.,1.));
#7368 = DIRECTION('',(1.,0.,0.));
#7369 = PLANE('',#7370);
#7370 = AXIS2_PLACEMENT_3D('',#7371,#7372,#7373);
#7371 = CARTESIAN_POINT('',(8.,8.,30.5));
#7372 = DIRECTION('',(0.,0.,1.));
#7373 = DIRECTION('',(1.,0.,0.));
#7374 = ADVANCED_FACE('',(#7375),#7386,.F.);
#7375 = FACE_BOUND('',#7376,.F.);
#7376 = EDGE_LOOP('',(#7377,#7378,#7384,#7385));
#7377 = ORIENTED_EDGE('',*,*,#7094,.F.);
#7378 = ORIENTED_EDGE('',*,*,#7379,.F.);
#7379 = EDGE_CURVE('',#7362,#7095,#7380,.T.);
#7380 = LINE('',#7381,#7382);
#7381 = CARTESIAN_POINT('',(9.7,8.,30.5));
#7382 = VECTOR('',#7383,1.);
#7383 = DIRECTION('',(0.,0.,1.));
#7384 = ORIENTED_EDGE('',*,*,#7361,.T.);
#7385 = ORIENTED_EDGE('',*,*,#7379,.T.);
#7386 = CYLINDRICAL_SURFACE('',#7387,1.7);
#7387 = AXIS2_PLACEMENT_3D('',#7388,#7389,#7390);
#7388 = CARTESIAN_POINT('',(8.,8.,30.5));
#7389 = DIRECTION('',(0.,0.,1.));
#7390 = DIRECTION('',(1.,0.,0.));
#7391 = ADVANCED_FACE('',(#7392),#7419,.F.);
#7392 = FACE_BOUND('',#7393,.F.);
#7393 = EDGE_LOOP('',(#7394,#7404,#7411,#7412));
#7394 = ORIENTED_EDGE('',*,*,#7395,.T.);
#7395 = EDGE_CURVE('',#7396,#7398,#7400,.T.);
#7396 = VERTEX_POINT('',#7397);
#7397 = CARTESIAN_POINT('',(192.1,121.,0.));
#7398 = VERTEX_POINT('',#7399);
#7399 = CARTESIAN_POINT('',(192.1,121.,30.5));
#7400 = LINE('',#7401,#7402);
#7401 = CARTESIAN_POINT('',(192.1,121.,-1.));
#7402 = VECTOR('',#7403,1.);
#7403 = DIRECTION('',(0.,0.,1.));
#7404 = ORIENTED_EDGE('',*,*,#7405,.F.);
#7405 = EDGE_CURVE('',#7398,#7398,#7406,.T.);
#7406 = CIRCLE('',#7407,4.1);
#7407 = AXIS2_PLACEMENT_3D('',#7408,#7409,#7410);
#7408 = CARTESIAN_POINT('',(188.,121.,30.5));
#7409 = DIRECTION('',(0.,0.,1.));
#7410 = DIRECTION('',(1.,0.,0.));
#7411 = ORIENTED_EDGE('',*,*,#7395,.F.);
#7412 = ORIENTED_EDGE('',*,*,#7413,.T.);
#7413 = EDGE_CURVE('',#7396,#7396,#7414,.T.);
#7414 = CIRCLE('',#7415,4.1);
#7415 = AXIS2_PLACEMENT_3D('',#7416,#7417,#7418);
#7416 = CARTESIAN_POINT('',(188.,121.,0.));
#7417 = DIRECTION('',(0.,0.,1.));
#7418 = DIRECTION('',(1.,0.,0.));
#7419 = CYLINDRICAL_SURFACE('',#7420,4.1);
#7420 = AXIS2_PLACEMENT_3D('',#7421,#7422,#7423);
#7421 = CARTESIAN_POINT('',(188.,121.,-1.));
#7422 = DIRECTION('',(0.,0.,1.));
#7423 = DIRECTION('',(1.,0.,0.));
#7424 = ADVANCED_FACE('',(#7425,#7428),#7439,.F.);
#7425 = FACE_BOUND('',#7426,.F.);
#7426 = EDGE_LOOP('',(#7427));
#7427 = ORIENTED_EDGE('',*,*,#7405,.T.);
#7428 = FACE_BOUND('',#7429,.F.);
#7429 = EDGE_LOOP('',(#7430));
#7430 = ORIENTED_EDGE('',*,*,#7431,.F.);
#7431 = EDGE_CURVE('',#7432,#7432,#7434,.T.);
#7432 = VERTEX_POINT('',#7433);
#7433 = CARTESIAN_POINT('',(189.7,121.,30.5));
#7434 = CIRCLE('',#7435,1.7);
#7435 = AXIS2_PLACEMENT_3D('',#7436,#7437,#7438);
#7436 = CARTESIAN_POINT('',(188.,121.,30.5));
#7437 = DIRECTION('',(0.,0.,1.));
#7438 = DIRECTION('',(1.,0.,0.));
#7439 = PLANE('',#7440);
#7440 = AXIS2_PLACEMENT_3D('',#7441,#7442,#7443);
#7441 = CARTESIAN_POINT('',(188.,121.,30.5));
#7442 = DIRECTION('',(0.,0.,1.));
#7443 = DIRECTION('',(1.,0.,0.));
#7444 = ADVANCED_FACE('',(#7445),#7456,.F.);
#7445 = FACE_BOUND('',#7446,.F.);
#7446 = EDGE_LOOP('',(#7447,#7448,#7454,#7455));
#7447 = ORIENTED_EDGE('',*,*,#7105,.F.);
#7448 = ORIENTED_EDGE('',*,*,#7449,.F.);
#7449 = EDGE_CURVE('',#7432,#7106,#7450,.T.);
#7450 = LINE('',#7451,#7452);
#7451 = CARTESIAN_POINT('',(189.7,121.,30.5));
#7452 = VECTOR('',#7453,1.);
#7453 = DIRECTION('',(0.,0.,1.));
#7454 = ORIENTED_EDGE('',*,*,#7431,.T.);
#7455 = ORIENTED_EDGE('',*,*,#7449,.T.);
#7456 = CYLINDRICAL_SURFACE('',#7457,1.7);
#7457 = AXIS2_PLACEMENT_3D('',#7458,#7459,#7460);
#7458 = CARTESIAN_POINT('',(188.,121.,30.5));
#7459 = DIRECTION('',(0.,0.,1.));
#7460 = DIRECTION('',(1.,0.,0.));
#7461 = ADVANCED_FACE('',(#7462),#7489,.F.);
#7462 = FACE_BOUND('',#7463,.F.);
#7463 = EDGE_LOOP('',(#7464,#7474,#7481,#7482));
#7464 = ORIENTED_EDGE('',*,*,#7465,.T.);
#7465 = EDGE_CURVE('',#7466,#7468,#7470,.T.);
#7466 = VERTEX_POINT('',#7467);
#7467 = CARTESIAN_POINT('',(192.1,8.,0.));
#7468 = VERTEX_POINT('',#7469);
#7469 = CARTESIAN_POINT('',(192.1,8.,30.5));
#7470 = LINE('',#7471,#7472);
#7471 = CARTESIAN_POINT('',(192.1,8.,-1.));
#7472 = VECTOR('',#7473,1.);
#7473 = DIRECTION('',(0.,0.,1.));
#7474 = ORIENTED_EDGE('',*,*,#7475,.F.);
#7475 = EDGE_CURVE('',#7468,#7468,#7476,.T.);
#7476 = CIRCLE('',#7477,4.1);
#7477 = AXIS2_PLACEMENT_3D('',#7478,#7479,#7480);
#7478 = CARTESIAN_POINT('',(188.,8.,30.5));
#7479 = DIRECTION('',(0.,0.,1.));
#7480 = DIRECTION('',(1.,0.,0.));
#7481 = ORIENTED_EDGE('',*,*,#7465,.F.);
#7482 = ORIENTED_EDGE('',*,*,#7483,.T.);
#7483 = EDGE_CURVE('',#7466,#7466,#7484,.T.);
#7484 = CIRCLE('',#7485,4.1);
#7485 = AXIS2_PLACEMENT_3D('',#7486,#7487,#7488);
#7486 = CARTESIAN_POINT('',(188.,8.,0.));
#7487 = DIRECTION('',(0.,0.,1.));
#7488 = DIRECTION('',(1.,0.,0.));
#7489 = CYLINDRICAL_SURFACE('',#7490,4.1);
#7490 = AXIS2_PLACEMENT_3D('',#7491,#7492,#7493);
#7491 = CARTESIAN_POINT('',(188.,8.,-1.));
#7492 = DIRECTION('',(0.,0.,1.));
#7493 = DIRECTION('',(1.,0.,0.));
#7494 = ADVANCED_FACE('',(#7495,#7498),#7509,.F.);
#7495 = FACE_BOUND('',#7496,.F.);
#7496 = EDGE_LOOP('',(#7497));
#7497 = ORIENTED_EDGE('',*,*,#7475,.T.);
#7498 = FACE_BOUND('',#7499,.F.);
#7499 = EDGE_LOOP('',(#7500));
#7500 = ORIENTED_EDGE('',*,*,#7501,.F.);
#7501 = EDGE_CURVE('',#7502,#7502,#7504,.T.);
#7502 = VERTEX_POINT('',#7503);
#7503 = CARTESIAN_POINT('',(189.7,8.,30.5));
#7504 = CIRCLE('',#7505,1.7);
#7505 = AXIS2_PLACEMENT_3D('',#7506,#7507,#7508);
#7506 = CARTESIAN_POINT('',(188.,8.,30.5));
#7507 = DIRECTION('',(0.,0.,1.));
#7508 = DIRECTION('',(1.,0.,0.));
#7509 = PLANE('',#7510);
#7510 = AXIS2_PLACEMENT_3D('',#7511,#7512,#7513);
#7511 = CARTESIAN_POINT('',(188.,8.,30.5));
#7512 = DIRECTION('',(0.,0.,1.));
#7513 = DIRECTION('',(1.,0.,0.));
#7514 = ADVANCED_FACE('',(#7515),#7526,.F.);
#7515 = FACE_BOUND('',#7516,.F.);
#7516 = EDGE_LOOP('',(#7517,#7518,#7524,#7525));
#7517 = ORIENTED_EDGE('',*,*,#7119,.F.);
#7518 = ORIENTED_EDGE('',*,*,#7519,.F.);
#7519 = EDGE_CURVE('',#7502,#7120,#7520,.T.);
#7520 = LINE('',#7521,#7522);
#7521 = CARTESIAN_POINT('',(189.7,8.,30.5));
#7522 = VECTOR('',#7523,1.);
#7523 = DIRECTION('',(0.,0.,1.));
#7524 = ORIENTED_EDGE('',*,*,#7501,.T.);
#7525 = ORIENTED_EDGE('',*,*,#7519,.T.);
#7526 = CYLINDRICAL_SURFACE('',#7527,1.7);
#7527 = AXIS2_PLACEMENT_3D('',#7528,#7529,#7530);
#7528 = CARTESIAN_POINT('',(188.,8.,30.5));
#7529 = DIRECTION('',(0.,0.,1.));
#7530 = DIRECTION('',(1.,0.,0.));
#7531 = ADVANCED_FACE('',(#7532),#7559,.F.);
#7532 = FACE_BOUND('',#7533,.F.);
#7533 = EDGE_LOOP('',(#7534,#7544,#7551,#7552));
#7534 = ORIENTED_EDGE('',*,*,#7535,.T.);
#7535 = EDGE_CURVE('',#7536,#7538,#7540,.T.);
#7536 = VERTEX_POINT('',#7537);
#7537 = CARTESIAN_POINT('',(192.1,182.,0.));
#7538 = VERTEX_POINT('',#7539);
#7539 = CARTESIAN_POINT('',(192.1,182.,30.5));
#7540 = LINE('',#7541,#7542);
#7541 = CARTESIAN_POINT('',(192.1,182.,-1.));
#7542 = VECTOR('',#7543,1.);
#7543 = DIRECTION('',(0.,0.,1.));
#7544 = ORIENTED_EDGE('',*,*,#7545,.F.);
#7545 = EDGE_CURVE('',#7538,#7538,#7546,.T.);
#7546 = CIRCLE('',#7547,4.1);
#7547 = AXIS2_PLACEMENT_3D('',#7548,#7549,#7550);
#7548 = CARTESIAN_POINT('',(188.,182.,30.5));
#7549 = DIRECTION('',(0.,0.,1.));
#7550 = DIRECTION('',(1.,0.,0.));
#7551 = ORIENTED_EDGE('',*,*,#7535,.F.);
#7552 = ORIENTED_EDGE('',*,*,#7553,.T.);
#7553 = EDGE_CURVE('',#7536,#7536,#7554,.T.);
#7554 = CIRCLE('',#7555,4.1);
#7555 = AXIS2_PLACEMENT_3D('',#7556,#7557,#7558);
#7556 = CARTESIAN_POINT('',(188.,182.,0.));
#7557 = DIRECTION('',(0.,0.,1.));
#7558 = DIRECTION('',(1.,0.,0.));
#7559 = CYLINDRICAL_SURFACE('',#7560,4.1);
#7560 = AXIS2_PLACEMENT_3D('',#7561,#7562,#7563);
#7561 = CARTESIAN_POINT('',(188.,182.,-1.));
#7562 = DIRECTION('',(0.,0.,1.));
#7563 = DIRECTION('',(1.,0.,0.));
#7564 = ADVANCED_FACE('',(#7565,#7568),#7579,.F.);
#7565 = FACE_BOUND('',#7566,.F.);
#7566 = EDGE_LOOP('',(#7567));
#7567 = ORIENTED_EDGE('',*,*,#7545,.T.);
#7568 = FACE_BOUND('',#7569,.F.);
#7569 = EDGE_LOOP('',(#7570));
#7570 = ORIENTED_EDGE('',*,*,#7571,.F.);
#7571 = EDGE_CURVE('',#7572,#7572,#7574,.T.);
#7572 = VERTEX_POINT('',#7573);
#7573 = CARTESIAN_POINT('',(189.7,182.,30.5));
#7574 = CIRCLE('',#7575,1.7);
#7575 = AXIS2_PLACEMENT_3D('',#7576,#7577,#7578);
#7576 = CARTESIAN_POINT('',(188.,182.,30.5));
#7577 = DIRECTION('',(0.,0.,1.));
#7578 = DIRECTION('',(1.,0.,0.));
#7579 = PLANE('',#7580);
#7580 = AXIS2_PLACEMENT_3D('',#7581,#7582,#7583);
#7581 = CARTESIAN_POINT('',(188.,182.,30.5));
#7582 = DIRECTION('',(0.,0.,1.));
#7583 = DIRECTION('',(1.,0.,0.));
#7584 = ADVANCED_FACE('',(#7585),#7596,.F.);
#7585 = FACE_BOUND('',#7586,.F.);
#7586 = EDGE_LOOP('',(#7587,#7588,#7594,#7595));
#7587 = ORIENTED_EDGE('',*,*,#7130,.F.);
#7588 = ORIENTED_EDGE('',*,*,#7589,.F.);
#7589 = EDGE_CURVE('',#7572,#7131,#7590,.T.);
#7590 = LINE('',#7591,#7592);
#7591 = CARTESIAN_POINT('',(189.7,182.,30.5));
#7592 = VECTOR('',#7593,1.);
#7593 = DIRECTION('',(0.,0.,1.));
#7594 = ORIENTED_EDGE('',*,*,#7571,.T.);
#7595 = ORIENTED_EDGE('',*,*,#7589,.T.);
#7596 = CYLINDRICAL_SURFACE('',#7597,1.7);
#7597 = AXIS2_PLACEMENT_3D('',#7598,#7599,#7600);
#7598 = CARTESIAN_POINT('',(188.,182.,30.5));
#7599 = DIRECTION('',(0.,0.,1.));
#7600 = DIRECTION('',(1.,0.,0.));
#7601 = ADVANCED_FACE('',(#7602),#7627,.T.);
#7602 = FACE_BOUND('',#7603,.T.);
#7603 = EDGE_LOOP('',(#7604,#7612,#7620,#7626));
#7604 = ORIENTED_EDGE('',*,*,#7605,.F.);
#7605 = EDGE_CURVE('',#7606,#7142,#7608,.T.);
#7606 = VERTEX_POINT('',#7607);
#7607 = CARTESIAN_POINT('',(193.,3.,3.));
#7608 = LINE('',#7609,#7610);
#7609 = CARTESIAN_POINT('',(193.,3.,3.));
#7610 = VECTOR('',#7611,1.);
#7611 = DIRECTION('',(0.,0.,1.));
#7612 = ORIENTED_EDGE('',*,*,#7613,.F.);
#7613 = EDGE_CURVE('',#7614,#7606,#7616,.T.);
#7614 = VERTEX_POINT('',#7615);
#7615 = CARTESIAN_POINT('',(191.31662479035,3.,3.));
#7616 = LINE('',#7617,#7618);
#7617 = CARTESIAN_POINT('',(3.,3.,3.));
#7618 = VECTOR('',#7619,1.);
#7619 = DIRECTION('',(1.,0.,0.));
#7620 = ORIENTED_EDGE('',*,*,#7621,.T.);
#7621 = EDGE_CURVE('',#7614,#7144,#7622,.T.);
#7622 = LINE('',#7623,#7624);
#7623 = CARTESIAN_POINT('',(191.31662479035,3.,0.));
#7624 = VECTOR('',#7625,1.);
#7625 = DIRECTION('',(0.,0.,1.));
#7626 = ORIENTED_EDGE('',*,*,#7141,.F.);
#7627 = PLANE('',#7628);
#7628 = AXIS2_PLACEMENT_3D('',#7629,#7630,#7631);
#7629 = CARTESIAN_POINT('',(3.,3.,3.));
#7630 = DIRECTION('',(0.,1.,0.));
#7631 = DIRECTION('',(0.,0.,1.));
#7632 = ADVANCED_FACE('',(#7633),#7651,.F.);
#7633 = FACE_BOUND('',#7634,.F.);
#7634 = EDGE_LOOP('',(#7635,#7636,#7644,#7650));
#7635 = ORIENTED_EDGE('',*,*,#7605,.F.);
#7636 = ORIENTED_EDGE('',*,*,#7637,.T.);
#7637 = EDGE_CURVE('',#7606,#7638,#7640,.T.);
#7638 = VERTEX_POINT('',#7639);
#7639 = CARTESIAN_POINT('',(193.,4.683375209645,3.));
#7640 = LINE('',#7641,#7642);
#7641 = CARTESIAN_POINT('',(193.,3.,3.));
#7642 = VECTOR('',#7643,1.);
#7643 = DIRECTION('',(0.,1.,0.));
#7644 = ORIENTED_EDGE('',*,*,#7645,.T.);
#7645 = EDGE_CURVE('',#7638,#7152,#7646,.T.);
#7646 = LINE('',#7647,#7648);
#7647 = CARTESIAN_POINT('',(193.,4.683375209645,0.));
#7648 = VECTOR('',#7649,1.);
#7649 = DIRECTION('',(0.,0.,1.));
#7650 = ORIENTED_EDGE('',*,*,#7160,.F.);
#7651 = PLANE('',#7652);
#7652 = AXIS2_PLACEMENT_3D('',#7653,#7654,#7655);
#7653 = CARTESIAN_POINT('',(193.,3.,3.));
#7654 = DIRECTION('',(1.,0.,0.));
#7655 = DIRECTION('',(0.,0.,1.));
#7656 = ADVANCED_FACE('',(#7657),#7669,.T.);
#7657 = FACE_BOUND('',#7658,.T.);
#7658 = EDGE_LOOP('',(#7659,#7660,#7661,#7662));
#7659 = ORIENTED_EDGE('',*,*,#7645,.T.);
#7660 = ORIENTED_EDGE('',*,*,#7151,.F.);
#7661 = ORIENTED_EDGE('',*,*,#7621,.F.);
#7662 = ORIENTED_EDGE('',*,*,#7663,.T.);
#7663 = EDGE_CURVE('',#7614,#7638,#7664,.T.);
#7664 = CIRCLE('',#7665,6.);
#7665 = AXIS2_PLACEMENT_3D('',#7666,#7667,#7668);
#7666 = CARTESIAN_POINT('',(188.,8.,3.));
#7667 = DIRECTION('',(0.,0.,1.));
#7668 = DIRECTION('',(1.,0.,0.));
#7669 = CYLINDRICAL_SURFACE('',#7670,6.);
#7670 = AXIS2_PLACEMENT_3D('',#7671,#7672,#7673);
#7671 = CARTESIAN_POINT('',(188.,8.,0.));
#7672 = DIRECTION('',(0.,0.,1.));
#7673 = DIRECTION('',(1.,0.,0.));
#7674 = ADVANCED_FACE('',(#7675),#7680,.T.);
#7675 = FACE_BOUND('',#7676,.T.);
#7676 = EDGE_LOOP('',(#7677,#7678,#7679));
#7677 = ORIENTED_EDGE('',*,*,#7663,.F.);
#7678 = ORIENTED_EDGE('',*,*,#7613,.T.);
#7679 = ORIENTED_EDGE('',*,*,#7637,.T.);
#7680 = PLANE('',#7681);
#7681 = AXIS2_PLACEMENT_3D('',#7682,#7683,#7684);
#7682 = CARTESIAN_POINT('',(3.,3.,3.));
#7683 = DIRECTION('',(0.,0.,1.));
#7684 = DIRECTION('',(1.,0.,0.));
#7685 = ADVANCED_FACE('',(#7686),#7711,.F.);
#7686 = FACE_BOUND('',#7687,.F.);
#7687 = EDGE_LOOP('',(#7688,#7696,#7704,#7710));
#7688 = ORIENTED_EDGE('',*,*,#7689,.F.);
#7689 = EDGE_CURVE('',#7690,#7169,#7692,.T.);
#7690 = VERTEX_POINT('',#7691);
#7691 = CARTESIAN_POINT('',(193.,185.31662479035,3.));
#7692 = LINE('',#7693,#7694);
#7693 = CARTESIAN_POINT('',(193.,185.31662479035,0.));
#7694 = VECTOR('',#7695,1.);
#7695 = DIRECTION('',(0.,0.,1.));
#7696 = ORIENTED_EDGE('',*,*,#7697,.T.);
#7697 = EDGE_CURVE('',#7690,#7698,#7700,.T.);
#7698 = VERTEX_POINT('',#7699);
#7699 = CARTESIAN_POINT('',(193.,187.,3.));
#7700 = LINE('',#7701,#7702);
#7701 = CARTESIAN_POINT('',(193.,3.,3.));
#7702 = VECTOR('',#7703,1.);
#7703 = DIRECTION('',(0.,1.,0.));
#7704 = ORIENTED_EDGE('',*,*,#7705,.T.);
#7705 = EDGE_CURVE('',#7698,#7171,#7706,.T.);
#7706 = LINE('',#7707,#7708);
#7707 = CARTESIAN_POINT('',(193.,187.,3.));
#7708 = VECTOR('',#7709,1.);
#7709 = DIRECTION('',(0.,0.,1.));
#7710 = ORIENTED_EDGE('',*,*,#7168,.F.);
#7711 = PLANE('',#7712);
#7712 = AXIS2_PLACEMENT_3D('',#7713,#7714,#7715);
#7713 = CARTESIAN_POINT('',(193.,3.,3.));
#7714 = DIRECTION('',(1.,0.,0.));
#7715 = DIRECTION('',(0.,0.,1.));
#7716 = ADVANCED_FACE('',(#7717),#7735,.F.);
#7717 = FACE_BOUND('',#7718,.F.);
#7718 = EDGE_LOOP('',(#7719,#7720,#7728,#7734));
#7719 = ORIENTED_EDGE('',*,*,#7705,.F.);
#7720 = ORIENTED_EDGE('',*,*,#7721,.F.);
#7721 = EDGE_CURVE('',#7722,#7698,#7724,.T.);
#7722 = VERTEX_POINT('',#7723);
#7723 = CARTESIAN_POINT('',(191.31662479035,187.,3.));
#7724 = LINE('',#7725,#7726);
#7725 = CARTESIAN_POINT('',(3.,187.,3.));
#7726 = VECTOR('',#7727,1.);
#7727 = DIRECTION('',(1.,0.,0.));
#7728 = ORIENTED_EDGE('',*,*,#7729,.T.);
#7729 = EDGE_CURVE('',#7722,#7179,#7730,.T.);
#7730 = LINE('',#7731,#7732);
#7731 = CARTESIAN_POINT('',(191.31662479035,187.,0.));
#7732 = VECTOR('',#7733,1.);
#7733 = DIRECTION('',(0.,0.,1.));
#7734 = ORIENTED_EDGE('',*,*,#7187,.F.);
#7735 = PLANE('',#7736);
#7736 = AXIS2_PLACEMENT_3D('',#7737,#7738,#7739);
#7737 = CARTESIAN_POINT('',(3.,187.,3.));
#7738 = DIRECTION('',(0.,1.,0.));
#7739 = DIRECTION('',(0.,0.,1.));
#7740 = ADVANCED_FACE('',(#7741),#7753,.T.);
#7741 = FACE_BOUND('',#7742,.T.);
#7742 = EDGE_LOOP('',(#7743,#7744,#7745,#7752));
#7743 = ORIENTED_EDGE('',*,*,#7178,.F.);
#7744 = ORIENTED_EDGE('',*,*,#7689,.F.);
#7745 = ORIENTED_EDGE('',*,*,#7746,.T.);
#7746 = EDGE_CURVE('',#7690,#7722,#7747,.T.);
#7747 = CIRCLE('',#7748,6.);
#7748 = AXIS2_PLACEMENT_3D('',#7749,#7750,#7751);
#7749 = CARTESIAN_POINT('',(188.,182.,3.));
#7750 = DIRECTION('',(0.,0.,1.));
#7751 = DIRECTION('',(1.,0.,0.));
#7752 = ORIENTED_EDGE('',*,*,#7729,.T.);
#7753 = CYLINDRICAL_SURFACE('',#7754,6.);
#7754 = AXIS2_PLACEMENT_3D('',#7755,#7756,#7757);
#7755 = CARTESIAN_POINT('',(188.,182.,0.));
#7756 = DIRECTION('',(0.,0.,1.));
#7757 = DIRECTION('',(1.,0.,0.));
#7758 = ADVANCED_FACE('',(#7759),#7764,.T.);
#7759 = FACE_BOUND('',#7760,.T.);
#7760 = EDGE_LOOP('',(#7761,#7762,#7763));
#7761 = ORIENTED_EDGE('',*,*,#7721,.F.);
#7762 = ORIENTED_EDGE('',*,*,#7746,.F.);
#7763 = ORIENTED_EDGE('',*,*,#7697,.T.);
#7764 = PLANE('',#7765);
#7765 = AXIS2_PLACEMENT_3D('',#7766,#7767,#7768);
#7766 = CARTESIAN_POINT('',(3.,3.,3.));
#7767 = DIRECTION('',(0.,0.,1.));
#7768 = DIRECTION('',(1.,0.,0.));
#7769 = ADVANCED_FACE('',(#7770),#7795,.F.);
#7770 = FACE_BOUND('',#7771,.F.);
#7771 = EDGE_LOOP('',(#7772,#7780,#7788,#7794));
#7772 = ORIENTED_EDGE('',*,*,#7773,.F.);
#7773 = EDGE_CURVE('',#7774,#7196,#7776,.T.);
#7774 = VERTEX_POINT('',#7775);
#7775 = CARTESIAN_POINT('',(4.683375209645,187.,3.));
#7776 = LINE('',#7777,#7778);
#7777 = CARTESIAN_POINT('',(4.683375209645,187.,0.));
#7778 = VECTOR('',#7779,1.);
#7779 = DIRECTION('',(0.,0.,1.));
#7780 = ORIENTED_EDGE('',*,*,#7781,.F.);
#7781 = EDGE_CURVE('',#7782,#7774,#7784,.T.);
#7782 = VERTEX_POINT('',#7783);
#7783 = CARTESIAN_POINT('',(3.,187.,3.));
#7784 = LINE('',#7785,#7786);
#7785 = CARTESIAN_POINT('',(3.,187.,3.));
#7786 = VECTOR('',#7787,1.);
#7787 = DIRECTION('',(1.,0.,0.));
#7788 = ORIENTED_EDGE('',*,*,#7789,.T.);
#7789 = EDGE_CURVE('',#7782,#7198,#7790,.T.);
#7790 = LINE('',#7791,#7792);
#7791 = CARTESIAN_POINT('',(3.,187.,3.));
#7792 = VECTOR('',#7793,1.);
#7793 = DIRECTION('',(0.,0.,1.));
#7794 = ORIENTED_EDGE('',*,*,#7195,.F.);
#7795 = PLANE('',#7796);
#7796 = AXIS2_PLACEMENT_3D('',#7797,#7798,#7799);
#7797 = CARTESIAN_POINT('',(3.,187.,3.));
#7798 = DIRECTION('',(0.,1.,0.));
#7799 = DIRECTION('',(0.,0.,1.));
#7800 = ADVANCED_FACE('',(#7801),#7819,.T.);
#7801 = FACE_BOUND('',#7802,.T.);
#7802 = EDGE_LOOP('',(#7803,#7811,#7817,#7818));
#7803 = ORIENTED_EDGE('',*,*,#7804,.F.);
#7804 = EDGE_CURVE('',#7805,#7206,#7807,.T.);
#7805 = VERTEX_POINT('',#7806);
#7806 = CARTESIAN_POINT('',(3.,185.31662479035,3.));
#7807 = LINE('',#7808,#7809);
#7808 = CARTESIAN_POINT('',(3.,185.31662479035,0.));
#7809 = VECTOR('',#7810,1.);
#7810 = DIRECTION('',(0.,0.,1.));
#7811 = ORIENTED_EDGE('',*,*,#7812,.T.);
#7812 = EDGE_CURVE('',#7805,#7782,#7813,.T.);
#7813 = LINE('',#7814,#7815);
#7814 = CARTESIAN_POINT('',(3.,3.,3.));
#7815 = VECTOR('',#7816,1.);
#7816 = DIRECTION('',(0.,1.,0.));
#7817 = ORIENTED_EDGE('',*,*,#7789,.T.);
#7818 = ORIENTED_EDGE('',*,*,#7214,.F.);
#7819 = PLANE('',#7820);
#7820 = AXIS2_PLACEMENT_3D('',#7821,#7822,#7823);
#7821 = CARTESIAN_POINT('',(3.,3.,3.));
#7822 = DIRECTION('',(1.,0.,0.));
#7823 = DIRECTION('',(0.,0.,1.));
#7824 = ADVANCED_FACE('',(#7825),#7837,.T.);
#7825 = FACE_BOUND('',#7826,.T.);
#7826 = EDGE_LOOP('',(#7827,#7828,#7829,#7836));
#7827 = ORIENTED_EDGE('',*,*,#7205,.F.);
#7828 = ORIENTED_EDGE('',*,*,#7773,.F.);
#7829 = ORIENTED_EDGE('',*,*,#7830,.T.);
#7830 = EDGE_CURVE('',#7774,#7805,#7831,.T.);
#7831 = CIRCLE('',#7832,6.);
#7832 = AXIS2_PLACEMENT_3D('',#7833,#7834,#7835);
#7833 = CARTESIAN_POINT('',(8.,182.,3.));
#7834 = DIRECTION('',(0.,0.,1.));
#7835 = DIRECTION('',(1.,0.,0.));
#7836 = ORIENTED_EDGE('',*,*,#7804,.T.);
#7837 = CYLINDRICAL_SURFACE('',#7838,6.);
#7838 = AXIS2_PLACEMENT_3D('',#7839,#7840,#7841);
#7839 = CARTESIAN_POINT('',(8.,182.,0.));
#7840 = DIRECTION('',(0.,0.,1.));
#7841 = DIRECTION('',(1.,0.,0.));
#7842 = ADVANCED_FACE('',(#7843),#7848,.T.);
#7843 = FACE_BOUND('',#7844,.T.);
#7844 = EDGE_LOOP('',(#7845,#7846,#7847));
#7845 = ORIENTED_EDGE('',*,*,#7812,.F.);
#7846 = ORIENTED_EDGE('',*,*,#7830,.F.);
#7847 = ORIENTED_EDGE('',*,*,#7781,.F.);
#7848 = PLANE('',#7849);
#7849 = AXIS2_PLACEMENT_3D('',#7850,#7851,#7852);
#7850 = CARTESIAN_POINT('',(3.,3.,3.));
#7851 = DIRECTION('',(0.,0.,1.));
#7852 = DIRECTION('',(1.,0.,0.));
#7853 = ADVANCED_FACE('',(#7854),#7879,.T.);
#7854 = FACE_BOUND('',#7855,.T.);
#7855 = EDGE_LOOP('',(#7856,#7864,#7872,#7878));
#7856 = ORIENTED_EDGE('',*,*,#7857,.F.);
#7857 = EDGE_CURVE('',#7858,#7223,#7860,.T.);
#7858 = VERTEX_POINT('',#7859);
#7859 = CARTESIAN_POINT('',(3.,3.,3.));
#7860 = LINE('',#7861,#7862);
#7861 = CARTESIAN_POINT('',(3.,3.,3.));
#7862 = VECTOR('',#7863,1.);
#7863 = DIRECTION('',(0.,0.,1.));
#7864 = ORIENTED_EDGE('',*,*,#7865,.T.);
#7865 = EDGE_CURVE('',#7858,#7866,#7868,.T.);
#7866 = VERTEX_POINT('',#7867);
#7867 = CARTESIAN_POINT('',(3.,4.683375209645,3.));
#7868 = LINE('',#7869,#7870);
#7869 = CARTESIAN_POINT('',(3.,3.,3.));
#7870 = VECTOR('',#7871,1.);
#7871 = DIRECTION('',(0.,1.,0.));
#7872 = ORIENTED_EDGE('',*,*,#7873,.T.);
#7873 = EDGE_CURVE('',#7866,#7225,#7874,.T.);
#7874 = LINE('',#7875,#7876);
#7875 = CARTESIAN_POINT('',(3.,4.683375209645,0.));
#7876 = VECTOR('',#7877,1.);
#7877 = DIRECTION('',(0.,0.,1.));
#7878 = ORIENTED_EDGE('',*,*,#7222,.F.);
#7879 = PLANE('',#7880);
#7880 = AXIS2_PLACEMENT_3D('',#7881,#7882,#7883);
#7881 = CARTESIAN_POINT('',(3.,3.,3.));
#7882 = DIRECTION('',(1.,0.,0.));
#7883 = DIRECTION('',(0.,0.,1.));
#7884 = ADVANCED_FACE('',(#7885),#7903,.T.);
#7885 = FACE_BOUND('',#7886,.T.);
#7886 = EDGE_LOOP('',(#7887,#7895,#7901,#7902));
#7887 = ORIENTED_EDGE('',*,*,#7888,.F.);
#7888 = EDGE_CURVE('',#7889,#7233,#7891,.T.);
#7889 = VERTEX_POINT('',#7890);
#7890 = CARTESIAN_POINT('',(4.683375209645,3.,3.));
#7891 = LINE('',#7892,#7893);
#7892 = CARTESIAN_POINT('',(4.683375209645,3.,0.));
#7893 = VECTOR('',#7894,1.);
#7894 = DIRECTION('',(0.,0.,1.));
#7895 = ORIENTED_EDGE('',*,*,#7896,.F.);
#7896 = EDGE_CURVE('',#7858,#7889,#7897,.T.);
#7897 = LINE('',#7898,#7899);
#7898 = CARTESIAN_POINT('',(3.,3.,3.));
#7899 = VECTOR('',#7900,1.);
#7900 = DIRECTION('',(1.,0.,0.));
#7901 = ORIENTED_EDGE('',*,*,#7857,.T.);
#7902 = ORIENTED_EDGE('',*,*,#7241,.F.);
#7903 = PLANE('',#7904);
#7904 = AXIS2_PLACEMENT_3D('',#7905,#7906,#7907);
#7905 = CARTESIAN_POINT('',(3.,3.,3.));
#7906 = DIRECTION('',(0.,1.,0.));
#7907 = DIRECTION('',(0.,0.,1.));
#7908 = ADVANCED_FACE('',(#7909),#7921,.T.);
#7909 = FACE_BOUND('',#7910,.T.);
#7910 = EDGE_LOOP('',(#7911,#7912,#7913,#7920));
#7911 = ORIENTED_EDGE('',*,*,#7232,.F.);
#7912 = ORIENTED_EDGE('',*,*,#7873,.F.);
#7913 = ORIENTED_EDGE('',*,*,#7914,.T.);
#7914 = EDGE_CURVE('',#7866,#7889,#7915,.T.);
#7915 = CIRCLE('',#7916,6.);
#7916 = AXIS2_PLACEMENT_3D('',#7917,#7918,#7919);
#7917 = CARTESIAN_POINT('',(8.,8.,3.));
#7918 = DIRECTION('',(0.,0.,1.));
#7919 = DIRECTION('',(1.,0.,0.));
#7920 = ORIENTED_EDGE('',*,*,#7888,.T.);
#7921 = CYLINDRICAL_SURFACE('',#7922,6.);
#7922 = AXIS2_PLACEMENT_3D('',#7923,#7924,#7925);
#7923 = CARTESIAN_POINT('',(8.,8.,0.));
#7924 = DIRECTION('',(0.,0.,1.));
#7925 = DIRECTION('',(1.,0.,0.));
#7926 = ADVANCED_FACE('',(#7927),#7932,.T.);
#7927 = FACE_BOUND('',#7928,.T.);
#7928 = EDGE_LOOP('',(#7929,#7930,#7931));
#7929 = ORIENTED_EDGE('',*,*,#7865,.F.);
#7930 = ORIENTED_EDGE('',*,*,#7896,.T.);
#7931 = ORIENTED_EDGE('',*,*,#7914,.F.);
#7932 = PLANE('',#7933);
#7933 = AXIS2_PLACEMENT_3D('',#7934,#7935,#7936);
#7934 = CARTESIAN_POINT('',(3.,3.,3.));
#7935 = DIRECTION('',(0.,0.,1.));
#7936 = DIRECTION('',(1.,0.,0.));
#7937 = ADVANCED_FACE('',(#7938,#7944,#7950,#7956,#7962,#7968,#7974,
    #7980,#7986,#7992,#7998,#8004,#8010,#8016,#8022,#8025,#8028,#8031,
    #8034,#8037,#8040,#8043,#8046,#8049,#8052,#8055,#8058,#8061),#8064,
  .F.);
#7938 = FACE_BOUND('',#7939,.T.);
#7939 = EDGE_LOOP('',(#7940,#7941,#7942,#7943));
#7940 = ORIENTED_EDGE('',*,*,#816,.T.);
#7941 = ORIENTED_EDGE('',*,*,#1001,.T.);
#7942 = ORIENTED_EDGE('',*,*,#1366,.F.);
#7943 = ORIENTED_EDGE('',*,*,#880,.F.);
#7944 = FACE_BOUND('',#7945,.F.);
#7945 = EDGE_LOOP('',(#7946,#7947,#7948,#7949));
#7946 = ORIENTED_EDGE('',*,*,#4809,.T.);
#7947 = ORIENTED_EDGE('',*,*,#4833,.F.);
#7948 = ORIENTED_EDGE('',*,*,#4785,.F.);
#7949 = ORIENTED_EDGE('',*,*,#4761,.T.);
#7950 = FACE_BOUND('',#7951,.F.);
#7951 = EDGE_LOOP('',(#7952,#7953,#7954,#7955));
#7952 = ORIENTED_EDGE('',*,*,#4905,.T.);
#7953 = ORIENTED_EDGE('',*,*,#4929,.F.);
#7954 = ORIENTED_EDGE('',*,*,#4881,.F.);
#7955 = ORIENTED_EDGE('',*,*,#4857,.T.);
#7956 = FACE_BOUND('',#7957,.F.);
#7957 = EDGE_LOOP('',(#7958,#7959,#7960,#7961));
#7958 = ORIENTED_EDGE('',*,*,#5026,.T.);
#7959 = ORIENTED_EDGE('',*,*,#5050,.F.);
#7960 = ORIENTED_EDGE('',*,*,#5002,.F.);
#7961 = ORIENTED_EDGE('',*,*,#4978,.T.);
#7962 = FACE_BOUND('',#7963,.F.);
#7963 = EDGE_LOOP('',(#7964,#7965,#7966,#7967));
#7964 = ORIENTED_EDGE('',*,*,#5122,.T.);
#7965 = ORIENTED_EDGE('',*,*,#5146,.F.);
#7966 = ORIENTED_EDGE('',*,*,#5098,.F.);
#7967 = ORIENTED_EDGE('',*,*,#5074,.T.);
#7968 = FACE_BOUND('',#7969,.F.);
#7969 = EDGE_LOOP('',(#7970,#7971,#7972,#7973));
#7970 = ORIENTED_EDGE('',*,*,#5218,.T.);
#7971 = ORIENTED_EDGE('',*,*,#5242,.F.);
#7972 = ORIENTED_EDGE('',*,*,#5194,.F.);
#7973 = ORIENTED_EDGE('',*,*,#5170,.T.);
#7974 = FACE_BOUND('',#7975,.F.);
#7975 = EDGE_LOOP('',(#7976,#7977,#7978,#7979));
#7976 = ORIENTED_EDGE('',*,*,#5338,.T.);
#7977 = ORIENTED_EDGE('',*,*,#5314,.F.);
#7978 = ORIENTED_EDGE('',*,*,#5290,.F.);
#7979 = ORIENTED_EDGE('',*,*,#5266,.T.);
#7980 = FACE_BOUND('',#7981,.F.);
#7981 = EDGE_LOOP('',(#7982,#7983,#7984,#7985));
#7982 = ORIENTED_EDGE('',*,*,#4087,.T.);
#7983 = ORIENTED_EDGE('',*,*,#4111,.F.);
#7984 = ORIENTED_EDGE('',*,*,#4063,.F.);
#7985 = ORIENTED_EDGE('',*,*,#4039,.T.);
#7986 = FACE_BOUND('',#7987,.F.);
#7987 = EDGE_LOOP('',(#7988,#7989,#7990,#7991));
#7988 = ORIENTED_EDGE('',*,*,#4208,.T.);
#7989 = ORIENTED_EDGE('',*,*,#4232,.F.);
#7990 = ORIENTED_EDGE('',*,*,#4184,.F.);
#7991 = ORIENTED_EDGE('',*,*,#4160,.T.);
#7992 = FACE_BOUND('',#7993,.F.);
#7993 = EDGE_LOOP('',(#7994,#7995,#7996,#7997));
#7994 = ORIENTED_EDGE('',*,*,#4304,.T.);
#7995 = ORIENTED_EDGE('',*,*,#4328,.F.);
#7996 = ORIENTED_EDGE('',*,*,#4280,.F.);
#7997 = ORIENTED_EDGE('',*,*,#4256,.T.);
#7998 = FACE_BOUND('',#7999,.F.);
#7999 = EDGE_LOOP('',(#8000,#8001,#8002,#8003));
#8000 = ORIENTED_EDGE('',*,*,#4400,.T.);
#8001 = ORIENTED_EDGE('',*,*,#4424,.F.);
#8002 = ORIENTED_EDGE('',*,*,#4376,.F.);
#8003 = ORIENTED_EDGE('',*,*,#4352,.T.);
#8004 = FACE_BOUND('',#8005,.F.);
#8005 = EDGE_LOOP('',(#8006,#8007,#8008,#8009));
#8006 = ORIENTED_EDGE('',*,*,#4496,.T.);
#8007 = ORIENTED_EDGE('',*,*,#4520,.F.);
#8008 = ORIENTED_EDGE('',*,*,#4472,.F.);
#8009 = ORIENTED_EDGE('',*,*,#4448,.T.);
#8010 = FACE_BOUND('',#8011,.F.);
#8011 = EDGE_LOOP('',(#8012,#8013,#8014,#8015));
#8012 = ORIENTED_EDGE('',*,*,#4592,.T.);
#8013 = ORIENTED_EDGE('',*,*,#4616,.F.);
#8014 = ORIENTED_EDGE('',*,*,#4568,.F.);
#8015 = ORIENTED_EDGE('',*,*,#4544,.T.);
#8016 = FACE_BOUND('',#8017,.F.);
#8017 = EDGE_LOOP('',(#8018,#8019,#8020,#8021));
#8018 = ORIENTED_EDGE('',*,*,#4688,.T.);
#8019 = ORIENTED_EDGE('',*,*,#4712,.F.);
#8020 = ORIENTED_EDGE('',*,*,#4664,.F.);
#8021 = ORIENTED_EDGE('',*,*,#4640,.T.);
#8022 = FACE_BOUND('',#8023,.F.);
#8023 = EDGE_LOOP('',(#8024));
#8024 = ORIENTED_EDGE('',*,*,#3915,.F.);
#8025 = FACE_BOUND('',#8026,.F.);
#8026 = EDGE_LOOP('',(#8027));
#8027 = ORIENTED_EDGE('',*,*,#7343,.F.);
#8028 = FACE_BOUND('',#8029,.F.);
#8029 = EDGE_LOOP('',(#8030));
#8030 = ORIENTED_EDGE('',*,*,#3965,.F.);
#8031 = FACE_BOUND('',#8032,.F.);
#8032 = EDGE_LOOP('',(#8033));
#8033 = ORIENTED_EDGE('',*,*,#3940,.F.);
#8034 = FACE_BOUND('',#8035,.F.);
#8035 = EDGE_LOOP('',(#8036));
#8036 = ORIENTED_EDGE('',*,*,#7483,.F.);
#8037 = FACE_BOUND('',#8038,.F.);
#8038 = EDGE_LOOP('',(#8039));
#8039 = ORIENTED_EDGE('',*,*,#7273,.F.);
#8040 = FACE_BOUND('',#8041,.F.);
#8041 = EDGE_LOOP('',(#8042));
#8042 = ORIENTED_EDGE('',*,*,#3640,.F.);
#8043 = FACE_BOUND('',#8044,.F.);
#8044 = EDGE_LOOP('',(#8045));
#8045 = ORIENTED_EDGE('',*,*,#3990,.F.);
#8046 = FACE_BOUND('',#8047,.F.);
#8047 = EDGE_LOOP('',(#8048));
#8048 = ORIENTED_EDGE('',*,*,#7413,.F.);
#8049 = FACE_BOUND('',#8050,.F.);
#8050 = EDGE_LOOP('',(#8051));
#8051 = ORIENTED_EDGE('',*,*,#7553,.F.);
#8052 = FACE_BOUND('',#8053,.F.);
#8053 = EDGE_LOOP('',(#8054));
#8054 = ORIENTED_EDGE('',*,*,#4015,.F.);
#8055 = FACE_BOUND('',#8056,.F.);
#8056 = EDGE_LOOP('',(#8057));
#8057 = ORIENTED_EDGE('',*,*,#4136,.F.);
#8058 = FACE_BOUND('',#8059,.F.);
#8059 = EDGE_LOOP('',(#8060));
#8060 = ORIENTED_EDGE('',*,*,#4737,.F.);
#8061 = FACE_BOUND('',#8062,.F.);
#8062 = EDGE_LOOP('',(#8063));
#8063 = ORIENTED_EDGE('',*,*,#4954,.F.);
#8064 = PLANE('',#8065);
#8065 = AXIS2_PLACEMENT_3D('',#8066,#8067,#8068);
#8066 = CARTESIAN_POINT('',(0.,0.,0.));
#8067 = DIRECTION('',(0.,0.,1.));
#8068 = DIRECTION('',(1.,0.,0.));
#8069 = ADVANCED_FACE('',(#8070),#8082,.T.);
#8070 = FACE_BOUND('',#8071,.T.);
#8071 = EDGE_LOOP('',(#8072,#8073,#8074,#8075,#8076,#8077,#8078,#8079,
    #8080,#8081));
#8072 = ORIENTED_EDGE('',*,*,#139,.T.);
#8073 = ORIENTED_EDGE('',*,*,#1481,.T.);
#8074 = ORIENTED_EDGE('',*,*,#7072,.F.);
#8075 = ORIENTED_EDGE('',*,*,#7063,.F.);
#8076 = ORIENTED_EDGE('',*,*,#1741,.F.);
#8077 = ORIENTED_EDGE('',*,*,#1325,.T.);
#8078 = ORIENTED_EDGE('',*,*,#3691,.F.);
#8079 = ORIENTED_EDGE('',*,*,#1218,.F.);
#8080 = ORIENTED_EDGE('',*,*,#3721,.F.);
#8081 = ORIENTED_EDGE('',*,*,#148,.T.);
#8082 = CYLINDRICAL_SURFACE('',#8083,6.);
#8083 = AXIS2_PLACEMENT_3D('',#8084,#8085,#8086);
#8084 = CARTESIAN_POINT('',(8.,182.,0.));
#8085 = DIRECTION('',(0.,0.,1.));
#8086 = DIRECTION('',(1.,0.,0.));
#8087 = ADVANCED_FACE('',(#8088),#8100,.T.);
#8088 = FACE_BOUND('',#8089,.T.);
#8089 = EDGE_LOOP('',(#8090,#8091,#8092,#8093,#8094,#8095,#8096,#8097,
    #8098,#8099));
#8090 = ORIENTED_EDGE('',*,*,#7046,.F.);
#8091 = ORIENTED_EDGE('',*,*,#39,.F.);
#8092 = ORIENTED_EDGE('',*,*,#174,.T.);
#8093 = ORIENTED_EDGE('',*,*,#165,.T.);
#8094 = ORIENTED_EDGE('',*,*,#3714,.T.);
#8095 = ORIENTED_EDGE('',*,*,#1201,.F.);
#8096 = ORIENTED_EDGE('',*,*,#3739,.T.);
#8097 = ORIENTED_EDGE('',*,*,#1308,.T.);
#8098 = ORIENTED_EDGE('',*,*,#1732,.T.);
#8099 = ORIENTED_EDGE('',*,*,#7055,.F.);
#8100 = CYLINDRICAL_SURFACE('',#8101,6.);
#8101 = AXIS2_PLACEMENT_3D('',#8102,#8103,#8104);
#8102 = CARTESIAN_POINT('',(8.,121.,0.));
#8103 = DIRECTION('',(0.,0.,1.));
#8104 = DIRECTION('',(1.,0.,0.));
#8105 = ADVANCED_FACE('',(#8106),#8114,.T.);
#8106 = FACE_BOUND('',#8107,.T.);
#8107 = EDGE_LOOP('',(#8108,#8109,#8110,#8111,#8112,#8113));
#8108 = ORIENTED_EDGE('',*,*,#7029,.F.);
#8109 = ORIENTED_EDGE('',*,*,#728,.F.);
#8110 = ORIENTED_EDGE('',*,*,#71,.T.);
#8111 = ORIENTED_EDGE('',*,*,#62,.T.);
#8112 = ORIENTED_EDGE('',*,*,#21,.T.);
#8113 = ORIENTED_EDGE('',*,*,#7038,.F.);
#8114 = CYLINDRICAL_SURFACE('',#8115,6.);
#8115 = AXIS2_PLACEMENT_3D('',#8116,#8117,#8118);
#8116 = CARTESIAN_POINT('',(8.,8.,0.));
#8117 = DIRECTION('',(0.,0.,1.));
#8118 = DIRECTION('',(1.,0.,0.));
#8119 = MANIFOLD_SOLID_BREP('',#8120);
#8120 = CLOSED_SHELL('',(#8121,#8161,#8192,#8734,#8758,#9637,#9654,#9676
    ,#9693,#9710,#9727,#9744,#9766,#9783,#9800,#9817,#9834,#9856,#9873,
    #9890,#9907,#9919,#9941,#9958,#9975,#9987,#10009,#10026,#10043,
    #10055,#10077,#10094,#10111,#10123,#10145,#10162,#10179,#10191,
    #10213,#10230,#10247,#10259,#10281,#10298,#10315,#10327,#10349,
    #10366,#10383,#10395,#10417,#10434,#10451,#10463,#10485,#10502,
    #10519,#10531,#10553,#10570,#10587,#10599,#10621,#10638,#10655,
    #10667,#10698,#10722,#10746,#10770,#10794,#10811,#10836,#10867,
    #10891,#10915,#10939,#10963,#10980,#11005,#11030,#11061,#11085,
    #11109,#11133,#11157,#11174,#11205,#11229,#11253,#11277,#11301,
    #11318,#11343,#11374,#11398,#11422,#11446,#11470,#11487,#11518,
    #11542,#11566,#11590,#11614,#11631,#11656,#11715,#11740,#11799,
    #11858,#11883,#11908,#11967,#11992,#12017,#12042,#12073,#12097,
    #12121,#12145,#12169,#12186,#12211,#12242,#12266,#12290,#12314,
    #12338,#12355,#12386,#12410,#12434,#12458,#12482,#12499,#12524,
    #12549,#12580,#12604,#12628,#12652,#12676,#12693,#12718,#12743,
    #12752,#12777,#12786,#12811,#12836,#12845,#12854,#12879,#12888,
    #12897,#12922,#12947,#12972,#12997,#13006,#13015,#13024,#13033,
    #13045,#13057));
#8121 = ADVANCED_FACE('',(#8122),#8156,.F.);
#8122 = FACE_BOUND('',#8123,.F.);
#8123 = EDGE_LOOP('',(#8124,#8134,#8142,#8150));
#8124 = ORIENTED_EDGE('',*,*,#8125,.F.);
#8125 = EDGE_CURVE('',#8126,#8128,#8130,.T.);
#8126 = VERTEX_POINT('',#8127);
#8127 = CARTESIAN_POINT('',(0.,0.,39.));
#8128 = VERTEX_POINT('',#8129);
#8129 = CARTESIAN_POINT('',(0.,0.,43.));
#8130 = LINE('',#8131,#8132);
#8131 = CARTESIAN_POINT('',(0.,0.,39.));
#8132 = VECTOR('',#8133,1.);
#8133 = DIRECTION('',(0.,0.,1.));
#8134 = ORIENTED_EDGE('',*,*,#8135,.T.);
#8135 = EDGE_CURVE('',#8126,#8136,#8138,.T.);
#8136 = VERTEX_POINT('',#8137);
#8137 = CARTESIAN_POINT('',(0.,190.,39.));
#8138 = LINE('',#8139,#8140);
#8139 = CARTESIAN_POINT('',(0.,0.,39.));
#8140 = VECTOR('',#8141,1.);
#8141 = DIRECTION('',(0.,1.,0.));
#8142 = ORIENTED_EDGE('',*,*,#8143,.T.);
#8143 = EDGE_CURVE('',#8136,#8144,#8146,.T.);
#8144 = VERTEX_POINT('',#8145);
#8145 = CARTESIAN_POINT('',(0.,190.,43.));
#8146 = LINE('',#8147,#8148);
#8147 = CARTESIAN_POINT('',(0.,190.,39.));
#8148 = VECTOR('',#8149,1.);
#8149 = DIRECTION('',(0.,0.,1.));
#8150 = ORIENTED_EDGE('',*,*,#8151,.F.);
#8151 = EDGE_CURVE('',#8128,#8144,#8152,.T.);
#8152 = LINE('',#8153,#8154);
#8153 = CARTESIAN_POINT('',(0.,0.,43.));
#8154 = VECTOR('',#8155,1.);
#8155 = DIRECTION('',(0.,1.,0.));
#8156 = PLANE('',#8157);
#8157 = AXIS2_PLACEMENT_3D('',#8158,#8159,#8160);
#8158 = CARTESIAN_POINT('',(0.,0.,39.));
#8159 = DIRECTION('',(1.,0.,0.));
#8160 = DIRECTION('',(0.,0.,1.));
#8161 = ADVANCED_FACE('',(#8162),#8187,.F.);
#8162 = FACE_BOUND('',#8163,.F.);
#8163 = EDGE_LOOP('',(#8164,#8172,#8173,#8181));
#8164 = ORIENTED_EDGE('',*,*,#8165,.F.);
#8165 = EDGE_CURVE('',#8126,#8166,#8168,.T.);
#8166 = VERTEX_POINT('',#8167);
#8167 = CARTESIAN_POINT('',(196.,0.,39.));
#8168 = LINE('',#8169,#8170);
#8169 = CARTESIAN_POINT('',(0.,0.,39.));
#8170 = VECTOR('',#8171,1.);
#8171 = DIRECTION('',(1.,0.,0.));
#8172 = ORIENTED_EDGE('',*,*,#8125,.T.);
#8173 = ORIENTED_EDGE('',*,*,#8174,.T.);
#8174 = EDGE_CURVE('',#8128,#8175,#8177,.T.);
#8175 = VERTEX_POINT('',#8176);
#8176 = CARTESIAN_POINT('',(196.,0.,43.));
#8177 = LINE('',#8178,#8179);
#8178 = CARTESIAN_POINT('',(0.,0.,43.));
#8179 = VECTOR('',#8180,1.);
#8180 = DIRECTION('',(1.,0.,0.));
#8181 = ORIENTED_EDGE('',*,*,#8182,.F.);
#8182 = EDGE_CURVE('',#8166,#8175,#8183,.T.);
#8183 = LINE('',#8184,#8185);
#8184 = CARTESIAN_POINT('',(196.,0.,39.));
#8185 = VECTOR('',#8186,1.);
#8186 = DIRECTION('',(0.,0.,1.));
#8187 = PLANE('',#8188);
#8188 = AXIS2_PLACEMENT_3D('',#8189,#8190,#8191);
#8189 = CARTESIAN_POINT('',(0.,0.,39.));
#8190 = DIRECTION('',(0.,1.,0.));
#8191 = DIRECTION('',(0.,0.,1.));
#8192 = ADVANCED_FACE('',(#8193,#8355,#8389,#8423,#8457,#8491,#8525,
    #8559,#8593,#8627,#8661,#8695),#8729,.T.);
#8193 = FACE_BOUND('',#8194,.T.);
#8194 = EDGE_LOOP('',(#8195,#8203,#8204,#8205,#8213,#8221,#8229,#8237,
    #8245,#8253,#8261,#8269,#8277,#8285,#8293,#8301,#8309,#8317,#8325,
    #8333,#8341,#8349));
#8195 = ORIENTED_EDGE('',*,*,#8196,.F.);
#8196 = EDGE_CURVE('',#8144,#8197,#8199,.T.);
#8197 = VERTEX_POINT('',#8198);
#8198 = CARTESIAN_POINT('',(19.7,190.,43.));
#8199 = LINE('',#8200,#8201);
#8200 = CARTESIAN_POINT('',(0.,190.,43.));
#8201 = VECTOR('',#8202,1.);
#8202 = DIRECTION('',(1.,0.,0.));
#8203 = ORIENTED_EDGE('',*,*,#8151,.F.);
#8204 = ORIENTED_EDGE('',*,*,#8174,.T.);
#8205 = ORIENTED_EDGE('',*,*,#8206,.T.);
#8206 = EDGE_CURVE('',#8175,#8207,#8209,.T.);
#8207 = VERTEX_POINT('',#8208);
#8208 = CARTESIAN_POINT('',(196.,190.,43.));
#8209 = LINE('',#8210,#8211);
#8210 = CARTESIAN_POINT('',(196.,0.,43.));
#8211 = VECTOR('',#8212,1.);
#8212 = DIRECTION('',(0.,1.,0.));
#8213 = ORIENTED_EDGE('',*,*,#8214,.F.);
#8214 = EDGE_CURVE('',#8215,#8207,#8217,.T.);
#8215 = VERTEX_POINT('',#8216);
#8216 = CARTESIAN_POINT('',(176.3,190.,43.));
#8217 = LINE('',#8218,#8219);
#8218 = CARTESIAN_POINT('',(0.,190.,43.));
#8219 = VECTOR('',#8220,1.);
#8220 = DIRECTION('',(1.,0.,0.));
#8221 = ORIENTED_EDGE('',*,*,#8222,.F.);
#8222 = EDGE_CURVE('',#8223,#8215,#8225,.T.);
#8223 = VERTEX_POINT('',#8224);
#8224 = CARTESIAN_POINT('',(176.3,183.7,43.));
#8225 = LINE('',#8226,#8227);
#8226 = CARTESIAN_POINT('',(176.3,91.85,43.));
#8227 = VECTOR('',#8228,1.);
#8228 = DIRECTION('',(0.,1.,0.));
#8229 = ORIENTED_EDGE('',*,*,#8230,.T.);
#8230 = EDGE_CURVE('',#8223,#8231,#8233,.T.);
#8231 = VERTEX_POINT('',#8232);
#8232 = CARTESIAN_POINT('',(167.7,183.7,43.));
#8233 = LINE('',#8234,#8235);
#8234 = CARTESIAN_POINT('',(83.85,183.7,43.));
#8235 = VECTOR('',#8236,1.);
#8236 = DIRECTION('',(-1.,0.,0.));
#8237 = ORIENTED_EDGE('',*,*,#8238,.T.);
#8238 = EDGE_CURVE('',#8231,#8239,#8241,.T.);
#8239 = VERTEX_POINT('',#8240);
#8240 = CARTESIAN_POINT('',(167.7,187.8,43.));
#8241 = LINE('',#8242,#8243);
#8242 = CARTESIAN_POINT('',(167.7,91.85,43.));
#8243 = VECTOR('',#8244,1.);
#8244 = DIRECTION('',(0.,1.,0.));
#8245 = ORIENTED_EDGE('',*,*,#8246,.T.);
#8246 = EDGE_CURVE('',#8239,#8247,#8249,.T.);
#8247 = VERTEX_POINT('',#8248);
#8248 = CARTESIAN_POINT('',(148.3,187.8,43.));
#8249 = LINE('',#8250,#8251);
#8250 = CARTESIAN_POINT('',(69.85,187.8,43.));
#8251 = VECTOR('',#8252,1.);
#8252 = DIRECTION('',(-1.,0.,0.));
#8253 = ORIENTED_EDGE('',*,*,#8254,.F.);
#8254 = EDGE_CURVE('',#8255,#8247,#8257,.T.);
#8255 = VERTEX_POINT('',#8256);
#8256 = CARTESIAN_POINT('',(148.3,183.7,43.));
#8257 = LINE('',#8258,#8259);
#8258 = CARTESIAN_POINT('',(148.3,91.85,43.));
#8259 = VECTOR('',#8260,1.);
#8260 = DIRECTION('',(0.,1.,0.));
#8261 = ORIENTED_EDGE('',*,*,#8262,.T.);
#8262 = EDGE_CURVE('',#8255,#8263,#8265,.T.);
#8263 = VERTEX_POINT('',#8264);
#8264 = CARTESIAN_POINT('',(139.7,183.7,43.));
#8265 = LINE('',#8266,#8267);
#8266 = CARTESIAN_POINT('',(69.85,183.7,43.));
#8267 = VECTOR('',#8268,1.);
#8268 = DIRECTION('',(-1.,0.,0.));
#8269 = ORIENTED_EDGE('',*,*,#8270,.T.);
#8270 = EDGE_CURVE('',#8263,#8271,#8273,.T.);
#8271 = VERTEX_POINT('',#8272);
#8272 = CARTESIAN_POINT('',(139.7,186.,43.));
#8273 = LINE('',#8274,#8275);
#8274 = CARTESIAN_POINT('',(139.7,91.85,43.));
#8275 = VECTOR('',#8276,1.);
#8276 = DIRECTION('',(0.,1.,0.));
#8277 = ORIENTED_EDGE('',*,*,#8278,.T.);
#8278 = EDGE_CURVE('',#8271,#8279,#8281,.T.);
#8279 = VERTEX_POINT('',#8280);
#8280 = CARTESIAN_POINT('',(114.,186.,43.));
#8281 = LINE('',#8282,#8283);
#8282 = CARTESIAN_POINT('',(57.,186.,43.));
#8283 = VECTOR('',#8284,1.);
#8284 = DIRECTION('',(-1.,0.,0.));
#8285 = ORIENTED_EDGE('',*,*,#8286,.T.);
#8286 = EDGE_CURVE('',#8279,#8287,#8289,.T.);
#8287 = VERTEX_POINT('',#8288);
#8288 = CARTESIAN_POINT('',(114.,190.,43.));
#8289 = LINE('',#8290,#8291);
#8290 = CARTESIAN_POINT('',(114.,93.,43.));
#8291 = VECTOR('',#8292,1.);
#8292 = DIRECTION('',(0.,1.,0.));
#8293 = ORIENTED_EDGE('',*,*,#8294,.F.);
#8294 = EDGE_CURVE('',#8295,#8287,#8297,.T.);
#8295 = VERTEX_POINT('',#8296);
#8296 = CARTESIAN_POINT('',(56.3,190.,43.));
#8297 = LINE('',#8298,#8299);
#8298 = CARTESIAN_POINT('',(0.,190.,43.));
#8299 = VECTOR('',#8300,1.);
#8300 = DIRECTION('',(1.,0.,0.));
#8301 = ORIENTED_EDGE('',*,*,#8302,.F.);
#8302 = EDGE_CURVE('',#8303,#8295,#8305,.T.);
#8303 = VERTEX_POINT('',#8304);
#8304 = CARTESIAN_POINT('',(56.3,183.7,43.));
#8305 = LINE('',#8306,#8307);
#8306 = CARTESIAN_POINT('',(56.3,91.85,43.));
#8307 = VECTOR('',#8308,1.);
#8308 = DIRECTION('',(0.,1.,0.));
#8309 = ORIENTED_EDGE('',*,*,#8310,.T.);
#8310 = EDGE_CURVE('',#8303,#8311,#8313,.T.);
#8311 = VERTEX_POINT('',#8312);
#8312 = CARTESIAN_POINT('',(47.7,183.7,43.));
#8313 = LINE('',#8314,#8315);
#8314 = CARTESIAN_POINT('',(23.85,183.7,43.));
#8315 = VECTOR('',#8316,1.);
#8316 = DIRECTION('',(-1.,0.,0.));
#8317 = ORIENTED_EDGE('',*,*,#8318,.T.);
#8318 = EDGE_CURVE('',#8311,#8319,#8321,.T.);
#8319 = VERTEX_POINT('',#8320);
#8320 = CARTESIAN_POINT('',(47.7,187.8,43.));
#8321 = LINE('',#8322,#8323);
#8322 = CARTESIAN_POINT('',(47.7,91.85,43.));
#8323 = VECTOR('',#8324,1.);
#8324 = DIRECTION('',(0.,1.,0.));
#8325 = ORIENTED_EDGE('',*,*,#8326,.T.);
#8326 = EDGE_CURVE('',#8319,#8327,#8329,.T.);
#8327 = VERTEX_POINT('',#8328);
#8328 = CARTESIAN_POINT('',(28.3,187.8,43.));
#8329 = LINE('',#8330,#8331);
#8330 = CARTESIAN_POINT('',(9.85,187.8,43.));
#8331 = VECTOR('',#8332,1.);
#8332 = DIRECTION('',(-1.,0.,0.));
#8333 = ORIENTED_EDGE('',*,*,#8334,.F.);
#8334 = EDGE_CURVE('',#8335,#8327,#8337,.T.);
#8335 = VERTEX_POINT('',#8336);
#8336 = CARTESIAN_POINT('',(28.3,183.7,43.));
#8337 = LINE('',#8338,#8339);
#8338 = CARTESIAN_POINT('',(28.3,91.85,43.));
#8339 = VECTOR('',#8340,1.);
#8340 = DIRECTION('',(0.,1.,0.));
#8341 = ORIENTED_EDGE('',*,*,#8342,.T.);
#8342 = EDGE_CURVE('',#8335,#8343,#8345,.T.);
#8343 = VERTEX_POINT('',#8344);
#8344 = CARTESIAN_POINT('',(19.7,183.7,43.));
#8345 = LINE('',#8346,#8347);
#8346 = CARTESIAN_POINT('',(9.85,183.7,43.));
#8347 = VECTOR('',#8348,1.);
#8348 = DIRECTION('',(-1.,0.,0.));
#8349 = ORIENTED_EDGE('',*,*,#8350,.T.);
#8350 = EDGE_CURVE('',#8343,#8197,#8351,.T.);
#8351 = LINE('',#8352,#8353);
#8352 = CARTESIAN_POINT('',(19.7,91.85,43.));
#8353 = VECTOR('',#8354,1.);
#8354 = DIRECTION('',(0.,1.,0.));
#8355 = FACE_BOUND('',#8356,.T.);
#8356 = EDGE_LOOP('',(#8357,#8367,#8375,#8383));
#8357 = ORIENTED_EDGE('',*,*,#8358,.T.);
#8358 = EDGE_CURVE('',#8359,#8361,#8363,.T.);
#8359 = VERTEX_POINT('',#8360);
#8360 = CARTESIAN_POINT('',(169.4,16.,43.));
#8361 = VERTEX_POINT('',#8362);
#8362 = CARTESIAN_POINT('',(26.6,16.,43.));
#8363 = LINE('',#8364,#8365);
#8364 = CARTESIAN_POINT('',(13.3,16.,43.));
#8365 = VECTOR('',#8366,1.);
#8366 = DIRECTION('',(-1.,0.,0.));
#8367 = ORIENTED_EDGE('',*,*,#8368,.T.);
#8368 = EDGE_CURVE('',#8361,#8369,#8371,.T.);
#8369 = VERTEX_POINT('',#8370);
#8370 = CARTESIAN_POINT('',(26.6,109.5,43.));
#8371 = LINE('',#8372,#8373);
#8372 = CARTESIAN_POINT('',(26.6,8.,43.));
#8373 = VECTOR('',#8374,1.);
#8374 = DIRECTION('',(0.,1.,0.));
#8375 = ORIENTED_EDGE('',*,*,#8376,.F.);
#8376 = EDGE_CURVE('',#8377,#8369,#8379,.T.);
#8377 = VERTEX_POINT('',#8378);
#8378 = CARTESIAN_POINT('',(169.4,109.5,43.));
#8379 = LINE('',#8380,#8381);
#8380 = CARTESIAN_POINT('',(13.3,109.5,43.));
#8381 = VECTOR('',#8382,1.);
#8382 = DIRECTION('',(-1.,0.,0.));
#8383 = ORIENTED_EDGE('',*,*,#8384,.F.);
#8384 = EDGE_CURVE('',#8359,#8377,#8385,.T.);
#8385 = LINE('',#8386,#8387);
#8386 = CARTESIAN_POINT('',(169.4,8.,43.));
#8387 = VECTOR('',#8388,1.);
#8388 = DIRECTION('',(0.,1.,0.));
#8389 = FACE_BOUND('',#8390,.T.);
#8390 = EDGE_LOOP('',(#8391,#8401,#8409,#8417));
#8391 = ORIENTED_EDGE('',*,*,#8392,.T.);
#8392 = EDGE_CURVE('',#8393,#8395,#8397,.T.);
#8393 = VERTEX_POINT('',#8394);
#8394 = CARTESIAN_POINT('',(35.,148.,43.));
#8395 = VERTEX_POINT('',#8396);
#8396 = CARTESIAN_POINT('',(32.,148.,43.));
#8397 = LINE('',#8398,#8399);
#8398 = CARTESIAN_POINT('',(16.,148.,43.));
#8399 = VECTOR('',#8400,1.);
#8400 = DIRECTION('',(-1.,0.,0.));
#8401 = ORIENTED_EDGE('',*,*,#8402,.T.);
#8402 = EDGE_CURVE('',#8395,#8403,#8405,.T.);
#8403 = VERTEX_POINT('',#8404);
#8404 = CARTESIAN_POINT('',(32.,170.,43.));
#8405 = LINE('',#8406,#8407);
#8406 = CARTESIAN_POINT('',(32.,74.,43.));
#8407 = VECTOR('',#8408,1.);
#8408 = DIRECTION('',(0.,1.,0.));
#8409 = ORIENTED_EDGE('',*,*,#8410,.F.);
#8410 = EDGE_CURVE('',#8411,#8403,#8413,.T.);
#8411 = VERTEX_POINT('',#8412);
#8412 = CARTESIAN_POINT('',(35.,170.,43.));
#8413 = LINE('',#8414,#8415);
#8414 = CARTESIAN_POINT('',(16.,170.,43.));
#8415 = VECTOR('',#8416,1.);
#8416 = DIRECTION('',(-1.,0.,0.));
#8417 = ORIENTED_EDGE('',*,*,#8418,.F.);
#8418 = EDGE_CURVE('',#8393,#8411,#8419,.T.);
#8419 = LINE('',#8420,#8421);
#8420 = CARTESIAN_POINT('',(35.,74.,43.));
#8421 = VECTOR('',#8422,1.);
#8422 = DIRECTION('',(0.,1.,0.));
#8423 = FACE_BOUND('',#8424,.T.);
#8424 = EDGE_LOOP('',(#8425,#8435,#8443,#8451));
#8425 = ORIENTED_EDGE('',*,*,#8426,.T.);
#8426 = EDGE_CURVE('',#8427,#8429,#8431,.T.);
#8427 = VERTEX_POINT('',#8428);
#8428 = CARTESIAN_POINT('',(42.,148.,43.));
#8429 = VERTEX_POINT('',#8430);
#8430 = CARTESIAN_POINT('',(39.,148.,43.));
#8431 = LINE('',#8432,#8433);
#8432 = CARTESIAN_POINT('',(19.5,148.,43.));
#8433 = VECTOR('',#8434,1.);
#8434 = DIRECTION('',(-1.,0.,0.));
#8435 = ORIENTED_EDGE('',*,*,#8436,.T.);
#8436 = EDGE_CURVE('',#8429,#8437,#8439,.T.);
#8437 = VERTEX_POINT('',#8438);
#8438 = CARTESIAN_POINT('',(39.,170.,43.));
#8439 = LINE('',#8440,#8441);
#8440 = CARTESIAN_POINT('',(39.,74.,43.));
#8441 = VECTOR('',#8442,1.);
#8442 = DIRECTION('',(0.,1.,0.));
#8443 = ORIENTED_EDGE('',*,*,#8444,.F.);
#8444 = EDGE_CURVE('',#8445,#8437,#8447,.T.);
#8445 = VERTEX_POINT('',#8446);
#8446 = CARTESIAN_POINT('',(42.,170.,43.));
#8447 = LINE('',#8448,#8449);
#8448 = CARTESIAN_POINT('',(19.5,170.,43.));
#8449 = VECTOR('',#8450,1.);
#8450 = DIRECTION('',(-1.,0.,0.));
#8451 = ORIENTED_EDGE('',*,*,#8452,.F.);
#8452 = EDGE_CURVE('',#8427,#8445,#8453,.T.);
#8453 = LINE('',#8454,#8455);
#8454 = CARTESIAN_POINT('',(42.,74.,43.));
#8455 = VECTOR('',#8456,1.);
#8456 = DIRECTION('',(0.,1.,0.));
#8457 = FACE_BOUND('',#8458,.T.);
#8458 = EDGE_LOOP('',(#8459,#8469,#8477,#8485));
#8459 = ORIENTED_EDGE('',*,*,#8460,.T.);
#8460 = EDGE_CURVE('',#8461,#8463,#8465,.T.);
#8461 = VERTEX_POINT('',#8462);
#8462 = CARTESIAN_POINT('',(49.,148.,43.));
#8463 = VERTEX_POINT('',#8464);
#8464 = CARTESIAN_POINT('',(46.,148.,43.));
#8465 = LINE('',#8466,#8467);
#8466 = CARTESIAN_POINT('',(23.,148.,43.));
#8467 = VECTOR('',#8468,1.);
#8468 = DIRECTION('',(-1.,0.,0.));
#8469 = ORIENTED_EDGE('',*,*,#8470,.T.);
#8470 = EDGE_CURVE('',#8463,#8471,#8473,.T.);
#8471 = VERTEX_POINT('',#8472);
#8472 = CARTESIAN_POINT('',(46.,170.,43.));
#8473 = LINE('',#8474,#8475);
#8474 = CARTESIAN_POINT('',(46.,74.,43.));
#8475 = VECTOR('',#8476,1.);
#8476 = DIRECTION('',(0.,1.,0.));
#8477 = ORIENTED_EDGE('',*,*,#8478,.F.);
#8478 = EDGE_CURVE('',#8479,#8471,#8481,.T.);
#8479 = VERTEX_POINT('',#8480);
#8480 = CARTESIAN_POINT('',(49.,170.,43.));
#8481 = LINE('',#8482,#8483);
#8482 = CARTESIAN_POINT('',(23.,170.,43.));
#8483 = VECTOR('',#8484,1.);
#8484 = DIRECTION('',(-1.,0.,0.));
#8485 = ORIENTED_EDGE('',*,*,#8486,.F.);
#8486 = EDGE_CURVE('',#8461,#8479,#8487,.T.);
#8487 = LINE('',#8488,#8489);
#8488 = CARTESIAN_POINT('',(49.,74.,43.));
#8489 = VECTOR('',#8490,1.);
#8490 = DIRECTION('',(0.,1.,0.));
#8491 = FACE_BOUND('',#8492,.T.);
#8492 = EDGE_LOOP('',(#8493,#8503,#8511,#8519));
#8493 = ORIENTED_EDGE('',*,*,#8494,.T.);
#8494 = EDGE_CURVE('',#8495,#8497,#8499,.T.);
#8495 = VERTEX_POINT('',#8496);
#8496 = CARTESIAN_POINT('',(56.,148.,43.));
#8497 = VERTEX_POINT('',#8498);
#8498 = CARTESIAN_POINT('',(53.,148.,43.));
#8499 = LINE('',#8500,#8501);
#8500 = CARTESIAN_POINT('',(26.5,148.,43.));
#8501 = VECTOR('',#8502,1.);
#8502 = DIRECTION('',(-1.,0.,0.));
#8503 = ORIENTED_EDGE('',*,*,#8504,.T.);
#8504 = EDGE_CURVE('',#8497,#8505,#8507,.T.);
#8505 = VERTEX_POINT('',#8506);
#8506 = CARTESIAN_POINT('',(53.,170.,43.));
#8507 = LINE('',#8508,#8509);
#8508 = CARTESIAN_POINT('',(53.,74.,43.));
#8509 = VECTOR('',#8510,1.);
#8510 = DIRECTION('',(0.,1.,0.));
#8511 = ORIENTED_EDGE('',*,*,#8512,.F.);
#8512 = EDGE_CURVE('',#8513,#8505,#8515,.T.);
#8513 = VERTEX_POINT('',#8514);
#8514 = CARTESIAN_POINT('',(56.,170.,43.));
#8515 = LINE('',#8516,#8517);
#8516 = CARTESIAN_POINT('',(26.5,170.,43.));
#8517 = VECTOR('',#8518,1.);
#8518 = DIRECTION('',(-1.,0.,0.));
#8519 = ORIENTED_EDGE('',*,*,#8520,.F.);
#8520 = EDGE_CURVE('',#8495,#8513,#8521,.T.);
#8521 = LINE('',#8522,#8523);
#8522 = CARTESIAN_POINT('',(56.,74.,43.));
#8523 = VECTOR('',#8524,1.);
#8524 = DIRECTION('',(0.,1.,0.));
#8525 = FACE_BOUND('',#8526,.T.);
#8526 = EDGE_LOOP('',(#8527,#8537,#8545,#8553));
#8527 = ORIENTED_EDGE('',*,*,#8528,.T.);
#8528 = EDGE_CURVE('',#8529,#8531,#8533,.T.);
#8529 = VERTEX_POINT('',#8530);
#8530 = CARTESIAN_POINT('',(63.,148.,43.));
#8531 = VERTEX_POINT('',#8532);
#8532 = CARTESIAN_POINT('',(60.,148.,43.));
#8533 = LINE('',#8534,#8535);
#8534 = CARTESIAN_POINT('',(30.,148.,43.));
#8535 = VECTOR('',#8536,1.);
#8536 = DIRECTION('',(-1.,0.,0.));
#8537 = ORIENTED_EDGE('',*,*,#8538,.T.);
#8538 = EDGE_CURVE('',#8531,#8539,#8541,.T.);
#8539 = VERTEX_POINT('',#8540);
#8540 = CARTESIAN_POINT('',(60.,170.,43.));
#8541 = LINE('',#8542,#8543);
#8542 = CARTESIAN_POINT('',(60.,74.,43.));
#8543 = VECTOR('',#8544,1.);
#8544 = DIRECTION('',(0.,1.,0.));
#8545 = ORIENTED_EDGE('',*,*,#8546,.F.);
#8546 = EDGE_CURVE('',#8547,#8539,#8549,.T.);
#8547 = VERTEX_POINT('',#8548);
#8548 = CARTESIAN_POINT('',(63.,170.,43.));
#8549 = LINE('',#8550,#8551);
#8550 = CARTESIAN_POINT('',(30.,170.,43.));
#8551 = VECTOR('',#8552,1.);
#8552 = DIRECTION('',(-1.,0.,0.));
#8553 = ORIENTED_EDGE('',*,*,#8554,.F.);
#8554 = EDGE_CURVE('',#8529,#8547,#8555,.T.);
#8555 = LINE('',#8556,#8557);
#8556 = CARTESIAN_POINT('',(63.,74.,43.));
#8557 = VECTOR('',#8558,1.);
#8558 = DIRECTION('',(0.,1.,0.));
#8559 = FACE_BOUND('',#8560,.T.);
#8560 = EDGE_LOOP('',(#8561,#8571,#8579,#8587));
#8561 = ORIENTED_EDGE('',*,*,#8562,.T.);
#8562 = EDGE_CURVE('',#8563,#8565,#8567,.T.);
#8563 = VERTEX_POINT('',#8564);
#8564 = CARTESIAN_POINT('',(70.,148.,43.));
#8565 = VERTEX_POINT('',#8566);
#8566 = CARTESIAN_POINT('',(67.,148.,43.));
#8567 = LINE('',#8568,#8569);
#8568 = CARTESIAN_POINT('',(33.5,148.,43.));
#8569 = VECTOR('',#8570,1.);
#8570 = DIRECTION('',(-1.,0.,0.));
#8571 = ORIENTED_EDGE('',*,*,#8572,.T.);
#8572 = EDGE_CURVE('',#8565,#8573,#8575,.T.);
#8573 = VERTEX_POINT('',#8574);
#8574 = CARTESIAN_POINT('',(67.,170.,43.));
#8575 = LINE('',#8576,#8577);
#8576 = CARTESIAN_POINT('',(67.,74.,43.));
#8577 = VECTOR('',#8578,1.);
#8578 = DIRECTION('',(0.,1.,0.));
#8579 = ORIENTED_EDGE('',*,*,#8580,.F.);
#8580 = EDGE_CURVE('',#8581,#8573,#8583,.T.);
#8581 = VERTEX_POINT('',#8582);
#8582 = CARTESIAN_POINT('',(70.,170.,43.));
#8583 = LINE('',#8584,#8585);
#8584 = CARTESIAN_POINT('',(33.5,170.,43.));
#8585 = VECTOR('',#8586,1.);
#8586 = DIRECTION('',(-1.,0.,0.));
#8587 = ORIENTED_EDGE('',*,*,#8588,.F.);
#8588 = EDGE_CURVE('',#8563,#8581,#8589,.T.);
#8589 = LINE('',#8590,#8591);
#8590 = CARTESIAN_POINT('',(70.,74.,43.));
#8591 = VECTOR('',#8592,1.);
#8592 = DIRECTION('',(0.,1.,0.));
#8593 = FACE_BOUND('',#8594,.T.);
#8594 = EDGE_LOOP('',(#8595,#8605,#8613,#8621));
#8595 = ORIENTED_EDGE('',*,*,#8596,.T.);
#8596 = EDGE_CURVE('',#8597,#8599,#8601,.T.);
#8597 = VERTEX_POINT('',#8598);
#8598 = CARTESIAN_POINT('',(77.,148.,43.));
#8599 = VERTEX_POINT('',#8600);
#8600 = CARTESIAN_POINT('',(74.,148.,43.));
#8601 = LINE('',#8602,#8603);
#8602 = CARTESIAN_POINT('',(37.,148.,43.));
#8603 = VECTOR('',#8604,1.);
#8604 = DIRECTION('',(-1.,0.,0.));
#8605 = ORIENTED_EDGE('',*,*,#8606,.T.);
#8606 = EDGE_CURVE('',#8599,#8607,#8609,.T.);
#8607 = VERTEX_POINT('',#8608);
#8608 = CARTESIAN_POINT('',(74.,170.,43.));
#8609 = LINE('',#8610,#8611);
#8610 = CARTESIAN_POINT('',(74.,74.,43.));
#8611 = VECTOR('',#8612,1.);
#8612 = DIRECTION('',(0.,1.,0.));
#8613 = ORIENTED_EDGE('',*,*,#8614,.F.);
#8614 = EDGE_CURVE('',#8615,#8607,#8617,.T.);
#8615 = VERTEX_POINT('',#8616);
#8616 = CARTESIAN_POINT('',(77.,170.,43.));
#8617 = LINE('',#8618,#8619);
#8618 = CARTESIAN_POINT('',(37.,170.,43.));
#8619 = VECTOR('',#8620,1.);
#8620 = DIRECTION('',(-1.,0.,0.));
#8621 = ORIENTED_EDGE('',*,*,#8622,.F.);
#8622 = EDGE_CURVE('',#8597,#8615,#8623,.T.);
#8623 = LINE('',#8624,#8625);
#8624 = CARTESIAN_POINT('',(77.,74.,43.));
#8625 = VECTOR('',#8626,1.);
#8626 = DIRECTION('',(0.,1.,0.));
#8627 = FACE_BOUND('',#8628,.T.);
#8628 = EDGE_LOOP('',(#8629,#8639,#8647,#8655));
#8629 = ORIENTED_EDGE('',*,*,#8630,.T.);
#8630 = EDGE_CURVE('',#8631,#8633,#8635,.T.);
#8631 = VERTEX_POINT('',#8632);
#8632 = CARTESIAN_POINT('',(84.,148.,43.));
#8633 = VERTEX_POINT('',#8634);
#8634 = CARTESIAN_POINT('',(81.,148.,43.));
#8635 = LINE('',#8636,#8637);
#8636 = CARTESIAN_POINT('',(40.5,148.,43.));
#8637 = VECTOR('',#8638,1.);
#8638 = DIRECTION('',(-1.,0.,0.));
#8639 = ORIENTED_EDGE('',*,*,#8640,.T.);
#8640 = EDGE_CURVE('',#8633,#8641,#8643,.T.);
#8641 = VERTEX_POINT('',#8642);
#8642 = CARTESIAN_POINT('',(81.,170.,43.));
#8643 = LINE('',#8644,#8645);
#8644 = CARTESIAN_POINT('',(81.,74.,43.));
#8645 = VECTOR('',#8646,1.);
#8646 = DIRECTION('',(0.,1.,0.));
#8647 = ORIENTED_EDGE('',*,*,#8648,.F.);
#8648 = EDGE_CURVE('',#8649,#8641,#8651,.T.);
#8649 = VERTEX_POINT('',#8650);
#8650 = CARTESIAN_POINT('',(84.,170.,43.));
#8651 = LINE('',#8652,#8653);
#8652 = CARTESIAN_POINT('',(40.5,170.,43.));
#8653 = VECTOR('',#8654,1.);
#8654 = DIRECTION('',(-1.,0.,0.));
#8655 = ORIENTED_EDGE('',*,*,#8656,.F.);
#8656 = EDGE_CURVE('',#8631,#8649,#8657,.T.);
#8657 = LINE('',#8658,#8659);
#8658 = CARTESIAN_POINT('',(84.,74.,43.));
#8659 = VECTOR('',#8660,1.);
#8660 = DIRECTION('',(0.,1.,0.));
#8661 = FACE_BOUND('',#8662,.T.);
#8662 = EDGE_LOOP('',(#8663,#8673,#8681,#8689));
#8663 = ORIENTED_EDGE('',*,*,#8664,.T.);
#8664 = EDGE_CURVE('',#8665,#8667,#8669,.T.);
#8665 = VERTEX_POINT('',#8666);
#8666 = CARTESIAN_POINT('',(91.,148.,43.));
#8667 = VERTEX_POINT('',#8668);
#8668 = CARTESIAN_POINT('',(88.,148.,43.));
#8669 = LINE('',#8670,#8671);
#8670 = CARTESIAN_POINT('',(44.,148.,43.));
#8671 = VECTOR('',#8672,1.);
#8672 = DIRECTION('',(-1.,0.,0.));
#8673 = ORIENTED_EDGE('',*,*,#8674,.T.);
#8674 = EDGE_CURVE('',#8667,#8675,#8677,.T.);
#8675 = VERTEX_POINT('',#8676);
#8676 = CARTESIAN_POINT('',(88.,170.,43.));
#8677 = LINE('',#8678,#8679);
#8678 = CARTESIAN_POINT('',(88.,74.,43.));
#8679 = VECTOR('',#8680,1.);
#8680 = DIRECTION('',(0.,1.,0.));
#8681 = ORIENTED_EDGE('',*,*,#8682,.F.);
#8682 = EDGE_CURVE('',#8683,#8675,#8685,.T.);
#8683 = VERTEX_POINT('',#8684);
#8684 = CARTESIAN_POINT('',(91.,170.,43.));
#8685 = LINE('',#8686,#8687);
#8686 = CARTESIAN_POINT('',(44.,170.,43.));
#8687 = VECTOR('',#8688,1.);
#8688 = DIRECTION('',(-1.,0.,0.));
#8689 = ORIENTED_EDGE('',*,*,#8690,.F.);
#8690 = EDGE_CURVE('',#8665,#8683,#8691,.T.);
#8691 = LINE('',#8692,#8693);
#8692 = CARTESIAN_POINT('',(91.,74.,43.));
#8693 = VECTOR('',#8694,1.);
#8694 = DIRECTION('',(0.,1.,0.));
#8695 = FACE_BOUND('',#8696,.T.);
#8696 = EDGE_LOOP('',(#8697,#8707,#8715,#8723));
#8697 = ORIENTED_EDGE('',*,*,#8698,.T.);
#8698 = EDGE_CURVE('',#8699,#8701,#8703,.T.);
#8699 = VERTEX_POINT('',#8700);
#8700 = CARTESIAN_POINT('',(98.,148.,43.));
#8701 = VERTEX_POINT('',#8702);
#8702 = CARTESIAN_POINT('',(95.,148.,43.));
#8703 = LINE('',#8704,#8705);
#8704 = CARTESIAN_POINT('',(47.5,148.,43.));
#8705 = VECTOR('',#8706,1.);
#8706 = DIRECTION('',(-1.,0.,0.));
#8707 = ORIENTED_EDGE('',*,*,#8708,.T.);
#8708 = EDGE_CURVE('',#8701,#8709,#8711,.T.);
#8709 = VERTEX_POINT('',#8710);
#8710 = CARTESIAN_POINT('',(95.,170.,43.));
#8711 = LINE('',#8712,#8713);
#8712 = CARTESIAN_POINT('',(95.,74.,43.));
#8713 = VECTOR('',#8714,1.);
#8714 = DIRECTION('',(0.,1.,0.));
#8715 = ORIENTED_EDGE('',*,*,#8716,.F.);
#8716 = EDGE_CURVE('',#8717,#8709,#8719,.T.);
#8717 = VERTEX_POINT('',#8718);
#8718 = CARTESIAN_POINT('',(98.,170.,43.));
#8719 = LINE('',#8720,#8721);
#8720 = CARTESIAN_POINT('',(47.5,170.,43.));
#8721 = VECTOR('',#8722,1.);
#8722 = DIRECTION('',(-1.,0.,0.));
#8723 = ORIENTED_EDGE('',*,*,#8724,.F.);
#8724 = EDGE_CURVE('',#8699,#8717,#8725,.T.);
#8725 = LINE('',#8726,#8727);
#8726 = CARTESIAN_POINT('',(98.,74.,43.));
#8727 = VECTOR('',#8728,1.);
#8728 = DIRECTION('',(0.,1.,0.));
#8729 = PLANE('',#8730);
#8730 = AXIS2_PLACEMENT_3D('',#8731,#8732,#8733);
#8731 = CARTESIAN_POINT('',(0.,0.,43.));
#8732 = DIRECTION('',(0.,0.,1.));
#8733 = DIRECTION('',(1.,0.,0.));
#8734 = ADVANCED_FACE('',(#8735),#8753,.T.);
#8735 = FACE_BOUND('',#8736,.T.);
#8736 = EDGE_LOOP('',(#8737,#8745,#8746,#8747));
#8737 = ORIENTED_EDGE('',*,*,#8738,.F.);
#8738 = EDGE_CURVE('',#8136,#8739,#8741,.T.);
#8739 = VERTEX_POINT('',#8740);
#8740 = CARTESIAN_POINT('',(19.7,190.,39.));
#8741 = LINE('',#8742,#8743);
#8742 = CARTESIAN_POINT('',(0.,190.,39.));
#8743 = VECTOR('',#8744,1.);
#8744 = DIRECTION('',(1.,0.,0.));
#8745 = ORIENTED_EDGE('',*,*,#8143,.T.);
#8746 = ORIENTED_EDGE('',*,*,#8196,.T.);
#8747 = ORIENTED_EDGE('',*,*,#8748,.T.);
#8748 = EDGE_CURVE('',#8197,#8739,#8749,.T.);
#8749 = LINE('',#8750,#8751);
#8750 = CARTESIAN_POINT('',(19.7,190.,38.5));
#8751 = VECTOR('',#8752,1.);
#8752 = DIRECTION('',(0.,0.,-1.));
#8753 = PLANE('',#8754);
#8754 = AXIS2_PLACEMENT_3D('',#8755,#8756,#8757);
#8755 = CARTESIAN_POINT('',(0.,190.,39.));
#8756 = DIRECTION('',(0.,1.,0.));
#8757 = DIRECTION('',(0.,0.,1.));
#8758 = ADVANCED_FACE('',(#8759,#8914,#8964,#8975,#9025,#9036,#9070,
    #9081,#9131,#9165,#9199,#9233,#9283,#9317,#9351,#9385,#9419,#9453,
    #9487,#9521,#9532,#9582),#9632,.F.);
#8759 = FACE_BOUND('',#8760,.F.);
#8760 = EDGE_LOOP('',(#8761,#8762,#8763,#8764,#8772,#8780,#8788,#8796,
    #8804,#8812,#8820,#8828,#8836,#8844,#8852,#8860,#8868,#8876,#8884,
    #8892,#8900,#8908));
#8761 = ORIENTED_EDGE('',*,*,#8738,.F.);
#8762 = ORIENTED_EDGE('',*,*,#8135,.F.);
#8763 = ORIENTED_EDGE('',*,*,#8165,.T.);
#8764 = ORIENTED_EDGE('',*,*,#8765,.T.);
#8765 = EDGE_CURVE('',#8166,#8766,#8768,.T.);
#8766 = VERTEX_POINT('',#8767);
#8767 = CARTESIAN_POINT('',(196.,190.,39.));
#8768 = LINE('',#8769,#8770);
#8769 = CARTESIAN_POINT('',(196.,0.,39.));
#8770 = VECTOR('',#8771,1.);
#8771 = DIRECTION('',(0.,1.,0.));
#8772 = ORIENTED_EDGE('',*,*,#8773,.F.);
#8773 = EDGE_CURVE('',#8774,#8766,#8776,.T.);
#8774 = VERTEX_POINT('',#8775);
#8775 = CARTESIAN_POINT('',(176.3,190.,39.));
#8776 = LINE('',#8777,#8778);
#8777 = CARTESIAN_POINT('',(0.,190.,39.));
#8778 = VECTOR('',#8779,1.);
#8779 = DIRECTION('',(1.,0.,0.));
#8780 = ORIENTED_EDGE('',*,*,#8781,.F.);
#8781 = EDGE_CURVE('',#8782,#8774,#8784,.T.);
#8782 = VERTEX_POINT('',#8783);
#8783 = CARTESIAN_POINT('',(176.3,183.7,39.));
#8784 = LINE('',#8785,#8786);
#8785 = CARTESIAN_POINT('',(176.3,91.85,39.));
#8786 = VECTOR('',#8787,1.);
#8787 = DIRECTION('',(0.,1.,0.));
#8788 = ORIENTED_EDGE('',*,*,#8789,.T.);
#8789 = EDGE_CURVE('',#8782,#8790,#8792,.T.);
#8790 = VERTEX_POINT('',#8791);
#8791 = CARTESIAN_POINT('',(167.7,183.7,39.));
#8792 = LINE('',#8793,#8794);
#8793 = CARTESIAN_POINT('',(83.85,183.7,39.));
#8794 = VECTOR('',#8795,1.);
#8795 = DIRECTION('',(-1.,0.,0.));
#8796 = ORIENTED_EDGE('',*,*,#8797,.T.);
#8797 = EDGE_CURVE('',#8790,#8798,#8800,.T.);
#8798 = VERTEX_POINT('',#8799);
#8799 = CARTESIAN_POINT('',(167.7,187.8,39.));
#8800 = LINE('',#8801,#8802);
#8801 = CARTESIAN_POINT('',(167.7,91.85,39.));
#8802 = VECTOR('',#8803,1.);
#8803 = DIRECTION('',(0.,1.,0.));
#8804 = ORIENTED_EDGE('',*,*,#8805,.T.);
#8805 = EDGE_CURVE('',#8798,#8806,#8808,.T.);
#8806 = VERTEX_POINT('',#8807);
#8807 = CARTESIAN_POINT('',(148.3,187.8,39.));
#8808 = LINE('',#8809,#8810);
#8809 = CARTESIAN_POINT('',(69.85,187.8,39.));
#8810 = VECTOR('',#8811,1.);
#8811 = DIRECTION('',(-1.,0.,0.));
#8812 = ORIENTED_EDGE('',*,*,#8813,.F.);
#8813 = EDGE_CURVE('',#8814,#8806,#8816,.T.);
#8814 = VERTEX_POINT('',#8815);
#8815 = CARTESIAN_POINT('',(148.3,183.7,39.));
#8816 = LINE('',#8817,#8818);
#8817 = CARTESIAN_POINT('',(148.3,91.85,39.));
#8818 = VECTOR('',#8819,1.);
#8819 = DIRECTION('',(0.,1.,0.));
#8820 = ORIENTED_EDGE('',*,*,#8821,.T.);
#8821 = EDGE_CURVE('',#8814,#8822,#8824,.T.);
#8822 = VERTEX_POINT('',#8823);
#8823 = CARTESIAN_POINT('',(139.7,183.7,39.));
#8824 = LINE('',#8825,#8826);
#8825 = CARTESIAN_POINT('',(69.85,183.7,39.));
#8826 = VECTOR('',#8827,1.);
#8827 = DIRECTION('',(-1.,0.,0.));
#8828 = ORIENTED_EDGE('',*,*,#8829,.T.);
#8829 = EDGE_CURVE('',#8822,#8830,#8832,.T.);
#8830 = VERTEX_POINT('',#8831);
#8831 = CARTESIAN_POINT('',(139.7,186.,39.));
#8832 = LINE('',#8833,#8834);
#8833 = CARTESIAN_POINT('',(139.7,91.85,39.));
#8834 = VECTOR('',#8835,1.);
#8835 = DIRECTION('',(0.,1.,0.));
#8836 = ORIENTED_EDGE('',*,*,#8837,.T.);
#8837 = EDGE_CURVE('',#8830,#8838,#8840,.T.);
#8838 = VERTEX_POINT('',#8839);
#8839 = CARTESIAN_POINT('',(114.,186.,39.));
#8840 = LINE('',#8841,#8842);
#8841 = CARTESIAN_POINT('',(57.,186.,39.));
#8842 = VECTOR('',#8843,1.);
#8843 = DIRECTION('',(-1.,0.,0.));
#8844 = ORIENTED_EDGE('',*,*,#8845,.T.);
#8845 = EDGE_CURVE('',#8838,#8846,#8848,.T.);
#8846 = VERTEX_POINT('',#8847);
#8847 = CARTESIAN_POINT('',(114.,190.,39.));
#8848 = LINE('',#8849,#8850);
#8849 = CARTESIAN_POINT('',(114.,93.,39.));
#8850 = VECTOR('',#8851,1.);
#8851 = DIRECTION('',(0.,1.,0.));
#8852 = ORIENTED_EDGE('',*,*,#8853,.F.);
#8853 = EDGE_CURVE('',#8854,#8846,#8856,.T.);
#8854 = VERTEX_POINT('',#8855);
#8855 = CARTESIAN_POINT('',(56.3,190.,39.));
#8856 = LINE('',#8857,#8858);
#8857 = CARTESIAN_POINT('',(0.,190.,39.));
#8858 = VECTOR('',#8859,1.);
#8859 = DIRECTION('',(1.,0.,0.));
#8860 = ORIENTED_EDGE('',*,*,#8861,.F.);
#8861 = EDGE_CURVE('',#8862,#8854,#8864,.T.);
#8862 = VERTEX_POINT('',#8863);
#8863 = CARTESIAN_POINT('',(56.3,183.7,39.));
#8864 = LINE('',#8865,#8866);
#8865 = CARTESIAN_POINT('',(56.3,91.85,39.));
#8866 = VECTOR('',#8867,1.);
#8867 = DIRECTION('',(0.,1.,0.));
#8868 = ORIENTED_EDGE('',*,*,#8869,.T.);
#8869 = EDGE_CURVE('',#8862,#8870,#8872,.T.);
#8870 = VERTEX_POINT('',#8871);
#8871 = CARTESIAN_POINT('',(47.7,183.7,39.));
#8872 = LINE('',#8873,#8874);
#8873 = CARTESIAN_POINT('',(23.85,183.7,39.));
#8874 = VECTOR('',#8875,1.);
#8875 = DIRECTION('',(-1.,0.,0.));
#8876 = ORIENTED_EDGE('',*,*,#8877,.T.);
#8877 = EDGE_CURVE('',#8870,#8878,#8880,.T.);
#8878 = VERTEX_POINT('',#8879);
#8879 = CARTESIAN_POINT('',(47.7,187.8,39.));
#8880 = LINE('',#8881,#8882);
#8881 = CARTESIAN_POINT('',(47.7,91.85,39.));
#8882 = VECTOR('',#8883,1.);
#8883 = DIRECTION('',(0.,1.,0.));
#8884 = ORIENTED_EDGE('',*,*,#8885,.T.);
#8885 = EDGE_CURVE('',#8878,#8886,#8888,.T.);
#8886 = VERTEX_POINT('',#8887);
#8887 = CARTESIAN_POINT('',(28.3,187.8,39.));
#8888 = LINE('',#8889,#8890);
#8889 = CARTESIAN_POINT('',(9.85,187.8,39.));
#8890 = VECTOR('',#8891,1.);
#8891 = DIRECTION('',(-1.,0.,0.));
#8892 = ORIENTED_EDGE('',*,*,#8893,.F.);
#8893 = EDGE_CURVE('',#8894,#8886,#8896,.T.);
#8894 = VERTEX_POINT('',#8895);
#8895 = CARTESIAN_POINT('',(28.3,183.7,39.));
#8896 = LINE('',#8897,#8898);
#8897 = CARTESIAN_POINT('',(28.3,91.85,39.));
#8898 = VECTOR('',#8899,1.);
#8899 = DIRECTION('',(0.,1.,0.));
#8900 = ORIENTED_EDGE('',*,*,#8901,.T.);
#8901 = EDGE_CURVE('',#8894,#8902,#8904,.T.);
#8902 = VERTEX_POINT('',#8903);
#8903 = CARTESIAN_POINT('',(19.7,183.7,39.));
#8904 = LINE('',#8905,#8906);
#8905 = CARTESIAN_POINT('',(9.85,183.7,39.));
#8906 = VECTOR('',#8907,1.);
#8907 = DIRECTION('',(-1.,0.,0.));
#8908 = ORIENTED_EDGE('',*,*,#8909,.T.);
#8909 = EDGE_CURVE('',#8902,#8739,#8910,.T.);
#8910 = LINE('',#8911,#8912);
#8911 = CARTESIAN_POINT('',(19.7,91.85,39.));
#8912 = VECTOR('',#8913,1.);
#8913 = DIRECTION('',(0.,1.,0.));
#8914 = FACE_BOUND('',#8915,.F.);
#8915 = EDGE_LOOP('',(#8916,#8926,#8934,#8942,#8950,#8958));
#8916 = ORIENTED_EDGE('',*,*,#8917,.F.);
#8917 = EDGE_CURVE('',#8918,#8920,#8922,.T.);
#8918 = VERTEX_POINT('',#8919);
#8919 = CARTESIAN_POINT('',(10.9,9.67431578065,39.));
#8920 = VERTEX_POINT('',#8921);
#8921 = CARTESIAN_POINT('',(8.,11.3486315613,39.));
#8922 = LINE('',#8923,#8924);
#8923 = CARTESIAN_POINT('',(10.9,9.67431578065,39.));
#8924 = VECTOR('',#8925,1.);
#8925 = DIRECTION('',(-0.866025403784,0.5,0.));
#8926 = ORIENTED_EDGE('',*,*,#8927,.F.);
#8927 = EDGE_CURVE('',#8928,#8918,#8930,.T.);
#8928 = VERTEX_POINT('',#8929);
#8929 = CARTESIAN_POINT('',(10.9,6.32568421935,39.));
#8930 = LINE('',#8931,#8932);
#8931 = CARTESIAN_POINT('',(10.9,6.32568421935,39.));
#8932 = VECTOR('',#8933,1.);
#8933 = DIRECTION('',(5.304724652093E-16,1.,0.));
#8934 = ORIENTED_EDGE('',*,*,#8935,.F.);
#8935 = EDGE_CURVE('',#8936,#8928,#8938,.T.);
#8936 = VERTEX_POINT('',#8937);
#8937 = CARTESIAN_POINT('',(8.,4.6513684387,39.));
#8938 = LINE('',#8939,#8940);
#8939 = CARTESIAN_POINT('',(8.,4.6513684387,39.));
#8940 = VECTOR('',#8941,1.);
#8941 = DIRECTION('',(0.866025403784,0.5,0.));
#8942 = ORIENTED_EDGE('',*,*,#8943,.F.);
#8943 = EDGE_CURVE('',#8944,#8936,#8946,.T.);
#8944 = VERTEX_POINT('',#8945);
#8945 = CARTESIAN_POINT('',(5.1,6.32568421935,39.));
#8946 = LINE('',#8947,#8948);
#8947 = CARTESIAN_POINT('',(5.1,6.32568421935,39.));
#8948 = VECTOR('',#8949,1.);
#8949 = DIRECTION('',(0.866025403784,-0.5,0.));
#8950 = ORIENTED_EDGE('',*,*,#8951,.F.);
#8951 = EDGE_CURVE('',#8952,#8944,#8954,.T.);
#8952 = VERTEX_POINT('',#8953);
#8953 = CARTESIAN_POINT('',(5.1,9.67431578065,39.));
#8954 = LINE('',#8955,#8956);
#8955 = CARTESIAN_POINT('',(5.1,9.67431578065,39.));
#8956 = VECTOR('',#8957,1.);
#8957 = DIRECTION('',(0.,-1.,0.));
#8958 = ORIENTED_EDGE('',*,*,#8959,.F.);
#8959 = EDGE_CURVE('',#8920,#8952,#8960,.T.);
#8960 = LINE('',#8961,#8962);
#8961 = CARTESIAN_POINT('',(8.,11.3486315613,39.));
#8962 = VECTOR('',#8963,1.);
#8963 = DIRECTION('',(-0.866025403784,-0.5,0.));
#8964 = FACE_BOUND('',#8965,.F.);
#8965 = EDGE_LOOP('',(#8966));
#8966 = ORIENTED_EDGE('',*,*,#8967,.F.);
#8967 = EDGE_CURVE('',#8968,#8968,#8970,.T.);
#8968 = VERTEX_POINT('',#8969);
#8969 = CARTESIAN_POINT('',(22.5,24.,39.));
#8970 = CIRCLE('',#8971,5.5);
#8971 = AXIS2_PLACEMENT_3D('',#8972,#8973,#8974);
#8972 = CARTESIAN_POINT('',(17.,24.,39.));
#8973 = DIRECTION('',(0.,0.,1.));
#8974 = DIRECTION('',(1.,0.,0.));
#8975 = FACE_BOUND('',#8976,.F.);
#8976 = EDGE_LOOP('',(#8977,#8987,#8995,#9003,#9011,#9019));
#8977 = ORIENTED_EDGE('',*,*,#8978,.F.);
#8978 = EDGE_CURVE('',#8979,#8981,#8983,.T.);
#8979 = VERTEX_POINT('',#8980);
#8980 = CARTESIAN_POINT('',(190.9,9.67431578065,39.));
#8981 = VERTEX_POINT('',#8982);
#8982 = CARTESIAN_POINT('',(188.,11.3486315613,39.));
#8983 = LINE('',#8984,#8985);
#8984 = CARTESIAN_POINT('',(190.9,9.67431578065,39.));
#8985 = VECTOR('',#8986,1.);
#8986 = DIRECTION('',(-0.866025403784,0.5,0.));
#8987 = ORIENTED_EDGE('',*,*,#8988,.F.);
#8988 = EDGE_CURVE('',#8989,#8979,#8991,.T.);
#8989 = VERTEX_POINT('',#8990);
#8990 = CARTESIAN_POINT('',(190.9,6.32568421935,39.));
#8991 = LINE('',#8992,#8993);
#8992 = CARTESIAN_POINT('',(190.9,6.32568421935,39.));
#8993 = VECTOR('',#8994,1.);
#8994 = DIRECTION('',(0.,1.,0.));
#8995 = ORIENTED_EDGE('',*,*,#8996,.F.);
#8996 = EDGE_CURVE('',#8997,#8989,#8999,.T.);
#8997 = VERTEX_POINT('',#8998);
#8998 = CARTESIAN_POINT('',(188.,4.6513684387,39.));
#8999 = LINE('',#9000,#9001);
#9000 = CARTESIAN_POINT('',(188.,4.6513684387,39.));
#9001 = VECTOR('',#9002,1.);
#9002 = DIRECTION('',(0.866025403784,0.5,0.));
#9003 = ORIENTED_EDGE('',*,*,#9004,.F.);
#9004 = EDGE_CURVE('',#9005,#8997,#9007,.T.);
#9005 = VERTEX_POINT('',#9006);
#9006 = CARTESIAN_POINT('',(185.1,6.32568421935,39.));
#9007 = LINE('',#9008,#9009);
#9008 = CARTESIAN_POINT('',(185.1,6.32568421935,39.));
#9009 = VECTOR('',#9010,1.);
#9010 = DIRECTION('',(0.866025403784,-0.5,0.));
#9011 = ORIENTED_EDGE('',*,*,#9012,.F.);
#9012 = EDGE_CURVE('',#9013,#9005,#9015,.T.);
#9013 = VERTEX_POINT('',#9014);
#9014 = CARTESIAN_POINT('',(185.1,9.67431578065,39.));
#9015 = LINE('',#9016,#9017);
#9016 = CARTESIAN_POINT('',(185.1,9.67431578065,39.));
#9017 = VECTOR('',#9018,1.);
#9018 = DIRECTION('',(0.,-1.,0.));
#9019 = ORIENTED_EDGE('',*,*,#9020,.F.);
#9020 = EDGE_CURVE('',#8981,#9013,#9021,.T.);
#9021 = LINE('',#9022,#9023);
#9022 = CARTESIAN_POINT('',(188.,11.3486315613,39.));
#9023 = VECTOR('',#9024,1.);
#9024 = DIRECTION('',(-0.866025403784,-0.5,0.));
#9025 = FACE_BOUND('',#9026,.F.);
#9026 = EDGE_LOOP('',(#9027));
#9027 = ORIENTED_EDGE('',*,*,#9028,.F.);
#9028 = EDGE_CURVE('',#9029,#9029,#9031,.T.);
#9029 = VERTEX_POINT('',#9030);
#9030 = CARTESIAN_POINT('',(184.5,24.,39.));
#9031 = CIRCLE('',#9032,5.5);
#9032 = AXIS2_PLACEMENT_3D('',#9033,#9034,#9035);
#9033 = CARTESIAN_POINT('',(179.,24.,39.));
#9034 = DIRECTION('',(0.,0.,1.));
#9035 = DIRECTION('',(1.,0.,0.));
#9036 = FACE_BOUND('',#9037,.F.);
#9037 = EDGE_LOOP('',(#9038,#9048,#9056,#9064));
#9038 = ORIENTED_EDGE('',*,*,#9039,.T.);
#9039 = EDGE_CURVE('',#9040,#9042,#9044,.T.);
#9040 = VERTEX_POINT('',#9041);
#9041 = CARTESIAN_POINT('',(169.4,16.,39.));
#9042 = VERTEX_POINT('',#9043);
#9043 = CARTESIAN_POINT('',(26.6,16.,39.));
#9044 = LINE('',#9045,#9046);
#9045 = CARTESIAN_POINT('',(13.3,16.,39.));
#9046 = VECTOR('',#9047,1.);
#9047 = DIRECTION('',(-1.,0.,0.));
#9048 = ORIENTED_EDGE('',*,*,#9049,.T.);
#9049 = EDGE_CURVE('',#9042,#9050,#9052,.T.);
#9050 = VERTEX_POINT('',#9051);
#9051 = CARTESIAN_POINT('',(26.6,109.5,39.));
#9052 = LINE('',#9053,#9054);
#9053 = CARTESIAN_POINT('',(26.6,8.,39.));
#9054 = VECTOR('',#9055,1.);
#9055 = DIRECTION('',(0.,1.,0.));
#9056 = ORIENTED_EDGE('',*,*,#9057,.F.);
#9057 = EDGE_CURVE('',#9058,#9050,#9060,.T.);
#9058 = VERTEX_POINT('',#9059);
#9059 = CARTESIAN_POINT('',(169.4,109.5,39.));
#9060 = LINE('',#9061,#9062);
#9061 = CARTESIAN_POINT('',(13.3,109.5,39.));
#9062 = VECTOR('',#9063,1.);
#9063 = DIRECTION('',(-1.,0.,0.));
#9064 = ORIENTED_EDGE('',*,*,#9065,.F.);
#9065 = EDGE_CURVE('',#9040,#9058,#9066,.T.);
#9066 = LINE('',#9067,#9068);
#9067 = CARTESIAN_POINT('',(169.4,8.,39.));
#9068 = VECTOR('',#9069,1.);
#9069 = DIRECTION('',(0.,1.,0.));
#9070 = FACE_BOUND('',#9071,.F.);
#9071 = EDGE_LOOP('',(#9072));
#9072 = ORIENTED_EDGE('',*,*,#9073,.F.);
#9073 = EDGE_CURVE('',#9074,#9074,#9076,.T.);
#9074 = VERTEX_POINT('',#9075);
#9075 = CARTESIAN_POINT('',(22.5,99.,39.));
#9076 = CIRCLE('',#9077,5.5);
#9077 = AXIS2_PLACEMENT_3D('',#9078,#9079,#9080);
#9078 = CARTESIAN_POINT('',(17.,99.,39.));
#9079 = DIRECTION('',(0.,0.,1.));
#9080 = DIRECTION('',(1.,0.,0.));
#9081 = FACE_BOUND('',#9082,.F.);
#9082 = EDGE_LOOP('',(#9083,#9093,#9101,#9109,#9117,#9125));
#9083 = ORIENTED_EDGE('',*,*,#9084,.F.);
#9084 = EDGE_CURVE('',#9085,#9087,#9089,.T.);
#9085 = VERTEX_POINT('',#9086);
#9086 = CARTESIAN_POINT('',(10.9,122.67431578065,39.));
#9087 = VERTEX_POINT('',#9088);
#9088 = CARTESIAN_POINT('',(8.,124.3486315613,39.));
#9089 = LINE('',#9090,#9091);
#9090 = CARTESIAN_POINT('',(10.9,122.67431578065,39.));
#9091 = VECTOR('',#9092,1.);
#9092 = DIRECTION('',(-0.866025403784,0.5,0.));
#9093 = ORIENTED_EDGE('',*,*,#9094,.F.);
#9094 = EDGE_CURVE('',#9095,#9085,#9097,.T.);
#9095 = VERTEX_POINT('',#9096);
#9096 = CARTESIAN_POINT('',(10.9,119.32568421935,39.));
#9097 = LINE('',#9098,#9099);
#9098 = CARTESIAN_POINT('',(10.9,119.32568421935,39.));
#9099 = VECTOR('',#9100,1.);
#9100 = DIRECTION('',(5.304724652093E-16,1.,0.));
#9101 = ORIENTED_EDGE('',*,*,#9102,.F.);
#9102 = EDGE_CURVE('',#9103,#9095,#9105,.T.);
#9103 = VERTEX_POINT('',#9104);
#9104 = CARTESIAN_POINT('',(8.,117.6513684387,39.));
#9105 = LINE('',#9106,#9107);
#9106 = CARTESIAN_POINT('',(8.,117.6513684387,39.));
#9107 = VECTOR('',#9108,1.);
#9108 = DIRECTION('',(0.866025403784,0.5,0.));
#9109 = ORIENTED_EDGE('',*,*,#9110,.F.);
#9110 = EDGE_CURVE('',#9111,#9103,#9113,.T.);
#9111 = VERTEX_POINT('',#9112);
#9112 = CARTESIAN_POINT('',(5.1,119.32568421935,39.));
#9113 = LINE('',#9114,#9115);
#9114 = CARTESIAN_POINT('',(5.1,119.32568421935,39.));
#9115 = VECTOR('',#9116,1.);
#9116 = DIRECTION('',(0.866025403784,-0.5,0.));
#9117 = ORIENTED_EDGE('',*,*,#9118,.F.);
#9118 = EDGE_CURVE('',#9119,#9111,#9121,.T.);
#9119 = VERTEX_POINT('',#9120);
#9120 = CARTESIAN_POINT('',(5.1,122.67431578065,39.));
#9121 = LINE('',#9122,#9123);
#9122 = CARTESIAN_POINT('',(5.1,122.67431578065,39.));
#9123 = VECTOR('',#9124,1.);
#9124 = DIRECTION('',(0.,-1.,0.));
#9125 = ORIENTED_EDGE('',*,*,#9126,.F.);
#9126 = EDGE_CURVE('',#9087,#9119,#9127,.T.);
#9127 = LINE('',#9128,#9129);
#9128 = CARTESIAN_POINT('',(8.,124.3486315613,39.));
#9129 = VECTOR('',#9130,1.);
#9130 = DIRECTION('',(-0.866025403784,-0.5,0.));
#9131 = FACE_BOUND('',#9132,.F.);
#9132 = EDGE_LOOP('',(#9133,#9143,#9151,#9159));
#9133 = ORIENTED_EDGE('',*,*,#9134,.T.);
#9134 = EDGE_CURVE('',#9135,#9137,#9139,.T.);
#9135 = VERTEX_POINT('',#9136);
#9136 = CARTESIAN_POINT('',(35.,148.,39.));
#9137 = VERTEX_POINT('',#9138);
#9138 = CARTESIAN_POINT('',(32.,148.,39.));
#9139 = LINE('',#9140,#9141);
#9140 = CARTESIAN_POINT('',(16.,148.,39.));
#9141 = VECTOR('',#9142,1.);
#9142 = DIRECTION('',(-1.,0.,0.));
#9143 = ORIENTED_EDGE('',*,*,#9144,.T.);
#9144 = EDGE_CURVE('',#9137,#9145,#9147,.T.);
#9145 = VERTEX_POINT('',#9146);
#9146 = CARTESIAN_POINT('',(32.,170.,39.));
#9147 = LINE('',#9148,#9149);
#9148 = CARTESIAN_POINT('',(32.,74.,39.));
#9149 = VECTOR('',#9150,1.);
#9150 = DIRECTION('',(0.,1.,0.));
#9151 = ORIENTED_EDGE('',*,*,#9152,.F.);
#9152 = EDGE_CURVE('',#9153,#9145,#9155,.T.);
#9153 = VERTEX_POINT('',#9154);
#9154 = CARTESIAN_POINT('',(35.,170.,39.));
#9155 = LINE('',#9156,#9157);
#9156 = CARTESIAN_POINT('',(16.,170.,39.));
#9157 = VECTOR('',#9158,1.);
#9158 = DIRECTION('',(-1.,0.,0.));
#9159 = ORIENTED_EDGE('',*,*,#9160,.F.);
#9160 = EDGE_CURVE('',#9135,#9153,#9161,.T.);
#9161 = LINE('',#9162,#9163);
#9162 = CARTESIAN_POINT('',(35.,74.,39.));
#9163 = VECTOR('',#9164,1.);
#9164 = DIRECTION('',(0.,1.,0.));
#9165 = FACE_BOUND('',#9166,.F.);
#9166 = EDGE_LOOP('',(#9167,#9177,#9185,#9193));
#9167 = ORIENTED_EDGE('',*,*,#9168,.T.);
#9168 = EDGE_CURVE('',#9169,#9171,#9173,.T.);
#9169 = VERTEX_POINT('',#9170);
#9170 = CARTESIAN_POINT('',(42.,148.,39.));
#9171 = VERTEX_POINT('',#9172);
#9172 = CARTESIAN_POINT('',(39.,148.,39.));
#9173 = LINE('',#9174,#9175);
#9174 = CARTESIAN_POINT('',(19.5,148.,39.));
#9175 = VECTOR('',#9176,1.);
#9176 = DIRECTION('',(-1.,0.,0.));
#9177 = ORIENTED_EDGE('',*,*,#9178,.T.);
#9178 = EDGE_CURVE('',#9171,#9179,#9181,.T.);
#9179 = VERTEX_POINT('',#9180);
#9180 = CARTESIAN_POINT('',(39.,170.,39.));
#9181 = LINE('',#9182,#9183);
#9182 = CARTESIAN_POINT('',(39.,74.,39.));
#9183 = VECTOR('',#9184,1.);
#9184 = DIRECTION('',(0.,1.,0.));
#9185 = ORIENTED_EDGE('',*,*,#9186,.F.);
#9186 = EDGE_CURVE('',#9187,#9179,#9189,.T.);
#9187 = VERTEX_POINT('',#9188);
#9188 = CARTESIAN_POINT('',(42.,170.,39.));
#9189 = LINE('',#9190,#9191);
#9190 = CARTESIAN_POINT('',(19.5,170.,39.));
#9191 = VECTOR('',#9192,1.);
#9192 = DIRECTION('',(-1.,0.,0.));
#9193 = ORIENTED_EDGE('',*,*,#9194,.F.);
#9194 = EDGE_CURVE('',#9169,#9187,#9195,.T.);
#9195 = LINE('',#9196,#9197);
#9196 = CARTESIAN_POINT('',(42.,74.,39.));
#9197 = VECTOR('',#9198,1.);
#9198 = DIRECTION('',(0.,1.,0.));
#9199 = FACE_BOUND('',#9200,.F.);
#9200 = EDGE_LOOP('',(#9201,#9211,#9219,#9227));
#9201 = ORIENTED_EDGE('',*,*,#9202,.T.);
#9202 = EDGE_CURVE('',#9203,#9205,#9207,.T.);
#9203 = VERTEX_POINT('',#9204);
#9204 = CARTESIAN_POINT('',(49.,148.,39.));
#9205 = VERTEX_POINT('',#9206);
#9206 = CARTESIAN_POINT('',(46.,148.,39.));
#9207 = LINE('',#9208,#9209);
#9208 = CARTESIAN_POINT('',(23.,148.,39.));
#9209 = VECTOR('',#9210,1.);
#9210 = DIRECTION('',(-1.,0.,0.));
#9211 = ORIENTED_EDGE('',*,*,#9212,.T.);
#9212 = EDGE_CURVE('',#9205,#9213,#9215,.T.);
#9213 = VERTEX_POINT('',#9214);
#9214 = CARTESIAN_POINT('',(46.,170.,39.));
#9215 = LINE('',#9216,#9217);
#9216 = CARTESIAN_POINT('',(46.,74.,39.));
#9217 = VECTOR('',#9218,1.);
#9218 = DIRECTION('',(0.,1.,0.));
#9219 = ORIENTED_EDGE('',*,*,#9220,.F.);
#9220 = EDGE_CURVE('',#9221,#9213,#9223,.T.);
#9221 = VERTEX_POINT('',#9222);
#9222 = CARTESIAN_POINT('',(49.,170.,39.));
#9223 = LINE('',#9224,#9225);
#9224 = CARTESIAN_POINT('',(23.,170.,39.));
#9225 = VECTOR('',#9226,1.);
#9226 = DIRECTION('',(-1.,0.,0.));
#9227 = ORIENTED_EDGE('',*,*,#9228,.F.);
#9228 = EDGE_CURVE('',#9203,#9221,#9229,.T.);
#9229 = LINE('',#9230,#9231);
#9230 = CARTESIAN_POINT('',(49.,74.,39.));
#9231 = VECTOR('',#9232,1.);
#9232 = DIRECTION('',(0.,1.,0.));
#9233 = FACE_BOUND('',#9234,.F.);
#9234 = EDGE_LOOP('',(#9235,#9245,#9253,#9261,#9269,#9277));
#9235 = ORIENTED_EDGE('',*,*,#9236,.F.);
#9236 = EDGE_CURVE('',#9237,#9239,#9241,.T.);
#9237 = VERTEX_POINT('',#9238);
#9238 = CARTESIAN_POINT('',(10.9,183.67431578065,39.));
#9239 = VERTEX_POINT('',#9240);
#9240 = CARTESIAN_POINT('',(8.,185.3486315613,39.));
#9241 = LINE('',#9242,#9243);
#9242 = CARTESIAN_POINT('',(10.9,183.67431578065,39.));
#9243 = VECTOR('',#9244,1.);
#9244 = DIRECTION('',(-0.866025403784,0.5,0.));
#9245 = ORIENTED_EDGE('',*,*,#9246,.F.);
#9246 = EDGE_CURVE('',#9247,#9237,#9249,.T.);
#9247 = VERTEX_POINT('',#9248);
#9248 = CARTESIAN_POINT('',(10.9,180.32568421935,39.));
#9249 = LINE('',#9250,#9251);
#9250 = CARTESIAN_POINT('',(10.9,180.32568421935,39.));
#9251 = VECTOR('',#9252,1.);
#9252 = DIRECTION('',(5.304724652093E-16,1.,0.));
#9253 = ORIENTED_EDGE('',*,*,#9254,.F.);
#9254 = EDGE_CURVE('',#9255,#9247,#9257,.T.);
#9255 = VERTEX_POINT('',#9256);
#9256 = CARTESIAN_POINT('',(8.,178.6513684387,39.));
#9257 = LINE('',#9258,#9259);
#9258 = CARTESIAN_POINT('',(8.,178.6513684387,39.));
#9259 = VECTOR('',#9260,1.);
#9260 = DIRECTION('',(0.866025403784,0.5,0.));
#9261 = ORIENTED_EDGE('',*,*,#9262,.F.);
#9262 = EDGE_CURVE('',#9263,#9255,#9265,.T.);
#9263 = VERTEX_POINT('',#9264);
#9264 = CARTESIAN_POINT('',(5.1,180.32568421935,39.));
#9265 = LINE('',#9266,#9267);
#9266 = CARTESIAN_POINT('',(5.1,180.32568421935,39.));
#9267 = VECTOR('',#9268,1.);
#9268 = DIRECTION('',(0.866025403784,-0.5,0.));
#9269 = ORIENTED_EDGE('',*,*,#9270,.F.);
#9270 = EDGE_CURVE('',#9271,#9263,#9273,.T.);
#9271 = VERTEX_POINT('',#9272);
#9272 = CARTESIAN_POINT('',(5.1,183.67431578065,39.));
#9273 = LINE('',#9274,#9275);
#9274 = CARTESIAN_POINT('',(5.1,183.67431578065,39.));
#9275 = VECTOR('',#9276,1.);
#9276 = DIRECTION('',(0.,-1.,0.));
#9277 = ORIENTED_EDGE('',*,*,#9278,.F.);
#9278 = EDGE_CURVE('',#9239,#9271,#9279,.T.);
#9279 = LINE('',#9280,#9281);
#9280 = CARTESIAN_POINT('',(8.,185.3486315613,39.));
#9281 = VECTOR('',#9282,1.);
#9282 = DIRECTION('',(-0.866025403784,-0.5,0.));
#9283 = FACE_BOUND('',#9284,.F.);
#9284 = EDGE_LOOP('',(#9285,#9295,#9303,#9311));
#9285 = ORIENTED_EDGE('',*,*,#9286,.T.);
#9286 = EDGE_CURVE('',#9287,#9289,#9291,.T.);
#9287 = VERTEX_POINT('',#9288);
#9288 = CARTESIAN_POINT('',(56.,148.,39.));
#9289 = VERTEX_POINT('',#9290);
#9290 = CARTESIAN_POINT('',(53.,148.,39.));
#9291 = LINE('',#9292,#9293);
#9292 = CARTESIAN_POINT('',(26.5,148.,39.));
#9293 = VECTOR('',#9294,1.);
#9294 = DIRECTION('',(-1.,0.,0.));
#9295 = ORIENTED_EDGE('',*,*,#9296,.T.);
#9296 = EDGE_CURVE('',#9289,#9297,#9299,.T.);
#9297 = VERTEX_POINT('',#9298);
#9298 = CARTESIAN_POINT('',(53.,170.,39.));
#9299 = LINE('',#9300,#9301);
#9300 = CARTESIAN_POINT('',(53.,74.,39.));
#9301 = VECTOR('',#9302,1.);
#9302 = DIRECTION('',(0.,1.,0.));
#9303 = ORIENTED_EDGE('',*,*,#9304,.F.);
#9304 = EDGE_CURVE('',#9305,#9297,#9307,.T.);
#9305 = VERTEX_POINT('',#9306);
#9306 = CARTESIAN_POINT('',(56.,170.,39.));
#9307 = LINE('',#9308,#9309);
#9308 = CARTESIAN_POINT('',(26.5,170.,39.));
#9309 = VECTOR('',#9310,1.);
#9310 = DIRECTION('',(-1.,0.,0.));
#9311 = ORIENTED_EDGE('',*,*,#9312,.F.);
#9312 = EDGE_CURVE('',#9287,#9305,#9313,.T.);
#9313 = LINE('',#9314,#9315);
#9314 = CARTESIAN_POINT('',(56.,74.,39.));
#9315 = VECTOR('',#9316,1.);
#9316 = DIRECTION('',(0.,1.,0.));
#9317 = FACE_BOUND('',#9318,.F.);
#9318 = EDGE_LOOP('',(#9319,#9329,#9337,#9345));
#9319 = ORIENTED_EDGE('',*,*,#9320,.T.);
#9320 = EDGE_CURVE('',#9321,#9323,#9325,.T.);
#9321 = VERTEX_POINT('',#9322);
#9322 = CARTESIAN_POINT('',(63.,148.,39.));
#9323 = VERTEX_POINT('',#9324);
#9324 = CARTESIAN_POINT('',(60.,148.,39.));
#9325 = LINE('',#9326,#9327);
#9326 = CARTESIAN_POINT('',(30.,148.,39.));
#9327 = VECTOR('',#9328,1.);
#9328 = DIRECTION('',(-1.,0.,0.));
#9329 = ORIENTED_EDGE('',*,*,#9330,.T.);
#9330 = EDGE_CURVE('',#9323,#9331,#9333,.T.);
#9331 = VERTEX_POINT('',#9332);
#9332 = CARTESIAN_POINT('',(60.,170.,39.));
#9333 = LINE('',#9334,#9335);
#9334 = CARTESIAN_POINT('',(60.,74.,39.));
#9335 = VECTOR('',#9336,1.);
#9336 = DIRECTION('',(0.,1.,0.));
#9337 = ORIENTED_EDGE('',*,*,#9338,.F.);
#9338 = EDGE_CURVE('',#9339,#9331,#9341,.T.);
#9339 = VERTEX_POINT('',#9340);
#9340 = CARTESIAN_POINT('',(63.,170.,39.));
#9341 = LINE('',#9342,#9343);
#9342 = CARTESIAN_POINT('',(30.,170.,39.));
#9343 = VECTOR('',#9344,1.);
#9344 = DIRECTION('',(-1.,0.,0.));
#9345 = ORIENTED_EDGE('',*,*,#9346,.F.);
#9346 = EDGE_CURVE('',#9321,#9339,#9347,.T.);
#9347 = LINE('',#9348,#9349);
#9348 = CARTESIAN_POINT('',(63.,74.,39.));
#9349 = VECTOR('',#9350,1.);
#9350 = DIRECTION('',(0.,1.,0.));
#9351 = FACE_BOUND('',#9352,.F.);
#9352 = EDGE_LOOP('',(#9353,#9363,#9371,#9379));
#9353 = ORIENTED_EDGE('',*,*,#9354,.T.);
#9354 = EDGE_CURVE('',#9355,#9357,#9359,.T.);
#9355 = VERTEX_POINT('',#9356);
#9356 = CARTESIAN_POINT('',(70.,148.,39.));
#9357 = VERTEX_POINT('',#9358);
#9358 = CARTESIAN_POINT('',(67.,148.,39.));
#9359 = LINE('',#9360,#9361);
#9360 = CARTESIAN_POINT('',(33.5,148.,39.));
#9361 = VECTOR('',#9362,1.);
#9362 = DIRECTION('',(-1.,0.,0.));
#9363 = ORIENTED_EDGE('',*,*,#9364,.T.);
#9364 = EDGE_CURVE('',#9357,#9365,#9367,.T.);
#9365 = VERTEX_POINT('',#9366);
#9366 = CARTESIAN_POINT('',(67.,170.,39.));
#9367 = LINE('',#9368,#9369);
#9368 = CARTESIAN_POINT('',(67.,74.,39.));
#9369 = VECTOR('',#9370,1.);
#9370 = DIRECTION('',(0.,1.,0.));
#9371 = ORIENTED_EDGE('',*,*,#9372,.F.);
#9372 = EDGE_CURVE('',#9373,#9365,#9375,.T.);
#9373 = VERTEX_POINT('',#9374);
#9374 = CARTESIAN_POINT('',(70.,170.,39.));
#9375 = LINE('',#9376,#9377);
#9376 = CARTESIAN_POINT('',(33.5,170.,39.));
#9377 = VECTOR('',#9378,1.);
#9378 = DIRECTION('',(-1.,0.,0.));
#9379 = ORIENTED_EDGE('',*,*,#9380,.F.);
#9380 = EDGE_CURVE('',#9355,#9373,#9381,.T.);
#9381 = LINE('',#9382,#9383);
#9382 = CARTESIAN_POINT('',(70.,74.,39.));
#9383 = VECTOR('',#9384,1.);
#9384 = DIRECTION('',(0.,1.,0.));
#9385 = FACE_BOUND('',#9386,.F.);
#9386 = EDGE_LOOP('',(#9387,#9397,#9405,#9413));
#9387 = ORIENTED_EDGE('',*,*,#9388,.T.);
#9388 = EDGE_CURVE('',#9389,#9391,#9393,.T.);
#9389 = VERTEX_POINT('',#9390);
#9390 = CARTESIAN_POINT('',(77.,148.,39.));
#9391 = VERTEX_POINT('',#9392);
#9392 = CARTESIAN_POINT('',(74.,148.,39.));
#9393 = LINE('',#9394,#9395);
#9394 = CARTESIAN_POINT('',(37.,148.,39.));
#9395 = VECTOR('',#9396,1.);
#9396 = DIRECTION('',(-1.,0.,0.));
#9397 = ORIENTED_EDGE('',*,*,#9398,.T.);
#9398 = EDGE_CURVE('',#9391,#9399,#9401,.T.);
#9399 = VERTEX_POINT('',#9400);
#9400 = CARTESIAN_POINT('',(74.,170.,39.));
#9401 = LINE('',#9402,#9403);
#9402 = CARTESIAN_POINT('',(74.,74.,39.));
#9403 = VECTOR('',#9404,1.);
#9404 = DIRECTION('',(0.,1.,0.));
#9405 = ORIENTED_EDGE('',*,*,#9406,.F.);
#9406 = EDGE_CURVE('',#9407,#9399,#9409,.T.);
#9407 = VERTEX_POINT('',#9408);
#9408 = CARTESIAN_POINT('',(77.,170.,39.));
#9409 = LINE('',#9410,#9411);
#9410 = CARTESIAN_POINT('',(37.,170.,39.));
#9411 = VECTOR('',#9412,1.);
#9412 = DIRECTION('',(-1.,0.,0.));
#9413 = ORIENTED_EDGE('',*,*,#9414,.F.);
#9414 = EDGE_CURVE('',#9389,#9407,#9415,.T.);
#9415 = LINE('',#9416,#9417);
#9416 = CARTESIAN_POINT('',(77.,74.,39.));
#9417 = VECTOR('',#9418,1.);
#9418 = DIRECTION('',(0.,1.,0.));
#9419 = FACE_BOUND('',#9420,.F.);
#9420 = EDGE_LOOP('',(#9421,#9431,#9439,#9447));
#9421 = ORIENTED_EDGE('',*,*,#9422,.T.);
#9422 = EDGE_CURVE('',#9423,#9425,#9427,.T.);
#9423 = VERTEX_POINT('',#9424);
#9424 = CARTESIAN_POINT('',(84.,148.,39.));
#9425 = VERTEX_POINT('',#9426);
#9426 = CARTESIAN_POINT('',(81.,148.,39.));
#9427 = LINE('',#9428,#9429);
#9428 = CARTESIAN_POINT('',(40.5,148.,39.));
#9429 = VECTOR('',#9430,1.);
#9430 = DIRECTION('',(-1.,0.,0.));
#9431 = ORIENTED_EDGE('',*,*,#9432,.T.);
#9432 = EDGE_CURVE('',#9425,#9433,#9435,.T.);
#9433 = VERTEX_POINT('',#9434);
#9434 = CARTESIAN_POINT('',(81.,170.,39.));
#9435 = LINE('',#9436,#9437);
#9436 = CARTESIAN_POINT('',(81.,74.,39.));
#9437 = VECTOR('',#9438,1.);
#9438 = DIRECTION('',(0.,1.,0.));
#9439 = ORIENTED_EDGE('',*,*,#9440,.F.);
#9440 = EDGE_CURVE('',#9441,#9433,#9443,.T.);
#9441 = VERTEX_POINT('',#9442);
#9442 = CARTESIAN_POINT('',(84.,170.,39.));
#9443 = LINE('',#9444,#9445);
#9444 = CARTESIAN_POINT('',(40.5,170.,39.));
#9445 = VECTOR('',#9446,1.);
#9446 = DIRECTION('',(-1.,0.,0.));
#9447 = ORIENTED_EDGE('',*,*,#9448,.F.);
#9448 = EDGE_CURVE('',#9423,#9441,#9449,.T.);
#9449 = LINE('',#9450,#9451);
#9450 = CARTESIAN_POINT('',(84.,74.,39.));
#9451 = VECTOR('',#9452,1.);
#9452 = DIRECTION('',(0.,1.,0.));
#9453 = FACE_BOUND('',#9454,.F.);
#9454 = EDGE_LOOP('',(#9455,#9465,#9473,#9481));
#9455 = ORIENTED_EDGE('',*,*,#9456,.T.);
#9456 = EDGE_CURVE('',#9457,#9459,#9461,.T.);
#9457 = VERTEX_POINT('',#9458);
#9458 = CARTESIAN_POINT('',(91.,148.,39.));
#9459 = VERTEX_POINT('',#9460);
#9460 = CARTESIAN_POINT('',(88.,148.,39.));
#9461 = LINE('',#9462,#9463);
#9462 = CARTESIAN_POINT('',(44.,148.,39.));
#9463 = VECTOR('',#9464,1.);
#9464 = DIRECTION('',(-1.,0.,0.));
#9465 = ORIENTED_EDGE('',*,*,#9466,.T.);
#9466 = EDGE_CURVE('',#9459,#9467,#9469,.T.);
#9467 = VERTEX_POINT('',#9468);
#9468 = CARTESIAN_POINT('',(88.,170.,39.));
#9469 = LINE('',#9470,#9471);
#9470 = CARTESIAN_POINT('',(88.,74.,39.));
#9471 = VECTOR('',#9472,1.);
#9472 = DIRECTION('',(0.,1.,0.));
#9473 = ORIENTED_EDGE('',*,*,#9474,.F.);
#9474 = EDGE_CURVE('',#9475,#9467,#9477,.T.);
#9475 = VERTEX_POINT('',#9476);
#9476 = CARTESIAN_POINT('',(91.,170.,39.));
#9477 = LINE('',#9478,#9479);
#9478 = CARTESIAN_POINT('',(44.,170.,39.));
#9479 = VECTOR('',#9480,1.);
#9480 = DIRECTION('',(-1.,0.,0.));
#9481 = ORIENTED_EDGE('',*,*,#9482,.F.);
#9482 = EDGE_CURVE('',#9457,#9475,#9483,.T.);
#9483 = LINE('',#9484,#9485);
#9484 = CARTESIAN_POINT('',(91.,74.,39.));
#9485 = VECTOR('',#9486,1.);
#9486 = DIRECTION('',(0.,1.,0.));
#9487 = FACE_BOUND('',#9488,.F.);
#9488 = EDGE_LOOP('',(#9489,#9499,#9507,#9515));
#9489 = ORIENTED_EDGE('',*,*,#9490,.T.);
#9490 = EDGE_CURVE('',#9491,#9493,#9495,.T.);
#9491 = VERTEX_POINT('',#9492);
#9492 = CARTESIAN_POINT('',(98.,148.,39.));
#9493 = VERTEX_POINT('',#9494);
#9494 = CARTESIAN_POINT('',(95.,148.,39.));
#9495 = LINE('',#9496,#9497);
#9496 = CARTESIAN_POINT('',(47.5,148.,39.));
#9497 = VECTOR('',#9498,1.);
#9498 = DIRECTION('',(-1.,0.,0.));
#9499 = ORIENTED_EDGE('',*,*,#9500,.T.);
#9500 = EDGE_CURVE('',#9493,#9501,#9503,.T.);
#9501 = VERTEX_POINT('',#9502);
#9502 = CARTESIAN_POINT('',(95.,170.,39.));
#9503 = LINE('',#9504,#9505);
#9504 = CARTESIAN_POINT('',(95.,74.,39.));
#9505 = VECTOR('',#9506,1.);
#9506 = DIRECTION('',(0.,1.,0.));
#9507 = ORIENTED_EDGE('',*,*,#9508,.F.);
#9508 = EDGE_CURVE('',#9509,#9501,#9511,.T.);
#9509 = VERTEX_POINT('',#9510);
#9510 = CARTESIAN_POINT('',(98.,170.,39.));
#9511 = LINE('',#9512,#9513);
#9512 = CARTESIAN_POINT('',(47.5,170.,39.));
#9513 = VECTOR('',#9514,1.);
#9514 = DIRECTION('',(-1.,0.,0.));
#9515 = ORIENTED_EDGE('',*,*,#9516,.F.);
#9516 = EDGE_CURVE('',#9491,#9509,#9517,.T.);
#9517 = LINE('',#9518,#9519);
#9518 = CARTESIAN_POINT('',(98.,74.,39.));
#9519 = VECTOR('',#9520,1.);
#9520 = DIRECTION('',(0.,1.,0.));
#9521 = FACE_BOUND('',#9522,.F.);
#9522 = EDGE_LOOP('',(#9523));
#9523 = ORIENTED_EDGE('',*,*,#9524,.F.);
#9524 = EDGE_CURVE('',#9525,#9525,#9527,.T.);
#9525 = VERTEX_POINT('',#9526);
#9526 = CARTESIAN_POINT('',(184.5,99.,39.));
#9527 = CIRCLE('',#9528,5.5);
#9528 = AXIS2_PLACEMENT_3D('',#9529,#9530,#9531);
#9529 = CARTESIAN_POINT('',(179.,99.,39.));
#9530 = DIRECTION('',(0.,0.,1.));
#9531 = DIRECTION('',(1.,0.,0.));
#9532 = FACE_BOUND('',#9533,.F.);
#9533 = EDGE_LOOP('',(#9534,#9544,#9552,#9560,#9568,#9576));
#9534 = ORIENTED_EDGE('',*,*,#9535,.F.);
#9535 = EDGE_CURVE('',#9536,#9538,#9540,.T.);
#9536 = VERTEX_POINT('',#9537);
#9537 = CARTESIAN_POINT('',(190.9,122.67431578065,39.));
#9538 = VERTEX_POINT('',#9539);
#9539 = CARTESIAN_POINT('',(188.,124.3486315613,39.));
#9540 = LINE('',#9541,#9542);
#9541 = CARTESIAN_POINT('',(190.9,122.67431578065,39.));
#9542 = VECTOR('',#9543,1.);
#9543 = DIRECTION('',(-0.866025403784,0.5,0.));
#9544 = ORIENTED_EDGE('',*,*,#9545,.F.);
#9545 = EDGE_CURVE('',#9546,#9536,#9548,.T.);
#9546 = VERTEX_POINT('',#9547);
#9547 = CARTESIAN_POINT('',(190.9,119.32568421935,39.));
#9548 = LINE('',#9549,#9550);
#9549 = CARTESIAN_POINT('',(190.9,119.32568421935,39.));
#9550 = VECTOR('',#9551,1.);
#9551 = DIRECTION('',(0.,1.,0.));
#9552 = ORIENTED_EDGE('',*,*,#9553,.F.);
#9553 = EDGE_CURVE('',#9554,#9546,#9556,.T.);
#9554 = VERTEX_POINT('',#9555);
#9555 = CARTESIAN_POINT('',(188.,117.6513684387,39.));
#9556 = LINE('',#9557,#9558);
#9557 = CARTESIAN_POINT('',(188.,117.6513684387,39.));
#9558 = VECTOR('',#9559,1.);
#9559 = DIRECTION('',(0.866025403784,0.5,0.));
#9560 = ORIENTED_EDGE('',*,*,#9561,.F.);
#9561 = EDGE_CURVE('',#9562,#9554,#9564,.T.);
#9562 = VERTEX_POINT('',#9563);
#9563 = CARTESIAN_POINT('',(185.1,119.32568421935,39.));
#9564 = LINE('',#9565,#9566);
#9565 = CARTESIAN_POINT('',(185.1,119.32568421935,39.));
#9566 = VECTOR('',#9567,1.);
#9567 = DIRECTION('',(0.866025403784,-0.5,0.));
#9568 = ORIENTED_EDGE('',*,*,#9569,.F.);
#9569 = EDGE_CURVE('',#9570,#9562,#9572,.T.);
#9570 = VERTEX_POINT('',#9571);
#9571 = CARTESIAN_POINT('',(185.1,122.67431578065,39.));
#9572 = LINE('',#9573,#9574);
#9573 = CARTESIAN_POINT('',(185.1,122.67431578065,39.));
#9574 = VECTOR('',#9575,1.);
#9575 = DIRECTION('',(0.,-1.,0.));
#9576 = ORIENTED_EDGE('',*,*,#9577,.F.);
#9577 = EDGE_CURVE('',#9538,#9570,#9578,.T.);
#9578 = LINE('',#9579,#9580);
#9579 = CARTESIAN_POINT('',(188.,124.3486315613,39.));
#9580 = VECTOR('',#9581,1.);
#9581 = DIRECTION('',(-0.866025403784,-0.5,0.));
#9582 = FACE_BOUND('',#9583,.F.);
#9583 = EDGE_LOOP('',(#9584,#9594,#9602,#9610,#9618,#9626));
#9584 = ORIENTED_EDGE('',*,*,#9585,.F.);
#9585 = EDGE_CURVE('',#9586,#9588,#9590,.T.);
#9586 = VERTEX_POINT('',#9587);
#9587 = CARTESIAN_POINT('',(190.9,183.67431578065,39.));
#9588 = VERTEX_POINT('',#9589);
#9589 = CARTESIAN_POINT('',(188.,185.3486315613,39.));
#9590 = LINE('',#9591,#9592);
#9591 = CARTESIAN_POINT('',(190.9,183.67431578065,39.));
#9592 = VECTOR('',#9593,1.);
#9593 = DIRECTION('',(-0.866025403784,0.5,0.));
#9594 = ORIENTED_EDGE('',*,*,#9595,.F.);
#9595 = EDGE_CURVE('',#9596,#9586,#9598,.T.);
#9596 = VERTEX_POINT('',#9597);
#9597 = CARTESIAN_POINT('',(190.9,180.32568421935,39.));
#9598 = LINE('',#9599,#9600);
#9599 = CARTESIAN_POINT('',(190.9,180.32568421935,39.));
#9600 = VECTOR('',#9601,1.);
#9601 = DIRECTION('',(0.,1.,0.));
#9602 = ORIENTED_EDGE('',*,*,#9603,.F.);
#9603 = EDGE_CURVE('',#9604,#9596,#9606,.T.);
#9604 = VERTEX_POINT('',#9605);
#9605 = CARTESIAN_POINT('',(188.,178.6513684387,39.));
#9606 = LINE('',#9607,#9608);
#9607 = CARTESIAN_POINT('',(188.,178.6513684387,39.));
#9608 = VECTOR('',#9609,1.);
#9609 = DIRECTION('',(0.866025403784,0.5,0.));
#9610 = ORIENTED_EDGE('',*,*,#9611,.F.);
#9611 = EDGE_CURVE('',#9612,#9604,#9614,.T.);
#9612 = VERTEX_POINT('',#9613);
#9613 = CARTESIAN_POINT('',(185.1,180.32568421935,39.));
#9614 = LINE('',#9615,#9616);
#9615 = CARTESIAN_POINT('',(185.1,180.32568421935,39.));
#9616 = VECTOR('',#9617,1.);
#9617 = DIRECTION('',(0.866025403784,-0.5,0.));
#9618 = ORIENTED_EDGE('',*,*,#9619,.F.);
#9619 = EDGE_CURVE('',#9620,#9612,#9622,.T.);
#9620 = VERTEX_POINT('',#9621);
#9621 = CARTESIAN_POINT('',(185.1,183.67431578065,39.));
#9622 = LINE('',#9623,#9624);
#9623 = CARTESIAN_POINT('',(185.1,183.67431578065,39.));
#9624 = VECTOR('',#9625,1.);
#9625 = DIRECTION('',(0.,-1.,0.));
#9626 = ORIENTED_EDGE('',*,*,#9627,.F.);
#9627 = EDGE_CURVE('',#9588,#9620,#9628,.T.);
#9628 = LINE('',#9629,#9630);
#9629 = CARTESIAN_POINT('',(188.,185.3486315613,39.));
#9630 = VECTOR('',#9631,1.);
#9631 = DIRECTION('',(-0.866025403784,-0.5,0.));
#9632 = PLANE('',#9633);
#9633 = AXIS2_PLACEMENT_3D('',#9634,#9635,#9636);
#9634 = CARTESIAN_POINT('',(0.,0.,39.));
#9635 = DIRECTION('',(0.,0.,1.));
#9636 = DIRECTION('',(1.,0.,0.));
#9637 = ADVANCED_FACE('',(#9638),#9649,.T.);
#9638 = FACE_BOUND('',#9639,.T.);
#9639 = EDGE_LOOP('',(#9640,#9641,#9642,#9648));
#9640 = ORIENTED_EDGE('',*,*,#8182,.F.);
#9641 = ORIENTED_EDGE('',*,*,#8765,.T.);
#9642 = ORIENTED_EDGE('',*,*,#9643,.T.);
#9643 = EDGE_CURVE('',#8766,#8207,#9644,.T.);
#9644 = LINE('',#9645,#9646);
#9645 = CARTESIAN_POINT('',(196.,190.,39.));
#9646 = VECTOR('',#9647,1.);
#9647 = DIRECTION('',(0.,0.,1.));
#9648 = ORIENTED_EDGE('',*,*,#8206,.F.);
#9649 = PLANE('',#9650);
#9650 = AXIS2_PLACEMENT_3D('',#9651,#9652,#9653);
#9651 = CARTESIAN_POINT('',(196.,0.,39.));
#9652 = DIRECTION('',(1.,0.,0.));
#9653 = DIRECTION('',(0.,0.,1.));
#9654 = ADVANCED_FACE('',(#9655),#9671,.T.);
#9655 = FACE_BOUND('',#9656,.T.);
#9656 = EDGE_LOOP('',(#9657,#9663,#9664,#9670));
#9657 = ORIENTED_EDGE('',*,*,#9658,.F.);
#9658 = EDGE_CURVE('',#8894,#8335,#9659,.T.);
#9659 = LINE('',#9660,#9661);
#9660 = CARTESIAN_POINT('',(28.3,183.7,38.));
#9661 = VECTOR('',#9662,1.);
#9662 = DIRECTION('',(0.,0.,1.));
#9663 = ORIENTED_EDGE('',*,*,#8901,.T.);
#9664 = ORIENTED_EDGE('',*,*,#9665,.T.);
#9665 = EDGE_CURVE('',#8902,#8343,#9666,.T.);
#9666 = LINE('',#9667,#9668);
#9667 = CARTESIAN_POINT('',(19.7,183.7,38.));
#9668 = VECTOR('',#9669,1.);
#9669 = DIRECTION('',(0.,0.,1.));
#9670 = ORIENTED_EDGE('',*,*,#8342,.F.);
#9671 = PLANE('',#9672);
#9672 = AXIS2_PLACEMENT_3D('',#9673,#9674,#9675);
#9673 = CARTESIAN_POINT('',(19.7,183.7,38.));
#9674 = DIRECTION('',(0.,1.,0.));
#9675 = DIRECTION('',(0.,0.,1.));
#9676 = ADVANCED_FACE('',(#9677),#9688,.T.);
#9677 = FACE_BOUND('',#9678,.T.);
#9678 = EDGE_LOOP('',(#9679,#9680,#9686,#9687));
#9679 = ORIENTED_EDGE('',*,*,#8773,.F.);
#9680 = ORIENTED_EDGE('',*,*,#9681,.F.);
#9681 = EDGE_CURVE('',#8215,#8774,#9682,.T.);
#9682 = LINE('',#9683,#9684);
#9683 = CARTESIAN_POINT('',(176.3,190.,38.5));
#9684 = VECTOR('',#9685,1.);
#9685 = DIRECTION('',(0.,0.,-1.));
#9686 = ORIENTED_EDGE('',*,*,#8214,.T.);
#9687 = ORIENTED_EDGE('',*,*,#9643,.F.);
#9688 = PLANE('',#9689);
#9689 = AXIS2_PLACEMENT_3D('',#9690,#9691,#9692);
#9690 = CARTESIAN_POINT('',(0.,190.,39.));
#9691 = DIRECTION('',(0.,1.,0.));
#9692 = DIRECTION('',(0.,0.,1.));
#9693 = ADVANCED_FACE('',(#9694),#9705,.F.);
#9694 = FACE_BOUND('',#9695,.F.);
#9695 = EDGE_LOOP('',(#9696,#9697,#9698,#9704));
#9696 = ORIENTED_EDGE('',*,*,#9658,.F.);
#9697 = ORIENTED_EDGE('',*,*,#8893,.T.);
#9698 = ORIENTED_EDGE('',*,*,#9699,.T.);
#9699 = EDGE_CURVE('',#8886,#8327,#9700,.T.);
#9700 = LINE('',#9701,#9702);
#9701 = CARTESIAN_POINT('',(28.3,187.8,38.));
#9702 = VECTOR('',#9703,1.);
#9703 = DIRECTION('',(0.,0.,1.));
#9704 = ORIENTED_EDGE('',*,*,#8334,.F.);
#9705 = PLANE('',#9706);
#9706 = AXIS2_PLACEMENT_3D('',#9707,#9708,#9709);
#9707 = CARTESIAN_POINT('',(28.3,183.7,38.));
#9708 = DIRECTION('',(1.,0.,0.));
#9709 = DIRECTION('',(0.,0.,1.));
#9710 = ADVANCED_FACE('',(#9711),#9722,.T.);
#9711 = FACE_BOUND('',#9712,.T.);
#9712 = EDGE_LOOP('',(#9713,#9714,#9720,#9721));
#9713 = ORIENTED_EDGE('',*,*,#8326,.F.);
#9714 = ORIENTED_EDGE('',*,*,#9715,.F.);
#9715 = EDGE_CURVE('',#8878,#8319,#9716,.T.);
#9716 = LINE('',#9717,#9718);
#9717 = CARTESIAN_POINT('',(47.7,187.8,38.));
#9718 = VECTOR('',#9719,1.);
#9719 = DIRECTION('',(0.,0.,1.));
#9720 = ORIENTED_EDGE('',*,*,#8885,.T.);
#9721 = ORIENTED_EDGE('',*,*,#9699,.T.);
#9722 = PLANE('',#9723);
#9723 = AXIS2_PLACEMENT_3D('',#9724,#9725,#9726);
#9724 = CARTESIAN_POINT('',(19.7,187.8,38.));
#9725 = DIRECTION('',(0.,1.,0.));
#9726 = DIRECTION('',(0.,0.,1.));
#9727 = ADVANCED_FACE('',(#9728),#9739,.T.);
#9728 = FACE_BOUND('',#9729,.T.);
#9729 = EDGE_LOOP('',(#9730,#9736,#9737,#9738));
#9730 = ORIENTED_EDGE('',*,*,#9731,.F.);
#9731 = EDGE_CURVE('',#8870,#8311,#9732,.T.);
#9732 = LINE('',#9733,#9734);
#9733 = CARTESIAN_POINT('',(47.7,183.7,38.));
#9734 = VECTOR('',#9735,1.);
#9735 = DIRECTION('',(0.,0.,1.));
#9736 = ORIENTED_EDGE('',*,*,#8877,.T.);
#9737 = ORIENTED_EDGE('',*,*,#9715,.T.);
#9738 = ORIENTED_EDGE('',*,*,#8318,.F.);
#9739 = PLANE('',#9740);
#9740 = AXIS2_PLACEMENT_3D('',#9741,#9742,#9743);
#9741 = CARTESIAN_POINT('',(47.7,183.7,38.));
#9742 = DIRECTION('',(1.,0.,0.));
#9743 = DIRECTION('',(0.,0.,1.));
#9744 = ADVANCED_FACE('',(#9745),#9761,.T.);
#9745 = FACE_BOUND('',#9746,.T.);
#9746 = EDGE_LOOP('',(#9747,#9753,#9754,#9760));
#9747 = ORIENTED_EDGE('',*,*,#9748,.F.);
#9748 = EDGE_CURVE('',#8782,#8223,#9749,.T.);
#9749 = LINE('',#9750,#9751);
#9750 = CARTESIAN_POINT('',(176.3,183.7,38.));
#9751 = VECTOR('',#9752,1.);
#9752 = DIRECTION('',(0.,0.,1.));
#9753 = ORIENTED_EDGE('',*,*,#8789,.T.);
#9754 = ORIENTED_EDGE('',*,*,#9755,.T.);
#9755 = EDGE_CURVE('',#8790,#8231,#9756,.T.);
#9756 = LINE('',#9757,#9758);
#9757 = CARTESIAN_POINT('',(167.7,183.7,38.));
#9758 = VECTOR('',#9759,1.);
#9759 = DIRECTION('',(0.,0.,1.));
#9760 = ORIENTED_EDGE('',*,*,#8230,.F.);
#9761 = PLANE('',#9762);
#9762 = AXIS2_PLACEMENT_3D('',#9763,#9764,#9765);
#9763 = CARTESIAN_POINT('',(167.7,183.7,38.));
#9764 = DIRECTION('',(0.,1.,0.));
#9765 = DIRECTION('',(0.,0.,1.));
#9766 = ADVANCED_FACE('',(#9767),#9778,.T.);
#9767 = FACE_BOUND('',#9768,.T.);
#9768 = EDGE_LOOP('',(#9769,#9775,#9776,#9777));
#9769 = ORIENTED_EDGE('',*,*,#9770,.F.);
#9770 = EDGE_CURVE('',#8862,#8303,#9771,.T.);
#9771 = LINE('',#9772,#9773);
#9772 = CARTESIAN_POINT('',(56.3,183.7,38.));
#9773 = VECTOR('',#9774,1.);
#9774 = DIRECTION('',(0.,0.,1.));
#9775 = ORIENTED_EDGE('',*,*,#8869,.T.);
#9776 = ORIENTED_EDGE('',*,*,#9731,.T.);
#9777 = ORIENTED_EDGE('',*,*,#8310,.F.);
#9778 = PLANE('',#9779);
#9779 = AXIS2_PLACEMENT_3D('',#9780,#9781,#9782);
#9780 = CARTESIAN_POINT('',(47.7,183.7,38.));
#9781 = DIRECTION('',(0.,1.,0.));
#9782 = DIRECTION('',(0.,0.,1.));
#9783 = ADVANCED_FACE('',(#9784),#9795,.T.);
#9784 = FACE_BOUND('',#9785,.T.);
#9785 = EDGE_LOOP('',(#9786,#9787,#9788,#9794));
#9786 = ORIENTED_EDGE('',*,*,#9755,.F.);
#9787 = ORIENTED_EDGE('',*,*,#8797,.T.);
#9788 = ORIENTED_EDGE('',*,*,#9789,.T.);
#9789 = EDGE_CURVE('',#8798,#8239,#9790,.T.);
#9790 = LINE('',#9791,#9792);
#9791 = CARTESIAN_POINT('',(167.7,187.8,38.));
#9792 = VECTOR('',#9793,1.);
#9793 = DIRECTION('',(0.,0.,1.));
#9794 = ORIENTED_EDGE('',*,*,#8238,.F.);
#9795 = PLANE('',#9796);
#9796 = AXIS2_PLACEMENT_3D('',#9797,#9798,#9799);
#9797 = CARTESIAN_POINT('',(167.7,183.7,38.));
#9798 = DIRECTION('',(1.,0.,0.));
#9799 = DIRECTION('',(0.,0.,1.));
#9800 = ADVANCED_FACE('',(#9801),#9812,.T.);
#9801 = FACE_BOUND('',#9802,.T.);
#9802 = EDGE_LOOP('',(#9803,#9804,#9805,#9806));
#9803 = ORIENTED_EDGE('',*,*,#8246,.F.);
#9804 = ORIENTED_EDGE('',*,*,#9789,.F.);
#9805 = ORIENTED_EDGE('',*,*,#8805,.T.);
#9806 = ORIENTED_EDGE('',*,*,#9807,.T.);
#9807 = EDGE_CURVE('',#8806,#8247,#9808,.T.);
#9808 = LINE('',#9809,#9810);
#9809 = CARTESIAN_POINT('',(148.3,187.8,38.));
#9810 = VECTOR('',#9811,1.);
#9811 = DIRECTION('',(0.,0.,1.));
#9812 = PLANE('',#9813);
#9813 = AXIS2_PLACEMENT_3D('',#9814,#9815,#9816);
#9814 = CARTESIAN_POINT('',(139.7,187.8,38.));
#9815 = DIRECTION('',(0.,1.,0.));
#9816 = DIRECTION('',(0.,0.,1.));
#9817 = ADVANCED_FACE('',(#9818),#9829,.F.);
#9818 = FACE_BOUND('',#9819,.F.);
#9819 = EDGE_LOOP('',(#9820,#9826,#9827,#9828));
#9820 = ORIENTED_EDGE('',*,*,#9821,.F.);
#9821 = EDGE_CURVE('',#8814,#8255,#9822,.T.);
#9822 = LINE('',#9823,#9824);
#9823 = CARTESIAN_POINT('',(148.3,183.7,38.));
#9824 = VECTOR('',#9825,1.);
#9825 = DIRECTION('',(0.,0.,1.));
#9826 = ORIENTED_EDGE('',*,*,#8813,.T.);
#9827 = ORIENTED_EDGE('',*,*,#9807,.T.);
#9828 = ORIENTED_EDGE('',*,*,#8254,.F.);
#9829 = PLANE('',#9830);
#9830 = AXIS2_PLACEMENT_3D('',#9831,#9832,#9833);
#9831 = CARTESIAN_POINT('',(148.3,183.7,38.));
#9832 = DIRECTION('',(1.,0.,0.));
#9833 = DIRECTION('',(0.,0.,1.));
#9834 = ADVANCED_FACE('',(#9835),#9851,.T.);
#9835 = FACE_BOUND('',#9836,.T.);
#9836 = EDGE_LOOP('',(#9837,#9838,#9844,#9845));
#9837 = ORIENTED_EDGE('',*,*,#8853,.F.);
#9838 = ORIENTED_EDGE('',*,*,#9839,.F.);
#9839 = EDGE_CURVE('',#8295,#8854,#9840,.T.);
#9840 = LINE('',#9841,#9842);
#9841 = CARTESIAN_POINT('',(56.3,190.,38.5));
#9842 = VECTOR('',#9843,1.);
#9843 = DIRECTION('',(0.,0.,-1.));
#9844 = ORIENTED_EDGE('',*,*,#8294,.T.);
#9845 = ORIENTED_EDGE('',*,*,#9846,.T.);
#9846 = EDGE_CURVE('',#8287,#8846,#9847,.T.);
#9847 = LINE('',#9848,#9849);
#9848 = CARTESIAN_POINT('',(114.,190.,38.5));
#9849 = VECTOR('',#9850,1.);
#9850 = DIRECTION('',(0.,0.,-1.));
#9851 = PLANE('',#9852);
#9852 = AXIS2_PLACEMENT_3D('',#9853,#9854,#9855);
#9853 = CARTESIAN_POINT('',(0.,190.,39.));
#9854 = DIRECTION('',(0.,1.,0.));
#9855 = DIRECTION('',(0.,0.,1.));
#9856 = ADVANCED_FACE('',(#9857),#9868,.T.);
#9857 = FACE_BOUND('',#9858,.T.);
#9858 = EDGE_LOOP('',(#9859,#9860,#9861,#9867));
#9859 = ORIENTED_EDGE('',*,*,#9821,.F.);
#9860 = ORIENTED_EDGE('',*,*,#8821,.T.);
#9861 = ORIENTED_EDGE('',*,*,#9862,.T.);
#9862 = EDGE_CURVE('',#8822,#8263,#9863,.T.);
#9863 = LINE('',#9864,#9865);
#9864 = CARTESIAN_POINT('',(139.7,183.7,38.));
#9865 = VECTOR('',#9866,1.);
#9866 = DIRECTION('',(0.,0.,1.));
#9867 = ORIENTED_EDGE('',*,*,#8262,.F.);
#9868 = PLANE('',#9869);
#9869 = AXIS2_PLACEMENT_3D('',#9870,#9871,#9872);
#9870 = CARTESIAN_POINT('',(139.7,183.7,38.));
#9871 = DIRECTION('',(0.,1.,0.));
#9872 = DIRECTION('',(0.,0.,1.));
#9873 = ADVANCED_FACE('',(#9874),#9885,.T.);
#9874 = FACE_BOUND('',#9875,.T.);
#9875 = EDGE_LOOP('',(#9876,#9882,#9883,#9884));
#9876 = ORIENTED_EDGE('',*,*,#9877,.F.);
#9877 = EDGE_CURVE('',#8838,#8279,#9878,.T.);
#9878 = LINE('',#9879,#9880);
#9879 = CARTESIAN_POINT('',(114.,186.,38.));
#9880 = VECTOR('',#9881,1.);
#9881 = DIRECTION('',(0.,0.,1.));
#9882 = ORIENTED_EDGE('',*,*,#8845,.T.);
#9883 = ORIENTED_EDGE('',*,*,#9846,.F.);
#9884 = ORIENTED_EDGE('',*,*,#8286,.F.);
#9885 = PLANE('',#9886);
#9886 = AXIS2_PLACEMENT_3D('',#9887,#9888,#9889);
#9887 = CARTESIAN_POINT('',(114.,186.,38.));
#9888 = DIRECTION('',(1.,0.,0.));
#9889 = DIRECTION('',(0.,0.,1.));
#9890 = ADVANCED_FACE('',(#9891),#9902,.T.);
#9891 = FACE_BOUND('',#9892,.T.);
#9892 = EDGE_LOOP('',(#9893,#9894,#9895,#9901));
#9893 = ORIENTED_EDGE('',*,*,#9862,.F.);
#9894 = ORIENTED_EDGE('',*,*,#8829,.T.);
#9895 = ORIENTED_EDGE('',*,*,#9896,.T.);
#9896 = EDGE_CURVE('',#8830,#8271,#9897,.T.);
#9897 = LINE('',#9898,#9899);
#9898 = CARTESIAN_POINT('',(139.7,186.,38.));
#9899 = VECTOR('',#9900,1.);
#9900 = DIRECTION('',(0.,0.,1.));
#9901 = ORIENTED_EDGE('',*,*,#8270,.F.);
#9902 = PLANE('',#9903);
#9903 = AXIS2_PLACEMENT_3D('',#9904,#9905,#9906);
#9904 = CARTESIAN_POINT('',(139.7,183.7,38.));
#9905 = DIRECTION('',(1.,0.,0.));
#9906 = DIRECTION('',(0.,0.,1.));
#9907 = ADVANCED_FACE('',(#9908),#9914,.T.);
#9908 = FACE_BOUND('',#9909,.T.);
#9909 = EDGE_LOOP('',(#9910,#9911,#9912,#9913));
#9910 = ORIENTED_EDGE('',*,*,#8837,.T.);
#9911 = ORIENTED_EDGE('',*,*,#9877,.T.);
#9912 = ORIENTED_EDGE('',*,*,#8278,.F.);
#9913 = ORIENTED_EDGE('',*,*,#9896,.F.);
#9914 = PLANE('',#9915);
#9915 = AXIS2_PLACEMENT_3D('',#9916,#9917,#9918);
#9916 = CARTESIAN_POINT('',(114.,186.,38.));
#9917 = DIRECTION('',(0.,1.,0.));
#9918 = DIRECTION('',(0.,0.,1.));
#9919 = ADVANCED_FACE('',(#9920),#9936,.T.);
#9920 = FACE_BOUND('',#9921,.T.);
#9921 = EDGE_LOOP('',(#9922,#9928,#9929,#9935));
#9922 = ORIENTED_EDGE('',*,*,#9923,.F.);
#9923 = EDGE_CURVE('',#9040,#8359,#9924,.T.);
#9924 = LINE('',#9925,#9926);
#9925 = CARTESIAN_POINT('',(169.4,16.,38.));
#9926 = VECTOR('',#9927,1.);
#9927 = DIRECTION('',(0.,0.,1.));
#9928 = ORIENTED_EDGE('',*,*,#9039,.T.);
#9929 = ORIENTED_EDGE('',*,*,#9930,.T.);
#9930 = EDGE_CURVE('',#9042,#8361,#9931,.T.);
#9931 = LINE('',#9932,#9933);
#9932 = CARTESIAN_POINT('',(26.6,16.,38.));
#9933 = VECTOR('',#9934,1.);
#9934 = DIRECTION('',(0.,0.,1.));
#9935 = ORIENTED_EDGE('',*,*,#8358,.F.);
#9936 = PLANE('',#9937);
#9937 = AXIS2_PLACEMENT_3D('',#9938,#9939,#9940);
#9938 = CARTESIAN_POINT('',(26.6,16.,38.));
#9939 = DIRECTION('',(0.,1.,0.));
#9940 = DIRECTION('',(0.,0.,1.));
#9941 = ADVANCED_FACE('',(#9942),#9953,.F.);
#9942 = FACE_BOUND('',#9943,.F.);
#9943 = EDGE_LOOP('',(#9944,#9945,#9946,#9952));
#9944 = ORIENTED_EDGE('',*,*,#9923,.F.);
#9945 = ORIENTED_EDGE('',*,*,#9065,.T.);
#9946 = ORIENTED_EDGE('',*,*,#9947,.T.);
#9947 = EDGE_CURVE('',#9058,#8377,#9948,.T.);
#9948 = LINE('',#9949,#9950);
#9949 = CARTESIAN_POINT('',(169.4,109.5,38.));
#9950 = VECTOR('',#9951,1.);
#9951 = DIRECTION('',(0.,0.,1.));
#9952 = ORIENTED_EDGE('',*,*,#8384,.F.);
#9953 = PLANE('',#9954);
#9954 = AXIS2_PLACEMENT_3D('',#9955,#9956,#9957);
#9955 = CARTESIAN_POINT('',(169.4,16.,38.));
#9956 = DIRECTION('',(1.,0.,0.));
#9957 = DIRECTION('',(0.,0.,1.));
#9958 = ADVANCED_FACE('',(#9959),#9970,.T.);
#9959 = FACE_BOUND('',#9960,.T.);
#9960 = EDGE_LOOP('',(#9961,#9962,#9963,#9969));
#9961 = ORIENTED_EDGE('',*,*,#9930,.F.);
#9962 = ORIENTED_EDGE('',*,*,#9049,.T.);
#9963 = ORIENTED_EDGE('',*,*,#9964,.T.);
#9964 = EDGE_CURVE('',#9050,#8369,#9965,.T.);
#9965 = LINE('',#9966,#9967);
#9966 = CARTESIAN_POINT('',(26.6,109.5,38.));
#9967 = VECTOR('',#9968,1.);
#9968 = DIRECTION('',(0.,0.,1.));
#9969 = ORIENTED_EDGE('',*,*,#8368,.F.);
#9970 = PLANE('',#9971);
#9971 = AXIS2_PLACEMENT_3D('',#9972,#9973,#9974);
#9972 = CARTESIAN_POINT('',(26.6,16.,38.));
#9973 = DIRECTION('',(1.,0.,0.));
#9974 = DIRECTION('',(0.,0.,1.));
#9975 = ADVANCED_FACE('',(#9976),#9982,.F.);
#9976 = FACE_BOUND('',#9977,.F.);
#9977 = EDGE_LOOP('',(#9978,#9979,#9980,#9981));
#9978 = ORIENTED_EDGE('',*,*,#9947,.F.);
#9979 = ORIENTED_EDGE('',*,*,#9057,.T.);
#9980 = ORIENTED_EDGE('',*,*,#9964,.T.);
#9981 = ORIENTED_EDGE('',*,*,#8376,.F.);
#9982 = PLANE('',#9983);
#9983 = AXIS2_PLACEMENT_3D('',#9984,#9985,#9986);
#9984 = CARTESIAN_POINT('',(26.6,109.5,38.));
#9985 = DIRECTION('',(0.,1.,0.));
#9986 = DIRECTION('',(0.,0.,1.));
#9987 = ADVANCED_FACE('',(#9988),#10004,.T.);
#9988 = FACE_BOUND('',#9989,.T.);
#9989 = EDGE_LOOP('',(#9990,#9996,#9997,#10003));
#9990 = ORIENTED_EDGE('',*,*,#9991,.F.);
#9991 = EDGE_CURVE('',#9135,#8393,#9992,.T.);
#9992 = LINE('',#9993,#9994);
#9993 = CARTESIAN_POINT('',(35.,148.,38.));
#9994 = VECTOR('',#9995,1.);
#9995 = DIRECTION('',(0.,0.,1.));
#9996 = ORIENTED_EDGE('',*,*,#9134,.T.);
#9997 = ORIENTED_EDGE('',*,*,#9998,.T.);
#9998 = EDGE_CURVE('',#9137,#8395,#9999,.T.);
#9999 = LINE('',#10000,#10001);
#10000 = CARTESIAN_POINT('',(32.,148.,38.));
#10001 = VECTOR('',#10002,1.);
#10002 = DIRECTION('',(0.,0.,1.));
#10003 = ORIENTED_EDGE('',*,*,#8392,.F.);
#10004 = PLANE('',#10005);
#10005 = AXIS2_PLACEMENT_3D('',#10006,#10007,#10008);
#10006 = CARTESIAN_POINT('',(32.,148.,38.));
#10007 = DIRECTION('',(0.,1.,0.));
#10008 = DIRECTION('',(0.,0.,1.));
#10009 = ADVANCED_FACE('',(#10010),#10021,.F.);
#10010 = FACE_BOUND('',#10011,.F.);
#10011 = EDGE_LOOP('',(#10012,#10013,#10014,#10020));
#10012 = ORIENTED_EDGE('',*,*,#9991,.F.);
#10013 = ORIENTED_EDGE('',*,*,#9160,.T.);
#10014 = ORIENTED_EDGE('',*,*,#10015,.T.);
#10015 = EDGE_CURVE('',#9153,#8411,#10016,.T.);
#10016 = LINE('',#10017,#10018);
#10017 = CARTESIAN_POINT('',(35.,170.,38.));
#10018 = VECTOR('',#10019,1.);
#10019 = DIRECTION('',(0.,0.,1.));
#10020 = ORIENTED_EDGE('',*,*,#8418,.F.);
#10021 = PLANE('',#10022);
#10022 = AXIS2_PLACEMENT_3D('',#10023,#10024,#10025);
#10023 = CARTESIAN_POINT('',(35.,148.,38.));
#10024 = DIRECTION('',(1.,0.,0.));
#10025 = DIRECTION('',(0.,0.,1.));
#10026 = ADVANCED_FACE('',(#10027),#10038,.T.);
#10027 = FACE_BOUND('',#10028,.T.);
#10028 = EDGE_LOOP('',(#10029,#10030,#10031,#10037));
#10029 = ORIENTED_EDGE('',*,*,#9998,.F.);
#10030 = ORIENTED_EDGE('',*,*,#9144,.T.);
#10031 = ORIENTED_EDGE('',*,*,#10032,.T.);
#10032 = EDGE_CURVE('',#9145,#8403,#10033,.T.);
#10033 = LINE('',#10034,#10035);
#10034 = CARTESIAN_POINT('',(32.,170.,38.));
#10035 = VECTOR('',#10036,1.);
#10036 = DIRECTION('',(0.,0.,1.));
#10037 = ORIENTED_EDGE('',*,*,#8402,.F.);
#10038 = PLANE('',#10039);
#10039 = AXIS2_PLACEMENT_3D('',#10040,#10041,#10042);
#10040 = CARTESIAN_POINT('',(32.,148.,38.));
#10041 = DIRECTION('',(1.,0.,0.));
#10042 = DIRECTION('',(0.,0.,1.));
#10043 = ADVANCED_FACE('',(#10044),#10050,.F.);
#10044 = FACE_BOUND('',#10045,.F.);
#10045 = EDGE_LOOP('',(#10046,#10047,#10048,#10049));
#10046 = ORIENTED_EDGE('',*,*,#10015,.F.);
#10047 = ORIENTED_EDGE('',*,*,#9152,.T.);
#10048 = ORIENTED_EDGE('',*,*,#10032,.T.);
#10049 = ORIENTED_EDGE('',*,*,#8410,.F.);
#10050 = PLANE('',#10051);
#10051 = AXIS2_PLACEMENT_3D('',#10052,#10053,#10054);
#10052 = CARTESIAN_POINT('',(32.,170.,38.));
#10053 = DIRECTION('',(0.,1.,0.));
#10054 = DIRECTION('',(0.,0.,1.));
#10055 = ADVANCED_FACE('',(#10056),#10072,.T.);
#10056 = FACE_BOUND('',#10057,.T.);
#10057 = EDGE_LOOP('',(#10058,#10064,#10065,#10071));
#10058 = ORIENTED_EDGE('',*,*,#10059,.F.);
#10059 = EDGE_CURVE('',#9169,#8427,#10060,.T.);
#10060 = LINE('',#10061,#10062);
#10061 = CARTESIAN_POINT('',(42.,148.,38.));
#10062 = VECTOR('',#10063,1.);
#10063 = DIRECTION('',(0.,0.,1.));
#10064 = ORIENTED_EDGE('',*,*,#9168,.T.);
#10065 = ORIENTED_EDGE('',*,*,#10066,.T.);
#10066 = EDGE_CURVE('',#9171,#8429,#10067,.T.);
#10067 = LINE('',#10068,#10069);
#10068 = CARTESIAN_POINT('',(39.,148.,38.));
#10069 = VECTOR('',#10070,1.);
#10070 = DIRECTION('',(0.,0.,1.));
#10071 = ORIENTED_EDGE('',*,*,#8426,.F.);
#10072 = PLANE('',#10073);
#10073 = AXIS2_PLACEMENT_3D('',#10074,#10075,#10076);
#10074 = CARTESIAN_POINT('',(39.,148.,38.));
#10075 = DIRECTION('',(0.,1.,0.));
#10076 = DIRECTION('',(0.,0.,1.));
#10077 = ADVANCED_FACE('',(#10078),#10089,.F.);
#10078 = FACE_BOUND('',#10079,.F.);
#10079 = EDGE_LOOP('',(#10080,#10081,#10082,#10088));
#10080 = ORIENTED_EDGE('',*,*,#10059,.F.);
#10081 = ORIENTED_EDGE('',*,*,#9194,.T.);
#10082 = ORIENTED_EDGE('',*,*,#10083,.T.);
#10083 = EDGE_CURVE('',#9187,#8445,#10084,.T.);
#10084 = LINE('',#10085,#10086);
#10085 = CARTESIAN_POINT('',(42.,170.,38.));
#10086 = VECTOR('',#10087,1.);
#10087 = DIRECTION('',(0.,0.,1.));
#10088 = ORIENTED_EDGE('',*,*,#8452,.F.);
#10089 = PLANE('',#10090);
#10090 = AXIS2_PLACEMENT_3D('',#10091,#10092,#10093);
#10091 = CARTESIAN_POINT('',(42.,148.,38.));
#10092 = DIRECTION('',(1.,0.,0.));
#10093 = DIRECTION('',(0.,0.,1.));
#10094 = ADVANCED_FACE('',(#10095),#10106,.T.);
#10095 = FACE_BOUND('',#10096,.T.);
#10096 = EDGE_LOOP('',(#10097,#10098,#10099,#10105));
#10097 = ORIENTED_EDGE('',*,*,#10066,.F.);
#10098 = ORIENTED_EDGE('',*,*,#9178,.T.);
#10099 = ORIENTED_EDGE('',*,*,#10100,.T.);
#10100 = EDGE_CURVE('',#9179,#8437,#10101,.T.);
#10101 = LINE('',#10102,#10103);
#10102 = CARTESIAN_POINT('',(39.,170.,38.));
#10103 = VECTOR('',#10104,1.);
#10104 = DIRECTION('',(0.,0.,1.));
#10105 = ORIENTED_EDGE('',*,*,#8436,.F.);
#10106 = PLANE('',#10107);
#10107 = AXIS2_PLACEMENT_3D('',#10108,#10109,#10110);
#10108 = CARTESIAN_POINT('',(39.,148.,38.));
#10109 = DIRECTION('',(1.,0.,0.));
#10110 = DIRECTION('',(0.,0.,1.));
#10111 = ADVANCED_FACE('',(#10112),#10118,.F.);
#10112 = FACE_BOUND('',#10113,.F.);
#10113 = EDGE_LOOP('',(#10114,#10115,#10116,#10117));
#10114 = ORIENTED_EDGE('',*,*,#10083,.F.);
#10115 = ORIENTED_EDGE('',*,*,#9186,.T.);
#10116 = ORIENTED_EDGE('',*,*,#10100,.T.);
#10117 = ORIENTED_EDGE('',*,*,#8444,.F.);
#10118 = PLANE('',#10119);
#10119 = AXIS2_PLACEMENT_3D('',#10120,#10121,#10122);
#10120 = CARTESIAN_POINT('',(39.,170.,38.));
#10121 = DIRECTION('',(0.,1.,0.));
#10122 = DIRECTION('',(0.,0.,1.));
#10123 = ADVANCED_FACE('',(#10124),#10140,.T.);
#10124 = FACE_BOUND('',#10125,.T.);
#10125 = EDGE_LOOP('',(#10126,#10132,#10133,#10139));
#10126 = ORIENTED_EDGE('',*,*,#10127,.F.);
#10127 = EDGE_CURVE('',#9203,#8461,#10128,.T.);
#10128 = LINE('',#10129,#10130);
#10129 = CARTESIAN_POINT('',(49.,148.,38.));
#10130 = VECTOR('',#10131,1.);
#10131 = DIRECTION('',(0.,0.,1.));
#10132 = ORIENTED_EDGE('',*,*,#9202,.T.);
#10133 = ORIENTED_EDGE('',*,*,#10134,.T.);
#10134 = EDGE_CURVE('',#9205,#8463,#10135,.T.);
#10135 = LINE('',#10136,#10137);
#10136 = CARTESIAN_POINT('',(46.,148.,38.));
#10137 = VECTOR('',#10138,1.);
#10138 = DIRECTION('',(0.,0.,1.));
#10139 = ORIENTED_EDGE('',*,*,#8460,.F.);
#10140 = PLANE('',#10141);
#10141 = AXIS2_PLACEMENT_3D('',#10142,#10143,#10144);
#10142 = CARTESIAN_POINT('',(46.,148.,38.));
#10143 = DIRECTION('',(0.,1.,0.));
#10144 = DIRECTION('',(0.,0.,1.));
#10145 = ADVANCED_FACE('',(#10146),#10157,.F.);
#10146 = FACE_BOUND('',#10147,.F.);
#10147 = EDGE_LOOP('',(#10148,#10149,#10150,#10156));
#10148 = ORIENTED_EDGE('',*,*,#10127,.F.);
#10149 = ORIENTED_EDGE('',*,*,#9228,.T.);
#10150 = ORIENTED_EDGE('',*,*,#10151,.T.);
#10151 = EDGE_CURVE('',#9221,#8479,#10152,.T.);
#10152 = LINE('',#10153,#10154);
#10153 = CARTESIAN_POINT('',(49.,170.,38.));
#10154 = VECTOR('',#10155,1.);
#10155 = DIRECTION('',(0.,0.,1.));
#10156 = ORIENTED_EDGE('',*,*,#8486,.F.);
#10157 = PLANE('',#10158);
#10158 = AXIS2_PLACEMENT_3D('',#10159,#10160,#10161);
#10159 = CARTESIAN_POINT('',(49.,148.,38.));
#10160 = DIRECTION('',(1.,0.,0.));
#10161 = DIRECTION('',(0.,0.,1.));
#10162 = ADVANCED_FACE('',(#10163),#10174,.T.);
#10163 = FACE_BOUND('',#10164,.T.);
#10164 = EDGE_LOOP('',(#10165,#10166,#10167,#10173));
#10165 = ORIENTED_EDGE('',*,*,#10134,.F.);
#10166 = ORIENTED_EDGE('',*,*,#9212,.T.);
#10167 = ORIENTED_EDGE('',*,*,#10168,.T.);
#10168 = EDGE_CURVE('',#9213,#8471,#10169,.T.);
#10169 = LINE('',#10170,#10171);
#10170 = CARTESIAN_POINT('',(46.,170.,38.));
#10171 = VECTOR('',#10172,1.);
#10172 = DIRECTION('',(0.,0.,1.));
#10173 = ORIENTED_EDGE('',*,*,#8470,.F.);
#10174 = PLANE('',#10175);
#10175 = AXIS2_PLACEMENT_3D('',#10176,#10177,#10178);
#10176 = CARTESIAN_POINT('',(46.,148.,38.));
#10177 = DIRECTION('',(1.,0.,0.));
#10178 = DIRECTION('',(0.,0.,1.));
#10179 = ADVANCED_FACE('',(#10180),#10186,.F.);
#10180 = FACE_BOUND('',#10181,.F.);
#10181 = EDGE_LOOP('',(#10182,#10183,#10184,#10185));
#10182 = ORIENTED_EDGE('',*,*,#10151,.F.);
#10183 = ORIENTED_EDGE('',*,*,#9220,.T.);
#10184 = ORIENTED_EDGE('',*,*,#10168,.T.);
#10185 = ORIENTED_EDGE('',*,*,#8478,.F.);
#10186 = PLANE('',#10187);
#10187 = AXIS2_PLACEMENT_3D('',#10188,#10189,#10190);
#10188 = CARTESIAN_POINT('',(46.,170.,38.));
#10189 = DIRECTION('',(0.,1.,0.));
#10190 = DIRECTION('',(0.,0.,1.));
#10191 = ADVANCED_FACE('',(#10192),#10208,.T.);
#10192 = FACE_BOUND('',#10193,.T.);
#10193 = EDGE_LOOP('',(#10194,#10200,#10201,#10207));
#10194 = ORIENTED_EDGE('',*,*,#10195,.F.);
#10195 = EDGE_CURVE('',#9287,#8495,#10196,.T.);
#10196 = LINE('',#10197,#10198);
#10197 = CARTESIAN_POINT('',(56.,148.,38.));
#10198 = VECTOR('',#10199,1.);
#10199 = DIRECTION('',(0.,0.,1.));
#10200 = ORIENTED_EDGE('',*,*,#9286,.T.);
#10201 = ORIENTED_EDGE('',*,*,#10202,.T.);
#10202 = EDGE_CURVE('',#9289,#8497,#10203,.T.);
#10203 = LINE('',#10204,#10205);
#10204 = CARTESIAN_POINT('',(53.,148.,38.));
#10205 = VECTOR('',#10206,1.);
#10206 = DIRECTION('',(0.,0.,1.));
#10207 = ORIENTED_EDGE('',*,*,#8494,.F.);
#10208 = PLANE('',#10209);
#10209 = AXIS2_PLACEMENT_3D('',#10210,#10211,#10212);
#10210 = CARTESIAN_POINT('',(53.,148.,38.));
#10211 = DIRECTION('',(0.,1.,0.));
#10212 = DIRECTION('',(0.,0.,1.));
#10213 = ADVANCED_FACE('',(#10214),#10225,.F.);
#10214 = FACE_BOUND('',#10215,.F.);
#10215 = EDGE_LOOP('',(#10216,#10217,#10218,#10224));
#10216 = ORIENTED_EDGE('',*,*,#10195,.F.);
#10217 = ORIENTED_EDGE('',*,*,#9312,.T.);
#10218 = ORIENTED_EDGE('',*,*,#10219,.T.);
#10219 = EDGE_CURVE('',#9305,#8513,#10220,.T.);
#10220 = LINE('',#10221,#10222);
#10221 = CARTESIAN_POINT('',(56.,170.,38.));
#10222 = VECTOR('',#10223,1.);
#10223 = DIRECTION('',(0.,0.,1.));
#10224 = ORIENTED_EDGE('',*,*,#8520,.F.);
#10225 = PLANE('',#10226);
#10226 = AXIS2_PLACEMENT_3D('',#10227,#10228,#10229);
#10227 = CARTESIAN_POINT('',(56.,148.,38.));
#10228 = DIRECTION('',(1.,0.,0.));
#10229 = DIRECTION('',(0.,0.,1.));
#10230 = ADVANCED_FACE('',(#10231),#10242,.T.);
#10231 = FACE_BOUND('',#10232,.T.);
#10232 = EDGE_LOOP('',(#10233,#10234,#10235,#10241));
#10233 = ORIENTED_EDGE('',*,*,#10202,.F.);
#10234 = ORIENTED_EDGE('',*,*,#9296,.T.);
#10235 = ORIENTED_EDGE('',*,*,#10236,.T.);
#10236 = EDGE_CURVE('',#9297,#8505,#10237,.T.);
#10237 = LINE('',#10238,#10239);
#10238 = CARTESIAN_POINT('',(53.,170.,38.));
#10239 = VECTOR('',#10240,1.);
#10240 = DIRECTION('',(0.,0.,1.));
#10241 = ORIENTED_EDGE('',*,*,#8504,.F.);
#10242 = PLANE('',#10243);
#10243 = AXIS2_PLACEMENT_3D('',#10244,#10245,#10246);
#10244 = CARTESIAN_POINT('',(53.,148.,38.));
#10245 = DIRECTION('',(1.,0.,0.));
#10246 = DIRECTION('',(0.,0.,1.));
#10247 = ADVANCED_FACE('',(#10248),#10254,.F.);
#10248 = FACE_BOUND('',#10249,.F.);
#10249 = EDGE_LOOP('',(#10250,#10251,#10252,#10253));
#10250 = ORIENTED_EDGE('',*,*,#10219,.F.);
#10251 = ORIENTED_EDGE('',*,*,#9304,.T.);
#10252 = ORIENTED_EDGE('',*,*,#10236,.T.);
#10253 = ORIENTED_EDGE('',*,*,#8512,.F.);
#10254 = PLANE('',#10255);
#10255 = AXIS2_PLACEMENT_3D('',#10256,#10257,#10258);
#10256 = CARTESIAN_POINT('',(53.,170.,38.));
#10257 = DIRECTION('',(0.,1.,0.));
#10258 = DIRECTION('',(0.,0.,1.));
#10259 = ADVANCED_FACE('',(#10260),#10276,.T.);
#10260 = FACE_BOUND('',#10261,.T.);
#10261 = EDGE_LOOP('',(#10262,#10268,#10269,#10275));
#10262 = ORIENTED_EDGE('',*,*,#10263,.F.);
#10263 = EDGE_CURVE('',#9321,#8529,#10264,.T.);
#10264 = LINE('',#10265,#10266);
#10265 = CARTESIAN_POINT('',(63.,148.,38.));
#10266 = VECTOR('',#10267,1.);
#10267 = DIRECTION('',(0.,0.,1.));
#10268 = ORIENTED_EDGE('',*,*,#9320,.T.);
#10269 = ORIENTED_EDGE('',*,*,#10270,.T.);
#10270 = EDGE_CURVE('',#9323,#8531,#10271,.T.);
#10271 = LINE('',#10272,#10273);
#10272 = CARTESIAN_POINT('',(60.,148.,38.));
#10273 = VECTOR('',#10274,1.);
#10274 = DIRECTION('',(0.,0.,1.));
#10275 = ORIENTED_EDGE('',*,*,#8528,.F.);
#10276 = PLANE('',#10277);
#10277 = AXIS2_PLACEMENT_3D('',#10278,#10279,#10280);
#10278 = CARTESIAN_POINT('',(60.,148.,38.));
#10279 = DIRECTION('',(0.,1.,0.));
#10280 = DIRECTION('',(0.,0.,1.));
#10281 = ADVANCED_FACE('',(#10282),#10293,.F.);
#10282 = FACE_BOUND('',#10283,.F.);
#10283 = EDGE_LOOP('',(#10284,#10285,#10286,#10292));
#10284 = ORIENTED_EDGE('',*,*,#10263,.F.);
#10285 = ORIENTED_EDGE('',*,*,#9346,.T.);
#10286 = ORIENTED_EDGE('',*,*,#10287,.T.);
#10287 = EDGE_CURVE('',#9339,#8547,#10288,.T.);
#10288 = LINE('',#10289,#10290);
#10289 = CARTESIAN_POINT('',(63.,170.,38.));
#10290 = VECTOR('',#10291,1.);
#10291 = DIRECTION('',(0.,0.,1.));
#10292 = ORIENTED_EDGE('',*,*,#8554,.F.);
#10293 = PLANE('',#10294);
#10294 = AXIS2_PLACEMENT_3D('',#10295,#10296,#10297);
#10295 = CARTESIAN_POINT('',(63.,148.,38.));
#10296 = DIRECTION('',(1.,0.,0.));
#10297 = DIRECTION('',(0.,0.,1.));
#10298 = ADVANCED_FACE('',(#10299),#10310,.T.);
#10299 = FACE_BOUND('',#10300,.T.);
#10300 = EDGE_LOOP('',(#10301,#10302,#10303,#10309));
#10301 = ORIENTED_EDGE('',*,*,#10270,.F.);
#10302 = ORIENTED_EDGE('',*,*,#9330,.T.);
#10303 = ORIENTED_EDGE('',*,*,#10304,.T.);
#10304 = EDGE_CURVE('',#9331,#8539,#10305,.T.);
#10305 = LINE('',#10306,#10307);
#10306 = CARTESIAN_POINT('',(60.,170.,38.));
#10307 = VECTOR('',#10308,1.);
#10308 = DIRECTION('',(0.,0.,1.));
#10309 = ORIENTED_EDGE('',*,*,#8538,.F.);
#10310 = PLANE('',#10311);
#10311 = AXIS2_PLACEMENT_3D('',#10312,#10313,#10314);
#10312 = CARTESIAN_POINT('',(60.,148.,38.));
#10313 = DIRECTION('',(1.,0.,0.));
#10314 = DIRECTION('',(0.,0.,1.));
#10315 = ADVANCED_FACE('',(#10316),#10322,.F.);
#10316 = FACE_BOUND('',#10317,.F.);
#10317 = EDGE_LOOP('',(#10318,#10319,#10320,#10321));
#10318 = ORIENTED_EDGE('',*,*,#10287,.F.);
#10319 = ORIENTED_EDGE('',*,*,#9338,.T.);
#10320 = ORIENTED_EDGE('',*,*,#10304,.T.);
#10321 = ORIENTED_EDGE('',*,*,#8546,.F.);
#10322 = PLANE('',#10323);
#10323 = AXIS2_PLACEMENT_3D('',#10324,#10325,#10326);
#10324 = CARTESIAN_POINT('',(60.,170.,38.));
#10325 = DIRECTION('',(0.,1.,0.));
#10326 = DIRECTION('',(0.,0.,1.));
#10327 = ADVANCED_FACE('',(#10328),#10344,.T.);
#10328 = FACE_BOUND('',#10329,.T.);
#10329 = EDGE_LOOP('',(#10330,#10336,#10337,#10343));
#10330 = ORIENTED_EDGE('',*,*,#10331,.F.);
#10331 = EDGE_CURVE('',#9355,#8563,#10332,.T.);
#10332 = LINE('',#10333,#10334);
#10333 = CARTESIAN_POINT('',(70.,148.,38.));
#10334 = VECTOR('',#10335,1.);
#10335 = DIRECTION('',(0.,0.,1.));
#10336 = ORIENTED_EDGE('',*,*,#9354,.T.);
#10337 = ORIENTED_EDGE('',*,*,#10338,.T.);
#10338 = EDGE_CURVE('',#9357,#8565,#10339,.T.);
#10339 = LINE('',#10340,#10341);
#10340 = CARTESIAN_POINT('',(67.,148.,38.));
#10341 = VECTOR('',#10342,1.);
#10342 = DIRECTION('',(0.,0.,1.));
#10343 = ORIENTED_EDGE('',*,*,#8562,.F.);
#10344 = PLANE('',#10345);
#10345 = AXIS2_PLACEMENT_3D('',#10346,#10347,#10348);
#10346 = CARTESIAN_POINT('',(67.,148.,38.));
#10347 = DIRECTION('',(0.,1.,0.));
#10348 = DIRECTION('',(0.,0.,1.));
#10349 = ADVANCED_FACE('',(#10350),#10361,.F.);
#10350 = FACE_BOUND('',#10351,.F.);
#10351 = EDGE_LOOP('',(#10352,#10353,#10354,#10360));
#10352 = ORIENTED_EDGE('',*,*,#10331,.F.);
#10353 = ORIENTED_EDGE('',*,*,#9380,.T.);
#10354 = ORIENTED_EDGE('',*,*,#10355,.T.);
#10355 = EDGE_CURVE('',#9373,#8581,#10356,.T.);
#10356 = LINE('',#10357,#10358);
#10357 = CARTESIAN_POINT('',(70.,170.,38.));
#10358 = VECTOR('',#10359,1.);
#10359 = DIRECTION('',(0.,0.,1.));
#10360 = ORIENTED_EDGE('',*,*,#8588,.F.);
#10361 = PLANE('',#10362);
#10362 = AXIS2_PLACEMENT_3D('',#10363,#10364,#10365);
#10363 = CARTESIAN_POINT('',(70.,148.,38.));
#10364 = DIRECTION('',(1.,0.,0.));
#10365 = DIRECTION('',(0.,0.,1.));
#10366 = ADVANCED_FACE('',(#10367),#10378,.T.);
#10367 = FACE_BOUND('',#10368,.T.);
#10368 = EDGE_LOOP('',(#10369,#10370,#10371,#10377));
#10369 = ORIENTED_EDGE('',*,*,#10338,.F.);
#10370 = ORIENTED_EDGE('',*,*,#9364,.T.);
#10371 = ORIENTED_EDGE('',*,*,#10372,.T.);
#10372 = EDGE_CURVE('',#9365,#8573,#10373,.T.);
#10373 = LINE('',#10374,#10375);
#10374 = CARTESIAN_POINT('',(67.,170.,38.));
#10375 = VECTOR('',#10376,1.);
#10376 = DIRECTION('',(0.,0.,1.));
#10377 = ORIENTED_EDGE('',*,*,#8572,.F.);
#10378 = PLANE('',#10379);
#10379 = AXIS2_PLACEMENT_3D('',#10380,#10381,#10382);
#10380 = CARTESIAN_POINT('',(67.,148.,38.));
#10381 = DIRECTION('',(1.,0.,0.));
#10382 = DIRECTION('',(0.,0.,1.));
#10383 = ADVANCED_FACE('',(#10384),#10390,.F.);
#10384 = FACE_BOUND('',#10385,.F.);
#10385 = EDGE_LOOP('',(#10386,#10387,#10388,#10389));
#10386 = ORIENTED_EDGE('',*,*,#10355,.F.);
#10387 = ORIENTED_EDGE('',*,*,#9372,.T.);
#10388 = ORIENTED_EDGE('',*,*,#10372,.T.);
#10389 = ORIENTED_EDGE('',*,*,#8580,.F.);
#10390 = PLANE('',#10391);
#10391 = AXIS2_PLACEMENT_3D('',#10392,#10393,#10394);
#10392 = CARTESIAN_POINT('',(67.,170.,38.));
#10393 = DIRECTION('',(0.,1.,0.));
#10394 = DIRECTION('',(0.,0.,1.));
#10395 = ADVANCED_FACE('',(#10396),#10412,.T.);
#10396 = FACE_BOUND('',#10397,.T.);
#10397 = EDGE_LOOP('',(#10398,#10404,#10405,#10411));
#10398 = ORIENTED_EDGE('',*,*,#10399,.F.);
#10399 = EDGE_CURVE('',#9389,#8597,#10400,.T.);
#10400 = LINE('',#10401,#10402);
#10401 = CARTESIAN_POINT('',(77.,148.,38.));
#10402 = VECTOR('',#10403,1.);
#10403 = DIRECTION('',(0.,0.,1.));
#10404 = ORIENTED_EDGE('',*,*,#9388,.T.);
#10405 = ORIENTED_EDGE('',*,*,#10406,.T.);
#10406 = EDGE_CURVE('',#9391,#8599,#10407,.T.);
#10407 = LINE('',#10408,#10409);
#10408 = CARTESIAN_POINT('',(74.,148.,38.));
#10409 = VECTOR('',#10410,1.);
#10410 = DIRECTION('',(0.,0.,1.));
#10411 = ORIENTED_EDGE('',*,*,#8596,.F.);
#10412 = PLANE('',#10413);
#10413 = AXIS2_PLACEMENT_3D('',#10414,#10415,#10416);
#10414 = CARTESIAN_POINT('',(74.,148.,38.));
#10415 = DIRECTION('',(0.,1.,0.));
#10416 = DIRECTION('',(0.,0.,1.));
#10417 = ADVANCED_FACE('',(#10418),#10429,.F.);
#10418 = FACE_BOUND('',#10419,.F.);
#10419 = EDGE_LOOP('',(#10420,#10421,#10422,#10428));
#10420 = ORIENTED_EDGE('',*,*,#10399,.F.);
#10421 = ORIENTED_EDGE('',*,*,#9414,.T.);
#10422 = ORIENTED_EDGE('',*,*,#10423,.T.);
#10423 = EDGE_CURVE('',#9407,#8615,#10424,.T.);
#10424 = LINE('',#10425,#10426);
#10425 = CARTESIAN_POINT('',(77.,170.,38.));
#10426 = VECTOR('',#10427,1.);
#10427 = DIRECTION('',(0.,0.,1.));
#10428 = ORIENTED_EDGE('',*,*,#8622,.F.);
#10429 = PLANE('',#10430);
#10430 = AXIS2_PLACEMENT_3D('',#10431,#10432,#10433);
#10431 = CARTESIAN_POINT('',(77.,148.,38.));
#10432 = DIRECTION('',(1.,0.,0.));
#10433 = DIRECTION('',(0.,0.,1.));
#10434 = ADVANCED_FACE('',(#10435),#10446,.T.);
#10435 = FACE_BOUND('',#10436,.T.);
#10436 = EDGE_LOOP('',(#10437,#10438,#10439,#10445));
#10437 = ORIENTED_EDGE('',*,*,#10406,.F.);
#10438 = ORIENTED_EDGE('',*,*,#9398,.T.);
#10439 = ORIENTED_EDGE('',*,*,#10440,.T.);
#10440 = EDGE_CURVE('',#9399,#8607,#10441,.T.);
#10441 = LINE('',#10442,#10443);
#10442 = CARTESIAN_POINT('',(74.,170.,38.));
#10443 = VECTOR('',#10444,1.);
#10444 = DIRECTION('',(0.,0.,1.));
#10445 = ORIENTED_EDGE('',*,*,#8606,.F.);
#10446 = PLANE('',#10447);
#10447 = AXIS2_PLACEMENT_3D('',#10448,#10449,#10450);
#10448 = CARTESIAN_POINT('',(74.,148.,38.));
#10449 = DIRECTION('',(1.,0.,0.));
#10450 = DIRECTION('',(0.,0.,1.));
#10451 = ADVANCED_FACE('',(#10452),#10458,.F.);
#10452 = FACE_BOUND('',#10453,.F.);
#10453 = EDGE_LOOP('',(#10454,#10455,#10456,#10457));
#10454 = ORIENTED_EDGE('',*,*,#10423,.F.);
#10455 = ORIENTED_EDGE('',*,*,#9406,.T.);
#10456 = ORIENTED_EDGE('',*,*,#10440,.T.);
#10457 = ORIENTED_EDGE('',*,*,#8614,.F.);
#10458 = PLANE('',#10459);
#10459 = AXIS2_PLACEMENT_3D('',#10460,#10461,#10462);
#10460 = CARTESIAN_POINT('',(74.,170.,38.));
#10461 = DIRECTION('',(0.,1.,0.));
#10462 = DIRECTION('',(0.,0.,1.));
#10463 = ADVANCED_FACE('',(#10464),#10480,.T.);
#10464 = FACE_BOUND('',#10465,.T.);
#10465 = EDGE_LOOP('',(#10466,#10472,#10473,#10479));
#10466 = ORIENTED_EDGE('',*,*,#10467,.F.);
#10467 = EDGE_CURVE('',#9423,#8631,#10468,.T.);
#10468 = LINE('',#10469,#10470);
#10469 = CARTESIAN_POINT('',(84.,148.,38.));
#10470 = VECTOR('',#10471,1.);
#10471 = DIRECTION('',(0.,0.,1.));
#10472 = ORIENTED_EDGE('',*,*,#9422,.T.);
#10473 = ORIENTED_EDGE('',*,*,#10474,.T.);
#10474 = EDGE_CURVE('',#9425,#8633,#10475,.T.);
#10475 = LINE('',#10476,#10477);
#10476 = CARTESIAN_POINT('',(81.,148.,38.));
#10477 = VECTOR('',#10478,1.);
#10478 = DIRECTION('',(0.,0.,1.));
#10479 = ORIENTED_EDGE('',*,*,#8630,.F.);
#10480 = PLANE('',#10481);
#10481 = AXIS2_PLACEMENT_3D('',#10482,#10483,#10484);
#10482 = CARTESIAN_POINT('',(81.,148.,38.));
#10483 = DIRECTION('',(0.,1.,0.));
#10484 = DIRECTION('',(0.,0.,1.));
#10485 = ADVANCED_FACE('',(#10486),#10497,.F.);
#10486 = FACE_BOUND('',#10487,.F.);
#10487 = EDGE_LOOP('',(#10488,#10489,#10490,#10496));
#10488 = ORIENTED_EDGE('',*,*,#10467,.F.);
#10489 = ORIENTED_EDGE('',*,*,#9448,.T.);
#10490 = ORIENTED_EDGE('',*,*,#10491,.T.);
#10491 = EDGE_CURVE('',#9441,#8649,#10492,.T.);
#10492 = LINE('',#10493,#10494);
#10493 = CARTESIAN_POINT('',(84.,170.,38.));
#10494 = VECTOR('',#10495,1.);
#10495 = DIRECTION('',(0.,0.,1.));
#10496 = ORIENTED_EDGE('',*,*,#8656,.F.);
#10497 = PLANE('',#10498);
#10498 = AXIS2_PLACEMENT_3D('',#10499,#10500,#10501);
#10499 = CARTESIAN_POINT('',(84.,148.,38.));
#10500 = DIRECTION('',(1.,0.,0.));
#10501 = DIRECTION('',(0.,0.,1.));
#10502 = ADVANCED_FACE('',(#10503),#10514,.T.);
#10503 = FACE_BOUND('',#10504,.T.);
#10504 = EDGE_LOOP('',(#10505,#10506,#10507,#10513));
#10505 = ORIENTED_EDGE('',*,*,#10474,.F.);
#10506 = ORIENTED_EDGE('',*,*,#9432,.T.);
#10507 = ORIENTED_EDGE('',*,*,#10508,.T.);
#10508 = EDGE_CURVE('',#9433,#8641,#10509,.T.);
#10509 = LINE('',#10510,#10511);
#10510 = CARTESIAN_POINT('',(81.,170.,38.));
#10511 = VECTOR('',#10512,1.);
#10512 = DIRECTION('',(0.,0.,1.));
#10513 = ORIENTED_EDGE('',*,*,#8640,.F.);
#10514 = PLANE('',#10515);
#10515 = AXIS2_PLACEMENT_3D('',#10516,#10517,#10518);
#10516 = CARTESIAN_POINT('',(81.,148.,38.));
#10517 = DIRECTION('',(1.,0.,0.));
#10518 = DIRECTION('',(0.,0.,1.));
#10519 = ADVANCED_FACE('',(#10520),#10526,.F.);
#10520 = FACE_BOUND('',#10521,.F.);
#10521 = EDGE_LOOP('',(#10522,#10523,#10524,#10525));
#10522 = ORIENTED_EDGE('',*,*,#10491,.F.);
#10523 = ORIENTED_EDGE('',*,*,#9440,.T.);
#10524 = ORIENTED_EDGE('',*,*,#10508,.T.);
#10525 = ORIENTED_EDGE('',*,*,#8648,.F.);
#10526 = PLANE('',#10527);
#10527 = AXIS2_PLACEMENT_3D('',#10528,#10529,#10530);
#10528 = CARTESIAN_POINT('',(81.,170.,38.));
#10529 = DIRECTION('',(0.,1.,0.));
#10530 = DIRECTION('',(0.,0.,1.));
#10531 = ADVANCED_FACE('',(#10532),#10548,.T.);
#10532 = FACE_BOUND('',#10533,.T.);
#10533 = EDGE_LOOP('',(#10534,#10540,#10541,#10547));
#10534 = ORIENTED_EDGE('',*,*,#10535,.F.);
#10535 = EDGE_CURVE('',#9457,#8665,#10536,.T.);
#10536 = LINE('',#10537,#10538);
#10537 = CARTESIAN_POINT('',(91.,148.,38.));
#10538 = VECTOR('',#10539,1.);
#10539 = DIRECTION('',(0.,0.,1.));
#10540 = ORIENTED_EDGE('',*,*,#9456,.T.);
#10541 = ORIENTED_EDGE('',*,*,#10542,.T.);
#10542 = EDGE_CURVE('',#9459,#8667,#10543,.T.);
#10543 = LINE('',#10544,#10545);
#10544 = CARTESIAN_POINT('',(88.,148.,38.));
#10545 = VECTOR('',#10546,1.);
#10546 = DIRECTION('',(0.,0.,1.));
#10547 = ORIENTED_EDGE('',*,*,#8664,.F.);
#10548 = PLANE('',#10549);
#10549 = AXIS2_PLACEMENT_3D('',#10550,#10551,#10552);
#10550 = CARTESIAN_POINT('',(88.,148.,38.));
#10551 = DIRECTION('',(0.,1.,0.));
#10552 = DIRECTION('',(0.,0.,1.));
#10553 = ADVANCED_FACE('',(#10554),#10565,.F.);
#10554 = FACE_BOUND('',#10555,.F.);
#10555 = EDGE_LOOP('',(#10556,#10557,#10558,#10564));
#10556 = ORIENTED_EDGE('',*,*,#10535,.F.);
#10557 = ORIENTED_EDGE('',*,*,#9482,.T.);
#10558 = ORIENTED_EDGE('',*,*,#10559,.T.);
#10559 = EDGE_CURVE('',#9475,#8683,#10560,.T.);
#10560 = LINE('',#10561,#10562);
#10561 = CARTESIAN_POINT('',(91.,170.,38.));
#10562 = VECTOR('',#10563,1.);
#10563 = DIRECTION('',(0.,0.,1.));
#10564 = ORIENTED_EDGE('',*,*,#8690,.F.);
#10565 = PLANE('',#10566);
#10566 = AXIS2_PLACEMENT_3D('',#10567,#10568,#10569);
#10567 = CARTESIAN_POINT('',(91.,148.,38.));
#10568 = DIRECTION('',(1.,0.,0.));
#10569 = DIRECTION('',(0.,0.,1.));
#10570 = ADVANCED_FACE('',(#10571),#10582,.T.);
#10571 = FACE_BOUND('',#10572,.T.);
#10572 = EDGE_LOOP('',(#10573,#10574,#10575,#10581));
#10573 = ORIENTED_EDGE('',*,*,#10542,.F.);
#10574 = ORIENTED_EDGE('',*,*,#9466,.T.);
#10575 = ORIENTED_EDGE('',*,*,#10576,.T.);
#10576 = EDGE_CURVE('',#9467,#8675,#10577,.T.);
#10577 = LINE('',#10578,#10579);
#10578 = CARTESIAN_POINT('',(88.,170.,38.));
#10579 = VECTOR('',#10580,1.);
#10580 = DIRECTION('',(0.,0.,1.));
#10581 = ORIENTED_EDGE('',*,*,#8674,.F.);
#10582 = PLANE('',#10583);
#10583 = AXIS2_PLACEMENT_3D('',#10584,#10585,#10586);
#10584 = CARTESIAN_POINT('',(88.,148.,38.));
#10585 = DIRECTION('',(1.,0.,0.));
#10586 = DIRECTION('',(0.,0.,1.));
#10587 = ADVANCED_FACE('',(#10588),#10594,.F.);
#10588 = FACE_BOUND('',#10589,.F.);
#10589 = EDGE_LOOP('',(#10590,#10591,#10592,#10593));
#10590 = ORIENTED_EDGE('',*,*,#10559,.F.);
#10591 = ORIENTED_EDGE('',*,*,#9474,.T.);
#10592 = ORIENTED_EDGE('',*,*,#10576,.T.);
#10593 = ORIENTED_EDGE('',*,*,#8682,.F.);
#10594 = PLANE('',#10595);
#10595 = AXIS2_PLACEMENT_3D('',#10596,#10597,#10598);
#10596 = CARTESIAN_POINT('',(88.,170.,38.));
#10597 = DIRECTION('',(0.,1.,0.));
#10598 = DIRECTION('',(0.,0.,1.));
#10599 = ADVANCED_FACE('',(#10600),#10616,.T.);
#10600 = FACE_BOUND('',#10601,.T.);
#10601 = EDGE_LOOP('',(#10602,#10608,#10609,#10615));
#10602 = ORIENTED_EDGE('',*,*,#10603,.F.);
#10603 = EDGE_CURVE('',#9491,#8699,#10604,.T.);
#10604 = LINE('',#10605,#10606);
#10605 = CARTESIAN_POINT('',(98.,148.,38.));
#10606 = VECTOR('',#10607,1.);
#10607 = DIRECTION('',(0.,0.,1.));
#10608 = ORIENTED_EDGE('',*,*,#9490,.T.);
#10609 = ORIENTED_EDGE('',*,*,#10610,.T.);
#10610 = EDGE_CURVE('',#9493,#8701,#10611,.T.);
#10611 = LINE('',#10612,#10613);
#10612 = CARTESIAN_POINT('',(95.,148.,38.));
#10613 = VECTOR('',#10614,1.);
#10614 = DIRECTION('',(0.,0.,1.));
#10615 = ORIENTED_EDGE('',*,*,#8698,.F.);
#10616 = PLANE('',#10617);
#10617 = AXIS2_PLACEMENT_3D('',#10618,#10619,#10620);
#10618 = CARTESIAN_POINT('',(95.,148.,38.));
#10619 = DIRECTION('',(0.,1.,0.));
#10620 = DIRECTION('',(0.,0.,1.));
#10621 = ADVANCED_FACE('',(#10622),#10633,.F.);
#10622 = FACE_BOUND('',#10623,.F.);
#10623 = EDGE_LOOP('',(#10624,#10625,#10626,#10632));
#10624 = ORIENTED_EDGE('',*,*,#10603,.F.);
#10625 = ORIENTED_EDGE('',*,*,#9516,.T.);
#10626 = ORIENTED_EDGE('',*,*,#10627,.T.);
#10627 = EDGE_CURVE('',#9509,#8717,#10628,.T.);
#10628 = LINE('',#10629,#10630);
#10629 = CARTESIAN_POINT('',(98.,170.,38.));
#10630 = VECTOR('',#10631,1.);
#10631 = DIRECTION('',(0.,0.,1.));
#10632 = ORIENTED_EDGE('',*,*,#8724,.F.);
#10633 = PLANE('',#10634);
#10634 = AXIS2_PLACEMENT_3D('',#10635,#10636,#10637);
#10635 = CARTESIAN_POINT('',(98.,148.,38.));
#10636 = DIRECTION('',(1.,0.,0.));
#10637 = DIRECTION('',(0.,0.,1.));
#10638 = ADVANCED_FACE('',(#10639),#10650,.F.);
#10639 = FACE_BOUND('',#10640,.F.);
#10640 = EDGE_LOOP('',(#10641,#10642,#10643,#10649));
#10641 = ORIENTED_EDGE('',*,*,#10627,.F.);
#10642 = ORIENTED_EDGE('',*,*,#9508,.T.);
#10643 = ORIENTED_EDGE('',*,*,#10644,.T.);
#10644 = EDGE_CURVE('',#9501,#8709,#10645,.T.);
#10645 = LINE('',#10646,#10647);
#10646 = CARTESIAN_POINT('',(95.,170.,38.));
#10647 = VECTOR('',#10648,1.);
#10648 = DIRECTION('',(0.,0.,1.));
#10649 = ORIENTED_EDGE('',*,*,#8716,.F.);
#10650 = PLANE('',#10651);
#10651 = AXIS2_PLACEMENT_3D('',#10652,#10653,#10654);
#10652 = CARTESIAN_POINT('',(95.,170.,38.));
#10653 = DIRECTION('',(0.,1.,0.));
#10654 = DIRECTION('',(0.,0.,1.));
#10655 = ADVANCED_FACE('',(#10656),#10662,.T.);
#10656 = FACE_BOUND('',#10657,.T.);
#10657 = EDGE_LOOP('',(#10658,#10659,#10660,#10661));
#10658 = ORIENTED_EDGE('',*,*,#10610,.F.);
#10659 = ORIENTED_EDGE('',*,*,#9500,.T.);
#10660 = ORIENTED_EDGE('',*,*,#10644,.T.);
#10661 = ORIENTED_EDGE('',*,*,#8708,.F.);
#10662 = PLANE('',#10663);
#10663 = AXIS2_PLACEMENT_3D('',#10664,#10665,#10666);
#10664 = CARTESIAN_POINT('',(95.,148.,38.));
#10665 = DIRECTION('',(1.,0.,0.));
#10666 = DIRECTION('',(0.,0.,1.));
#10667 = ADVANCED_FACE('',(#10668),#10693,.T.);
#10668 = FACE_BOUND('',#10669,.T.);
#10669 = EDGE_LOOP('',(#10670,#10678,#10686,#10692));
#10670 = ORIENTED_EDGE('',*,*,#10671,.T.);
#10671 = EDGE_CURVE('',#8918,#10672,#10674,.T.);
#10672 = VERTEX_POINT('',#10673);
#10673 = CARTESIAN_POINT('',(10.9,9.67431578065,41.6));
#10674 = LINE('',#10675,#10676);
#10675 = CARTESIAN_POINT('',(10.9,9.67431578065,39.));
#10676 = VECTOR('',#10677,1.);
#10677 = DIRECTION('',(0.,0.,1.));
#10678 = ORIENTED_EDGE('',*,*,#10679,.T.);
#10679 = EDGE_CURVE('',#10672,#10680,#10682,.T.);
#10680 = VERTEX_POINT('',#10681);
#10681 = CARTESIAN_POINT('',(8.,11.3486315613,41.6));
#10682 = LINE('',#10683,#10684);
#10683 = CARTESIAN_POINT('',(10.9,9.67431578065,41.6));
#10684 = VECTOR('',#10685,1.);
#10685 = DIRECTION('',(-0.866025403784,0.5,0.));
#10686 = ORIENTED_EDGE('',*,*,#10687,.F.);
#10687 = EDGE_CURVE('',#8920,#10680,#10688,.T.);
#10688 = LINE('',#10689,#10690);
#10689 = CARTESIAN_POINT('',(8.,11.3486315613,39.));
#10690 = VECTOR('',#10691,1.);
#10691 = DIRECTION('',(0.,0.,1.));
#10692 = ORIENTED_EDGE('',*,*,#8917,.F.);
#10693 = PLANE('',#10694);
#10694 = AXIS2_PLACEMENT_3D('',#10695,#10696,#10697);
#10695 = CARTESIAN_POINT('',(10.9,9.67431578065,39.));
#10696 = DIRECTION('',(-0.5,-0.866025403784,0.));
#10697 = DIRECTION('',(-0.866025403784,0.5,0.));
#10698 = ADVANCED_FACE('',(#10699),#10717,.T.);
#10699 = FACE_BOUND('',#10700,.T.);
#10700 = EDGE_LOOP('',(#10701,#10709,#10715,#10716));
#10701 = ORIENTED_EDGE('',*,*,#10702,.T.);
#10702 = EDGE_CURVE('',#8928,#10703,#10705,.T.);
#10703 = VERTEX_POINT('',#10704);
#10704 = CARTESIAN_POINT('',(10.9,6.32568421935,41.6));
#10705 = LINE('',#10706,#10707);
#10706 = CARTESIAN_POINT('',(10.9,6.32568421935,39.));
#10707 = VECTOR('',#10708,1.);
#10708 = DIRECTION('',(0.,0.,1.));
#10709 = ORIENTED_EDGE('',*,*,#10710,.T.);
#10710 = EDGE_CURVE('',#10703,#10672,#10711,.T.);
#10711 = LINE('',#10712,#10713);
#10712 = CARTESIAN_POINT('',(10.9,6.32568421935,41.6));
#10713 = VECTOR('',#10714,1.);
#10714 = DIRECTION('',(5.304724652093E-16,1.,0.));
#10715 = ORIENTED_EDGE('',*,*,#10671,.F.);
#10716 = ORIENTED_EDGE('',*,*,#8927,.F.);
#10717 = PLANE('',#10718);
#10718 = AXIS2_PLACEMENT_3D('',#10719,#10720,#10721);
#10719 = CARTESIAN_POINT('',(10.9,6.32568421935,39.));
#10720 = DIRECTION('',(-1.,5.304724652093E-16,0.));
#10721 = DIRECTION('',(5.304724652093E-16,1.,0.));
#10722 = ADVANCED_FACE('',(#10723),#10741,.T.);
#10723 = FACE_BOUND('',#10724,.T.);
#10724 = EDGE_LOOP('',(#10725,#10726,#10734,#10740));
#10725 = ORIENTED_EDGE('',*,*,#10687,.T.);
#10726 = ORIENTED_EDGE('',*,*,#10727,.T.);
#10727 = EDGE_CURVE('',#10680,#10728,#10730,.T.);
#10728 = VERTEX_POINT('',#10729);
#10729 = CARTESIAN_POINT('',(5.1,9.67431578065,41.6));
#10730 = LINE('',#10731,#10732);
#10731 = CARTESIAN_POINT('',(8.,11.3486315613,41.6));
#10732 = VECTOR('',#10733,1.);
#10733 = DIRECTION('',(-0.866025403784,-0.5,0.));
#10734 = ORIENTED_EDGE('',*,*,#10735,.F.);
#10735 = EDGE_CURVE('',#8952,#10728,#10736,.T.);
#10736 = LINE('',#10737,#10738);
#10737 = CARTESIAN_POINT('',(5.1,9.67431578065,39.));
#10738 = VECTOR('',#10739,1.);
#10739 = DIRECTION('',(0.,0.,1.));
#10740 = ORIENTED_EDGE('',*,*,#8959,.F.);
#10741 = PLANE('',#10742);
#10742 = AXIS2_PLACEMENT_3D('',#10743,#10744,#10745);
#10743 = CARTESIAN_POINT('',(8.,11.3486315613,39.));
#10744 = DIRECTION('',(0.5,-0.866025403784,0.));
#10745 = DIRECTION('',(-0.866025403784,-0.5,0.));
#10746 = ADVANCED_FACE('',(#10747),#10765,.T.);
#10747 = FACE_BOUND('',#10748,.T.);
#10748 = EDGE_LOOP('',(#10749,#10757,#10763,#10764));
#10749 = ORIENTED_EDGE('',*,*,#10750,.T.);
#10750 = EDGE_CURVE('',#8936,#10751,#10753,.T.);
#10751 = VERTEX_POINT('',#10752);
#10752 = CARTESIAN_POINT('',(8.,4.6513684387,41.6));
#10753 = LINE('',#10754,#10755);
#10754 = CARTESIAN_POINT('',(8.,4.6513684387,39.));
#10755 = VECTOR('',#10756,1.);
#10756 = DIRECTION('',(0.,0.,1.));
#10757 = ORIENTED_EDGE('',*,*,#10758,.T.);
#10758 = EDGE_CURVE('',#10751,#10703,#10759,.T.);
#10759 = LINE('',#10760,#10761);
#10760 = CARTESIAN_POINT('',(8.,4.6513684387,41.6));
#10761 = VECTOR('',#10762,1.);
#10762 = DIRECTION('',(0.866025403784,0.5,0.));
#10763 = ORIENTED_EDGE('',*,*,#10702,.F.);
#10764 = ORIENTED_EDGE('',*,*,#8935,.F.);
#10765 = PLANE('',#10766);
#10766 = AXIS2_PLACEMENT_3D('',#10767,#10768,#10769);
#10767 = CARTESIAN_POINT('',(8.,4.6513684387,39.));
#10768 = DIRECTION('',(-0.5,0.866025403784,0.));
#10769 = DIRECTION('',(0.866025403784,0.5,0.));
#10770 = ADVANCED_FACE('',(#10771),#10789,.T.);
#10771 = FACE_BOUND('',#10772,.T.);
#10772 = EDGE_LOOP('',(#10773,#10774,#10782,#10788));
#10773 = ORIENTED_EDGE('',*,*,#10735,.T.);
#10774 = ORIENTED_EDGE('',*,*,#10775,.T.);
#10775 = EDGE_CURVE('',#10728,#10776,#10778,.T.);
#10776 = VERTEX_POINT('',#10777);
#10777 = CARTESIAN_POINT('',(5.1,6.32568421935,41.6));
#10778 = LINE('',#10779,#10780);
#10779 = CARTESIAN_POINT('',(5.1,9.67431578065,41.6));
#10780 = VECTOR('',#10781,1.);
#10781 = DIRECTION('',(0.,-1.,0.));
#10782 = ORIENTED_EDGE('',*,*,#10783,.F.);
#10783 = EDGE_CURVE('',#8944,#10776,#10784,.T.);
#10784 = LINE('',#10785,#10786);
#10785 = CARTESIAN_POINT('',(5.1,6.32568421935,39.));
#10786 = VECTOR('',#10787,1.);
#10787 = DIRECTION('',(0.,0.,1.));
#10788 = ORIENTED_EDGE('',*,*,#8951,.F.);
#10789 = PLANE('',#10790);
#10790 = AXIS2_PLACEMENT_3D('',#10791,#10792,#10793);
#10791 = CARTESIAN_POINT('',(5.1,9.67431578065,39.));
#10792 = DIRECTION('',(1.,0.,0.));
#10793 = DIRECTION('',(0.,-1.,0.));
#10794 = ADVANCED_FACE('',(#10795),#10806,.T.);
#10795 = FACE_BOUND('',#10796,.T.);
#10796 = EDGE_LOOP('',(#10797,#10798,#10804,#10805));
#10797 = ORIENTED_EDGE('',*,*,#10783,.T.);
#10798 = ORIENTED_EDGE('',*,*,#10799,.T.);
#10799 = EDGE_CURVE('',#10776,#10751,#10800,.T.);
#10800 = LINE('',#10801,#10802);
#10801 = CARTESIAN_POINT('',(5.1,6.32568421935,41.6));
#10802 = VECTOR('',#10803,1.);
#10803 = DIRECTION('',(0.866025403784,-0.5,0.));
#10804 = ORIENTED_EDGE('',*,*,#10750,.F.);
#10805 = ORIENTED_EDGE('',*,*,#8943,.F.);
#10806 = PLANE('',#10807);
#10807 = AXIS2_PLACEMENT_3D('',#10808,#10809,#10810);
#10808 = CARTESIAN_POINT('',(5.1,6.32568421935,39.));
#10809 = DIRECTION('',(0.5,0.866025403784,0.));
#10810 = DIRECTION('',(0.866025403784,-0.5,0.));
#10811 = ADVANCED_FACE('',(#10812),#10831,.T.);
#10812 = FACE_BOUND('',#10813,.T.);
#10813 = EDGE_LOOP('',(#10814,#10815,#10823,#10830));
#10814 = ORIENTED_EDGE('',*,*,#8967,.F.);
#10815 = ORIENTED_EDGE('',*,*,#10816,.F.);
#10816 = EDGE_CURVE('',#10817,#8968,#10819,.T.);
#10817 = VERTEX_POINT('',#10818);
#10818 = CARTESIAN_POINT('',(22.5,24.,19.));
#10819 = LINE('',#10820,#10821);
#10820 = CARTESIAN_POINT('',(22.5,24.,19.));
#10821 = VECTOR('',#10822,1.);
#10822 = DIRECTION('',(0.,0.,1.));
#10823 = ORIENTED_EDGE('',*,*,#10824,.T.);
#10824 = EDGE_CURVE('',#10817,#10817,#10825,.T.);
#10825 = CIRCLE('',#10826,5.5);
#10826 = AXIS2_PLACEMENT_3D('',#10827,#10828,#10829);
#10827 = CARTESIAN_POINT('',(17.,24.,19.));
#10828 = DIRECTION('',(0.,0.,1.));
#10829 = DIRECTION('',(1.,0.,0.));
#10830 = ORIENTED_EDGE('',*,*,#10816,.T.);
#10831 = CYLINDRICAL_SURFACE('',#10832,5.5);
#10832 = AXIS2_PLACEMENT_3D('',#10833,#10834,#10835);
#10833 = CARTESIAN_POINT('',(17.,24.,19.));
#10834 = DIRECTION('',(0.,0.,1.));
#10835 = DIRECTION('',(1.,0.,0.));
#10836 = ADVANCED_FACE('',(#10837),#10862,.T.);
#10837 = FACE_BOUND('',#10838,.T.);
#10838 = EDGE_LOOP('',(#10839,#10847,#10855,#10861));
#10839 = ORIENTED_EDGE('',*,*,#10840,.T.);
#10840 = EDGE_CURVE('',#8979,#10841,#10843,.T.);
#10841 = VERTEX_POINT('',#10842);
#10842 = CARTESIAN_POINT('',(190.9,9.67431578065,41.6));
#10843 = LINE('',#10844,#10845);
#10844 = CARTESIAN_POINT('',(190.9,9.67431578065,39.));
#10845 = VECTOR('',#10846,1.);
#10846 = DIRECTION('',(0.,0.,1.));
#10847 = ORIENTED_EDGE('',*,*,#10848,.T.);
#10848 = EDGE_CURVE('',#10841,#10849,#10851,.T.);
#10849 = VERTEX_POINT('',#10850);
#10850 = CARTESIAN_POINT('',(188.,11.3486315613,41.6));
#10851 = LINE('',#10852,#10853);
#10852 = CARTESIAN_POINT('',(190.9,9.67431578065,41.6));
#10853 = VECTOR('',#10854,1.);
#10854 = DIRECTION('',(-0.866025403784,0.5,0.));
#10855 = ORIENTED_EDGE('',*,*,#10856,.F.);
#10856 = EDGE_CURVE('',#8981,#10849,#10857,.T.);
#10857 = LINE('',#10858,#10859);
#10858 = CARTESIAN_POINT('',(188.,11.3486315613,39.));
#10859 = VECTOR('',#10860,1.);
#10860 = DIRECTION('',(0.,0.,1.));
#10861 = ORIENTED_EDGE('',*,*,#8978,.F.);
#10862 = PLANE('',#10863);
#10863 = AXIS2_PLACEMENT_3D('',#10864,#10865,#10866);
#10864 = CARTESIAN_POINT('',(190.9,9.67431578065,39.));
#10865 = DIRECTION('',(-0.5,-0.866025403784,0.));
#10866 = DIRECTION('',(-0.866025403784,0.5,0.));
#10867 = ADVANCED_FACE('',(#10868),#10886,.T.);
#10868 = FACE_BOUND('',#10869,.T.);
#10869 = EDGE_LOOP('',(#10870,#10878,#10884,#10885));
#10870 = ORIENTED_EDGE('',*,*,#10871,.T.);
#10871 = EDGE_CURVE('',#8989,#10872,#10874,.T.);
#10872 = VERTEX_POINT('',#10873);
#10873 = CARTESIAN_POINT('',(190.9,6.32568421935,41.6));
#10874 = LINE('',#10875,#10876);
#10875 = CARTESIAN_POINT('',(190.9,6.32568421935,39.));
#10876 = VECTOR('',#10877,1.);
#10877 = DIRECTION('',(0.,0.,1.));
#10878 = ORIENTED_EDGE('',*,*,#10879,.T.);
#10879 = EDGE_CURVE('',#10872,#10841,#10880,.T.);
#10880 = LINE('',#10881,#10882);
#10881 = CARTESIAN_POINT('',(190.9,6.32568421935,41.6));
#10882 = VECTOR('',#10883,1.);
#10883 = DIRECTION('',(0.,1.,0.));
#10884 = ORIENTED_EDGE('',*,*,#10840,.F.);
#10885 = ORIENTED_EDGE('',*,*,#8988,.F.);
#10886 = PLANE('',#10887);
#10887 = AXIS2_PLACEMENT_3D('',#10888,#10889,#10890);
#10888 = CARTESIAN_POINT('',(190.9,6.32568421935,39.));
#10889 = DIRECTION('',(-1.,0.,0.));
#10890 = DIRECTION('',(0.,1.,0.));
#10891 = ADVANCED_FACE('',(#10892),#10910,.T.);
#10892 = FACE_BOUND('',#10893,.T.);
#10893 = EDGE_LOOP('',(#10894,#10895,#10903,#10909));
#10894 = ORIENTED_EDGE('',*,*,#10856,.T.);
#10895 = ORIENTED_EDGE('',*,*,#10896,.T.);
#10896 = EDGE_CURVE('',#10849,#10897,#10899,.T.);
#10897 = VERTEX_POINT('',#10898);
#10898 = CARTESIAN_POINT('',(185.1,9.67431578065,41.6));
#10899 = LINE('',#10900,#10901);
#10900 = CARTESIAN_POINT('',(188.,11.3486315613,41.6));
#10901 = VECTOR('',#10902,1.);
#10902 = DIRECTION('',(-0.866025403784,-0.5,0.));
#10903 = ORIENTED_EDGE('',*,*,#10904,.F.);
#10904 = EDGE_CURVE('',#9013,#10897,#10905,.T.);
#10905 = LINE('',#10906,#10907);
#10906 = CARTESIAN_POINT('',(185.1,9.67431578065,39.));
#10907 = VECTOR('',#10908,1.);
#10908 = DIRECTION('',(0.,0.,1.));
#10909 = ORIENTED_EDGE('',*,*,#9020,.F.);
#10910 = PLANE('',#10911);
#10911 = AXIS2_PLACEMENT_3D('',#10912,#10913,#10914);
#10912 = CARTESIAN_POINT('',(188.,11.3486315613,39.));
#10913 = DIRECTION('',(0.5,-0.866025403784,0.));
#10914 = DIRECTION('',(-0.866025403784,-0.5,0.));
#10915 = ADVANCED_FACE('',(#10916),#10934,.T.);
#10916 = FACE_BOUND('',#10917,.T.);
#10917 = EDGE_LOOP('',(#10918,#10926,#10932,#10933));
#10918 = ORIENTED_EDGE('',*,*,#10919,.T.);
#10919 = EDGE_CURVE('',#8997,#10920,#10922,.T.);
#10920 = VERTEX_POINT('',#10921);
#10921 = CARTESIAN_POINT('',(188.,4.6513684387,41.6));
#10922 = LINE('',#10923,#10924);
#10923 = CARTESIAN_POINT('',(188.,4.6513684387,39.));
#10924 = VECTOR('',#10925,1.);
#10925 = DIRECTION('',(0.,0.,1.));
#10926 = ORIENTED_EDGE('',*,*,#10927,.T.);
#10927 = EDGE_CURVE('',#10920,#10872,#10928,.T.);
#10928 = LINE('',#10929,#10930);
#10929 = CARTESIAN_POINT('',(188.,4.6513684387,41.6));
#10930 = VECTOR('',#10931,1.);
#10931 = DIRECTION('',(0.866025403784,0.5,0.));
#10932 = ORIENTED_EDGE('',*,*,#10871,.F.);
#10933 = ORIENTED_EDGE('',*,*,#8996,.F.);
#10934 = PLANE('',#10935);
#10935 = AXIS2_PLACEMENT_3D('',#10936,#10937,#10938);
#10936 = CARTESIAN_POINT('',(188.,4.6513684387,39.));
#10937 = DIRECTION('',(-0.5,0.866025403784,0.));
#10938 = DIRECTION('',(0.866025403784,0.5,0.));
#10939 = ADVANCED_FACE('',(#10940),#10958,.T.);
#10940 = FACE_BOUND('',#10941,.T.);
#10941 = EDGE_LOOP('',(#10942,#10943,#10951,#10957));
#10942 = ORIENTED_EDGE('',*,*,#10904,.T.);
#10943 = ORIENTED_EDGE('',*,*,#10944,.T.);
#10944 = EDGE_CURVE('',#10897,#10945,#10947,.T.);
#10945 = VERTEX_POINT('',#10946);
#10946 = CARTESIAN_POINT('',(185.1,6.32568421935,41.6));
#10947 = LINE('',#10948,#10949);
#10948 = CARTESIAN_POINT('',(185.1,9.67431578065,41.6));
#10949 = VECTOR('',#10950,1.);
#10950 = DIRECTION('',(0.,-1.,0.));
#10951 = ORIENTED_EDGE('',*,*,#10952,.F.);
#10952 = EDGE_CURVE('',#9005,#10945,#10953,.T.);
#10953 = LINE('',#10954,#10955);
#10954 = CARTESIAN_POINT('',(185.1,6.32568421935,39.));
#10955 = VECTOR('',#10956,1.);
#10956 = DIRECTION('',(0.,0.,1.));
#10957 = ORIENTED_EDGE('',*,*,#9012,.F.);
#10958 = PLANE('',#10959);
#10959 = AXIS2_PLACEMENT_3D('',#10960,#10961,#10962);
#10960 = CARTESIAN_POINT('',(185.1,9.67431578065,39.));
#10961 = DIRECTION('',(1.,0.,0.));
#10962 = DIRECTION('',(0.,-1.,0.));
#10963 = ADVANCED_FACE('',(#10964),#10975,.T.);
#10964 = FACE_BOUND('',#10965,.T.);
#10965 = EDGE_LOOP('',(#10966,#10967,#10973,#10974));
#10966 = ORIENTED_EDGE('',*,*,#10952,.T.);
#10967 = ORIENTED_EDGE('',*,*,#10968,.T.);
#10968 = EDGE_CURVE('',#10945,#10920,#10969,.T.);
#10969 = LINE('',#10970,#10971);
#10970 = CARTESIAN_POINT('',(185.1,6.32568421935,41.6));
#10971 = VECTOR('',#10972,1.);
#10972 = DIRECTION('',(0.866025403784,-0.5,0.));
#10973 = ORIENTED_EDGE('',*,*,#10919,.F.);
#10974 = ORIENTED_EDGE('',*,*,#9004,.F.);
#10975 = PLANE('',#10976);
#10976 = AXIS2_PLACEMENT_3D('',#10977,#10978,#10979);
#10977 = CARTESIAN_POINT('',(185.1,6.32568421935,39.));
#10978 = DIRECTION('',(0.5,0.866025403784,0.));
#10979 = DIRECTION('',(0.866025403784,-0.5,0.));
#10980 = ADVANCED_FACE('',(#10981),#11000,.T.);
#10981 = FACE_BOUND('',#10982,.T.);
#10982 = EDGE_LOOP('',(#10983,#10984,#10992,#10999));
#10983 = ORIENTED_EDGE('',*,*,#9028,.F.);
#10984 = ORIENTED_EDGE('',*,*,#10985,.F.);
#10985 = EDGE_CURVE('',#10986,#9029,#10988,.T.);
#10986 = VERTEX_POINT('',#10987);
#10987 = CARTESIAN_POINT('',(184.5,24.,19.));
#10988 = LINE('',#10989,#10990);
#10989 = CARTESIAN_POINT('',(184.5,24.,19.));
#10990 = VECTOR('',#10991,1.);
#10991 = DIRECTION('',(0.,0.,1.));
#10992 = ORIENTED_EDGE('',*,*,#10993,.T.);
#10993 = EDGE_CURVE('',#10986,#10986,#10994,.T.);
#10994 = CIRCLE('',#10995,5.5);
#10995 = AXIS2_PLACEMENT_3D('',#10996,#10997,#10998);
#10996 = CARTESIAN_POINT('',(179.,24.,19.));
#10997 = DIRECTION('',(0.,0.,1.));
#10998 = DIRECTION('',(1.,0.,0.));
#10999 = ORIENTED_EDGE('',*,*,#10985,.T.);
#11000 = CYLINDRICAL_SURFACE('',#11001,5.5);
#11001 = AXIS2_PLACEMENT_3D('',#11002,#11003,#11004);
#11002 = CARTESIAN_POINT('',(179.,24.,19.));
#11003 = DIRECTION('',(0.,0.,1.));
#11004 = DIRECTION('',(1.,0.,0.));
#11005 = ADVANCED_FACE('',(#11006),#11025,.T.);
#11006 = FACE_BOUND('',#11007,.T.);
#11007 = EDGE_LOOP('',(#11008,#11009,#11017,#11024));
#11008 = ORIENTED_EDGE('',*,*,#9073,.F.);
#11009 = ORIENTED_EDGE('',*,*,#11010,.F.);
#11010 = EDGE_CURVE('',#11011,#9074,#11013,.T.);
#11011 = VERTEX_POINT('',#11012);
#11012 = CARTESIAN_POINT('',(22.5,99.,19.));
#11013 = LINE('',#11014,#11015);
#11014 = CARTESIAN_POINT('',(22.5,99.,19.));
#11015 = VECTOR('',#11016,1.);
#11016 = DIRECTION('',(0.,0.,1.));
#11017 = ORIENTED_EDGE('',*,*,#11018,.T.);
#11018 = EDGE_CURVE('',#11011,#11011,#11019,.T.);
#11019 = CIRCLE('',#11020,5.5);
#11020 = AXIS2_PLACEMENT_3D('',#11021,#11022,#11023);
#11021 = CARTESIAN_POINT('',(17.,99.,19.));
#11022 = DIRECTION('',(0.,0.,1.));
#11023 = DIRECTION('',(1.,0.,0.));
#11024 = ORIENTED_EDGE('',*,*,#11010,.T.);
#11025 = CYLINDRICAL_SURFACE('',#11026,5.5);
#11026 = AXIS2_PLACEMENT_3D('',#11027,#11028,#11029);
#11027 = CARTESIAN_POINT('',(17.,99.,19.));
#11028 = DIRECTION('',(0.,0.,1.));
#11029 = DIRECTION('',(1.,0.,0.));
#11030 = ADVANCED_FACE('',(#11031),#11056,.T.);
#11031 = FACE_BOUND('',#11032,.T.);
#11032 = EDGE_LOOP('',(#11033,#11041,#11049,#11055));
#11033 = ORIENTED_EDGE('',*,*,#11034,.T.);
#11034 = EDGE_CURVE('',#9085,#11035,#11037,.T.);
#11035 = VERTEX_POINT('',#11036);
#11036 = CARTESIAN_POINT('',(10.9,122.67431578065,41.6));
#11037 = LINE('',#11038,#11039);
#11038 = CARTESIAN_POINT('',(10.9,122.67431578065,39.));
#11039 = VECTOR('',#11040,1.);
#11040 = DIRECTION('',(0.,0.,1.));
#11041 = ORIENTED_EDGE('',*,*,#11042,.T.);
#11042 = EDGE_CURVE('',#11035,#11043,#11045,.T.);
#11043 = VERTEX_POINT('',#11044);
#11044 = CARTESIAN_POINT('',(8.,124.3486315613,41.6));
#11045 = LINE('',#11046,#11047);
#11046 = CARTESIAN_POINT('',(10.9,122.67431578065,41.6));
#11047 = VECTOR('',#11048,1.);
#11048 = DIRECTION('',(-0.866025403784,0.5,0.));
#11049 = ORIENTED_EDGE('',*,*,#11050,.F.);
#11050 = EDGE_CURVE('',#9087,#11043,#11051,.T.);
#11051 = LINE('',#11052,#11053);
#11052 = CARTESIAN_POINT('',(8.,124.3486315613,39.));
#11053 = VECTOR('',#11054,1.);
#11054 = DIRECTION('',(0.,0.,1.));
#11055 = ORIENTED_EDGE('',*,*,#9084,.F.);
#11056 = PLANE('',#11057);
#11057 = AXIS2_PLACEMENT_3D('',#11058,#11059,#11060);
#11058 = CARTESIAN_POINT('',(10.9,122.67431578065,39.));
#11059 = DIRECTION('',(-0.5,-0.866025403784,0.));
#11060 = DIRECTION('',(-0.866025403784,0.5,0.));
#11061 = ADVANCED_FACE('',(#11062),#11080,.T.);
#11062 = FACE_BOUND('',#11063,.T.);
#11063 = EDGE_LOOP('',(#11064,#11072,#11078,#11079));
#11064 = ORIENTED_EDGE('',*,*,#11065,.T.);
#11065 = EDGE_CURVE('',#9095,#11066,#11068,.T.);
#11066 = VERTEX_POINT('',#11067);
#11067 = CARTESIAN_POINT('',(10.9,119.32568421935,41.6));
#11068 = LINE('',#11069,#11070);
#11069 = CARTESIAN_POINT('',(10.9,119.32568421935,39.));
#11070 = VECTOR('',#11071,1.);
#11071 = DIRECTION('',(0.,0.,1.));
#11072 = ORIENTED_EDGE('',*,*,#11073,.T.);
#11073 = EDGE_CURVE('',#11066,#11035,#11074,.T.);
#11074 = LINE('',#11075,#11076);
#11075 = CARTESIAN_POINT('',(10.9,119.32568421935,41.6));
#11076 = VECTOR('',#11077,1.);
#11077 = DIRECTION('',(5.304724652093E-16,1.,0.));
#11078 = ORIENTED_EDGE('',*,*,#11034,.F.);
#11079 = ORIENTED_EDGE('',*,*,#9094,.F.);
#11080 = PLANE('',#11081);
#11081 = AXIS2_PLACEMENT_3D('',#11082,#11083,#11084);
#11082 = CARTESIAN_POINT('',(10.9,119.32568421935,39.));
#11083 = DIRECTION('',(-1.,5.304724652093E-16,0.));
#11084 = DIRECTION('',(5.304724652093E-16,1.,0.));
#11085 = ADVANCED_FACE('',(#11086),#11104,.T.);
#11086 = FACE_BOUND('',#11087,.T.);
#11087 = EDGE_LOOP('',(#11088,#11089,#11097,#11103));
#11088 = ORIENTED_EDGE('',*,*,#11050,.T.);
#11089 = ORIENTED_EDGE('',*,*,#11090,.T.);
#11090 = EDGE_CURVE('',#11043,#11091,#11093,.T.);
#11091 = VERTEX_POINT('',#11092);
#11092 = CARTESIAN_POINT('',(5.1,122.67431578065,41.6));
#11093 = LINE('',#11094,#11095);
#11094 = CARTESIAN_POINT('',(8.,124.3486315613,41.6));
#11095 = VECTOR('',#11096,1.);
#11096 = DIRECTION('',(-0.866025403784,-0.5,0.));
#11097 = ORIENTED_EDGE('',*,*,#11098,.F.);
#11098 = EDGE_CURVE('',#9119,#11091,#11099,.T.);
#11099 = LINE('',#11100,#11101);
#11100 = CARTESIAN_POINT('',(5.1,122.67431578065,39.));
#11101 = VECTOR('',#11102,1.);
#11102 = DIRECTION('',(0.,0.,1.));
#11103 = ORIENTED_EDGE('',*,*,#9126,.F.);
#11104 = PLANE('',#11105);
#11105 = AXIS2_PLACEMENT_3D('',#11106,#11107,#11108);
#11106 = CARTESIAN_POINT('',(8.,124.3486315613,39.));
#11107 = DIRECTION('',(0.5,-0.866025403784,0.));
#11108 = DIRECTION('',(-0.866025403784,-0.5,0.));
#11109 = ADVANCED_FACE('',(#11110),#11128,.T.);
#11110 = FACE_BOUND('',#11111,.T.);
#11111 = EDGE_LOOP('',(#11112,#11120,#11126,#11127));
#11112 = ORIENTED_EDGE('',*,*,#11113,.T.);
#11113 = EDGE_CURVE('',#9103,#11114,#11116,.T.);
#11114 = VERTEX_POINT('',#11115);
#11115 = CARTESIAN_POINT('',(8.,117.6513684387,41.6));
#11116 = LINE('',#11117,#11118);
#11117 = CARTESIAN_POINT('',(8.,117.6513684387,39.));
#11118 = VECTOR('',#11119,1.);
#11119 = DIRECTION('',(0.,0.,1.));
#11120 = ORIENTED_EDGE('',*,*,#11121,.T.);
#11121 = EDGE_CURVE('',#11114,#11066,#11122,.T.);
#11122 = LINE('',#11123,#11124);
#11123 = CARTESIAN_POINT('',(8.,117.6513684387,41.6));
#11124 = VECTOR('',#11125,1.);
#11125 = DIRECTION('',(0.866025403784,0.5,0.));
#11126 = ORIENTED_EDGE('',*,*,#11065,.F.);
#11127 = ORIENTED_EDGE('',*,*,#9102,.F.);
#11128 = PLANE('',#11129);
#11129 = AXIS2_PLACEMENT_3D('',#11130,#11131,#11132);
#11130 = CARTESIAN_POINT('',(8.,117.6513684387,39.));
#11131 = DIRECTION('',(-0.5,0.866025403784,0.));
#11132 = DIRECTION('',(0.866025403784,0.5,0.));
#11133 = ADVANCED_FACE('',(#11134),#11152,.T.);
#11134 = FACE_BOUND('',#11135,.T.);
#11135 = EDGE_LOOP('',(#11136,#11137,#11145,#11151));
#11136 = ORIENTED_EDGE('',*,*,#11098,.T.);
#11137 = ORIENTED_EDGE('',*,*,#11138,.T.);
#11138 = EDGE_CURVE('',#11091,#11139,#11141,.T.);
#11139 = VERTEX_POINT('',#11140);
#11140 = CARTESIAN_POINT('',(5.1,119.32568421935,41.6));
#11141 = LINE('',#11142,#11143);
#11142 = CARTESIAN_POINT('',(5.1,122.67431578065,41.6));
#11143 = VECTOR('',#11144,1.);
#11144 = DIRECTION('',(0.,-1.,0.));
#11145 = ORIENTED_EDGE('',*,*,#11146,.F.);
#11146 = EDGE_CURVE('',#9111,#11139,#11147,.T.);
#11147 = LINE('',#11148,#11149);
#11148 = CARTESIAN_POINT('',(5.1,119.32568421935,39.));
#11149 = VECTOR('',#11150,1.);
#11150 = DIRECTION('',(0.,0.,1.));
#11151 = ORIENTED_EDGE('',*,*,#9118,.F.);
#11152 = PLANE('',#11153);
#11153 = AXIS2_PLACEMENT_3D('',#11154,#11155,#11156);
#11154 = CARTESIAN_POINT('',(5.1,122.67431578065,39.));
#11155 = DIRECTION('',(1.,0.,0.));
#11156 = DIRECTION('',(0.,-1.,0.));
#11157 = ADVANCED_FACE('',(#11158),#11169,.T.);
#11158 = FACE_BOUND('',#11159,.T.);
#11159 = EDGE_LOOP('',(#11160,#11161,#11167,#11168));
#11160 = ORIENTED_EDGE('',*,*,#11146,.T.);
#11161 = ORIENTED_EDGE('',*,*,#11162,.T.);
#11162 = EDGE_CURVE('',#11139,#11114,#11163,.T.);
#11163 = LINE('',#11164,#11165);
#11164 = CARTESIAN_POINT('',(5.1,119.32568421935,41.6));
#11165 = VECTOR('',#11166,1.);
#11166 = DIRECTION('',(0.866025403784,-0.5,0.));
#11167 = ORIENTED_EDGE('',*,*,#11113,.F.);
#11168 = ORIENTED_EDGE('',*,*,#9110,.F.);
#11169 = PLANE('',#11170);
#11170 = AXIS2_PLACEMENT_3D('',#11171,#11172,#11173);
#11171 = CARTESIAN_POINT('',(5.1,119.32568421935,39.));
#11172 = DIRECTION('',(0.5,0.866025403784,0.));
#11173 = DIRECTION('',(0.866025403784,-0.5,0.));
#11174 = ADVANCED_FACE('',(#11175),#11200,.T.);
#11175 = FACE_BOUND('',#11176,.T.);
#11176 = EDGE_LOOP('',(#11177,#11185,#11193,#11199));
#11177 = ORIENTED_EDGE('',*,*,#11178,.T.);
#11178 = EDGE_CURVE('',#9237,#11179,#11181,.T.);
#11179 = VERTEX_POINT('',#11180);
#11180 = CARTESIAN_POINT('',(10.9,183.67431578065,41.6));
#11181 = LINE('',#11182,#11183);
#11182 = CARTESIAN_POINT('',(10.9,183.67431578065,39.));
#11183 = VECTOR('',#11184,1.);
#11184 = DIRECTION('',(0.,0.,1.));
#11185 = ORIENTED_EDGE('',*,*,#11186,.T.);
#11186 = EDGE_CURVE('',#11179,#11187,#11189,.T.);
#11187 = VERTEX_POINT('',#11188);
#11188 = CARTESIAN_POINT('',(8.,185.3486315613,41.6));
#11189 = LINE('',#11190,#11191);
#11190 = CARTESIAN_POINT('',(10.9,183.67431578065,41.6));
#11191 = VECTOR('',#11192,1.);
#11192 = DIRECTION('',(-0.866025403784,0.5,0.));
#11193 = ORIENTED_EDGE('',*,*,#11194,.F.);
#11194 = EDGE_CURVE('',#9239,#11187,#11195,.T.);
#11195 = LINE('',#11196,#11197);
#11196 = CARTESIAN_POINT('',(8.,185.3486315613,39.));
#11197 = VECTOR('',#11198,1.);
#11198 = DIRECTION('',(0.,0.,1.));
#11199 = ORIENTED_EDGE('',*,*,#9236,.F.);
#11200 = PLANE('',#11201);
#11201 = AXIS2_PLACEMENT_3D('',#11202,#11203,#11204);
#11202 = CARTESIAN_POINT('',(10.9,183.67431578065,39.));
#11203 = DIRECTION('',(-0.5,-0.866025403784,0.));
#11204 = DIRECTION('',(-0.866025403784,0.5,0.));
#11205 = ADVANCED_FACE('',(#11206),#11224,.T.);
#11206 = FACE_BOUND('',#11207,.T.);
#11207 = EDGE_LOOP('',(#11208,#11216,#11222,#11223));
#11208 = ORIENTED_EDGE('',*,*,#11209,.T.);
#11209 = EDGE_CURVE('',#9247,#11210,#11212,.T.);
#11210 = VERTEX_POINT('',#11211);
#11211 = CARTESIAN_POINT('',(10.9,180.32568421935,41.6));
#11212 = LINE('',#11213,#11214);
#11213 = CARTESIAN_POINT('',(10.9,180.32568421935,39.));
#11214 = VECTOR('',#11215,1.);
#11215 = DIRECTION('',(0.,0.,1.));
#11216 = ORIENTED_EDGE('',*,*,#11217,.T.);
#11217 = EDGE_CURVE('',#11210,#11179,#11218,.T.);
#11218 = LINE('',#11219,#11220);
#11219 = CARTESIAN_POINT('',(10.9,180.32568421935,41.6));
#11220 = VECTOR('',#11221,1.);
#11221 = DIRECTION('',(5.304724652093E-16,1.,0.));
#11222 = ORIENTED_EDGE('',*,*,#11178,.F.);
#11223 = ORIENTED_EDGE('',*,*,#9246,.F.);
#11224 = PLANE('',#11225);
#11225 = AXIS2_PLACEMENT_3D('',#11226,#11227,#11228);
#11226 = CARTESIAN_POINT('',(10.9,180.32568421935,39.));
#11227 = DIRECTION('',(-1.,5.304724652093E-16,0.));
#11228 = DIRECTION('',(5.304724652093E-16,1.,0.));
#11229 = ADVANCED_FACE('',(#11230),#11248,.T.);
#11230 = FACE_BOUND('',#11231,.T.);
#11231 = EDGE_LOOP('',(#11232,#11233,#11241,#11247));
#11232 = ORIENTED_EDGE('',*,*,#11194,.T.);
#11233 = ORIENTED_EDGE('',*,*,#11234,.T.);
#11234 = EDGE_CURVE('',#11187,#11235,#11237,.T.);
#11235 = VERTEX_POINT('',#11236);
#11236 = CARTESIAN_POINT('',(5.1,183.67431578065,41.6));
#11237 = LINE('',#11238,#11239);
#11238 = CARTESIAN_POINT('',(8.,185.3486315613,41.6));
#11239 = VECTOR('',#11240,1.);
#11240 = DIRECTION('',(-0.866025403784,-0.5,0.));
#11241 = ORIENTED_EDGE('',*,*,#11242,.F.);
#11242 = EDGE_CURVE('',#9271,#11235,#11243,.T.);
#11243 = LINE('',#11244,#11245);
#11244 = CARTESIAN_POINT('',(5.1,183.67431578065,39.));
#11245 = VECTOR('',#11246,1.);
#11246 = DIRECTION('',(0.,0.,1.));
#11247 = ORIENTED_EDGE('',*,*,#9278,.F.);
#11248 = PLANE('',#11249);
#11249 = AXIS2_PLACEMENT_3D('',#11250,#11251,#11252);
#11250 = CARTESIAN_POINT('',(8.,185.3486315613,39.));
#11251 = DIRECTION('',(0.5,-0.866025403784,0.));
#11252 = DIRECTION('',(-0.866025403784,-0.5,0.));
#11253 = ADVANCED_FACE('',(#11254),#11272,.T.);
#11254 = FACE_BOUND('',#11255,.T.);
#11255 = EDGE_LOOP('',(#11256,#11264,#11270,#11271));
#11256 = ORIENTED_EDGE('',*,*,#11257,.T.);
#11257 = EDGE_CURVE('',#9255,#11258,#11260,.T.);
#11258 = VERTEX_POINT('',#11259);
#11259 = CARTESIAN_POINT('',(8.,178.6513684387,41.6));
#11260 = LINE('',#11261,#11262);
#11261 = CARTESIAN_POINT('',(8.,178.6513684387,39.));
#11262 = VECTOR('',#11263,1.);
#11263 = DIRECTION('',(0.,0.,1.));
#11264 = ORIENTED_EDGE('',*,*,#11265,.T.);
#11265 = EDGE_CURVE('',#11258,#11210,#11266,.T.);
#11266 = LINE('',#11267,#11268);
#11267 = CARTESIAN_POINT('',(8.,178.6513684387,41.6));
#11268 = VECTOR('',#11269,1.);
#11269 = DIRECTION('',(0.866025403784,0.5,0.));
#11270 = ORIENTED_EDGE('',*,*,#11209,.F.);
#11271 = ORIENTED_EDGE('',*,*,#9254,.F.);
#11272 = PLANE('',#11273);
#11273 = AXIS2_PLACEMENT_3D('',#11274,#11275,#11276);
#11274 = CARTESIAN_POINT('',(8.,178.6513684387,39.));
#11275 = DIRECTION('',(-0.5,0.866025403784,0.));
#11276 = DIRECTION('',(0.866025403784,0.5,0.));
#11277 = ADVANCED_FACE('',(#11278),#11296,.T.);
#11278 = FACE_BOUND('',#11279,.T.);
#11279 = EDGE_LOOP('',(#11280,#11281,#11289,#11295));
#11280 = ORIENTED_EDGE('',*,*,#11242,.T.);
#11281 = ORIENTED_EDGE('',*,*,#11282,.T.);
#11282 = EDGE_CURVE('',#11235,#11283,#11285,.T.);
#11283 = VERTEX_POINT('',#11284);
#11284 = CARTESIAN_POINT('',(5.1,180.32568421935,41.6));
#11285 = LINE('',#11286,#11287);
#11286 = CARTESIAN_POINT('',(5.1,183.67431578065,41.6));
#11287 = VECTOR('',#11288,1.);
#11288 = DIRECTION('',(0.,-1.,0.));
#11289 = ORIENTED_EDGE('',*,*,#11290,.F.);
#11290 = EDGE_CURVE('',#9263,#11283,#11291,.T.);
#11291 = LINE('',#11292,#11293);
#11292 = CARTESIAN_POINT('',(5.1,180.32568421935,39.));
#11293 = VECTOR('',#11294,1.);
#11294 = DIRECTION('',(0.,0.,1.));
#11295 = ORIENTED_EDGE('',*,*,#9270,.F.);
#11296 = PLANE('',#11297);
#11297 = AXIS2_PLACEMENT_3D('',#11298,#11299,#11300);
#11298 = CARTESIAN_POINT('',(5.1,183.67431578065,39.));
#11299 = DIRECTION('',(1.,0.,0.));
#11300 = DIRECTION('',(0.,-1.,0.));
#11301 = ADVANCED_FACE('',(#11302),#11313,.T.);
#11302 = FACE_BOUND('',#11303,.T.);
#11303 = EDGE_LOOP('',(#11304,#11305,#11311,#11312));
#11304 = ORIENTED_EDGE('',*,*,#11290,.T.);
#11305 = ORIENTED_EDGE('',*,*,#11306,.T.);
#11306 = EDGE_CURVE('',#11283,#11258,#11307,.T.);
#11307 = LINE('',#11308,#11309);
#11308 = CARTESIAN_POINT('',(5.1,180.32568421935,41.6));
#11309 = VECTOR('',#11310,1.);
#11310 = DIRECTION('',(0.866025403784,-0.5,0.));
#11311 = ORIENTED_EDGE('',*,*,#11257,.F.);
#11312 = ORIENTED_EDGE('',*,*,#9262,.F.);
#11313 = PLANE('',#11314);
#11314 = AXIS2_PLACEMENT_3D('',#11315,#11316,#11317);
#11315 = CARTESIAN_POINT('',(5.1,180.32568421935,39.));
#11316 = DIRECTION('',(0.5,0.866025403784,0.));
#11317 = DIRECTION('',(0.866025403784,-0.5,0.));
#11318 = ADVANCED_FACE('',(#11319),#11338,.T.);
#11319 = FACE_BOUND('',#11320,.T.);
#11320 = EDGE_LOOP('',(#11321,#11322,#11330,#11337));
#11321 = ORIENTED_EDGE('',*,*,#9524,.F.);
#11322 = ORIENTED_EDGE('',*,*,#11323,.F.);
#11323 = EDGE_CURVE('',#11324,#9525,#11326,.T.);
#11324 = VERTEX_POINT('',#11325);
#11325 = CARTESIAN_POINT('',(184.5,99.,19.));
#11326 = LINE('',#11327,#11328);
#11327 = CARTESIAN_POINT('',(184.5,99.,19.));
#11328 = VECTOR('',#11329,1.);
#11329 = DIRECTION('',(0.,0.,1.));
#11330 = ORIENTED_EDGE('',*,*,#11331,.T.);
#11331 = EDGE_CURVE('',#11324,#11324,#11332,.T.);
#11332 = CIRCLE('',#11333,5.5);
#11333 = AXIS2_PLACEMENT_3D('',#11334,#11335,#11336);
#11334 = CARTESIAN_POINT('',(179.,99.,19.));
#11335 = DIRECTION('',(0.,0.,1.));
#11336 = DIRECTION('',(1.,0.,0.));
#11337 = ORIENTED_EDGE('',*,*,#11323,.T.);
#11338 = CYLINDRICAL_SURFACE('',#11339,5.5);
#11339 = AXIS2_PLACEMENT_3D('',#11340,#11341,#11342);
#11340 = CARTESIAN_POINT('',(179.,99.,19.));
#11341 = DIRECTION('',(0.,0.,1.));
#11342 = DIRECTION('',(1.,0.,0.));
#11343 = ADVANCED_FACE('',(#11344),#11369,.T.);
#11344 = FACE_BOUND('',#11345,.T.);
#11345 = EDGE_LOOP('',(#11346,#11354,#11362,#11368));
#11346 = ORIENTED_EDGE('',*,*,#11347,.T.);
#11347 = EDGE_CURVE('',#9536,#11348,#11350,.T.);
#11348 = VERTEX_POINT('',#11349);
#11349 = CARTESIAN_POINT('',(190.9,122.67431578065,41.6));
#11350 = LINE('',#11351,#11352);
#11351 = CARTESIAN_POINT('',(190.9,122.67431578065,39.));
#11352 = VECTOR('',#11353,1.);
#11353 = DIRECTION('',(0.,0.,1.));
#11354 = ORIENTED_EDGE('',*,*,#11355,.T.);
#11355 = EDGE_CURVE('',#11348,#11356,#11358,.T.);
#11356 = VERTEX_POINT('',#11357);
#11357 = CARTESIAN_POINT('',(188.,124.3486315613,41.6));
#11358 = LINE('',#11359,#11360);
#11359 = CARTESIAN_POINT('',(190.9,122.67431578065,41.6));
#11360 = VECTOR('',#11361,1.);
#11361 = DIRECTION('',(-0.866025403784,0.5,0.));
#11362 = ORIENTED_EDGE('',*,*,#11363,.F.);
#11363 = EDGE_CURVE('',#9538,#11356,#11364,.T.);
#11364 = LINE('',#11365,#11366);
#11365 = CARTESIAN_POINT('',(188.,124.3486315613,39.));
#11366 = VECTOR('',#11367,1.);
#11367 = DIRECTION('',(0.,0.,1.));
#11368 = ORIENTED_EDGE('',*,*,#9535,.F.);
#11369 = PLANE('',#11370);
#11370 = AXIS2_PLACEMENT_3D('',#11371,#11372,#11373);
#11371 = CARTESIAN_POINT('',(190.9,122.67431578065,39.));
#11372 = DIRECTION('',(-0.5,-0.866025403784,0.));
#11373 = DIRECTION('',(-0.866025403784,0.5,0.));
#11374 = ADVANCED_FACE('',(#11375),#11393,.T.);
#11375 = FACE_BOUND('',#11376,.T.);
#11376 = EDGE_LOOP('',(#11377,#11385,#11391,#11392));
#11377 = ORIENTED_EDGE('',*,*,#11378,.T.);
#11378 = EDGE_CURVE('',#9546,#11379,#11381,.T.);
#11379 = VERTEX_POINT('',#11380);
#11380 = CARTESIAN_POINT('',(190.9,119.32568421935,41.6));
#11381 = LINE('',#11382,#11383);
#11382 = CARTESIAN_POINT('',(190.9,119.32568421935,39.));
#11383 = VECTOR('',#11384,1.);
#11384 = DIRECTION('',(0.,0.,1.));
#11385 = ORIENTED_EDGE('',*,*,#11386,.T.);
#11386 = EDGE_CURVE('',#11379,#11348,#11387,.T.);
#11387 = LINE('',#11388,#11389);
#11388 = CARTESIAN_POINT('',(190.9,119.32568421935,41.6));
#11389 = VECTOR('',#11390,1.);
#11390 = DIRECTION('',(0.,1.,0.));
#11391 = ORIENTED_EDGE('',*,*,#11347,.F.);
#11392 = ORIENTED_EDGE('',*,*,#9545,.F.);
#11393 = PLANE('',#11394);
#11394 = AXIS2_PLACEMENT_3D('',#11395,#11396,#11397);
#11395 = CARTESIAN_POINT('',(190.9,119.32568421935,39.));
#11396 = DIRECTION('',(-1.,0.,0.));
#11397 = DIRECTION('',(0.,1.,0.));
#11398 = ADVANCED_FACE('',(#11399),#11417,.T.);
#11399 = FACE_BOUND('',#11400,.T.);
#11400 = EDGE_LOOP('',(#11401,#11402,#11410,#11416));
#11401 = ORIENTED_EDGE('',*,*,#11363,.T.);
#11402 = ORIENTED_EDGE('',*,*,#11403,.T.);
#11403 = EDGE_CURVE('',#11356,#11404,#11406,.T.);
#11404 = VERTEX_POINT('',#11405);
#11405 = CARTESIAN_POINT('',(185.1,122.67431578065,41.6));
#11406 = LINE('',#11407,#11408);
#11407 = CARTESIAN_POINT('',(188.,124.3486315613,41.6));
#11408 = VECTOR('',#11409,1.);
#11409 = DIRECTION('',(-0.866025403784,-0.5,0.));
#11410 = ORIENTED_EDGE('',*,*,#11411,.F.);
#11411 = EDGE_CURVE('',#9570,#11404,#11412,.T.);
#11412 = LINE('',#11413,#11414);
#11413 = CARTESIAN_POINT('',(185.1,122.67431578065,39.));
#11414 = VECTOR('',#11415,1.);
#11415 = DIRECTION('',(0.,0.,1.));
#11416 = ORIENTED_EDGE('',*,*,#9577,.F.);
#11417 = PLANE('',#11418);
#11418 = AXIS2_PLACEMENT_3D('',#11419,#11420,#11421);
#11419 = CARTESIAN_POINT('',(188.,124.3486315613,39.));
#11420 = DIRECTION('',(0.5,-0.866025403784,0.));
#11421 = DIRECTION('',(-0.866025403784,-0.5,0.));
#11422 = ADVANCED_FACE('',(#11423),#11441,.T.);
#11423 = FACE_BOUND('',#11424,.T.);
#11424 = EDGE_LOOP('',(#11425,#11433,#11439,#11440));
#11425 = ORIENTED_EDGE('',*,*,#11426,.T.);
#11426 = EDGE_CURVE('',#9554,#11427,#11429,.T.);
#11427 = VERTEX_POINT('',#11428);
#11428 = CARTESIAN_POINT('',(188.,117.6513684387,41.6));
#11429 = LINE('',#11430,#11431);
#11430 = CARTESIAN_POINT('',(188.,117.6513684387,39.));
#11431 = VECTOR('',#11432,1.);
#11432 = DIRECTION('',(0.,0.,1.));
#11433 = ORIENTED_EDGE('',*,*,#11434,.T.);
#11434 = EDGE_CURVE('',#11427,#11379,#11435,.T.);
#11435 = LINE('',#11436,#11437);
#11436 = CARTESIAN_POINT('',(188.,117.6513684387,41.6));
#11437 = VECTOR('',#11438,1.);
#11438 = DIRECTION('',(0.866025403784,0.5,0.));
#11439 = ORIENTED_EDGE('',*,*,#11378,.F.);
#11440 = ORIENTED_EDGE('',*,*,#9553,.F.);
#11441 = PLANE('',#11442);
#11442 = AXIS2_PLACEMENT_3D('',#11443,#11444,#11445);
#11443 = CARTESIAN_POINT('',(188.,117.6513684387,39.));
#11444 = DIRECTION('',(-0.5,0.866025403784,0.));
#11445 = DIRECTION('',(0.866025403784,0.5,0.));
#11446 = ADVANCED_FACE('',(#11447),#11465,.T.);
#11447 = FACE_BOUND('',#11448,.T.);
#11448 = EDGE_LOOP('',(#11449,#11450,#11458,#11464));
#11449 = ORIENTED_EDGE('',*,*,#11411,.T.);
#11450 = ORIENTED_EDGE('',*,*,#11451,.T.);
#11451 = EDGE_CURVE('',#11404,#11452,#11454,.T.);
#11452 = VERTEX_POINT('',#11453);
#11453 = CARTESIAN_POINT('',(185.1,119.32568421935,41.6));
#11454 = LINE('',#11455,#11456);
#11455 = CARTESIAN_POINT('',(185.1,122.67431578065,41.6));
#11456 = VECTOR('',#11457,1.);
#11457 = DIRECTION('',(0.,-1.,0.));
#11458 = ORIENTED_EDGE('',*,*,#11459,.F.);
#11459 = EDGE_CURVE('',#9562,#11452,#11460,.T.);
#11460 = LINE('',#11461,#11462);
#11461 = CARTESIAN_POINT('',(185.1,119.32568421935,39.));
#11462 = VECTOR('',#11463,1.);
#11463 = DIRECTION('',(0.,0.,1.));
#11464 = ORIENTED_EDGE('',*,*,#9569,.F.);
#11465 = PLANE('',#11466);
#11466 = AXIS2_PLACEMENT_3D('',#11467,#11468,#11469);
#11467 = CARTESIAN_POINT('',(185.1,122.67431578065,39.));
#11468 = DIRECTION('',(1.,0.,0.));
#11469 = DIRECTION('',(0.,-1.,0.));
#11470 = ADVANCED_FACE('',(#11471),#11482,.T.);
#11471 = FACE_BOUND('',#11472,.T.);
#11472 = EDGE_LOOP('',(#11473,#11474,#11480,#11481));
#11473 = ORIENTED_EDGE('',*,*,#11459,.T.);
#11474 = ORIENTED_EDGE('',*,*,#11475,.T.);
#11475 = EDGE_CURVE('',#11452,#11427,#11476,.T.);
#11476 = LINE('',#11477,#11478);
#11477 = CARTESIAN_POINT('',(185.1,119.32568421935,41.6));
#11478 = VECTOR('',#11479,1.);
#11479 = DIRECTION('',(0.866025403784,-0.5,0.));
#11480 = ORIENTED_EDGE('',*,*,#11426,.F.);
#11481 = ORIENTED_EDGE('',*,*,#9561,.F.);
#11482 = PLANE('',#11483);
#11483 = AXIS2_PLACEMENT_3D('',#11484,#11485,#11486);
#11484 = CARTESIAN_POINT('',(185.1,119.32568421935,39.));
#11485 = DIRECTION('',(0.5,0.866025403784,0.));
#11486 = DIRECTION('',(0.866025403784,-0.5,0.));
#11487 = ADVANCED_FACE('',(#11488),#11513,.T.);
#11488 = FACE_BOUND('',#11489,.T.);
#11489 = EDGE_LOOP('',(#11490,#11498,#11506,#11512));
#11490 = ORIENTED_EDGE('',*,*,#11491,.T.);
#11491 = EDGE_CURVE('',#9586,#11492,#11494,.T.);
#11492 = VERTEX_POINT('',#11493);
#11493 = CARTESIAN_POINT('',(190.9,183.67431578065,41.6));
#11494 = LINE('',#11495,#11496);
#11495 = CARTESIAN_POINT('',(190.9,183.67431578065,39.));
#11496 = VECTOR('',#11497,1.);
#11497 = DIRECTION('',(0.,0.,1.));
#11498 = ORIENTED_EDGE('',*,*,#11499,.T.);
#11499 = EDGE_CURVE('',#11492,#11500,#11502,.T.);
#11500 = VERTEX_POINT('',#11501);
#11501 = CARTESIAN_POINT('',(188.,185.3486315613,41.6));
#11502 = LINE('',#11503,#11504);
#11503 = CARTESIAN_POINT('',(190.9,183.67431578065,41.6));
#11504 = VECTOR('',#11505,1.);
#11505 = DIRECTION('',(-0.866025403784,0.5,0.));
#11506 = ORIENTED_EDGE('',*,*,#11507,.F.);
#11507 = EDGE_CURVE('',#9588,#11500,#11508,.T.);
#11508 = LINE('',#11509,#11510);
#11509 = CARTESIAN_POINT('',(188.,185.3486315613,39.));
#11510 = VECTOR('',#11511,1.);
#11511 = DIRECTION('',(0.,0.,1.));
#11512 = ORIENTED_EDGE('',*,*,#9585,.F.);
#11513 = PLANE('',#11514);
#11514 = AXIS2_PLACEMENT_3D('',#11515,#11516,#11517);
#11515 = CARTESIAN_POINT('',(190.9,183.67431578065,39.));
#11516 = DIRECTION('',(-0.5,-0.866025403784,0.));
#11517 = DIRECTION('',(-0.866025403784,0.5,0.));
#11518 = ADVANCED_FACE('',(#11519),#11537,.T.);
#11519 = FACE_BOUND('',#11520,.T.);
#11520 = EDGE_LOOP('',(#11521,#11529,#11535,#11536));
#11521 = ORIENTED_EDGE('',*,*,#11522,.T.);
#11522 = EDGE_CURVE('',#9596,#11523,#11525,.T.);
#11523 = VERTEX_POINT('',#11524);
#11524 = CARTESIAN_POINT('',(190.9,180.32568421935,41.6));
#11525 = LINE('',#11526,#11527);
#11526 = CARTESIAN_POINT('',(190.9,180.32568421935,39.));
#11527 = VECTOR('',#11528,1.);
#11528 = DIRECTION('',(0.,0.,1.));
#11529 = ORIENTED_EDGE('',*,*,#11530,.T.);
#11530 = EDGE_CURVE('',#11523,#11492,#11531,.T.);
#11531 = LINE('',#11532,#11533);
#11532 = CARTESIAN_POINT('',(190.9,180.32568421935,41.6));
#11533 = VECTOR('',#11534,1.);
#11534 = DIRECTION('',(0.,1.,0.));
#11535 = ORIENTED_EDGE('',*,*,#11491,.F.);
#11536 = ORIENTED_EDGE('',*,*,#9595,.F.);
#11537 = PLANE('',#11538);
#11538 = AXIS2_PLACEMENT_3D('',#11539,#11540,#11541);
#11539 = CARTESIAN_POINT('',(190.9,180.32568421935,39.));
#11540 = DIRECTION('',(-1.,0.,0.));
#11541 = DIRECTION('',(0.,1.,0.));
#11542 = ADVANCED_FACE('',(#11543),#11561,.T.);
#11543 = FACE_BOUND('',#11544,.T.);
#11544 = EDGE_LOOP('',(#11545,#11546,#11554,#11560));
#11545 = ORIENTED_EDGE('',*,*,#11507,.T.);
#11546 = ORIENTED_EDGE('',*,*,#11547,.T.);
#11547 = EDGE_CURVE('',#11500,#11548,#11550,.T.);
#11548 = VERTEX_POINT('',#11549);
#11549 = CARTESIAN_POINT('',(185.1,183.67431578065,41.6));
#11550 = LINE('',#11551,#11552);
#11551 = CARTESIAN_POINT('',(188.,185.3486315613,41.6));
#11552 = VECTOR('',#11553,1.);
#11553 = DIRECTION('',(-0.866025403784,-0.5,0.));
#11554 = ORIENTED_EDGE('',*,*,#11555,.F.);
#11555 = EDGE_CURVE('',#9620,#11548,#11556,.T.);
#11556 = LINE('',#11557,#11558);
#11557 = CARTESIAN_POINT('',(185.1,183.67431578065,39.));
#11558 = VECTOR('',#11559,1.);
#11559 = DIRECTION('',(0.,0.,1.));
#11560 = ORIENTED_EDGE('',*,*,#9627,.F.);
#11561 = PLANE('',#11562);
#11562 = AXIS2_PLACEMENT_3D('',#11563,#11564,#11565);
#11563 = CARTESIAN_POINT('',(188.,185.3486315613,39.));
#11564 = DIRECTION('',(0.5,-0.866025403784,0.));
#11565 = DIRECTION('',(-0.866025403784,-0.5,0.));
#11566 = ADVANCED_FACE('',(#11567),#11585,.T.);
#11567 = FACE_BOUND('',#11568,.T.);
#11568 = EDGE_LOOP('',(#11569,#11577,#11583,#11584));
#11569 = ORIENTED_EDGE('',*,*,#11570,.T.);
#11570 = EDGE_CURVE('',#9604,#11571,#11573,.T.);
#11571 = VERTEX_POINT('',#11572);
#11572 = CARTESIAN_POINT('',(188.,178.6513684387,41.6));
#11573 = LINE('',#11574,#11575);
#11574 = CARTESIAN_POINT('',(188.,178.6513684387,39.));
#11575 = VECTOR('',#11576,1.);
#11576 = DIRECTION('',(0.,0.,1.));
#11577 = ORIENTED_EDGE('',*,*,#11578,.T.);
#11578 = EDGE_CURVE('',#11571,#11523,#11579,.T.);
#11579 = LINE('',#11580,#11581);
#11580 = CARTESIAN_POINT('',(188.,178.6513684387,41.6));
#11581 = VECTOR('',#11582,1.);
#11582 = DIRECTION('',(0.866025403784,0.5,0.));
#11583 = ORIENTED_EDGE('',*,*,#11522,.F.);
#11584 = ORIENTED_EDGE('',*,*,#9603,.F.);
#11585 = PLANE('',#11586);
#11586 = AXIS2_PLACEMENT_3D('',#11587,#11588,#11589);
#11587 = CARTESIAN_POINT('',(188.,178.6513684387,39.));
#11588 = DIRECTION('',(-0.5,0.866025403784,0.));
#11589 = DIRECTION('',(0.866025403784,0.5,0.));
#11590 = ADVANCED_FACE('',(#11591),#11609,.T.);
#11591 = FACE_BOUND('',#11592,.T.);
#11592 = EDGE_LOOP('',(#11593,#11594,#11602,#11608));
#11593 = ORIENTED_EDGE('',*,*,#11555,.T.);
#11594 = ORIENTED_EDGE('',*,*,#11595,.T.);
#11595 = EDGE_CURVE('',#11548,#11596,#11598,.T.);
#11596 = VERTEX_POINT('',#11597);
#11597 = CARTESIAN_POINT('',(185.1,180.32568421935,41.6));
#11598 = LINE('',#11599,#11600);
#11599 = CARTESIAN_POINT('',(185.1,183.67431578065,41.6));
#11600 = VECTOR('',#11601,1.);
#11601 = DIRECTION('',(0.,-1.,0.));
#11602 = ORIENTED_EDGE('',*,*,#11603,.F.);
#11603 = EDGE_CURVE('',#9612,#11596,#11604,.T.);
#11604 = LINE('',#11605,#11606);
#11605 = CARTESIAN_POINT('',(185.1,180.32568421935,39.));
#11606 = VECTOR('',#11607,1.);
#11607 = DIRECTION('',(0.,0.,1.));
#11608 = ORIENTED_EDGE('',*,*,#9619,.F.);
#11609 = PLANE('',#11610);
#11610 = AXIS2_PLACEMENT_3D('',#11611,#11612,#11613);
#11611 = CARTESIAN_POINT('',(185.1,183.67431578065,39.));
#11612 = DIRECTION('',(1.,0.,0.));
#11613 = DIRECTION('',(0.,-1.,0.));
#11614 = ADVANCED_FACE('',(#11615),#11626,.T.);
#11615 = FACE_BOUND('',#11616,.T.);
#11616 = EDGE_LOOP('',(#11617,#11618,#11624,#11625));
#11617 = ORIENTED_EDGE('',*,*,#11603,.T.);
#11618 = ORIENTED_EDGE('',*,*,#11619,.T.);
#11619 = EDGE_CURVE('',#11596,#11571,#11620,.T.);
#11620 = LINE('',#11621,#11622);
#11621 = CARTESIAN_POINT('',(185.1,180.32568421935,41.6));
#11622 = VECTOR('',#11623,1.);
#11623 = DIRECTION('',(0.866025403784,-0.5,0.));
#11624 = ORIENTED_EDGE('',*,*,#11570,.F.);
#11625 = ORIENTED_EDGE('',*,*,#9611,.F.);
#11626 = PLANE('',#11627);
#11627 = AXIS2_PLACEMENT_3D('',#11628,#11629,#11630);
#11628 = CARTESIAN_POINT('',(185.1,180.32568421935,39.));
#11629 = DIRECTION('',(0.5,0.866025403784,0.));
#11630 = DIRECTION('',(0.866025403784,-0.5,0.));
#11631 = ADVANCED_FACE('',(#11632,#11640),#11651,.F.);
#11632 = FACE_BOUND('',#11633,.F.);
#11633 = EDGE_LOOP('',(#11634,#11635,#11636,#11637,#11638,#11639));
#11634 = ORIENTED_EDGE('',*,*,#10679,.T.);
#11635 = ORIENTED_EDGE('',*,*,#10727,.T.);
#11636 = ORIENTED_EDGE('',*,*,#10775,.T.);
#11637 = ORIENTED_EDGE('',*,*,#10799,.T.);
#11638 = ORIENTED_EDGE('',*,*,#10758,.T.);
#11639 = ORIENTED_EDGE('',*,*,#10710,.T.);
#11640 = FACE_BOUND('',#11641,.F.);
#11641 = EDGE_LOOP('',(#11642));
#11642 = ORIENTED_EDGE('',*,*,#11643,.F.);
#11643 = EDGE_CURVE('',#11644,#11644,#11646,.T.);
#11644 = VERTEX_POINT('',#11645);
#11645 = CARTESIAN_POINT('',(9.7,8.,41.6));
#11646 = CIRCLE('',#11647,1.7);
#11647 = AXIS2_PLACEMENT_3D('',#11648,#11649,#11650);
#11648 = CARTESIAN_POINT('',(8.,8.,41.6));
#11649 = DIRECTION('',(0.,0.,1.));
#11650 = DIRECTION('',(1.,0.,0.));
#11651 = PLANE('',#11652);
#11652 = AXIS2_PLACEMENT_3D('',#11653,#11654,#11655);
#11653 = CARTESIAN_POINT('',(8.,8.,41.6));
#11654 = DIRECTION('',(0.,0.,1.));
#11655 = DIRECTION('',(1.,0.,0.));
#11656 = ADVANCED_FACE('',(#11657,#11660),#11710,.F.);
#11657 = FACE_BOUND('',#11658,.F.);
#11658 = EDGE_LOOP('',(#11659));
#11659 = ORIENTED_EDGE('',*,*,#10824,.T.);
#11660 = FACE_BOUND('',#11661,.F.);
#11661 = EDGE_LOOP('',(#11662,#11672,#11680,#11688,#11696,#11704));
#11662 = ORIENTED_EDGE('',*,*,#11663,.F.);
#11663 = EDGE_CURVE('',#11664,#11666,#11668,.T.);
#11664 = VERTEX_POINT('',#11665);
#11665 = CARTESIAN_POINT('',(19.9,25.67431578065,19.));
#11666 = VERTEX_POINT('',#11667);
#11667 = CARTESIAN_POINT('',(17.,27.3486315613,19.));
#11668 = LINE('',#11669,#11670);
#11669 = CARTESIAN_POINT('',(19.9,25.67431578065,19.));
#11670 = VECTOR('',#11671,1.);
#11671 = DIRECTION('',(-0.866025403784,0.5,0.));
#11672 = ORIENTED_EDGE('',*,*,#11673,.F.);
#11673 = EDGE_CURVE('',#11674,#11664,#11676,.T.);
#11674 = VERTEX_POINT('',#11675);
#11675 = CARTESIAN_POINT('',(19.9,22.32568421935,19.));
#11676 = LINE('',#11677,#11678);
#11677 = CARTESIAN_POINT('',(19.9,22.32568421935,19.));
#11678 = VECTOR('',#11679,1.);
#11679 = DIRECTION('',(0.,1.,0.));
#11680 = ORIENTED_EDGE('',*,*,#11681,.F.);
#11681 = EDGE_CURVE('',#11682,#11674,#11684,.T.);
#11682 = VERTEX_POINT('',#11683);
#11683 = CARTESIAN_POINT('',(17.,20.6513684387,19.));
#11684 = LINE('',#11685,#11686);
#11685 = CARTESIAN_POINT('',(17.,20.6513684387,19.));
#11686 = VECTOR('',#11687,1.);
#11687 = DIRECTION('',(0.866025403784,0.5,0.));
#11688 = ORIENTED_EDGE('',*,*,#11689,.F.);
#11689 = EDGE_CURVE('',#11690,#11682,#11692,.T.);
#11690 = VERTEX_POINT('',#11691);
#11691 = CARTESIAN_POINT('',(14.1,22.32568421935,19.));
#11692 = LINE('',#11693,#11694);
#11693 = CARTESIAN_POINT('',(14.1,22.32568421935,19.));
#11694 = VECTOR('',#11695,1.);
#11695 = DIRECTION('',(0.866025403784,-0.5,0.));
#11696 = ORIENTED_EDGE('',*,*,#11697,.F.);
#11697 = EDGE_CURVE('',#11698,#11690,#11700,.T.);
#11698 = VERTEX_POINT('',#11699);
#11699 = CARTESIAN_POINT('',(14.1,25.67431578065,19.));
#11700 = LINE('',#11701,#11702);
#11701 = CARTESIAN_POINT('',(14.1,25.67431578065,19.));
#11702 = VECTOR('',#11703,1.);
#11703 = DIRECTION('',(0.,-1.,0.));
#11704 = ORIENTED_EDGE('',*,*,#11705,.F.);
#11705 = EDGE_CURVE('',#11666,#11698,#11706,.T.);
#11706 = LINE('',#11707,#11708);
#11707 = CARTESIAN_POINT('',(17.,27.3486315613,19.));
#11708 = VECTOR('',#11709,1.);
#11709 = DIRECTION('',(-0.866025403784,-0.5,0.));
#11710 = PLANE('',#11711);
#11711 = AXIS2_PLACEMENT_3D('',#11712,#11713,#11714);
#11712 = CARTESIAN_POINT('',(17.,24.,19.));
#11713 = DIRECTION('',(0.,0.,1.));
#11714 = DIRECTION('',(1.,0.,0.));
#11715 = ADVANCED_FACE('',(#11716,#11724),#11735,.F.);
#11716 = FACE_BOUND('',#11717,.F.);
#11717 = EDGE_LOOP('',(#11718,#11719,#11720,#11721,#11722,#11723));
#11718 = ORIENTED_EDGE('',*,*,#10848,.T.);
#11719 = ORIENTED_EDGE('',*,*,#10896,.T.);
#11720 = ORIENTED_EDGE('',*,*,#10944,.T.);
#11721 = ORIENTED_EDGE('',*,*,#10968,.T.);
#11722 = ORIENTED_EDGE('',*,*,#10927,.T.);
#11723 = ORIENTED_EDGE('',*,*,#10879,.T.);
#11724 = FACE_BOUND('',#11725,.F.);
#11725 = EDGE_LOOP('',(#11726));
#11726 = ORIENTED_EDGE('',*,*,#11727,.F.);
#11727 = EDGE_CURVE('',#11728,#11728,#11730,.T.);
#11728 = VERTEX_POINT('',#11729);
#11729 = CARTESIAN_POINT('',(189.7,8.,41.6));
#11730 = CIRCLE('',#11731,1.7);
#11731 = AXIS2_PLACEMENT_3D('',#11732,#11733,#11734);
#11732 = CARTESIAN_POINT('',(188.,8.,41.6));
#11733 = DIRECTION('',(0.,0.,1.));
#11734 = DIRECTION('',(1.,0.,0.));
#11735 = PLANE('',#11736);
#11736 = AXIS2_PLACEMENT_3D('',#11737,#11738,#11739);
#11737 = CARTESIAN_POINT('',(188.,8.,41.6));
#11738 = DIRECTION('',(0.,0.,1.));
#11739 = DIRECTION('',(1.,0.,0.));
#11740 = ADVANCED_FACE('',(#11741,#11744),#11794,.F.);
#11741 = FACE_BOUND('',#11742,.F.);
#11742 = EDGE_LOOP('',(#11743));
#11743 = ORIENTED_EDGE('',*,*,#10993,.T.);
#11744 = FACE_BOUND('',#11745,.F.);
#11745 = EDGE_LOOP('',(#11746,#11756,#11764,#11772,#11780,#11788));
#11746 = ORIENTED_EDGE('',*,*,#11747,.F.);
#11747 = EDGE_CURVE('',#11748,#11750,#11752,.T.);
#11748 = VERTEX_POINT('',#11749);
#11749 = CARTESIAN_POINT('',(181.9,25.67431578065,19.));
#11750 = VERTEX_POINT('',#11751);
#11751 = CARTESIAN_POINT('',(179.,27.3486315613,19.));
#11752 = LINE('',#11753,#11754);
#11753 = CARTESIAN_POINT('',(181.9,25.67431578065,19.));
#11754 = VECTOR('',#11755,1.);
#11755 = DIRECTION('',(-0.866025403784,0.5,0.));
#11756 = ORIENTED_EDGE('',*,*,#11757,.F.);
#11757 = EDGE_CURVE('',#11758,#11748,#11760,.T.);
#11758 = VERTEX_POINT('',#11759);
#11759 = CARTESIAN_POINT('',(181.9,22.32568421935,19.));
#11760 = LINE('',#11761,#11762);
#11761 = CARTESIAN_POINT('',(181.9,22.32568421935,19.));
#11762 = VECTOR('',#11763,1.);
#11763 = DIRECTION('',(0.,1.,0.));
#11764 = ORIENTED_EDGE('',*,*,#11765,.F.);
#11765 = EDGE_CURVE('',#11766,#11758,#11768,.T.);
#11766 = VERTEX_POINT('',#11767);
#11767 = CARTESIAN_POINT('',(179.,20.6513684387,19.));
#11768 = LINE('',#11769,#11770);
#11769 = CARTESIAN_POINT('',(179.,20.6513684387,19.));
#11770 = VECTOR('',#11771,1.);
#11771 = DIRECTION('',(0.866025403784,0.5,0.));
#11772 = ORIENTED_EDGE('',*,*,#11773,.F.);
#11773 = EDGE_CURVE('',#11774,#11766,#11776,.T.);
#11774 = VERTEX_POINT('',#11775);
#11775 = CARTESIAN_POINT('',(176.1,22.32568421935,19.));
#11776 = LINE('',#11777,#11778);
#11777 = CARTESIAN_POINT('',(176.1,22.32568421935,19.));
#11778 = VECTOR('',#11779,1.);
#11779 = DIRECTION('',(0.866025403784,-0.5,0.));
#11780 = ORIENTED_EDGE('',*,*,#11781,.F.);
#11781 = EDGE_CURVE('',#11782,#11774,#11784,.T.);
#11782 = VERTEX_POINT('',#11783);
#11783 = CARTESIAN_POINT('',(176.1,25.67431578065,19.));
#11784 = LINE('',#11785,#11786);
#11785 = CARTESIAN_POINT('',(176.1,25.67431578065,19.));
#11786 = VECTOR('',#11787,1.);
#11787 = DIRECTION('',(0.,-1.,0.));
#11788 = ORIENTED_EDGE('',*,*,#11789,.F.);
#11789 = EDGE_CURVE('',#11750,#11782,#11790,.T.);
#11790 = LINE('',#11791,#11792);
#11791 = CARTESIAN_POINT('',(179.,27.3486315613,19.));
#11792 = VECTOR('',#11793,1.);
#11793 = DIRECTION('',(-0.866025403784,-0.5,0.));
#11794 = PLANE('',#11795);
#11795 = AXIS2_PLACEMENT_3D('',#11796,#11797,#11798);
#11796 = CARTESIAN_POINT('',(179.,24.,19.));
#11797 = DIRECTION('',(0.,0.,1.));
#11798 = DIRECTION('',(1.,0.,0.));
#11799 = ADVANCED_FACE('',(#11800,#11803),#11853,.F.);
#11800 = FACE_BOUND('',#11801,.F.);
#11801 = EDGE_LOOP('',(#11802));
#11802 = ORIENTED_EDGE('',*,*,#11018,.T.);
#11803 = FACE_BOUND('',#11804,.F.);
#11804 = EDGE_LOOP('',(#11805,#11815,#11823,#11831,#11839,#11847));
#11805 = ORIENTED_EDGE('',*,*,#11806,.F.);
#11806 = EDGE_CURVE('',#11807,#11809,#11811,.T.);
#11807 = VERTEX_POINT('',#11808);
#11808 = CARTESIAN_POINT('',(19.9,100.67431578065,19.));
#11809 = VERTEX_POINT('',#11810);
#11810 = CARTESIAN_POINT('',(17.,102.3486315613,19.));
#11811 = LINE('',#11812,#11813);
#11812 = CARTESIAN_POINT('',(19.9,100.67431578065,19.));
#11813 = VECTOR('',#11814,1.);
#11814 = DIRECTION('',(-0.866025403784,0.5,0.));
#11815 = ORIENTED_EDGE('',*,*,#11816,.F.);
#11816 = EDGE_CURVE('',#11817,#11807,#11819,.T.);
#11817 = VERTEX_POINT('',#11818);
#11818 = CARTESIAN_POINT('',(19.9,97.32568421935,19.));
#11819 = LINE('',#11820,#11821);
#11820 = CARTESIAN_POINT('',(19.9,97.32568421935,19.));
#11821 = VECTOR('',#11822,1.);
#11822 = DIRECTION('',(0.,1.,0.));
#11823 = ORIENTED_EDGE('',*,*,#11824,.F.);
#11824 = EDGE_CURVE('',#11825,#11817,#11827,.T.);
#11825 = VERTEX_POINT('',#11826);
#11826 = CARTESIAN_POINT('',(17.,95.6513684387,19.));
#11827 = LINE('',#11828,#11829);
#11828 = CARTESIAN_POINT('',(17.,95.6513684387,19.));
#11829 = VECTOR('',#11830,1.);
#11830 = DIRECTION('',(0.866025403784,0.5,0.));
#11831 = ORIENTED_EDGE('',*,*,#11832,.F.);
#11832 = EDGE_CURVE('',#11833,#11825,#11835,.T.);
#11833 = VERTEX_POINT('',#11834);
#11834 = CARTESIAN_POINT('',(14.1,97.32568421935,19.));
#11835 = LINE('',#11836,#11837);
#11836 = CARTESIAN_POINT('',(14.1,97.32568421935,19.));
#11837 = VECTOR('',#11838,1.);
#11838 = DIRECTION('',(0.866025403784,-0.5,0.));
#11839 = ORIENTED_EDGE('',*,*,#11840,.F.);
#11840 = EDGE_CURVE('',#11841,#11833,#11843,.T.);
#11841 = VERTEX_POINT('',#11842);
#11842 = CARTESIAN_POINT('',(14.1,100.67431578065,19.));
#11843 = LINE('',#11844,#11845);
#11844 = CARTESIAN_POINT('',(14.1,100.67431578065,19.));
#11845 = VECTOR('',#11846,1.);
#11846 = DIRECTION('',(0.,-1.,0.));
#11847 = ORIENTED_EDGE('',*,*,#11848,.F.);
#11848 = EDGE_CURVE('',#11809,#11841,#11849,.T.);
#11849 = LINE('',#11850,#11851);
#11850 = CARTESIAN_POINT('',(17.,102.3486315613,19.));
#11851 = VECTOR('',#11852,1.);
#11852 = DIRECTION('',(-0.866025403784,-0.5,0.));
#11853 = PLANE('',#11854);
#11854 = AXIS2_PLACEMENT_3D('',#11855,#11856,#11857);
#11855 = CARTESIAN_POINT('',(17.,99.,19.));
#11856 = DIRECTION('',(0.,0.,1.));
#11857 = DIRECTION('',(1.,0.,0.));
#11858 = ADVANCED_FACE('',(#11859,#11867),#11878,.F.);
#11859 = FACE_BOUND('',#11860,.F.);
#11860 = EDGE_LOOP('',(#11861,#11862,#11863,#11864,#11865,#11866));
#11861 = ORIENTED_EDGE('',*,*,#11042,.T.);
#11862 = ORIENTED_EDGE('',*,*,#11090,.T.);
#11863 = ORIENTED_EDGE('',*,*,#11138,.T.);
#11864 = ORIENTED_EDGE('',*,*,#11162,.T.);
#11865 = ORIENTED_EDGE('',*,*,#11121,.T.);
#11866 = ORIENTED_EDGE('',*,*,#11073,.T.);
#11867 = FACE_BOUND('',#11868,.F.);
#11868 = EDGE_LOOP('',(#11869));
#11869 = ORIENTED_EDGE('',*,*,#11870,.F.);
#11870 = EDGE_CURVE('',#11871,#11871,#11873,.T.);
#11871 = VERTEX_POINT('',#11872);
#11872 = CARTESIAN_POINT('',(9.7,121.,41.6));
#11873 = CIRCLE('',#11874,1.7);
#11874 = AXIS2_PLACEMENT_3D('',#11875,#11876,#11877);
#11875 = CARTESIAN_POINT('',(8.,121.,41.6));
#11876 = DIRECTION('',(0.,0.,1.));
#11877 = DIRECTION('',(1.,0.,0.));
#11878 = PLANE('',#11879);
#11879 = AXIS2_PLACEMENT_3D('',#11880,#11881,#11882);
#11880 = CARTESIAN_POINT('',(8.,121.,41.6));
#11881 = DIRECTION('',(0.,0.,1.));
#11882 = DIRECTION('',(1.,0.,0.));
#11883 = ADVANCED_FACE('',(#11884,#11892),#11903,.F.);
#11884 = FACE_BOUND('',#11885,.F.);
#11885 = EDGE_LOOP('',(#11886,#11887,#11888,#11889,#11890,#11891));
#11886 = ORIENTED_EDGE('',*,*,#11186,.T.);
#11887 = ORIENTED_EDGE('',*,*,#11234,.T.);
#11888 = ORIENTED_EDGE('',*,*,#11282,.T.);
#11889 = ORIENTED_EDGE('',*,*,#11306,.T.);
#11890 = ORIENTED_EDGE('',*,*,#11265,.T.);
#11891 = ORIENTED_EDGE('',*,*,#11217,.T.);
#11892 = FACE_BOUND('',#11893,.F.);
#11893 = EDGE_LOOP('',(#11894));
#11894 = ORIENTED_EDGE('',*,*,#11895,.F.);
#11895 = EDGE_CURVE('',#11896,#11896,#11898,.T.);
#11896 = VERTEX_POINT('',#11897);
#11897 = CARTESIAN_POINT('',(9.7,182.,41.6));
#11898 = CIRCLE('',#11899,1.7);
#11899 = AXIS2_PLACEMENT_3D('',#11900,#11901,#11902);
#11900 = CARTESIAN_POINT('',(8.,182.,41.6));
#11901 = DIRECTION('',(0.,0.,1.));
#11902 = DIRECTION('',(1.,0.,0.));
#11903 = PLANE('',#11904);
#11904 = AXIS2_PLACEMENT_3D('',#11905,#11906,#11907);
#11905 = CARTESIAN_POINT('',(8.,182.,41.6));
#11906 = DIRECTION('',(0.,0.,1.));
#11907 = DIRECTION('',(1.,0.,0.));
#11908 = ADVANCED_FACE('',(#11909,#11912),#11962,.F.);
#11909 = FACE_BOUND('',#11910,.F.);
#11910 = EDGE_LOOP('',(#11911));
#11911 = ORIENTED_EDGE('',*,*,#11331,.T.);
#11912 = FACE_BOUND('',#11913,.F.);
#11913 = EDGE_LOOP('',(#11914,#11924,#11932,#11940,#11948,#11956));
#11914 = ORIENTED_EDGE('',*,*,#11915,.F.);
#11915 = EDGE_CURVE('',#11916,#11918,#11920,.T.);
#11916 = VERTEX_POINT('',#11917);
#11917 = CARTESIAN_POINT('',(181.9,100.67431578065,19.));
#11918 = VERTEX_POINT('',#11919);
#11919 = CARTESIAN_POINT('',(179.,102.3486315613,19.));
#11920 = LINE('',#11921,#11922);
#11921 = CARTESIAN_POINT('',(181.9,100.67431578065,19.));
#11922 = VECTOR('',#11923,1.);
#11923 = DIRECTION('',(-0.866025403784,0.5,0.));
#11924 = ORIENTED_EDGE('',*,*,#11925,.F.);
#11925 = EDGE_CURVE('',#11926,#11916,#11928,.T.);
#11926 = VERTEX_POINT('',#11927);
#11927 = CARTESIAN_POINT('',(181.9,97.32568421935,19.));
#11928 = LINE('',#11929,#11930);
#11929 = CARTESIAN_POINT('',(181.9,97.32568421935,19.));
#11930 = VECTOR('',#11931,1.);
#11931 = DIRECTION('',(0.,1.,0.));
#11932 = ORIENTED_EDGE('',*,*,#11933,.F.);
#11933 = EDGE_CURVE('',#11934,#11926,#11936,.T.);
#11934 = VERTEX_POINT('',#11935);
#11935 = CARTESIAN_POINT('',(179.,95.6513684387,19.));
#11936 = LINE('',#11937,#11938);
#11937 = CARTESIAN_POINT('',(179.,95.6513684387,19.));
#11938 = VECTOR('',#11939,1.);
#11939 = DIRECTION('',(0.866025403784,0.5,0.));
#11940 = ORIENTED_EDGE('',*,*,#11941,.F.);
#11941 = EDGE_CURVE('',#11942,#11934,#11944,.T.);
#11942 = VERTEX_POINT('',#11943);
#11943 = CARTESIAN_POINT('',(176.1,97.32568421935,19.));
#11944 = LINE('',#11945,#11946);
#11945 = CARTESIAN_POINT('',(176.1,97.32568421935,19.));
#11946 = VECTOR('',#11947,1.);
#11947 = DIRECTION('',(0.866025403784,-0.5,0.));
#11948 = ORIENTED_EDGE('',*,*,#11949,.F.);
#11949 = EDGE_CURVE('',#11950,#11942,#11952,.T.);
#11950 = VERTEX_POINT('',#11951);
#11951 = CARTESIAN_POINT('',(176.1,100.67431578065,19.));
#11952 = LINE('',#11953,#11954);
#11953 = CARTESIAN_POINT('',(176.1,100.67431578065,19.));
#11954 = VECTOR('',#11955,1.);
#11955 = DIRECTION('',(0.,-1.,0.));
#11956 = ORIENTED_EDGE('',*,*,#11957,.F.);
#11957 = EDGE_CURVE('',#11918,#11950,#11958,.T.);
#11958 = LINE('',#11959,#11960);
#11959 = CARTESIAN_POINT('',(179.,102.3486315613,19.));
#11960 = VECTOR('',#11961,1.);
#11961 = DIRECTION('',(-0.866025403784,-0.5,0.));
#11962 = PLANE('',#11963);
#11963 = AXIS2_PLACEMENT_3D('',#11964,#11965,#11966);
#11964 = CARTESIAN_POINT('',(179.,99.,19.));
#11965 = DIRECTION('',(0.,0.,1.));
#11966 = DIRECTION('',(1.,0.,0.));
#11967 = ADVANCED_FACE('',(#11968,#11976),#11987,.F.);
#11968 = FACE_BOUND('',#11969,.F.);
#11969 = EDGE_LOOP('',(#11970,#11971,#11972,#11973,#11974,#11975));
#11970 = ORIENTED_EDGE('',*,*,#11355,.T.);
#11971 = ORIENTED_EDGE('',*,*,#11403,.T.);
#11972 = ORIENTED_EDGE('',*,*,#11451,.T.);
#11973 = ORIENTED_EDGE('',*,*,#11475,.T.);
#11974 = ORIENTED_EDGE('',*,*,#11434,.T.);
#11975 = ORIENTED_EDGE('',*,*,#11386,.T.);
#11976 = FACE_BOUND('',#11977,.F.);
#11977 = EDGE_LOOP('',(#11978));
#11978 = ORIENTED_EDGE('',*,*,#11979,.F.);
#11979 = EDGE_CURVE('',#11980,#11980,#11982,.T.);
#11980 = VERTEX_POINT('',#11981);
#11981 = CARTESIAN_POINT('',(189.7,121.,41.6));
#11982 = CIRCLE('',#11983,1.7);
#11983 = AXIS2_PLACEMENT_3D('',#11984,#11985,#11986);
#11984 = CARTESIAN_POINT('',(188.,121.,41.6));
#11985 = DIRECTION('',(0.,0.,1.));
#11986 = DIRECTION('',(1.,0.,0.));
#11987 = PLANE('',#11988);
#11988 = AXIS2_PLACEMENT_3D('',#11989,#11990,#11991);
#11989 = CARTESIAN_POINT('',(188.,121.,41.6));
#11990 = DIRECTION('',(0.,0.,1.));
#11991 = DIRECTION('',(1.,0.,0.));
#11992 = ADVANCED_FACE('',(#11993,#12001),#12012,.F.);
#11993 = FACE_BOUND('',#11994,.F.);
#11994 = EDGE_LOOP('',(#11995,#11996,#11997,#11998,#11999,#12000));
#11995 = ORIENTED_EDGE('',*,*,#11499,.T.);
#11996 = ORIENTED_EDGE('',*,*,#11547,.T.);
#11997 = ORIENTED_EDGE('',*,*,#11595,.T.);
#11998 = ORIENTED_EDGE('',*,*,#11619,.T.);
#11999 = ORIENTED_EDGE('',*,*,#11578,.T.);
#12000 = ORIENTED_EDGE('',*,*,#11530,.T.);
#12001 = FACE_BOUND('',#12002,.F.);
#12002 = EDGE_LOOP('',(#12003));
#12003 = ORIENTED_EDGE('',*,*,#12004,.F.);
#12004 = EDGE_CURVE('',#12005,#12005,#12007,.T.);
#12005 = VERTEX_POINT('',#12006);
#12006 = CARTESIAN_POINT('',(189.7,182.,41.6));
#12007 = CIRCLE('',#12008,1.7);
#12008 = AXIS2_PLACEMENT_3D('',#12009,#12010,#12011);
#12009 = CARTESIAN_POINT('',(188.,182.,41.6));
#12010 = DIRECTION('',(0.,0.,1.));
#12011 = DIRECTION('',(1.,0.,0.));
#12012 = PLANE('',#12013);
#12013 = AXIS2_PLACEMENT_3D('',#12014,#12015,#12016);
#12014 = CARTESIAN_POINT('',(188.,182.,41.6));
#12015 = DIRECTION('',(0.,0.,1.));
#12016 = DIRECTION('',(1.,0.,0.));
#12017 = ADVANCED_FACE('',(#12018),#12037,.F.);
#12018 = FACE_BOUND('',#12019,.F.);
#12019 = EDGE_LOOP('',(#12020,#12028,#12035,#12036));
#12020 = ORIENTED_EDGE('',*,*,#12021,.T.);
#12021 = EDGE_CURVE('',#11644,#12022,#12024,.T.);
#12022 = VERTEX_POINT('',#12023);
#12023 = CARTESIAN_POINT('',(9.7,8.,42.5));
#12024 = LINE('',#12025,#12026);
#12025 = CARTESIAN_POINT('',(9.7,8.,39.));
#12026 = VECTOR('',#12027,1.);
#12027 = DIRECTION('',(0.,0.,1.));
#12028 = ORIENTED_EDGE('',*,*,#12029,.F.);
#12029 = EDGE_CURVE('',#12022,#12022,#12030,.T.);
#12030 = CIRCLE('',#12031,1.7);
#12031 = AXIS2_PLACEMENT_3D('',#12032,#12033,#12034);
#12032 = CARTESIAN_POINT('',(8.,8.,42.5));
#12033 = DIRECTION('',(0.,0.,1.));
#12034 = DIRECTION('',(1.,0.,0.));
#12035 = ORIENTED_EDGE('',*,*,#12021,.F.);
#12036 = ORIENTED_EDGE('',*,*,#11643,.T.);
#12037 = CYLINDRICAL_SURFACE('',#12038,1.7);
#12038 = AXIS2_PLACEMENT_3D('',#12039,#12040,#12041);
#12039 = CARTESIAN_POINT('',(8.,8.,39.));
#12040 = DIRECTION('',(0.,0.,1.));
#12041 = DIRECTION('',(1.,0.,0.));
#12042 = ADVANCED_FACE('',(#12043),#12068,.T.);
#12043 = FACE_BOUND('',#12044,.T.);
#12044 = EDGE_LOOP('',(#12045,#12053,#12061,#12067));
#12045 = ORIENTED_EDGE('',*,*,#12046,.T.);
#12046 = EDGE_CURVE('',#11664,#12047,#12049,.T.);
#12047 = VERTEX_POINT('',#12048);
#12048 = CARTESIAN_POINT('',(19.9,25.67431578065,21.6));
#12049 = LINE('',#12050,#12051);
#12050 = CARTESIAN_POINT('',(19.9,25.67431578065,19.));
#12051 = VECTOR('',#12052,1.);
#12052 = DIRECTION('',(0.,0.,1.));
#12053 = ORIENTED_EDGE('',*,*,#12054,.T.);
#12054 = EDGE_CURVE('',#12047,#12055,#12057,.T.);
#12055 = VERTEX_POINT('',#12056);
#12056 = CARTESIAN_POINT('',(17.,27.3486315613,21.6));
#12057 = LINE('',#12058,#12059);
#12058 = CARTESIAN_POINT('',(19.9,25.67431578065,21.6));
#12059 = VECTOR('',#12060,1.);
#12060 = DIRECTION('',(-0.866025403784,0.5,0.));
#12061 = ORIENTED_EDGE('',*,*,#12062,.F.);
#12062 = EDGE_CURVE('',#11666,#12055,#12063,.T.);
#12063 = LINE('',#12064,#12065);
#12064 = CARTESIAN_POINT('',(17.,27.3486315613,19.));
#12065 = VECTOR('',#12066,1.);
#12066 = DIRECTION('',(0.,0.,1.));
#12067 = ORIENTED_EDGE('',*,*,#11663,.F.);
#12068 = PLANE('',#12069);
#12069 = AXIS2_PLACEMENT_3D('',#12070,#12071,#12072);
#12070 = CARTESIAN_POINT('',(19.9,25.67431578065,19.));
#12071 = DIRECTION('',(-0.5,-0.866025403784,0.));
#12072 = DIRECTION('',(-0.866025403784,0.5,0.));
#12073 = ADVANCED_FACE('',(#12074),#12092,.T.);
#12074 = FACE_BOUND('',#12075,.T.);
#12075 = EDGE_LOOP('',(#12076,#12077,#12085,#12091));
#12076 = ORIENTED_EDGE('',*,*,#12062,.T.);
#12077 = ORIENTED_EDGE('',*,*,#12078,.T.);
#12078 = EDGE_CURVE('',#12055,#12079,#12081,.T.);
#12079 = VERTEX_POINT('',#12080);
#12080 = CARTESIAN_POINT('',(14.1,25.67431578065,21.6));
#12081 = LINE('',#12082,#12083);
#12082 = CARTESIAN_POINT('',(17.,27.3486315613,21.6));
#12083 = VECTOR('',#12084,1.);
#12084 = DIRECTION('',(-0.866025403784,-0.5,0.));
#12085 = ORIENTED_EDGE('',*,*,#12086,.F.);
#12086 = EDGE_CURVE('',#11698,#12079,#12087,.T.);
#12087 = LINE('',#12088,#12089);
#12088 = CARTESIAN_POINT('',(14.1,25.67431578065,19.));
#12089 = VECTOR('',#12090,1.);
#12090 = DIRECTION('',(0.,0.,1.));
#12091 = ORIENTED_EDGE('',*,*,#11705,.F.);
#12092 = PLANE('',#12093);
#12093 = AXIS2_PLACEMENT_3D('',#12094,#12095,#12096);
#12094 = CARTESIAN_POINT('',(17.,27.3486315613,19.));
#12095 = DIRECTION('',(0.5,-0.866025403784,0.));
#12096 = DIRECTION('',(-0.866025403784,-0.5,0.));
#12097 = ADVANCED_FACE('',(#12098),#12116,.T.);
#12098 = FACE_BOUND('',#12099,.T.);
#12099 = EDGE_LOOP('',(#12100,#12101,#12109,#12115));
#12100 = ORIENTED_EDGE('',*,*,#12086,.T.);
#12101 = ORIENTED_EDGE('',*,*,#12102,.T.);
#12102 = EDGE_CURVE('',#12079,#12103,#12105,.T.);
#12103 = VERTEX_POINT('',#12104);
#12104 = CARTESIAN_POINT('',(14.1,22.32568421935,21.6));
#12105 = LINE('',#12106,#12107);
#12106 = CARTESIAN_POINT('',(14.1,25.67431578065,21.6));
#12107 = VECTOR('',#12108,1.);
#12108 = DIRECTION('',(0.,-1.,0.));
#12109 = ORIENTED_EDGE('',*,*,#12110,.F.);
#12110 = EDGE_CURVE('',#11690,#12103,#12111,.T.);
#12111 = LINE('',#12112,#12113);
#12112 = CARTESIAN_POINT('',(14.1,22.32568421935,19.));
#12113 = VECTOR('',#12114,1.);
#12114 = DIRECTION('',(0.,0.,1.));
#12115 = ORIENTED_EDGE('',*,*,#11697,.F.);
#12116 = PLANE('',#12117);
#12117 = AXIS2_PLACEMENT_3D('',#12118,#12119,#12120);
#12118 = CARTESIAN_POINT('',(14.1,25.67431578065,19.));
#12119 = DIRECTION('',(1.,0.,0.));
#12120 = DIRECTION('',(0.,-1.,0.));
#12121 = ADVANCED_FACE('',(#12122),#12140,.T.);
#12122 = FACE_BOUND('',#12123,.T.);
#12123 = EDGE_LOOP('',(#12124,#12125,#12133,#12139));
#12124 = ORIENTED_EDGE('',*,*,#12110,.T.);
#12125 = ORIENTED_EDGE('',*,*,#12126,.T.);
#12126 = EDGE_CURVE('',#12103,#12127,#12129,.T.);
#12127 = VERTEX_POINT('',#12128);
#12128 = CARTESIAN_POINT('',(17.,20.6513684387,21.6));
#12129 = LINE('',#12130,#12131);
#12130 = CARTESIAN_POINT('',(14.1,22.32568421935,21.6));
#12131 = VECTOR('',#12132,1.);
#12132 = DIRECTION('',(0.866025403784,-0.5,0.));
#12133 = ORIENTED_EDGE('',*,*,#12134,.F.);
#12134 = EDGE_CURVE('',#11682,#12127,#12135,.T.);
#12135 = LINE('',#12136,#12137);
#12136 = CARTESIAN_POINT('',(17.,20.6513684387,19.));
#12137 = VECTOR('',#12138,1.);
#12138 = DIRECTION('',(0.,0.,1.));
#12139 = ORIENTED_EDGE('',*,*,#11689,.F.);
#12140 = PLANE('',#12141);
#12141 = AXIS2_PLACEMENT_3D('',#12142,#12143,#12144);
#12142 = CARTESIAN_POINT('',(14.1,22.32568421935,19.));
#12143 = DIRECTION('',(0.5,0.866025403784,0.));
#12144 = DIRECTION('',(0.866025403784,-0.5,0.));
#12145 = ADVANCED_FACE('',(#12146),#12164,.T.);
#12146 = FACE_BOUND('',#12147,.T.);
#12147 = EDGE_LOOP('',(#12148,#12149,#12157,#12163));
#12148 = ORIENTED_EDGE('',*,*,#12134,.T.);
#12149 = ORIENTED_EDGE('',*,*,#12150,.T.);
#12150 = EDGE_CURVE('',#12127,#12151,#12153,.T.);
#12151 = VERTEX_POINT('',#12152);
#12152 = CARTESIAN_POINT('',(19.9,22.32568421935,21.6));
#12153 = LINE('',#12154,#12155);
#12154 = CARTESIAN_POINT('',(17.,20.6513684387,21.6));
#12155 = VECTOR('',#12156,1.);
#12156 = DIRECTION('',(0.866025403784,0.5,0.));
#12157 = ORIENTED_EDGE('',*,*,#12158,.F.);
#12158 = EDGE_CURVE('',#11674,#12151,#12159,.T.);
#12159 = LINE('',#12160,#12161);
#12160 = CARTESIAN_POINT('',(19.9,22.32568421935,19.));
#12161 = VECTOR('',#12162,1.);
#12162 = DIRECTION('',(0.,0.,1.));
#12163 = ORIENTED_EDGE('',*,*,#11681,.F.);
#12164 = PLANE('',#12165);
#12165 = AXIS2_PLACEMENT_3D('',#12166,#12167,#12168);
#12166 = CARTESIAN_POINT('',(17.,20.6513684387,19.));
#12167 = DIRECTION('',(-0.5,0.866025403784,0.));
#12168 = DIRECTION('',(0.866025403784,0.5,0.));
#12169 = ADVANCED_FACE('',(#12170),#12181,.T.);
#12170 = FACE_BOUND('',#12171,.T.);
#12171 = EDGE_LOOP('',(#12172,#12173,#12179,#12180));
#12172 = ORIENTED_EDGE('',*,*,#12158,.T.);
#12173 = ORIENTED_EDGE('',*,*,#12174,.T.);
#12174 = EDGE_CURVE('',#12151,#12047,#12175,.T.);
#12175 = LINE('',#12176,#12177);
#12176 = CARTESIAN_POINT('',(19.9,22.32568421935,21.6));
#12177 = VECTOR('',#12178,1.);
#12178 = DIRECTION('',(0.,1.,0.));
#12179 = ORIENTED_EDGE('',*,*,#12046,.F.);
#12180 = ORIENTED_EDGE('',*,*,#11673,.F.);
#12181 = PLANE('',#12182);
#12182 = AXIS2_PLACEMENT_3D('',#12183,#12184,#12185);
#12183 = CARTESIAN_POINT('',(19.9,22.32568421935,19.));
#12184 = DIRECTION('',(-1.,0.,0.));
#12185 = DIRECTION('',(0.,1.,0.));
#12186 = ADVANCED_FACE('',(#12187),#12206,.F.);
#12187 = FACE_BOUND('',#12188,.F.);
#12188 = EDGE_LOOP('',(#12189,#12197,#12204,#12205));
#12189 = ORIENTED_EDGE('',*,*,#12190,.T.);
#12190 = EDGE_CURVE('',#11728,#12191,#12193,.T.);
#12191 = VERTEX_POINT('',#12192);
#12192 = CARTESIAN_POINT('',(189.7,8.,42.5));
#12193 = LINE('',#12194,#12195);
#12194 = CARTESIAN_POINT('',(189.7,8.,39.));
#12195 = VECTOR('',#12196,1.);
#12196 = DIRECTION('',(0.,0.,1.));
#12197 = ORIENTED_EDGE('',*,*,#12198,.F.);
#12198 = EDGE_CURVE('',#12191,#12191,#12199,.T.);
#12199 = CIRCLE('',#12200,1.7);
#12200 = AXIS2_PLACEMENT_3D('',#12201,#12202,#12203);
#12201 = CARTESIAN_POINT('',(188.,8.,42.5));
#12202 = DIRECTION('',(0.,0.,1.));
#12203 = DIRECTION('',(1.,0.,0.));
#12204 = ORIENTED_EDGE('',*,*,#12190,.F.);
#12205 = ORIENTED_EDGE('',*,*,#11727,.T.);
#12206 = CYLINDRICAL_SURFACE('',#12207,1.7);
#12207 = AXIS2_PLACEMENT_3D('',#12208,#12209,#12210);
#12208 = CARTESIAN_POINT('',(188.,8.,39.));
#12209 = DIRECTION('',(0.,0.,1.));
#12210 = DIRECTION('',(1.,0.,0.));
#12211 = ADVANCED_FACE('',(#12212),#12237,.T.);
#12212 = FACE_BOUND('',#12213,.T.);
#12213 = EDGE_LOOP('',(#12214,#12222,#12230,#12236));
#12214 = ORIENTED_EDGE('',*,*,#12215,.T.);
#12215 = EDGE_CURVE('',#11748,#12216,#12218,.T.);
#12216 = VERTEX_POINT('',#12217);
#12217 = CARTESIAN_POINT('',(181.9,25.67431578065,21.6));
#12218 = LINE('',#12219,#12220);
#12219 = CARTESIAN_POINT('',(181.9,25.67431578065,19.));
#12220 = VECTOR('',#12221,1.);
#12221 = DIRECTION('',(0.,0.,1.));
#12222 = ORIENTED_EDGE('',*,*,#12223,.T.);
#12223 = EDGE_CURVE('',#12216,#12224,#12226,.T.);
#12224 = VERTEX_POINT('',#12225);
#12225 = CARTESIAN_POINT('',(179.,27.3486315613,21.6));
#12226 = LINE('',#12227,#12228);
#12227 = CARTESIAN_POINT('',(181.9,25.67431578065,21.6));
#12228 = VECTOR('',#12229,1.);
#12229 = DIRECTION('',(-0.866025403784,0.5,0.));
#12230 = ORIENTED_EDGE('',*,*,#12231,.F.);
#12231 = EDGE_CURVE('',#11750,#12224,#12232,.T.);
#12232 = LINE('',#12233,#12234);
#12233 = CARTESIAN_POINT('',(179.,27.3486315613,19.));
#12234 = VECTOR('',#12235,1.);
#12235 = DIRECTION('',(0.,0.,1.));
#12236 = ORIENTED_EDGE('',*,*,#11747,.F.);
#12237 = PLANE('',#12238);
#12238 = AXIS2_PLACEMENT_3D('',#12239,#12240,#12241);
#12239 = CARTESIAN_POINT('',(181.9,25.67431578065,19.));
#12240 = DIRECTION('',(-0.5,-0.866025403784,0.));
#12241 = DIRECTION('',(-0.866025403784,0.5,0.));
#12242 = ADVANCED_FACE('',(#12243),#12261,.T.);
#12243 = FACE_BOUND('',#12244,.T.);
#12244 = EDGE_LOOP('',(#12245,#12246,#12254,#12260));
#12245 = ORIENTED_EDGE('',*,*,#12231,.T.);
#12246 = ORIENTED_EDGE('',*,*,#12247,.T.);
#12247 = EDGE_CURVE('',#12224,#12248,#12250,.T.);
#12248 = VERTEX_POINT('',#12249);
#12249 = CARTESIAN_POINT('',(176.1,25.67431578065,21.6));
#12250 = LINE('',#12251,#12252);
#12251 = CARTESIAN_POINT('',(179.,27.3486315613,21.6));
#12252 = VECTOR('',#12253,1.);
#12253 = DIRECTION('',(-0.866025403784,-0.5,0.));
#12254 = ORIENTED_EDGE('',*,*,#12255,.F.);
#12255 = EDGE_CURVE('',#11782,#12248,#12256,.T.);
#12256 = LINE('',#12257,#12258);
#12257 = CARTESIAN_POINT('',(176.1,25.67431578065,19.));
#12258 = VECTOR('',#12259,1.);
#12259 = DIRECTION('',(0.,0.,1.));
#12260 = ORIENTED_EDGE('',*,*,#11789,.F.);
#12261 = PLANE('',#12262);
#12262 = AXIS2_PLACEMENT_3D('',#12263,#12264,#12265);
#12263 = CARTESIAN_POINT('',(179.,27.3486315613,19.));
#12264 = DIRECTION('',(0.5,-0.866025403784,0.));
#12265 = DIRECTION('',(-0.866025403784,-0.5,0.));
#12266 = ADVANCED_FACE('',(#12267),#12285,.T.);
#12267 = FACE_BOUND('',#12268,.T.);
#12268 = EDGE_LOOP('',(#12269,#12270,#12278,#12284));
#12269 = ORIENTED_EDGE('',*,*,#12255,.T.);
#12270 = ORIENTED_EDGE('',*,*,#12271,.T.);
#12271 = EDGE_CURVE('',#12248,#12272,#12274,.T.);
#12272 = VERTEX_POINT('',#12273);
#12273 = CARTESIAN_POINT('',(176.1,22.32568421935,21.6));
#12274 = LINE('',#12275,#12276);
#12275 = CARTESIAN_POINT('',(176.1,25.67431578065,21.6));
#12276 = VECTOR('',#12277,1.);
#12277 = DIRECTION('',(0.,-1.,0.));
#12278 = ORIENTED_EDGE('',*,*,#12279,.F.);
#12279 = EDGE_CURVE('',#11774,#12272,#12280,.T.);
#12280 = LINE('',#12281,#12282);
#12281 = CARTESIAN_POINT('',(176.1,22.32568421935,19.));
#12282 = VECTOR('',#12283,1.);
#12283 = DIRECTION('',(0.,0.,1.));
#12284 = ORIENTED_EDGE('',*,*,#11781,.F.);
#12285 = PLANE('',#12286);
#12286 = AXIS2_PLACEMENT_3D('',#12287,#12288,#12289);
#12287 = CARTESIAN_POINT('',(176.1,25.67431578065,19.));
#12288 = DIRECTION('',(1.,0.,0.));
#12289 = DIRECTION('',(0.,-1.,0.));
#12290 = ADVANCED_FACE('',(#12291),#12309,.T.);
#12291 = FACE_BOUND('',#12292,.T.);
#12292 = EDGE_LOOP('',(#12293,#12294,#12302,#12308));
#12293 = ORIENTED_EDGE('',*,*,#12279,.T.);
#12294 = ORIENTED_EDGE('',*,*,#12295,.T.);
#12295 = EDGE_CURVE('',#12272,#12296,#12298,.T.);
#12296 = VERTEX_POINT('',#12297);
#12297 = CARTESIAN_POINT('',(179.,20.6513684387,21.6));
#12298 = LINE('',#12299,#12300);
#12299 = CARTESIAN_POINT('',(176.1,22.32568421935,21.6));
#12300 = VECTOR('',#12301,1.);
#12301 = DIRECTION('',(0.866025403784,-0.5,0.));
#12302 = ORIENTED_EDGE('',*,*,#12303,.F.);
#12303 = EDGE_CURVE('',#11766,#12296,#12304,.T.);
#12304 = LINE('',#12305,#12306);
#12305 = CARTESIAN_POINT('',(179.,20.6513684387,19.));
#12306 = VECTOR('',#12307,1.);
#12307 = DIRECTION('',(0.,0.,1.));
#12308 = ORIENTED_EDGE('',*,*,#11773,.F.);
#12309 = PLANE('',#12310);
#12310 = AXIS2_PLACEMENT_3D('',#12311,#12312,#12313);
#12311 = CARTESIAN_POINT('',(176.1,22.32568421935,19.));
#12312 = DIRECTION('',(0.5,0.866025403784,0.));
#12313 = DIRECTION('',(0.866025403784,-0.5,0.));
#12314 = ADVANCED_FACE('',(#12315),#12333,.T.);
#12315 = FACE_BOUND('',#12316,.T.);
#12316 = EDGE_LOOP('',(#12317,#12318,#12326,#12332));
#12317 = ORIENTED_EDGE('',*,*,#12303,.T.);
#12318 = ORIENTED_EDGE('',*,*,#12319,.T.);
#12319 = EDGE_CURVE('',#12296,#12320,#12322,.T.);
#12320 = VERTEX_POINT('',#12321);
#12321 = CARTESIAN_POINT('',(181.9,22.32568421935,21.6));
#12322 = LINE('',#12323,#12324);
#12323 = CARTESIAN_POINT('',(179.,20.6513684387,21.6));
#12324 = VECTOR('',#12325,1.);
#12325 = DIRECTION('',(0.866025403784,0.5,0.));
#12326 = ORIENTED_EDGE('',*,*,#12327,.F.);
#12327 = EDGE_CURVE('',#11758,#12320,#12328,.T.);
#12328 = LINE('',#12329,#12330);
#12329 = CARTESIAN_POINT('',(181.9,22.32568421935,19.));
#12330 = VECTOR('',#12331,1.);
#12331 = DIRECTION('',(0.,0.,1.));
#12332 = ORIENTED_EDGE('',*,*,#11765,.F.);
#12333 = PLANE('',#12334);
#12334 = AXIS2_PLACEMENT_3D('',#12335,#12336,#12337);
#12335 = CARTESIAN_POINT('',(179.,20.6513684387,19.));
#12336 = DIRECTION('',(-0.5,0.866025403784,0.));
#12337 = DIRECTION('',(0.866025403784,0.5,0.));
#12338 = ADVANCED_FACE('',(#12339),#12350,.T.);
#12339 = FACE_BOUND('',#12340,.T.);
#12340 = EDGE_LOOP('',(#12341,#12342,#12348,#12349));
#12341 = ORIENTED_EDGE('',*,*,#12327,.T.);
#12342 = ORIENTED_EDGE('',*,*,#12343,.T.);
#12343 = EDGE_CURVE('',#12320,#12216,#12344,.T.);
#12344 = LINE('',#12345,#12346);
#12345 = CARTESIAN_POINT('',(181.9,22.32568421935,21.6));
#12346 = VECTOR('',#12347,1.);
#12347 = DIRECTION('',(0.,1.,0.));
#12348 = ORIENTED_EDGE('',*,*,#12215,.F.);
#12349 = ORIENTED_EDGE('',*,*,#11757,.F.);
#12350 = PLANE('',#12351);
#12351 = AXIS2_PLACEMENT_3D('',#12352,#12353,#12354);
#12352 = CARTESIAN_POINT('',(181.9,22.32568421935,19.));
#12353 = DIRECTION('',(-1.,0.,0.));
#12354 = DIRECTION('',(0.,1.,0.));
#12355 = ADVANCED_FACE('',(#12356),#12381,.T.);
#12356 = FACE_BOUND('',#12357,.T.);
#12357 = EDGE_LOOP('',(#12358,#12366,#12374,#12380));
#12358 = ORIENTED_EDGE('',*,*,#12359,.T.);
#12359 = EDGE_CURVE('',#11807,#12360,#12362,.T.);
#12360 = VERTEX_POINT('',#12361);
#12361 = CARTESIAN_POINT('',(19.9,100.67431578065,21.6));
#12362 = LINE('',#12363,#12364);
#12363 = CARTESIAN_POINT('',(19.9,100.67431578065,19.));
#12364 = VECTOR('',#12365,1.);
#12365 = DIRECTION('',(0.,0.,1.));
#12366 = ORIENTED_EDGE('',*,*,#12367,.T.);
#12367 = EDGE_CURVE('',#12360,#12368,#12370,.T.);
#12368 = VERTEX_POINT('',#12369);
#12369 = CARTESIAN_POINT('',(17.,102.3486315613,21.6));
#12370 = LINE('',#12371,#12372);
#12371 = CARTESIAN_POINT('',(19.9,100.67431578065,21.6));
#12372 = VECTOR('',#12373,1.);
#12373 = DIRECTION('',(-0.866025403784,0.5,0.));
#12374 = ORIENTED_EDGE('',*,*,#12375,.F.);
#12375 = EDGE_CURVE('',#11809,#12368,#12376,.T.);
#12376 = LINE('',#12377,#12378);
#12377 = CARTESIAN_POINT('',(17.,102.3486315613,19.));
#12378 = VECTOR('',#12379,1.);
#12379 = DIRECTION('',(0.,0.,1.));
#12380 = ORIENTED_EDGE('',*,*,#11806,.F.);
#12381 = PLANE('',#12382);
#12382 = AXIS2_PLACEMENT_3D('',#12383,#12384,#12385);
#12383 = CARTESIAN_POINT('',(19.9,100.67431578065,19.));
#12384 = DIRECTION('',(-0.5,-0.866025403784,0.));
#12385 = DIRECTION('',(-0.866025403784,0.5,0.));
#12386 = ADVANCED_FACE('',(#12387),#12405,.T.);
#12387 = FACE_BOUND('',#12388,.T.);
#12388 = EDGE_LOOP('',(#12389,#12390,#12398,#12404));
#12389 = ORIENTED_EDGE('',*,*,#12375,.T.);
#12390 = ORIENTED_EDGE('',*,*,#12391,.T.);
#12391 = EDGE_CURVE('',#12368,#12392,#12394,.T.);
#12392 = VERTEX_POINT('',#12393);
#12393 = CARTESIAN_POINT('',(14.1,100.67431578065,21.6));
#12394 = LINE('',#12395,#12396);
#12395 = CARTESIAN_POINT('',(17.,102.3486315613,21.6));
#12396 = VECTOR('',#12397,1.);
#12397 = DIRECTION('',(-0.866025403784,-0.5,0.));
#12398 = ORIENTED_EDGE('',*,*,#12399,.F.);
#12399 = EDGE_CURVE('',#11841,#12392,#12400,.T.);
#12400 = LINE('',#12401,#12402);
#12401 = CARTESIAN_POINT('',(14.1,100.67431578065,19.));
#12402 = VECTOR('',#12403,1.);
#12403 = DIRECTION('',(0.,0.,1.));
#12404 = ORIENTED_EDGE('',*,*,#11848,.F.);
#12405 = PLANE('',#12406);
#12406 = AXIS2_PLACEMENT_3D('',#12407,#12408,#12409);
#12407 = CARTESIAN_POINT('',(17.,102.3486315613,19.));
#12408 = DIRECTION('',(0.5,-0.866025403784,0.));
#12409 = DIRECTION('',(-0.866025403784,-0.5,0.));
#12410 = ADVANCED_FACE('',(#12411),#12429,.T.);
#12411 = FACE_BOUND('',#12412,.T.);
#12412 = EDGE_LOOP('',(#12413,#12414,#12422,#12428));
#12413 = ORIENTED_EDGE('',*,*,#12399,.T.);
#12414 = ORIENTED_EDGE('',*,*,#12415,.T.);
#12415 = EDGE_CURVE('',#12392,#12416,#12418,.T.);
#12416 = VERTEX_POINT('',#12417);
#12417 = CARTESIAN_POINT('',(14.1,97.32568421935,21.6));
#12418 = LINE('',#12419,#12420);
#12419 = CARTESIAN_POINT('',(14.1,100.67431578065,21.6));
#12420 = VECTOR('',#12421,1.);
#12421 = DIRECTION('',(0.,-1.,0.));
#12422 = ORIENTED_EDGE('',*,*,#12423,.F.);
#12423 = EDGE_CURVE('',#11833,#12416,#12424,.T.);
#12424 = LINE('',#12425,#12426);
#12425 = CARTESIAN_POINT('',(14.1,97.32568421935,19.));
#12426 = VECTOR('',#12427,1.);
#12427 = DIRECTION('',(0.,0.,1.));
#12428 = ORIENTED_EDGE('',*,*,#11840,.F.);
#12429 = PLANE('',#12430);
#12430 = AXIS2_PLACEMENT_3D('',#12431,#12432,#12433);
#12431 = CARTESIAN_POINT('',(14.1,100.67431578065,19.));
#12432 = DIRECTION('',(1.,0.,0.));
#12433 = DIRECTION('',(0.,-1.,0.));
#12434 = ADVANCED_FACE('',(#12435),#12453,.T.);
#12435 = FACE_BOUND('',#12436,.T.);
#12436 = EDGE_LOOP('',(#12437,#12438,#12446,#12452));
#12437 = ORIENTED_EDGE('',*,*,#12423,.T.);
#12438 = ORIENTED_EDGE('',*,*,#12439,.T.);
#12439 = EDGE_CURVE('',#12416,#12440,#12442,.T.);
#12440 = VERTEX_POINT('',#12441);
#12441 = CARTESIAN_POINT('',(17.,95.6513684387,21.6));
#12442 = LINE('',#12443,#12444);
#12443 = CARTESIAN_POINT('',(14.1,97.32568421935,21.6));
#12444 = VECTOR('',#12445,1.);
#12445 = DIRECTION('',(0.866025403784,-0.5,0.));
#12446 = ORIENTED_EDGE('',*,*,#12447,.F.);
#12447 = EDGE_CURVE('',#11825,#12440,#12448,.T.);
#12448 = LINE('',#12449,#12450);
#12449 = CARTESIAN_POINT('',(17.,95.6513684387,19.));
#12450 = VECTOR('',#12451,1.);
#12451 = DIRECTION('',(0.,0.,1.));
#12452 = ORIENTED_EDGE('',*,*,#11832,.F.);
#12453 = PLANE('',#12454);
#12454 = AXIS2_PLACEMENT_3D('',#12455,#12456,#12457);
#12455 = CARTESIAN_POINT('',(14.1,97.32568421935,19.));
#12456 = DIRECTION('',(0.5,0.866025403784,0.));
#12457 = DIRECTION('',(0.866025403784,-0.5,0.));
#12458 = ADVANCED_FACE('',(#12459),#12477,.T.);
#12459 = FACE_BOUND('',#12460,.T.);
#12460 = EDGE_LOOP('',(#12461,#12462,#12470,#12476));
#12461 = ORIENTED_EDGE('',*,*,#12447,.T.);
#12462 = ORIENTED_EDGE('',*,*,#12463,.T.);
#12463 = EDGE_CURVE('',#12440,#12464,#12466,.T.);
#12464 = VERTEX_POINT('',#12465);
#12465 = CARTESIAN_POINT('',(19.9,97.32568421935,21.6));
#12466 = LINE('',#12467,#12468);
#12467 = CARTESIAN_POINT('',(17.,95.6513684387,21.6));
#12468 = VECTOR('',#12469,1.);
#12469 = DIRECTION('',(0.866025403784,0.5,0.));
#12470 = ORIENTED_EDGE('',*,*,#12471,.F.);
#12471 = EDGE_CURVE('',#11817,#12464,#12472,.T.);
#12472 = LINE('',#12473,#12474);
#12473 = CARTESIAN_POINT('',(19.9,97.32568421935,19.));
#12474 = VECTOR('',#12475,1.);
#12475 = DIRECTION('',(0.,0.,1.));
#12476 = ORIENTED_EDGE('',*,*,#11824,.F.);
#12477 = PLANE('',#12478);
#12478 = AXIS2_PLACEMENT_3D('',#12479,#12480,#12481);
#12479 = CARTESIAN_POINT('',(17.,95.6513684387,19.));
#12480 = DIRECTION('',(-0.5,0.866025403784,0.));
#12481 = DIRECTION('',(0.866025403784,0.5,0.));
#12482 = ADVANCED_FACE('',(#12483),#12494,.T.);
#12483 = FACE_BOUND('',#12484,.T.);
#12484 = EDGE_LOOP('',(#12485,#12486,#12492,#12493));
#12485 = ORIENTED_EDGE('',*,*,#12471,.T.);
#12486 = ORIENTED_EDGE('',*,*,#12487,.T.);
#12487 = EDGE_CURVE('',#12464,#12360,#12488,.T.);
#12488 = LINE('',#12489,#12490);
#12489 = CARTESIAN_POINT('',(19.9,97.32568421935,21.6));
#12490 = VECTOR('',#12491,1.);
#12491 = DIRECTION('',(0.,1.,0.));
#12492 = ORIENTED_EDGE('',*,*,#12359,.F.);
#12493 = ORIENTED_EDGE('',*,*,#11816,.F.);
#12494 = PLANE('',#12495);
#12495 = AXIS2_PLACEMENT_3D('',#12496,#12497,#12498);
#12496 = CARTESIAN_POINT('',(19.9,97.32568421935,19.));
#12497 = DIRECTION('',(-1.,0.,0.));
#12498 = DIRECTION('',(0.,1.,0.));
#12499 = ADVANCED_FACE('',(#12500),#12519,.F.);
#12500 = FACE_BOUND('',#12501,.F.);
#12501 = EDGE_LOOP('',(#12502,#12510,#12517,#12518));
#12502 = ORIENTED_EDGE('',*,*,#12503,.T.);
#12503 = EDGE_CURVE('',#11871,#12504,#12506,.T.);
#12504 = VERTEX_POINT('',#12505);
#12505 = CARTESIAN_POINT('',(9.7,121.,42.5));
#12506 = LINE('',#12507,#12508);
#12507 = CARTESIAN_POINT('',(9.7,121.,39.));
#12508 = VECTOR('',#12509,1.);
#12509 = DIRECTION('',(0.,0.,1.));
#12510 = ORIENTED_EDGE('',*,*,#12511,.F.);
#12511 = EDGE_CURVE('',#12504,#12504,#12512,.T.);
#12512 = CIRCLE('',#12513,1.7);
#12513 = AXIS2_PLACEMENT_3D('',#12514,#12515,#12516);
#12514 = CARTESIAN_POINT('',(8.,121.,42.5));
#12515 = DIRECTION('',(0.,0.,1.));
#12516 = DIRECTION('',(1.,0.,0.));
#12517 = ORIENTED_EDGE('',*,*,#12503,.F.);
#12518 = ORIENTED_EDGE('',*,*,#11870,.T.);
#12519 = CYLINDRICAL_SURFACE('',#12520,1.7);
#12520 = AXIS2_PLACEMENT_3D('',#12521,#12522,#12523);
#12521 = CARTESIAN_POINT('',(8.,121.,39.));
#12522 = DIRECTION('',(0.,0.,1.));
#12523 = DIRECTION('',(1.,0.,0.));
#12524 = ADVANCED_FACE('',(#12525),#12544,.F.);
#12525 = FACE_BOUND('',#12526,.F.);
#12526 = EDGE_LOOP('',(#12527,#12535,#12542,#12543));
#12527 = ORIENTED_EDGE('',*,*,#12528,.T.);
#12528 = EDGE_CURVE('',#11896,#12529,#12531,.T.);
#12529 = VERTEX_POINT('',#12530);
#12530 = CARTESIAN_POINT('',(9.7,182.,42.5));
#12531 = LINE('',#12532,#12533);
#12532 = CARTESIAN_POINT('',(9.7,182.,39.));
#12533 = VECTOR('',#12534,1.);
#12534 = DIRECTION('',(0.,0.,1.));
#12535 = ORIENTED_EDGE('',*,*,#12536,.F.);
#12536 = EDGE_CURVE('',#12529,#12529,#12537,.T.);
#12537 = CIRCLE('',#12538,1.7);
#12538 = AXIS2_PLACEMENT_3D('',#12539,#12540,#12541);
#12539 = CARTESIAN_POINT('',(8.,182.,42.5));
#12540 = DIRECTION('',(0.,0.,1.));
#12541 = DIRECTION('',(1.,0.,0.));
#12542 = ORIENTED_EDGE('',*,*,#12528,.F.);
#12543 = ORIENTED_EDGE('',*,*,#11895,.T.);
#12544 = CYLINDRICAL_SURFACE('',#12545,1.7);
#12545 = AXIS2_PLACEMENT_3D('',#12546,#12547,#12548);
#12546 = CARTESIAN_POINT('',(8.,182.,39.));
#12547 = DIRECTION('',(0.,0.,1.));
#12548 = DIRECTION('',(1.,0.,0.));
#12549 = ADVANCED_FACE('',(#12550),#12575,.T.);
#12550 = FACE_BOUND('',#12551,.T.);
#12551 = EDGE_LOOP('',(#12552,#12560,#12568,#12574));
#12552 = ORIENTED_EDGE('',*,*,#12553,.T.);
#12553 = EDGE_CURVE('',#11916,#12554,#12556,.T.);
#12554 = VERTEX_POINT('',#12555);
#12555 = CARTESIAN_POINT('',(181.9,100.67431578065,21.6));
#12556 = LINE('',#12557,#12558);
#12557 = CARTESIAN_POINT('',(181.9,100.67431578065,19.));
#12558 = VECTOR('',#12559,1.);
#12559 = DIRECTION('',(0.,0.,1.));
#12560 = ORIENTED_EDGE('',*,*,#12561,.T.);
#12561 = EDGE_CURVE('',#12554,#12562,#12564,.T.);
#12562 = VERTEX_POINT('',#12563);
#12563 = CARTESIAN_POINT('',(179.,102.3486315613,21.6));
#12564 = LINE('',#12565,#12566);
#12565 = CARTESIAN_POINT('',(181.9,100.67431578065,21.6));
#12566 = VECTOR('',#12567,1.);
#12567 = DIRECTION('',(-0.866025403784,0.5,0.));
#12568 = ORIENTED_EDGE('',*,*,#12569,.F.);
#12569 = EDGE_CURVE('',#11918,#12562,#12570,.T.);
#12570 = LINE('',#12571,#12572);
#12571 = CARTESIAN_POINT('',(179.,102.3486315613,19.));
#12572 = VECTOR('',#12573,1.);
#12573 = DIRECTION('',(0.,0.,1.));
#12574 = ORIENTED_EDGE('',*,*,#11915,.F.);
#12575 = PLANE('',#12576);
#12576 = AXIS2_PLACEMENT_3D('',#12577,#12578,#12579);
#12577 = CARTESIAN_POINT('',(181.9,100.67431578065,19.));
#12578 = DIRECTION('',(-0.5,-0.866025403784,0.));
#12579 = DIRECTION('',(-0.866025403784,0.5,0.));
#12580 = ADVANCED_FACE('',(#12581),#12599,.T.);
#12581 = FACE_BOUND('',#12582,.T.);
#12582 = EDGE_LOOP('',(#12583,#12584,#12592,#12598));
#12583 = ORIENTED_EDGE('',*,*,#12569,.T.);
#12584 = ORIENTED_EDGE('',*,*,#12585,.T.);
#12585 = EDGE_CURVE('',#12562,#12586,#12588,.T.);
#12586 = VERTEX_POINT('',#12587);
#12587 = CARTESIAN_POINT('',(176.1,100.67431578065,21.6));
#12588 = LINE('',#12589,#12590);
#12589 = CARTESIAN_POINT('',(179.,102.3486315613,21.6));
#12590 = VECTOR('',#12591,1.);
#12591 = DIRECTION('',(-0.866025403784,-0.5,0.));
#12592 = ORIENTED_EDGE('',*,*,#12593,.F.);
#12593 = EDGE_CURVE('',#11950,#12586,#12594,.T.);
#12594 = LINE('',#12595,#12596);
#12595 = CARTESIAN_POINT('',(176.1,100.67431578065,19.));
#12596 = VECTOR('',#12597,1.);
#12597 = DIRECTION('',(0.,0.,1.));
#12598 = ORIENTED_EDGE('',*,*,#11957,.F.);
#12599 = PLANE('',#12600);
#12600 = AXIS2_PLACEMENT_3D('',#12601,#12602,#12603);
#12601 = CARTESIAN_POINT('',(179.,102.3486315613,19.));
#12602 = DIRECTION('',(0.5,-0.866025403784,0.));
#12603 = DIRECTION('',(-0.866025403784,-0.5,0.));
#12604 = ADVANCED_FACE('',(#12605),#12623,.T.);
#12605 = FACE_BOUND('',#12606,.T.);
#12606 = EDGE_LOOP('',(#12607,#12608,#12616,#12622));
#12607 = ORIENTED_EDGE('',*,*,#12593,.T.);
#12608 = ORIENTED_EDGE('',*,*,#12609,.T.);
#12609 = EDGE_CURVE('',#12586,#12610,#12612,.T.);
#12610 = VERTEX_POINT('',#12611);
#12611 = CARTESIAN_POINT('',(176.1,97.32568421935,21.6));
#12612 = LINE('',#12613,#12614);
#12613 = CARTESIAN_POINT('',(176.1,100.67431578065,21.6));
#12614 = VECTOR('',#12615,1.);
#12615 = DIRECTION('',(0.,-1.,0.));
#12616 = ORIENTED_EDGE('',*,*,#12617,.F.);
#12617 = EDGE_CURVE('',#11942,#12610,#12618,.T.);
#12618 = LINE('',#12619,#12620);
#12619 = CARTESIAN_POINT('',(176.1,97.32568421935,19.));
#12620 = VECTOR('',#12621,1.);
#12621 = DIRECTION('',(0.,0.,1.));
#12622 = ORIENTED_EDGE('',*,*,#11949,.F.);
#12623 = PLANE('',#12624);
#12624 = AXIS2_PLACEMENT_3D('',#12625,#12626,#12627);
#12625 = CARTESIAN_POINT('',(176.1,100.67431578065,19.));
#12626 = DIRECTION('',(1.,0.,0.));
#12627 = DIRECTION('',(0.,-1.,0.));
#12628 = ADVANCED_FACE('',(#12629),#12647,.T.);
#12629 = FACE_BOUND('',#12630,.T.);
#12630 = EDGE_LOOP('',(#12631,#12632,#12640,#12646));
#12631 = ORIENTED_EDGE('',*,*,#12617,.T.);
#12632 = ORIENTED_EDGE('',*,*,#12633,.T.);
#12633 = EDGE_CURVE('',#12610,#12634,#12636,.T.);
#12634 = VERTEX_POINT('',#12635);
#12635 = CARTESIAN_POINT('',(179.,95.6513684387,21.6));
#12636 = LINE('',#12637,#12638);
#12637 = CARTESIAN_POINT('',(176.1,97.32568421935,21.6));
#12638 = VECTOR('',#12639,1.);
#12639 = DIRECTION('',(0.866025403784,-0.5,0.));
#12640 = ORIENTED_EDGE('',*,*,#12641,.F.);
#12641 = EDGE_CURVE('',#11934,#12634,#12642,.T.);
#12642 = LINE('',#12643,#12644);
#12643 = CARTESIAN_POINT('',(179.,95.6513684387,19.));
#12644 = VECTOR('',#12645,1.);
#12645 = DIRECTION('',(0.,0.,1.));
#12646 = ORIENTED_EDGE('',*,*,#11941,.F.);
#12647 = PLANE('',#12648);
#12648 = AXIS2_PLACEMENT_3D('',#12649,#12650,#12651);
#12649 = CARTESIAN_POINT('',(176.1,97.32568421935,19.));
#12650 = DIRECTION('',(0.5,0.866025403784,0.));
#12651 = DIRECTION('',(0.866025403784,-0.5,0.));
#12652 = ADVANCED_FACE('',(#12653),#12671,.T.);
#12653 = FACE_BOUND('',#12654,.T.);
#12654 = EDGE_LOOP('',(#12655,#12656,#12664,#12670));
#12655 = ORIENTED_EDGE('',*,*,#12641,.T.);
#12656 = ORIENTED_EDGE('',*,*,#12657,.T.);
#12657 = EDGE_CURVE('',#12634,#12658,#12660,.T.);
#12658 = VERTEX_POINT('',#12659);
#12659 = CARTESIAN_POINT('',(181.9,97.32568421935,21.6));
#12660 = LINE('',#12661,#12662);
#12661 = CARTESIAN_POINT('',(179.,95.6513684387,21.6));
#12662 = VECTOR('',#12663,1.);
#12663 = DIRECTION('',(0.866025403784,0.5,0.));
#12664 = ORIENTED_EDGE('',*,*,#12665,.F.);
#12665 = EDGE_CURVE('',#11926,#12658,#12666,.T.);
#12666 = LINE('',#12667,#12668);
#12667 = CARTESIAN_POINT('',(181.9,97.32568421935,19.));
#12668 = VECTOR('',#12669,1.);
#12669 = DIRECTION('',(0.,0.,1.));
#12670 = ORIENTED_EDGE('',*,*,#11933,.F.);
#12671 = PLANE('',#12672);
#12672 = AXIS2_PLACEMENT_3D('',#12673,#12674,#12675);
#12673 = CARTESIAN_POINT('',(179.,95.6513684387,19.));
#12674 = DIRECTION('',(-0.5,0.866025403784,0.));
#12675 = DIRECTION('',(0.866025403784,0.5,0.));
#12676 = ADVANCED_FACE('',(#12677),#12688,.T.);
#12677 = FACE_BOUND('',#12678,.T.);
#12678 = EDGE_LOOP('',(#12679,#12680,#12686,#12687));
#12679 = ORIENTED_EDGE('',*,*,#12665,.T.);
#12680 = ORIENTED_EDGE('',*,*,#12681,.T.);
#12681 = EDGE_CURVE('',#12658,#12554,#12682,.T.);
#12682 = LINE('',#12683,#12684);
#12683 = CARTESIAN_POINT('',(181.9,97.32568421935,21.6));
#12684 = VECTOR('',#12685,1.);
#12685 = DIRECTION('',(0.,1.,0.));
#12686 = ORIENTED_EDGE('',*,*,#12553,.F.);
#12687 = ORIENTED_EDGE('',*,*,#11925,.F.);
#12688 = PLANE('',#12689);
#12689 = AXIS2_PLACEMENT_3D('',#12690,#12691,#12692);
#12690 = CARTESIAN_POINT('',(181.9,97.32568421935,19.));
#12691 = DIRECTION('',(-1.,0.,0.));
#12692 = DIRECTION('',(0.,1.,0.));
#12693 = ADVANCED_FACE('',(#12694),#12713,.F.);
#12694 = FACE_BOUND('',#12695,.F.);
#12695 = EDGE_LOOP('',(#12696,#12704,#12711,#12712));
#12696 = ORIENTED_EDGE('',*,*,#12697,.T.);
#12697 = EDGE_CURVE('',#11980,#12698,#12700,.T.);
#12698 = VERTEX_POINT('',#12699);
#12699 = CARTESIAN_POINT('',(189.7,121.,42.5));
#12700 = LINE('',#12701,#12702);
#12701 = CARTESIAN_POINT('',(189.7,121.,39.));
#12702 = VECTOR('',#12703,1.);
#12703 = DIRECTION('',(0.,0.,1.));
#12704 = ORIENTED_EDGE('',*,*,#12705,.F.);
#12705 = EDGE_CURVE('',#12698,#12698,#12706,.T.);
#12706 = CIRCLE('',#12707,1.7);
#12707 = AXIS2_PLACEMENT_3D('',#12708,#12709,#12710);
#12708 = CARTESIAN_POINT('',(188.,121.,42.5));
#12709 = DIRECTION('',(0.,0.,1.));
#12710 = DIRECTION('',(1.,0.,0.));
#12711 = ORIENTED_EDGE('',*,*,#12697,.F.);
#12712 = ORIENTED_EDGE('',*,*,#11979,.T.);
#12713 = CYLINDRICAL_SURFACE('',#12714,1.7);
#12714 = AXIS2_PLACEMENT_3D('',#12715,#12716,#12717);
#12715 = CARTESIAN_POINT('',(188.,121.,39.));
#12716 = DIRECTION('',(0.,0.,1.));
#12717 = DIRECTION('',(1.,0.,0.));
#12718 = ADVANCED_FACE('',(#12719),#12738,.F.);
#12719 = FACE_BOUND('',#12720,.F.);
#12720 = EDGE_LOOP('',(#12721,#12729,#12736,#12737));
#12721 = ORIENTED_EDGE('',*,*,#12722,.T.);
#12722 = EDGE_CURVE('',#12005,#12723,#12725,.T.);
#12723 = VERTEX_POINT('',#12724);
#12724 = CARTESIAN_POINT('',(189.7,182.,42.5));
#12725 = LINE('',#12726,#12727);
#12726 = CARTESIAN_POINT('',(189.7,182.,39.));
#12727 = VECTOR('',#12728,1.);
#12728 = DIRECTION('',(0.,0.,1.));
#12729 = ORIENTED_EDGE('',*,*,#12730,.F.);
#12730 = EDGE_CURVE('',#12723,#12723,#12731,.T.);
#12731 = CIRCLE('',#12732,1.7);
#12732 = AXIS2_PLACEMENT_3D('',#12733,#12734,#12735);
#12733 = CARTESIAN_POINT('',(188.,182.,42.5));
#12734 = DIRECTION('',(0.,0.,1.));
#12735 = DIRECTION('',(1.,0.,0.));
#12736 = ORIENTED_EDGE('',*,*,#12722,.F.);
#12737 = ORIENTED_EDGE('',*,*,#12004,.T.);
#12738 = CYLINDRICAL_SURFACE('',#12739,1.7);
#12739 = AXIS2_PLACEMENT_3D('',#12740,#12741,#12742);
#12740 = CARTESIAN_POINT('',(188.,182.,39.));
#12741 = DIRECTION('',(0.,0.,1.));
#12742 = DIRECTION('',(1.,0.,0.));
#12743 = ADVANCED_FACE('',(#12744),#12747,.F.);
#12744 = FACE_BOUND('',#12745,.F.);
#12745 = EDGE_LOOP('',(#12746));
#12746 = ORIENTED_EDGE('',*,*,#12029,.T.);
#12747 = PLANE('',#12748);
#12748 = AXIS2_PLACEMENT_3D('',#12749,#12750,#12751);
#12749 = CARTESIAN_POINT('',(8.,8.,42.5));
#12750 = DIRECTION('',(0.,0.,1.));
#12751 = DIRECTION('',(1.,0.,0.));
#12752 = ADVANCED_FACE('',(#12753,#12761),#12772,.F.);
#12753 = FACE_BOUND('',#12754,.F.);
#12754 = EDGE_LOOP('',(#12755,#12756,#12757,#12758,#12759,#12760));
#12755 = ORIENTED_EDGE('',*,*,#12054,.T.);
#12756 = ORIENTED_EDGE('',*,*,#12078,.T.);
#12757 = ORIENTED_EDGE('',*,*,#12102,.T.);
#12758 = ORIENTED_EDGE('',*,*,#12126,.T.);
#12759 = ORIENTED_EDGE('',*,*,#12150,.T.);
#12760 = ORIENTED_EDGE('',*,*,#12174,.T.);
#12761 = FACE_BOUND('',#12762,.F.);
#12762 = EDGE_LOOP('',(#12763));
#12763 = ORIENTED_EDGE('',*,*,#12764,.F.);
#12764 = EDGE_CURVE('',#12765,#12765,#12767,.T.);
#12765 = VERTEX_POINT('',#12766);
#12766 = CARTESIAN_POINT('',(18.7,24.,21.6));
#12767 = CIRCLE('',#12768,1.7);
#12768 = AXIS2_PLACEMENT_3D('',#12769,#12770,#12771);
#12769 = CARTESIAN_POINT('',(17.,24.,21.6));
#12770 = DIRECTION('',(0.,0.,1.));
#12771 = DIRECTION('',(1.,0.,0.));
#12772 = PLANE('',#12773);
#12773 = AXIS2_PLACEMENT_3D('',#12774,#12775,#12776);
#12774 = CARTESIAN_POINT('',(17.,24.,21.6));
#12775 = DIRECTION('',(0.,0.,1.));
#12776 = DIRECTION('',(1.,0.,0.));
#12777 = ADVANCED_FACE('',(#12778),#12781,.F.);
#12778 = FACE_BOUND('',#12779,.F.);
#12779 = EDGE_LOOP('',(#12780));
#12780 = ORIENTED_EDGE('',*,*,#12198,.T.);
#12781 = PLANE('',#12782);
#12782 = AXIS2_PLACEMENT_3D('',#12783,#12784,#12785);
#12783 = CARTESIAN_POINT('',(188.,8.,42.5));
#12784 = DIRECTION('',(0.,0.,1.));
#12785 = DIRECTION('',(1.,0.,0.));
#12786 = ADVANCED_FACE('',(#12787,#12795),#12806,.F.);
#12787 = FACE_BOUND('',#12788,.F.);
#12788 = EDGE_LOOP('',(#12789,#12790,#12791,#12792,#12793,#12794));
#12789 = ORIENTED_EDGE('',*,*,#12223,.T.);
#12790 = ORIENTED_EDGE('',*,*,#12247,.T.);
#12791 = ORIENTED_EDGE('',*,*,#12271,.T.);
#12792 = ORIENTED_EDGE('',*,*,#12295,.T.);
#12793 = ORIENTED_EDGE('',*,*,#12319,.T.);
#12794 = ORIENTED_EDGE('',*,*,#12343,.T.);
#12795 = FACE_BOUND('',#12796,.F.);
#12796 = EDGE_LOOP('',(#12797));
#12797 = ORIENTED_EDGE('',*,*,#12798,.F.);
#12798 = EDGE_CURVE('',#12799,#12799,#12801,.T.);
#12799 = VERTEX_POINT('',#12800);
#12800 = CARTESIAN_POINT('',(180.7,24.,21.6));
#12801 = CIRCLE('',#12802,1.7);
#12802 = AXIS2_PLACEMENT_3D('',#12803,#12804,#12805);
#12803 = CARTESIAN_POINT('',(179.,24.,21.6));
#12804 = DIRECTION('',(0.,0.,1.));
#12805 = DIRECTION('',(1.,0.,0.));
#12806 = PLANE('',#12807);
#12807 = AXIS2_PLACEMENT_3D('',#12808,#12809,#12810);
#12808 = CARTESIAN_POINT('',(179.,24.,21.6));
#12809 = DIRECTION('',(0.,0.,1.));
#12810 = DIRECTION('',(1.,0.,0.));
#12811 = ADVANCED_FACE('',(#12812,#12820),#12831,.F.);
#12812 = FACE_BOUND('',#12813,.F.);
#12813 = EDGE_LOOP('',(#12814,#12815,#12816,#12817,#12818,#12819));
#12814 = ORIENTED_EDGE('',*,*,#12367,.T.);
#12815 = ORIENTED_EDGE('',*,*,#12391,.T.);
#12816 = ORIENTED_EDGE('',*,*,#12415,.T.);
#12817 = ORIENTED_EDGE('',*,*,#12439,.T.);
#12818 = ORIENTED_EDGE('',*,*,#12463,.T.);
#12819 = ORIENTED_EDGE('',*,*,#12487,.T.);
#12820 = FACE_BOUND('',#12821,.F.);
#12821 = EDGE_LOOP('',(#12822));
#12822 = ORIENTED_EDGE('',*,*,#12823,.F.);
#12823 = EDGE_CURVE('',#12824,#12824,#12826,.T.);
#12824 = VERTEX_POINT('',#12825);
#12825 = CARTESIAN_POINT('',(18.7,99.,21.6));
#12826 = CIRCLE('',#12827,1.7);
#12827 = AXIS2_PLACEMENT_3D('',#12828,#12829,#12830);
#12828 = CARTESIAN_POINT('',(17.,99.,21.6));
#12829 = DIRECTION('',(0.,0.,1.));
#12830 = DIRECTION('',(1.,0.,0.));
#12831 = PLANE('',#12832);
#12832 = AXIS2_PLACEMENT_3D('',#12833,#12834,#12835);
#12833 = CARTESIAN_POINT('',(17.,99.,21.6));
#12834 = DIRECTION('',(0.,0.,1.));
#12835 = DIRECTION('',(1.,0.,0.));
#12836 = ADVANCED_FACE('',(#12837),#12840,.F.);
#12837 = FACE_BOUND('',#12838,.F.);
#12838 = EDGE_LOOP('',(#12839));
#12839 = ORIENTED_EDGE('',*,*,#12511,.T.);
#12840 = PLANE('',#12841);
#12841 = AXIS2_PLACEMENT_3D('',#12842,#12843,#12844);
#12842 = CARTESIAN_POINT('',(8.,121.,42.5));
#12843 = DIRECTION('',(0.,0.,1.));
#12844 = DIRECTION('',(1.,0.,0.));
#12845 = ADVANCED_FACE('',(#12846),#12849,.F.);
#12846 = FACE_BOUND('',#12847,.F.);
#12847 = EDGE_LOOP('',(#12848));
#12848 = ORIENTED_EDGE('',*,*,#12536,.T.);
#12849 = PLANE('',#12850);
#12850 = AXIS2_PLACEMENT_3D('',#12851,#12852,#12853);
#12851 = CARTESIAN_POINT('',(8.,182.,42.5));
#12852 = DIRECTION('',(0.,0.,1.));
#12853 = DIRECTION('',(1.,0.,0.));
#12854 = ADVANCED_FACE('',(#12855,#12863),#12874,.F.);
#12855 = FACE_BOUND('',#12856,.F.);
#12856 = EDGE_LOOP('',(#12857,#12858,#12859,#12860,#12861,#12862));
#12857 = ORIENTED_EDGE('',*,*,#12561,.T.);
#12858 = ORIENTED_EDGE('',*,*,#12585,.T.);
#12859 = ORIENTED_EDGE('',*,*,#12609,.T.);
#12860 = ORIENTED_EDGE('',*,*,#12633,.T.);
#12861 = ORIENTED_EDGE('',*,*,#12657,.T.);
#12862 = ORIENTED_EDGE('',*,*,#12681,.T.);
#12863 = FACE_BOUND('',#12864,.F.);
#12864 = EDGE_LOOP('',(#12865));
#12865 = ORIENTED_EDGE('',*,*,#12866,.F.);
#12866 = EDGE_CURVE('',#12867,#12867,#12869,.T.);
#12867 = VERTEX_POINT('',#12868);
#12868 = CARTESIAN_POINT('',(180.7,99.,21.6));
#12869 = CIRCLE('',#12870,1.7);
#12870 = AXIS2_PLACEMENT_3D('',#12871,#12872,#12873);
#12871 = CARTESIAN_POINT('',(179.,99.,21.6));
#12872 = DIRECTION('',(0.,0.,1.));
#12873 = DIRECTION('',(1.,0.,0.));
#12874 = PLANE('',#12875);
#12875 = AXIS2_PLACEMENT_3D('',#12876,#12877,#12878);
#12876 = CARTESIAN_POINT('',(179.,99.,21.6));
#12877 = DIRECTION('',(0.,0.,1.));
#12878 = DIRECTION('',(1.,0.,0.));
#12879 = ADVANCED_FACE('',(#12880),#12883,.F.);
#12880 = FACE_BOUND('',#12881,.F.);
#12881 = EDGE_LOOP('',(#12882));
#12882 = ORIENTED_EDGE('',*,*,#12705,.T.);
#12883 = PLANE('',#12884);
#12884 = AXIS2_PLACEMENT_3D('',#12885,#12886,#12887);
#12885 = CARTESIAN_POINT('',(188.,121.,42.5));
#12886 = DIRECTION('',(0.,0.,1.));
#12887 = DIRECTION('',(1.,0.,0.));
#12888 = ADVANCED_FACE('',(#12889),#12892,.F.);
#12889 = FACE_BOUND('',#12890,.F.);
#12890 = EDGE_LOOP('',(#12891));
#12891 = ORIENTED_EDGE('',*,*,#12730,.T.);
#12892 = PLANE('',#12893);
#12893 = AXIS2_PLACEMENT_3D('',#12894,#12895,#12896);
#12894 = CARTESIAN_POINT('',(188.,182.,42.5));
#12895 = DIRECTION('',(0.,0.,1.));
#12896 = DIRECTION('',(1.,0.,0.));
#12897 = ADVANCED_FACE('',(#12898),#12917,.F.);
#12898 = FACE_BOUND('',#12899,.F.);
#12899 = EDGE_LOOP('',(#12900,#12908,#12915,#12916));
#12900 = ORIENTED_EDGE('',*,*,#12901,.T.);
#12901 = EDGE_CURVE('',#12765,#12902,#12904,.T.);
#12902 = VERTEX_POINT('',#12903);
#12903 = CARTESIAN_POINT('',(18.7,24.,24.5));
#12904 = LINE('',#12905,#12906);
#12905 = CARTESIAN_POINT('',(18.7,24.,19.));
#12906 = VECTOR('',#12907,1.);
#12907 = DIRECTION('',(0.,0.,1.));
#12908 = ORIENTED_EDGE('',*,*,#12909,.F.);
#12909 = EDGE_CURVE('',#12902,#12902,#12910,.T.);
#12910 = CIRCLE('',#12911,1.7);
#12911 = AXIS2_PLACEMENT_3D('',#12912,#12913,#12914);
#12912 = CARTESIAN_POINT('',(17.,24.,24.5));
#12913 = DIRECTION('',(0.,0.,1.));
#12914 = DIRECTION('',(1.,0.,0.));
#12915 = ORIENTED_EDGE('',*,*,#12901,.F.);
#12916 = ORIENTED_EDGE('',*,*,#12764,.T.);
#12917 = CYLINDRICAL_SURFACE('',#12918,1.7);
#12918 = AXIS2_PLACEMENT_3D('',#12919,#12920,#12921);
#12919 = CARTESIAN_POINT('',(17.,24.,19.));
#12920 = DIRECTION('',(0.,0.,1.));
#12921 = DIRECTION('',(1.,0.,0.));
#12922 = ADVANCED_FACE('',(#12923),#12942,.F.);
#12923 = FACE_BOUND('',#12924,.F.);
#12924 = EDGE_LOOP('',(#12925,#12933,#12940,#12941));
#12925 = ORIENTED_EDGE('',*,*,#12926,.T.);
#12926 = EDGE_CURVE('',#12799,#12927,#12929,.T.);
#12927 = VERTEX_POINT('',#12928);
#12928 = CARTESIAN_POINT('',(180.7,24.,24.5));
#12929 = LINE('',#12930,#12931);
#12930 = CARTESIAN_POINT('',(180.7,24.,19.));
#12931 = VECTOR('',#12932,1.);
#12932 = DIRECTION('',(0.,0.,1.));
#12933 = ORIENTED_EDGE('',*,*,#12934,.F.);
#12934 = EDGE_CURVE('',#12927,#12927,#12935,.T.);
#12935 = CIRCLE('',#12936,1.7);
#12936 = AXIS2_PLACEMENT_3D('',#12937,#12938,#12939);
#12937 = CARTESIAN_POINT('',(179.,24.,24.5));
#12938 = DIRECTION('',(0.,0.,1.));
#12939 = DIRECTION('',(1.,0.,0.));
#12940 = ORIENTED_EDGE('',*,*,#12926,.F.);
#12941 = ORIENTED_EDGE('',*,*,#12798,.T.);
#12942 = CYLINDRICAL_SURFACE('',#12943,1.7);
#12943 = AXIS2_PLACEMENT_3D('',#12944,#12945,#12946);
#12944 = CARTESIAN_POINT('',(179.,24.,19.));
#12945 = DIRECTION('',(0.,0.,1.));
#12946 = DIRECTION('',(1.,0.,0.));
#12947 = ADVANCED_FACE('',(#12948),#12967,.F.);
#12948 = FACE_BOUND('',#12949,.F.);
#12949 = EDGE_LOOP('',(#12950,#12958,#12965,#12966));
#12950 = ORIENTED_EDGE('',*,*,#12951,.T.);
#12951 = EDGE_CURVE('',#12824,#12952,#12954,.T.);
#12952 = VERTEX_POINT('',#12953);
#12953 = CARTESIAN_POINT('',(18.7,99.,24.5));
#12954 = LINE('',#12955,#12956);
#12955 = CARTESIAN_POINT('',(18.7,99.,19.));
#12956 = VECTOR('',#12957,1.);
#12957 = DIRECTION('',(0.,0.,1.));
#12958 = ORIENTED_EDGE('',*,*,#12959,.F.);
#12959 = EDGE_CURVE('',#12952,#12952,#12960,.T.);
#12960 = CIRCLE('',#12961,1.7);
#12961 = AXIS2_PLACEMENT_3D('',#12962,#12963,#12964);
#12962 = CARTESIAN_POINT('',(17.,99.,24.5));
#12963 = DIRECTION('',(0.,0.,1.));
#12964 = DIRECTION('',(1.,0.,0.));
#12965 = ORIENTED_EDGE('',*,*,#12951,.F.);
#12966 = ORIENTED_EDGE('',*,*,#12823,.T.);
#12967 = CYLINDRICAL_SURFACE('',#12968,1.7);
#12968 = AXIS2_PLACEMENT_3D('',#12969,#12970,#12971);
#12969 = CARTESIAN_POINT('',(17.,99.,19.));
#12970 = DIRECTION('',(0.,0.,1.));
#12971 = DIRECTION('',(1.,0.,0.));
#12972 = ADVANCED_FACE('',(#12973),#12992,.F.);
#12973 = FACE_BOUND('',#12974,.F.);
#12974 = EDGE_LOOP('',(#12975,#12983,#12990,#12991));
#12975 = ORIENTED_EDGE('',*,*,#12976,.T.);
#12976 = EDGE_CURVE('',#12867,#12977,#12979,.T.);
#12977 = VERTEX_POINT('',#12978);
#12978 = CARTESIAN_POINT('',(180.7,99.,24.5));
#12979 = LINE('',#12980,#12981);
#12980 = CARTESIAN_POINT('',(180.7,99.,19.));
#12981 = VECTOR('',#12982,1.);
#12982 = DIRECTION('',(0.,0.,1.));
#12983 = ORIENTED_EDGE('',*,*,#12984,.F.);
#12984 = EDGE_CURVE('',#12977,#12977,#12985,.T.);
#12985 = CIRCLE('',#12986,1.7);
#12986 = AXIS2_PLACEMENT_3D('',#12987,#12988,#12989);
#12987 = CARTESIAN_POINT('',(179.,99.,24.5));
#12988 = DIRECTION('',(0.,0.,1.));
#12989 = DIRECTION('',(1.,0.,0.));
#12990 = ORIENTED_EDGE('',*,*,#12976,.F.);
#12991 = ORIENTED_EDGE('',*,*,#12866,.T.);
#12992 = CYLINDRICAL_SURFACE('',#12993,1.7);
#12993 = AXIS2_PLACEMENT_3D('',#12994,#12995,#12996);
#12994 = CARTESIAN_POINT('',(179.,99.,19.));
#12995 = DIRECTION('',(0.,0.,1.));
#12996 = DIRECTION('',(1.,0.,0.));
#12997 = ADVANCED_FACE('',(#12998),#13001,.F.);
#12998 = FACE_BOUND('',#12999,.F.);
#12999 = EDGE_LOOP('',(#13000));
#13000 = ORIENTED_EDGE('',*,*,#12909,.T.);
#13001 = PLANE('',#13002);
#13002 = AXIS2_PLACEMENT_3D('',#13003,#13004,#13005);
#13003 = CARTESIAN_POINT('',(17.,24.,24.5));
#13004 = DIRECTION('',(0.,0.,1.));
#13005 = DIRECTION('',(1.,0.,0.));
#13006 = ADVANCED_FACE('',(#13007),#13010,.F.);
#13007 = FACE_BOUND('',#13008,.F.);
#13008 = EDGE_LOOP('',(#13009));
#13009 = ORIENTED_EDGE('',*,*,#12934,.T.);
#13010 = PLANE('',#13011);
#13011 = AXIS2_PLACEMENT_3D('',#13012,#13013,#13014);
#13012 = CARTESIAN_POINT('',(179.,24.,24.5));
#13013 = DIRECTION('',(0.,0.,1.));
#13014 = DIRECTION('',(1.,0.,0.));
#13015 = ADVANCED_FACE('',(#13016),#13019,.F.);
#13016 = FACE_BOUND('',#13017,.F.);
#13017 = EDGE_LOOP('',(#13018));
#13018 = ORIENTED_EDGE('',*,*,#12959,.T.);
#13019 = PLANE('',#13020);
#13020 = AXIS2_PLACEMENT_3D('',#13021,#13022,#13023);
#13021 = CARTESIAN_POINT('',(17.,99.,24.5));
#13022 = DIRECTION('',(0.,0.,1.));
#13023 = DIRECTION('',(1.,0.,0.));
#13024 = ADVANCED_FACE('',(#13025),#13028,.F.);
#13025 = FACE_BOUND('',#13026,.F.);
#13026 = EDGE_LOOP('',(#13027));
#13027 = ORIENTED_EDGE('',*,*,#12984,.T.);
#13028 = PLANE('',#13029);
#13029 = AXIS2_PLACEMENT_3D('',#13030,#13031,#13032);
#13030 = CARTESIAN_POINT('',(179.,99.,24.5));
#13031 = DIRECTION('',(0.,0.,1.));
#13032 = DIRECTION('',(1.,0.,0.));
#13033 = ADVANCED_FACE('',(#13034),#13040,.T.);
#13034 = FACE_BOUND('',#13035,.T.);
#13035 = EDGE_LOOP('',(#13036,#13037,#13038,#13039));
#13036 = ORIENTED_EDGE('',*,*,#8350,.F.);
#13037 = ORIENTED_EDGE('',*,*,#9665,.F.);
#13038 = ORIENTED_EDGE('',*,*,#8909,.T.);
#13039 = ORIENTED_EDGE('',*,*,#8748,.F.);
#13040 = PLANE('',#13041);
#13041 = AXIS2_PLACEMENT_3D('',#13042,#13043,#13044);
#13042 = CARTESIAN_POINT('',(19.7,183.7,38.));
#13043 = DIRECTION('',(1.,0.,0.));
#13044 = DIRECTION('',(0.,0.,1.));
#13045 = ADVANCED_FACE('',(#13046),#13052,.F.);
#13046 = FACE_BOUND('',#13047,.T.);
#13047 = EDGE_LOOP('',(#13048,#13049,#13050,#13051));
#13048 = ORIENTED_EDGE('',*,*,#8222,.T.);
#13049 = ORIENTED_EDGE('',*,*,#9681,.T.);
#13050 = ORIENTED_EDGE('',*,*,#8781,.F.);
#13051 = ORIENTED_EDGE('',*,*,#9748,.T.);
#13052 = PLANE('',#13053);
#13053 = AXIS2_PLACEMENT_3D('',#13054,#13055,#13056);
#13054 = CARTESIAN_POINT('',(176.3,183.7,38.));
#13055 = DIRECTION('',(1.,0.,0.));
#13056 = DIRECTION('',(0.,0.,1.));
#13057 = ADVANCED_FACE('',(#13058),#13064,.F.);
#13058 = FACE_BOUND('',#13059,.T.);
#13059 = EDGE_LOOP('',(#13060,#13061,#13062,#13063));
#13060 = ORIENTED_EDGE('',*,*,#9770,.T.);
#13061 = ORIENTED_EDGE('',*,*,#8302,.T.);
#13062 = ORIENTED_EDGE('',*,*,#9839,.T.);
#13063 = ORIENTED_EDGE('',*,*,#8861,.F.);
#13064 = PLANE('',#13065);
#13065 = AXIS2_PLACEMENT_3D('',#13066,#13067,#13068);
#13066 = CARTESIAN_POINT('',(56.3,183.7,38.));
#13067 = DIRECTION('',(1.,0.,0.));
#13068 = DIRECTION('',(0.,0.,1.));
#13069 = MANIFOLD_SOLID_BREP('',#13070);
#13070 = CLOSED_SHELL('',(#13071,#13111,#13142,#13188,#13212,#13251,
    #13263,#13280));
#13071 = ADVANCED_FACE('',(#13072),#13106,.F.);
#13072 = FACE_BOUND('',#13073,.F.);
#13073 = EDGE_LOOP('',(#13074,#13084,#13092,#13100));
#13074 = ORIENTED_EDGE('',*,*,#13075,.F.);
#13075 = EDGE_CURVE('',#13076,#13078,#13080,.T.);
#13076 = VERTEX_POINT('',#13077);
#13077 = CARTESIAN_POINT('',(10.,14.,16.));
#13078 = VERTEX_POINT('',#13079);
#13079 = CARTESIAN_POINT('',(10.,14.,19.));
#13080 = LINE('',#13081,#13082);
#13081 = CARTESIAN_POINT('',(10.,14.,16.));
#13082 = VECTOR('',#13083,1.);
#13083 = DIRECTION('',(0.,0.,1.));
#13084 = ORIENTED_EDGE('',*,*,#13085,.T.);
#13085 = EDGE_CURVE('',#13076,#13086,#13088,.T.);
#13086 = VERTEX_POINT('',#13087);
#13087 = CARTESIAN_POINT('',(10.,114.,16.));
#13088 = LINE('',#13089,#13090);
#13089 = CARTESIAN_POINT('',(10.,14.,16.));
#13090 = VECTOR('',#13091,1.);
#13091 = DIRECTION('',(0.,1.,0.));
#13092 = ORIENTED_EDGE('',*,*,#13093,.T.);
#13093 = EDGE_CURVE('',#13086,#13094,#13096,.T.);
#13094 = VERTEX_POINT('',#13095);
#13095 = CARTESIAN_POINT('',(10.,114.,19.));
#13096 = LINE('',#13097,#13098);
#13097 = CARTESIAN_POINT('',(10.,114.,16.));
#13098 = VECTOR('',#13099,1.);
#13099 = DIRECTION('',(0.,0.,1.));
#13100 = ORIENTED_EDGE('',*,*,#13101,.F.);
#13101 = EDGE_CURVE('',#13078,#13094,#13102,.T.);
#13102 = LINE('',#13103,#13104);
#13103 = CARTESIAN_POINT('',(10.,14.,19.));
#13104 = VECTOR('',#13105,1.);
#13105 = DIRECTION('',(0.,1.,0.));
#13106 = PLANE('',#13107);
#13107 = AXIS2_PLACEMENT_3D('',#13108,#13109,#13110);
#13108 = CARTESIAN_POINT('',(10.,14.,16.));
#13109 = DIRECTION('',(1.,0.,0.));
#13110 = DIRECTION('',(0.,0.,1.));
#13111 = ADVANCED_FACE('',(#13112),#13137,.F.);
#13112 = FACE_BOUND('',#13113,.F.);
#13113 = EDGE_LOOP('',(#13114,#13122,#13123,#13131));
#13114 = ORIENTED_EDGE('',*,*,#13115,.F.);
#13115 = EDGE_CURVE('',#13076,#13116,#13118,.T.);
#13116 = VERTEX_POINT('',#13117);
#13117 = CARTESIAN_POINT('',(30.,14.,16.));
#13118 = LINE('',#13119,#13120);
#13119 = CARTESIAN_POINT('',(10.,14.,16.));
#13120 = VECTOR('',#13121,1.);
#13121 = DIRECTION('',(1.,0.,0.));
#13122 = ORIENTED_EDGE('',*,*,#13075,.T.);
#13123 = ORIENTED_EDGE('',*,*,#13124,.T.);
#13124 = EDGE_CURVE('',#13078,#13125,#13127,.T.);
#13125 = VERTEX_POINT('',#13126);
#13126 = CARTESIAN_POINT('',(30.,14.,19.));
#13127 = LINE('',#13128,#13129);
#13128 = CARTESIAN_POINT('',(10.,14.,19.));
#13129 = VECTOR('',#13130,1.);
#13130 = DIRECTION('',(1.,0.,0.));
#13131 = ORIENTED_EDGE('',*,*,#13132,.F.);
#13132 = EDGE_CURVE('',#13116,#13125,#13133,.T.);
#13133 = LINE('',#13134,#13135);
#13134 = CARTESIAN_POINT('',(30.,14.,16.));
#13135 = VECTOR('',#13136,1.);
#13136 = DIRECTION('',(0.,0.,1.));
#13137 = PLANE('',#13138);
#13138 = AXIS2_PLACEMENT_3D('',#13139,#13140,#13141);
#13139 = CARTESIAN_POINT('',(10.,14.,16.));
#13140 = DIRECTION('',(0.,1.,0.));
#13141 = DIRECTION('',(0.,0.,1.));
#13142 = ADVANCED_FACE('',(#13143,#13161,#13172),#13183,.T.);
#13143 = FACE_BOUND('',#13144,.T.);
#13144 = EDGE_LOOP('',(#13145,#13146,#13147,#13155));
#13145 = ORIENTED_EDGE('',*,*,#13101,.F.);
#13146 = ORIENTED_EDGE('',*,*,#13124,.T.);
#13147 = ORIENTED_EDGE('',*,*,#13148,.T.);
#13148 = EDGE_CURVE('',#13125,#13149,#13151,.T.);
#13149 = VERTEX_POINT('',#13150);
#13150 = CARTESIAN_POINT('',(30.,114.,19.));
#13151 = LINE('',#13152,#13153);
#13152 = CARTESIAN_POINT('',(30.,14.,19.));
#13153 = VECTOR('',#13154,1.);
#13154 = DIRECTION('',(0.,1.,0.));
#13155 = ORIENTED_EDGE('',*,*,#13156,.F.);
#13156 = EDGE_CURVE('',#13094,#13149,#13157,.T.);
#13157 = LINE('',#13158,#13159);
#13158 = CARTESIAN_POINT('',(10.,114.,19.));
#13159 = VECTOR('',#13160,1.);
#13160 = DIRECTION('',(1.,0.,0.));
#13161 = FACE_BOUND('',#13162,.T.);
#13162 = EDGE_LOOP('',(#13163));
#13163 = ORIENTED_EDGE('',*,*,#13164,.F.);
#13164 = EDGE_CURVE('',#13165,#13165,#13167,.T.);
#13165 = VERTEX_POINT('',#13166);
#13166 = CARTESIAN_POINT('',(18.7,24.,19.));
#13167 = CIRCLE('',#13168,1.7);
#13168 = AXIS2_PLACEMENT_3D('',#13169,#13170,#13171);
#13169 = CARTESIAN_POINT('',(17.,24.,19.));
#13170 = DIRECTION('',(0.,0.,1.));
#13171 = DIRECTION('',(1.,0.,0.));
#13172 = FACE_BOUND('',#13173,.T.);
#13173 = EDGE_LOOP('',(#13174));
#13174 = ORIENTED_EDGE('',*,*,#13175,.F.);
#13175 = EDGE_CURVE('',#13176,#13176,#13178,.T.);
#13176 = VERTEX_POINT('',#13177);
#13177 = CARTESIAN_POINT('',(18.7,99.,19.));
#13178 = CIRCLE('',#13179,1.7);
#13179 = AXIS2_PLACEMENT_3D('',#13180,#13181,#13182);
#13180 = CARTESIAN_POINT('',(17.,99.,19.));
#13181 = DIRECTION('',(0.,0.,1.));
#13182 = DIRECTION('',(1.,0.,0.));
#13183 = PLANE('',#13184);
#13184 = AXIS2_PLACEMENT_3D('',#13185,#13186,#13187);
#13185 = CARTESIAN_POINT('',(10.,14.,19.));
#13186 = DIRECTION('',(0.,0.,1.));
#13187 = DIRECTION('',(1.,0.,0.));
#13188 = ADVANCED_FACE('',(#13189),#13207,.T.);
#13189 = FACE_BOUND('',#13190,.T.);
#13190 = EDGE_LOOP('',(#13191,#13199,#13200,#13201));
#13191 = ORIENTED_EDGE('',*,*,#13192,.F.);
#13192 = EDGE_CURVE('',#13086,#13193,#13195,.T.);
#13193 = VERTEX_POINT('',#13194);
#13194 = CARTESIAN_POINT('',(30.,114.,16.));
#13195 = LINE('',#13196,#13197);
#13196 = CARTESIAN_POINT('',(10.,114.,16.));
#13197 = VECTOR('',#13198,1.);
#13198 = DIRECTION('',(1.,0.,0.));
#13199 = ORIENTED_EDGE('',*,*,#13093,.T.);
#13200 = ORIENTED_EDGE('',*,*,#13156,.T.);
#13201 = ORIENTED_EDGE('',*,*,#13202,.F.);
#13202 = EDGE_CURVE('',#13193,#13149,#13203,.T.);
#13203 = LINE('',#13204,#13205);
#13204 = CARTESIAN_POINT('',(30.,114.,16.));
#13205 = VECTOR('',#13206,1.);
#13206 = DIRECTION('',(0.,0.,1.));
#13207 = PLANE('',#13208);
#13208 = AXIS2_PLACEMENT_3D('',#13209,#13210,#13211);
#13209 = CARTESIAN_POINT('',(10.,114.,16.));
#13210 = DIRECTION('',(0.,1.,0.));
#13211 = DIRECTION('',(0.,0.,1.));
#13212 = ADVANCED_FACE('',(#13213,#13224,#13235),#13246,.F.);
#13213 = FACE_BOUND('',#13214,.F.);
#13214 = EDGE_LOOP('',(#13215,#13216,#13217,#13223));
#13215 = ORIENTED_EDGE('',*,*,#13085,.F.);
#13216 = ORIENTED_EDGE('',*,*,#13115,.T.);
#13217 = ORIENTED_EDGE('',*,*,#13218,.T.);
#13218 = EDGE_CURVE('',#13116,#13193,#13219,.T.);
#13219 = LINE('',#13220,#13221);
#13220 = CARTESIAN_POINT('',(30.,14.,16.));
#13221 = VECTOR('',#13222,1.);
#13222 = DIRECTION('',(0.,1.,0.));
#13223 = ORIENTED_EDGE('',*,*,#13192,.F.);
#13224 = FACE_BOUND('',#13225,.F.);
#13225 = EDGE_LOOP('',(#13226));
#13226 = ORIENTED_EDGE('',*,*,#13227,.F.);
#13227 = EDGE_CURVE('',#13228,#13228,#13230,.T.);
#13228 = VERTEX_POINT('',#13229);
#13229 = CARTESIAN_POINT('',(18.7,24.,16.));
#13230 = CIRCLE('',#13231,1.7);
#13231 = AXIS2_PLACEMENT_3D('',#13232,#13233,#13234);
#13232 = CARTESIAN_POINT('',(17.,24.,16.));
#13233 = DIRECTION('',(0.,0.,1.));
#13234 = DIRECTION('',(1.,0.,0.));
#13235 = FACE_BOUND('',#13236,.F.);
#13236 = EDGE_LOOP('',(#13237));
#13237 = ORIENTED_EDGE('',*,*,#13238,.F.);
#13238 = EDGE_CURVE('',#13239,#13239,#13241,.T.);
#13239 = VERTEX_POINT('',#13240);
#13240 = CARTESIAN_POINT('',(18.7,99.,16.));
#13241 = CIRCLE('',#13242,1.7);
#13242 = AXIS2_PLACEMENT_3D('',#13243,#13244,#13245);
#13243 = CARTESIAN_POINT('',(17.,99.,16.));
#13244 = DIRECTION('',(0.,0.,1.));
#13245 = DIRECTION('',(1.,0.,0.));
#13246 = PLANE('',#13247);
#13247 = AXIS2_PLACEMENT_3D('',#13248,#13249,#13250);
#13248 = CARTESIAN_POINT('',(10.,14.,16.));
#13249 = DIRECTION('',(0.,0.,1.));
#13250 = DIRECTION('',(1.,0.,0.));
#13251 = ADVANCED_FACE('',(#13252),#13258,.T.);
#13252 = FACE_BOUND('',#13253,.T.);
#13253 = EDGE_LOOP('',(#13254,#13255,#13256,#13257));
#13254 = ORIENTED_EDGE('',*,*,#13132,.F.);
#13255 = ORIENTED_EDGE('',*,*,#13218,.T.);
#13256 = ORIENTED_EDGE('',*,*,#13202,.T.);
#13257 = ORIENTED_EDGE('',*,*,#13148,.F.);
#13258 = PLANE('',#13259);
#13259 = AXIS2_PLACEMENT_3D('',#13260,#13261,#13262);
#13260 = CARTESIAN_POINT('',(30.,14.,16.));
#13261 = DIRECTION('',(1.,0.,0.));
#13262 = DIRECTION('',(0.,0.,1.));
#13263 = ADVANCED_FACE('',(#13264),#13275,.F.);
#13264 = FACE_BOUND('',#13265,.F.);
#13265 = EDGE_LOOP('',(#13266,#13267,#13273,#13274));
#13266 = ORIENTED_EDGE('',*,*,#13164,.F.);
#13267 = ORIENTED_EDGE('',*,*,#13268,.F.);
#13268 = EDGE_CURVE('',#13228,#13165,#13269,.T.);
#13269 = LINE('',#13270,#13271);
#13270 = CARTESIAN_POINT('',(18.7,24.,15.));
#13271 = VECTOR('',#13272,1.);
#13272 = DIRECTION('',(0.,0.,1.));
#13273 = ORIENTED_EDGE('',*,*,#13227,.T.);
#13274 = ORIENTED_EDGE('',*,*,#13268,.T.);
#13275 = CYLINDRICAL_SURFACE('',#13276,1.7);
#13276 = AXIS2_PLACEMENT_3D('',#13277,#13278,#13279);
#13277 = CARTESIAN_POINT('',(17.,24.,15.));
#13278 = DIRECTION('',(0.,0.,1.));
#13279 = DIRECTION('',(1.,0.,0.));
#13280 = ADVANCED_FACE('',(#13281),#13292,.F.);
#13281 = FACE_BOUND('',#13282,.F.);
#13282 = EDGE_LOOP('',(#13283,#13284,#13290,#13291));
#13283 = ORIENTED_EDGE('',*,*,#13175,.F.);
#13284 = ORIENTED_EDGE('',*,*,#13285,.F.);
#13285 = EDGE_CURVE('',#13239,#13176,#13286,.T.);
#13286 = LINE('',#13287,#13288);
#13287 = CARTESIAN_POINT('',(18.7,99.,15.));
#13288 = VECTOR('',#13289,1.);
#13289 = DIRECTION('',(0.,0.,1.));
#13290 = ORIENTED_EDGE('',*,*,#13238,.T.);
#13291 = ORIENTED_EDGE('',*,*,#13285,.T.);
#13292 = CYLINDRICAL_SURFACE('',#13293,1.7);
#13293 = AXIS2_PLACEMENT_3D('',#13294,#13295,#13296);
#13294 = CARTESIAN_POINT('',(17.,99.,15.));
#13295 = DIRECTION('',(0.,0.,1.));
#13296 = DIRECTION('',(1.,0.,0.));
#13297 = MANIFOLD_SOLID_BREP('',#13298);
#13298 = CLOSED_SHELL('',(#13299,#13339,#13370,#13416,#13440,#13479,
    #13491,#13508));
#13299 = ADVANCED_FACE('',(#13300),#13334,.F.);
#13300 = FACE_BOUND('',#13301,.F.);
#13301 = EDGE_LOOP('',(#13302,#13312,#13320,#13328));
#13302 = ORIENTED_EDGE('',*,*,#13303,.F.);
#13303 = EDGE_CURVE('',#13304,#13306,#13308,.T.);
#13304 = VERTEX_POINT('',#13305);
#13305 = CARTESIAN_POINT('',(166.,14.,16.));
#13306 = VERTEX_POINT('',#13307);
#13307 = CARTESIAN_POINT('',(166.,14.,19.));
#13308 = LINE('',#13309,#13310);
#13309 = CARTESIAN_POINT('',(166.,14.,16.));
#13310 = VECTOR('',#13311,1.);
#13311 = DIRECTION('',(0.,0.,1.));
#13312 = ORIENTED_EDGE('',*,*,#13313,.T.);
#13313 = EDGE_CURVE('',#13304,#13314,#13316,.T.);
#13314 = VERTEX_POINT('',#13315);
#13315 = CARTESIAN_POINT('',(166.,114.,16.));
#13316 = LINE('',#13317,#13318);
#13317 = CARTESIAN_POINT('',(166.,14.,16.));
#13318 = VECTOR('',#13319,1.);
#13319 = DIRECTION('',(0.,1.,0.));
#13320 = ORIENTED_EDGE('',*,*,#13321,.T.);
#13321 = EDGE_CURVE('',#13314,#13322,#13324,.T.);
#13322 = VERTEX_POINT('',#13323);
#13323 = CARTESIAN_POINT('',(166.,114.,19.));
#13324 = LINE('',#13325,#13326);
#13325 = CARTESIAN_POINT('',(166.,114.,16.));
#13326 = VECTOR('',#13327,1.);
#13327 = DIRECTION('',(0.,0.,1.));
#13328 = ORIENTED_EDGE('',*,*,#13329,.F.);
#13329 = EDGE_CURVE('',#13306,#13322,#13330,.T.);
#13330 = LINE('',#13331,#13332);
#13331 = CARTESIAN_POINT('',(166.,14.,19.));
#13332 = VECTOR('',#13333,1.);
#13333 = DIRECTION('',(0.,1.,0.));
#13334 = PLANE('',#13335);
#13335 = AXIS2_PLACEMENT_3D('',#13336,#13337,#13338);
#13336 = CARTESIAN_POINT('',(166.,14.,16.));
#13337 = DIRECTION('',(1.,0.,0.));
#13338 = DIRECTION('',(0.,0.,1.));
#13339 = ADVANCED_FACE('',(#13340),#13365,.F.);
#13340 = FACE_BOUND('',#13341,.F.);
#13341 = EDGE_LOOP('',(#13342,#13350,#13351,#13359));
#13342 = ORIENTED_EDGE('',*,*,#13343,.F.);
#13343 = EDGE_CURVE('',#13304,#13344,#13346,.T.);
#13344 = VERTEX_POINT('',#13345);
#13345 = CARTESIAN_POINT('',(186.,14.,16.));
#13346 = LINE('',#13347,#13348);
#13347 = CARTESIAN_POINT('',(166.,14.,16.));
#13348 = VECTOR('',#13349,1.);
#13349 = DIRECTION('',(1.,0.,0.));
#13350 = ORIENTED_EDGE('',*,*,#13303,.T.);
#13351 = ORIENTED_EDGE('',*,*,#13352,.T.);
#13352 = EDGE_CURVE('',#13306,#13353,#13355,.T.);
#13353 = VERTEX_POINT('',#13354);
#13354 = CARTESIAN_POINT('',(186.,14.,19.));
#13355 = LINE('',#13356,#13357);
#13356 = CARTESIAN_POINT('',(166.,14.,19.));
#13357 = VECTOR('',#13358,1.);
#13358 = DIRECTION('',(1.,0.,0.));
#13359 = ORIENTED_EDGE('',*,*,#13360,.F.);
#13360 = EDGE_CURVE('',#13344,#13353,#13361,.T.);
#13361 = LINE('',#13362,#13363);
#13362 = CARTESIAN_POINT('',(186.,14.,16.));
#13363 = VECTOR('',#13364,1.);
#13364 = DIRECTION('',(0.,0.,1.));
#13365 = PLANE('',#13366);
#13366 = AXIS2_PLACEMENT_3D('',#13367,#13368,#13369);
#13367 = CARTESIAN_POINT('',(166.,14.,16.));
#13368 = DIRECTION('',(0.,1.,0.));
#13369 = DIRECTION('',(0.,0.,1.));
#13370 = ADVANCED_FACE('',(#13371,#13389,#13400),#13411,.T.);
#13371 = FACE_BOUND('',#13372,.T.);
#13372 = EDGE_LOOP('',(#13373,#13374,#13375,#13383));
#13373 = ORIENTED_EDGE('',*,*,#13329,.F.);
#13374 = ORIENTED_EDGE('',*,*,#13352,.T.);
#13375 = ORIENTED_EDGE('',*,*,#13376,.T.);
#13376 = EDGE_CURVE('',#13353,#13377,#13379,.T.);
#13377 = VERTEX_POINT('',#13378);
#13378 = CARTESIAN_POINT('',(186.,114.,19.));
#13379 = LINE('',#13380,#13381);
#13380 = CARTESIAN_POINT('',(186.,14.,19.));
#13381 = VECTOR('',#13382,1.);
#13382 = DIRECTION('',(0.,1.,0.));
#13383 = ORIENTED_EDGE('',*,*,#13384,.F.);
#13384 = EDGE_CURVE('',#13322,#13377,#13385,.T.);
#13385 = LINE('',#13386,#13387);
#13386 = CARTESIAN_POINT('',(166.,114.,19.));
#13387 = VECTOR('',#13388,1.);
#13388 = DIRECTION('',(1.,0.,0.));
#13389 = FACE_BOUND('',#13390,.T.);
#13390 = EDGE_LOOP('',(#13391));
#13391 = ORIENTED_EDGE('',*,*,#13392,.F.);
#13392 = EDGE_CURVE('',#13393,#13393,#13395,.T.);
#13393 = VERTEX_POINT('',#13394);
#13394 = CARTESIAN_POINT('',(180.7,24.,19.));
#13395 = CIRCLE('',#13396,1.7);
#13396 = AXIS2_PLACEMENT_3D('',#13397,#13398,#13399);
#13397 = CARTESIAN_POINT('',(179.,24.,19.));
#13398 = DIRECTION('',(0.,0.,1.));
#13399 = DIRECTION('',(1.,0.,0.));
#13400 = FACE_BOUND('',#13401,.T.);
#13401 = EDGE_LOOP('',(#13402));
#13402 = ORIENTED_EDGE('',*,*,#13403,.F.);
#13403 = EDGE_CURVE('',#13404,#13404,#13406,.T.);
#13404 = VERTEX_POINT('',#13405);
#13405 = CARTESIAN_POINT('',(180.7,99.,19.));
#13406 = CIRCLE('',#13407,1.7);
#13407 = AXIS2_PLACEMENT_3D('',#13408,#13409,#13410);
#13408 = CARTESIAN_POINT('',(179.,99.,19.));
#13409 = DIRECTION('',(0.,0.,1.));
#13410 = DIRECTION('',(1.,0.,0.));
#13411 = PLANE('',#13412);
#13412 = AXIS2_PLACEMENT_3D('',#13413,#13414,#13415);
#13413 = CARTESIAN_POINT('',(166.,14.,19.));
#13414 = DIRECTION('',(0.,0.,1.));
#13415 = DIRECTION('',(1.,0.,0.));
#13416 = ADVANCED_FACE('',(#13417),#13435,.T.);
#13417 = FACE_BOUND('',#13418,.T.);
#13418 = EDGE_LOOP('',(#13419,#13427,#13428,#13429));
#13419 = ORIENTED_EDGE('',*,*,#13420,.F.);
#13420 = EDGE_CURVE('',#13314,#13421,#13423,.T.);
#13421 = VERTEX_POINT('',#13422);
#13422 = CARTESIAN_POINT('',(186.,114.,16.));
#13423 = LINE('',#13424,#13425);
#13424 = CARTESIAN_POINT('',(166.,114.,16.));
#13425 = VECTOR('',#13426,1.);
#13426 = DIRECTION('',(1.,0.,0.));
#13427 = ORIENTED_EDGE('',*,*,#13321,.T.);
#13428 = ORIENTED_EDGE('',*,*,#13384,.T.);
#13429 = ORIENTED_EDGE('',*,*,#13430,.F.);
#13430 = EDGE_CURVE('',#13421,#13377,#13431,.T.);
#13431 = LINE('',#13432,#13433);
#13432 = CARTESIAN_POINT('',(186.,114.,16.));
#13433 = VECTOR('',#13434,1.);
#13434 = DIRECTION('',(0.,0.,1.));
#13435 = PLANE('',#13436);
#13436 = AXIS2_PLACEMENT_3D('',#13437,#13438,#13439);
#13437 = CARTESIAN_POINT('',(166.,114.,16.));
#13438 = DIRECTION('',(0.,1.,0.));
#13439 = DIRECTION('',(0.,0.,1.));
#13440 = ADVANCED_FACE('',(#13441,#13452,#13463),#13474,.F.);
#13441 = FACE_BOUND('',#13442,.F.);
#13442 = EDGE_LOOP('',(#13443,#13444,#13445,#13451));
#13443 = ORIENTED_EDGE('',*,*,#13313,.F.);
#13444 = ORIENTED_EDGE('',*,*,#13343,.T.);
#13445 = ORIENTED_EDGE('',*,*,#13446,.T.);
#13446 = EDGE_CURVE('',#13344,#13421,#13447,.T.);
#13447 = LINE('',#13448,#13449);
#13448 = CARTESIAN_POINT('',(186.,14.,16.));
#13449 = VECTOR('',#13450,1.);
#13450 = DIRECTION('',(0.,1.,0.));
#13451 = ORIENTED_EDGE('',*,*,#13420,.F.);
#13452 = FACE_BOUND('',#13453,.F.);
#13453 = EDGE_LOOP('',(#13454));
#13454 = ORIENTED_EDGE('',*,*,#13455,.F.);
#13455 = EDGE_CURVE('',#13456,#13456,#13458,.T.);
#13456 = VERTEX_POINT('',#13457);
#13457 = CARTESIAN_POINT('',(180.7,24.,16.));
#13458 = CIRCLE('',#13459,1.7);
#13459 = AXIS2_PLACEMENT_3D('',#13460,#13461,#13462);
#13460 = CARTESIAN_POINT('',(179.,24.,16.));
#13461 = DIRECTION('',(0.,0.,1.));
#13462 = DIRECTION('',(1.,0.,0.));
#13463 = FACE_BOUND('',#13464,.F.);
#13464 = EDGE_LOOP('',(#13465));
#13465 = ORIENTED_EDGE('',*,*,#13466,.F.);
#13466 = EDGE_CURVE('',#13467,#13467,#13469,.T.);
#13467 = VERTEX_POINT('',#13468);
#13468 = CARTESIAN_POINT('',(180.7,99.,16.));
#13469 = CIRCLE('',#13470,1.7);
#13470 = AXIS2_PLACEMENT_3D('',#13471,#13472,#13473);
#13471 = CARTESIAN_POINT('',(179.,99.,16.));
#13472 = DIRECTION('',(0.,0.,1.));
#13473 = DIRECTION('',(1.,0.,0.));
#13474 = PLANE('',#13475);
#13475 = AXIS2_PLACEMENT_3D('',#13476,#13477,#13478);
#13476 = CARTESIAN_POINT('',(166.,14.,16.));
#13477 = DIRECTION('',(0.,0.,1.));
#13478 = DIRECTION('',(1.,0.,0.));
#13479 = ADVANCED_FACE('',(#13480),#13486,.T.);
#13480 = FACE_BOUND('',#13481,.T.);
#13481 = EDGE_LOOP('',(#13482,#13483,#13484,#13485));
#13482 = ORIENTED_EDGE('',*,*,#13360,.F.);
#13483 = ORIENTED_EDGE('',*,*,#13446,.T.);
#13484 = ORIENTED_EDGE('',*,*,#13430,.T.);
#13485 = ORIENTED_EDGE('',*,*,#13376,.F.);
#13486 = PLANE('',#13487);
#13487 = AXIS2_PLACEMENT_3D('',#13488,#13489,#13490);
#13488 = CARTESIAN_POINT('',(186.,14.,16.));
#13489 = DIRECTION('',(1.,0.,0.));
#13490 = DIRECTION('',(0.,0.,1.));
#13491 = ADVANCED_FACE('',(#13492),#13503,.F.);
#13492 = FACE_BOUND('',#13493,.F.);
#13493 = EDGE_LOOP('',(#13494,#13495,#13501,#13502));
#13494 = ORIENTED_EDGE('',*,*,#13392,.F.);
#13495 = ORIENTED_EDGE('',*,*,#13496,.F.);
#13496 = EDGE_CURVE('',#13456,#13393,#13497,.T.);
#13497 = LINE('',#13498,#13499);
#13498 = CARTESIAN_POINT('',(180.7,24.,15.));
#13499 = VECTOR('',#13500,1.);
#13500 = DIRECTION('',(0.,0.,1.));
#13501 = ORIENTED_EDGE('',*,*,#13455,.T.);
#13502 = ORIENTED_EDGE('',*,*,#13496,.T.);
#13503 = CYLINDRICAL_SURFACE('',#13504,1.7);
#13504 = AXIS2_PLACEMENT_3D('',#13505,#13506,#13507);
#13505 = CARTESIAN_POINT('',(179.,24.,15.));
#13506 = DIRECTION('',(0.,0.,1.));
#13507 = DIRECTION('',(1.,0.,0.));
#13508 = ADVANCED_FACE('',(#13509),#13520,.F.);
#13509 = FACE_BOUND('',#13510,.F.);
#13510 = EDGE_LOOP('',(#13511,#13512,#13518,#13519));
#13511 = ORIENTED_EDGE('',*,*,#13403,.F.);
#13512 = ORIENTED_EDGE('',*,*,#13513,.F.);
#13513 = EDGE_CURVE('',#13467,#13404,#13514,.T.);
#13514 = LINE('',#13515,#13516);
#13515 = CARTESIAN_POINT('',(180.7,99.,15.));
#13516 = VECTOR('',#13517,1.);
#13517 = DIRECTION('',(0.,0.,1.));
#13518 = ORIENTED_EDGE('',*,*,#13466,.T.);
#13519 = ORIENTED_EDGE('',*,*,#13513,.T.);
#13520 = CYLINDRICAL_SURFACE('',#13521,1.7);
#13521 = AXIS2_PLACEMENT_3D('',#13522,#13523,#13524);
#13522 = CARTESIAN_POINT('',(179.,99.,15.));
#13523 = DIRECTION('',(0.,0.,1.));
#13524 = DIRECTION('',(1.,0.,0.));
#13525 = MANIFOLD_SOLID_BREP('',#13526);
#13526 = CLOSED_SHELL('',(#13527,#13567,#13600,#13631,#13664,#13695,
    #13728,#13768,#13799,#13926,#13948,#14040,#14103,#14195,#14249,
    #14271,#14293,#14310,#14388,#14405,#14429,#14505,#14517,#14539,
    #14551,#14568,#14623,#14635,#14652,#14669,#14691,#14746,#14758,
    #14770,#14787,#14858,#14882,#14946,#14963,#15034,#15058,#15122,
    #15139,#15156,#15173,#15190,#15207,#15224,#15236,#15253,#15270,
    #15287,#15304,#15321,#15333,#15598,#15629,#15660,#15693,#15713,
    #15730,#15763,#15783,#15800,#15833,#15853,#15870,#15903,#15923,
    #15940,#15973,#15993,#16010,#16043,#16063,#16080,#16111,#16135,
    #16153,#16164,#16195,#16219,#16237,#16248,#16279,#16303,#16321,
    #16332,#16363,#16387,#16405,#16416,#16446,#16549,#16580,#16604,
    #16628,#16645,#16691,#16722,#16746,#16770,#16787,#16799,#16813,
    #16827));
#13527 = ADVANCED_FACE('',(#13528),#13562,.T.);
#13528 = FACE_BOUND('',#13529,.T.);
#13529 = EDGE_LOOP('',(#13530,#13540,#13548,#13556));
#13530 = ORIENTED_EDGE('',*,*,#13531,.F.);
#13531 = EDGE_CURVE('',#13532,#13534,#13536,.T.);
#13532 = VERTEX_POINT('',#13533);
#13533 = CARTESIAN_POINT('',(184.68337520964,3.,3.));
#13534 = VERTEX_POINT('',#13535);
#13535 = CARTESIAN_POINT('',(184.68337520964,3.,22.));
#13536 = LINE('',#13537,#13538);
#13537 = CARTESIAN_POINT('',(184.68337520964,3.,0.));
#13538 = VECTOR('',#13539,1.);
#13539 = DIRECTION('',(0.,0.,1.));
#13540 = ORIENTED_EDGE('',*,*,#13541,.F.);
#13541 = EDGE_CURVE('',#13542,#13532,#13544,.T.);
#13542 = VERTEX_POINT('',#13543);
#13543 = CARTESIAN_POINT('',(11.316624790355,3.,3.));
#13544 = LINE('',#13545,#13546);
#13545 = CARTESIAN_POINT('',(3.,3.,3.));
#13546 = VECTOR('',#13547,1.);
#13547 = DIRECTION('',(1.,0.,0.));
#13548 = ORIENTED_EDGE('',*,*,#13549,.T.);
#13549 = EDGE_CURVE('',#13542,#13550,#13552,.T.);
#13550 = VERTEX_POINT('',#13551);
#13551 = CARTESIAN_POINT('',(11.316624790355,3.,22.));
#13552 = LINE('',#13553,#13554);
#13553 = CARTESIAN_POINT('',(11.316624790355,3.,0.));
#13554 = VECTOR('',#13555,1.);
#13555 = DIRECTION('',(0.,0.,1.));
#13556 = ORIENTED_EDGE('',*,*,#13557,.F.);
#13557 = EDGE_CURVE('',#13534,#13550,#13558,.T.);
#13558 = LINE('',#13559,#13560);
#13559 = CARTESIAN_POINT('',(1.5,3.,22.));
#13560 = VECTOR('',#13561,1.);
#13561 = DIRECTION('',(-1.,0.,0.));
#13562 = PLANE('',#13563);
#13563 = AXIS2_PLACEMENT_3D('',#13564,#13565,#13566);
#13564 = CARTESIAN_POINT('',(3.,3.,3.));
#13565 = DIRECTION('',(0.,1.,0.));
#13566 = DIRECTION('',(0.,0.,1.));
#13567 = ADVANCED_FACE('',(#13568),#13595,.T.);
#13568 = FACE_BOUND('',#13569,.T.);
#13569 = EDGE_LOOP('',(#13570,#13579,#13587,#13594));
#13570 = ORIENTED_EDGE('',*,*,#13571,.F.);
#13571 = EDGE_CURVE('',#13572,#13534,#13574,.T.);
#13572 = VERTEX_POINT('',#13573);
#13573 = CARTESIAN_POINT('',(193.,11.316624790355,22.));
#13574 = CIRCLE('',#13575,6.);
#13575 = AXIS2_PLACEMENT_3D('',#13576,#13577,#13578);
#13576 = CARTESIAN_POINT('',(188.,8.,22.));
#13577 = DIRECTION('',(0.,0.,1.));
#13578 = DIRECTION('',(1.,0.,0.));
#13579 = ORIENTED_EDGE('',*,*,#13580,.F.);
#13580 = EDGE_CURVE('',#13581,#13572,#13583,.T.);
#13581 = VERTEX_POINT('',#13582);
#13582 = CARTESIAN_POINT('',(193.,11.316624790355,3.));
#13583 = LINE('',#13584,#13585);
#13584 = CARTESIAN_POINT('',(193.,11.316624790355,0.));
#13585 = VECTOR('',#13586,1.);
#13586 = DIRECTION('',(0.,0.,1.));
#13587 = ORIENTED_EDGE('',*,*,#13588,.T.);
#13588 = EDGE_CURVE('',#13581,#13532,#13589,.T.);
#13589 = CIRCLE('',#13590,6.);
#13590 = AXIS2_PLACEMENT_3D('',#13591,#13592,#13593);
#13591 = CARTESIAN_POINT('',(188.,8.,3.));
#13592 = DIRECTION('',(0.,0.,1.));
#13593 = DIRECTION('',(1.,0.,0.));
#13594 = ORIENTED_EDGE('',*,*,#13531,.T.);
#13595 = CYLINDRICAL_SURFACE('',#13596,6.);
#13596 = AXIS2_PLACEMENT_3D('',#13597,#13598,#13599);
#13597 = CARTESIAN_POINT('',(188.,8.,0.));
#13598 = DIRECTION('',(0.,0.,1.));
#13599 = DIRECTION('',(1.,0.,0.));
#13600 = ADVANCED_FACE('',(#13601),#13626,.F.);
#13601 = FACE_BOUND('',#13602,.F.);
#13602 = EDGE_LOOP('',(#13603,#13604,#13612,#13620));
#13603 = ORIENTED_EDGE('',*,*,#13580,.F.);
#13604 = ORIENTED_EDGE('',*,*,#13605,.T.);
#13605 = EDGE_CURVE('',#13581,#13606,#13608,.T.);
#13606 = VERTEX_POINT('',#13607);
#13607 = CARTESIAN_POINT('',(193.,91.683375209645,3.));
#13608 = LINE('',#13609,#13610);
#13609 = CARTESIAN_POINT('',(193.,3.,3.));
#13610 = VECTOR('',#13611,1.);
#13611 = DIRECTION('',(0.,1.,0.));
#13612 = ORIENTED_EDGE('',*,*,#13613,.T.);
#13613 = EDGE_CURVE('',#13606,#13614,#13616,.T.);
#13614 = VERTEX_POINT('',#13615);
#13615 = CARTESIAN_POINT('',(193.,91.683375209645,22.));
#13616 = LINE('',#13617,#13618);
#13617 = CARTESIAN_POINT('',(193.,91.683375209645,0.));
#13618 = VECTOR('',#13619,1.);
#13619 = DIRECTION('',(0.,0.,1.));
#13620 = ORIENTED_EDGE('',*,*,#13621,.F.);
#13621 = EDGE_CURVE('',#13572,#13614,#13622,.T.);
#13622 = LINE('',#13623,#13624);
#13623 = CARTESIAN_POINT('',(193.,1.5,22.));
#13624 = VECTOR('',#13625,1.);
#13625 = DIRECTION('',(0.,1.,0.));
#13626 = PLANE('',#13627);
#13627 = AXIS2_PLACEMENT_3D('',#13628,#13629,#13630);
#13628 = CARTESIAN_POINT('',(193.,3.,3.));
#13629 = DIRECTION('',(1.,0.,0.));
#13630 = DIRECTION('',(0.,0.,1.));
#13631 = ADVANCED_FACE('',(#13632),#13659,.T.);
#13632 = FACE_BOUND('',#13633,.T.);
#13633 = EDGE_LOOP('',(#13634,#13643,#13651,#13658));
#13634 = ORIENTED_EDGE('',*,*,#13635,.F.);
#13635 = EDGE_CURVE('',#13636,#13614,#13638,.T.);
#13636 = VERTEX_POINT('',#13637);
#13637 = CARTESIAN_POINT('',(193.,98.316624790355,22.));
#13638 = CIRCLE('',#13639,6.);
#13639 = AXIS2_PLACEMENT_3D('',#13640,#13641,#13642);
#13640 = CARTESIAN_POINT('',(188.,95.,22.));
#13641 = DIRECTION('',(0.,0.,1.));
#13642 = DIRECTION('',(1.,0.,0.));
#13643 = ORIENTED_EDGE('',*,*,#13644,.F.);
#13644 = EDGE_CURVE('',#13645,#13636,#13647,.T.);
#13645 = VERTEX_POINT('',#13646);
#13646 = CARTESIAN_POINT('',(193.,98.316624790355,3.));
#13647 = LINE('',#13648,#13649);
#13648 = CARTESIAN_POINT('',(193.,98.316624790355,0.));
#13649 = VECTOR('',#13650,1.);
#13650 = DIRECTION('',(0.,0.,1.));
#13651 = ORIENTED_EDGE('',*,*,#13652,.T.);
#13652 = EDGE_CURVE('',#13645,#13606,#13653,.T.);
#13653 = CIRCLE('',#13654,6.);
#13654 = AXIS2_PLACEMENT_3D('',#13655,#13656,#13657);
#13655 = CARTESIAN_POINT('',(188.,95.,3.));
#13656 = DIRECTION('',(0.,0.,1.));
#13657 = DIRECTION('',(1.,0.,0.));
#13658 = ORIENTED_EDGE('',*,*,#13613,.T.);
#13659 = CYLINDRICAL_SURFACE('',#13660,6.);
#13660 = AXIS2_PLACEMENT_3D('',#13661,#13662,#13663);
#13661 = CARTESIAN_POINT('',(188.,95.,0.));
#13662 = DIRECTION('',(0.,0.,1.));
#13663 = DIRECTION('',(1.,0.,0.));
#13664 = ADVANCED_FACE('',(#13665),#13690,.F.);
#13665 = FACE_BOUND('',#13666,.F.);
#13666 = EDGE_LOOP('',(#13667,#13668,#13676,#13684));
#13667 = ORIENTED_EDGE('',*,*,#13644,.F.);
#13668 = ORIENTED_EDGE('',*,*,#13669,.T.);
#13669 = EDGE_CURVE('',#13645,#13670,#13672,.T.);
#13670 = VERTEX_POINT('',#13671);
#13671 = CARTESIAN_POINT('',(193.,178.68337520964,3.));
#13672 = LINE('',#13673,#13674);
#13673 = CARTESIAN_POINT('',(193.,3.,3.));
#13674 = VECTOR('',#13675,1.);
#13675 = DIRECTION('',(0.,1.,0.));
#13676 = ORIENTED_EDGE('',*,*,#13677,.T.);
#13677 = EDGE_CURVE('',#13670,#13678,#13680,.T.);
#13678 = VERTEX_POINT('',#13679);
#13679 = CARTESIAN_POINT('',(193.,178.68337520964,22.));
#13680 = LINE('',#13681,#13682);
#13681 = CARTESIAN_POINT('',(193.,178.68337520964,0.));
#13682 = VECTOR('',#13683,1.);
#13683 = DIRECTION('',(0.,0.,1.));
#13684 = ORIENTED_EDGE('',*,*,#13685,.F.);
#13685 = EDGE_CURVE('',#13636,#13678,#13686,.T.);
#13686 = LINE('',#13687,#13688);
#13687 = CARTESIAN_POINT('',(193.,1.5,22.));
#13688 = VECTOR('',#13689,1.);
#13689 = DIRECTION('',(0.,1.,0.));
#13690 = PLANE('',#13691);
#13691 = AXIS2_PLACEMENT_3D('',#13692,#13693,#13694);
#13692 = CARTESIAN_POINT('',(193.,3.,3.));
#13693 = DIRECTION('',(1.,0.,0.));
#13694 = DIRECTION('',(0.,0.,1.));
#13695 = ADVANCED_FACE('',(#13696),#13723,.T.);
#13696 = FACE_BOUND('',#13697,.T.);
#13697 = EDGE_LOOP('',(#13698,#13699,#13708,#13716));
#13698 = ORIENTED_EDGE('',*,*,#13677,.T.);
#13699 = ORIENTED_EDGE('',*,*,#13700,.F.);
#13700 = EDGE_CURVE('',#13701,#13678,#13703,.T.);
#13701 = VERTEX_POINT('',#13702);
#13702 = CARTESIAN_POINT('',(184.68337520964,187.,22.));
#13703 = CIRCLE('',#13704,6.);
#13704 = AXIS2_PLACEMENT_3D('',#13705,#13706,#13707);
#13705 = CARTESIAN_POINT('',(188.,182.,22.));
#13706 = DIRECTION('',(0.,0.,1.));
#13707 = DIRECTION('',(1.,0.,0.));
#13708 = ORIENTED_EDGE('',*,*,#13709,.F.);
#13709 = EDGE_CURVE('',#13710,#13701,#13712,.T.);
#13710 = VERTEX_POINT('',#13711);
#13711 = CARTESIAN_POINT('',(184.68337520964,187.,3.));
#13712 = LINE('',#13713,#13714);
#13713 = CARTESIAN_POINT('',(184.68337520964,187.,0.));
#13714 = VECTOR('',#13715,1.);
#13715 = DIRECTION('',(0.,0.,1.));
#13716 = ORIENTED_EDGE('',*,*,#13717,.T.);
#13717 = EDGE_CURVE('',#13710,#13670,#13718,.T.);
#13718 = CIRCLE('',#13719,6.);
#13719 = AXIS2_PLACEMENT_3D('',#13720,#13721,#13722);
#13720 = CARTESIAN_POINT('',(188.,182.,3.));
#13721 = DIRECTION('',(0.,0.,1.));
#13722 = DIRECTION('',(1.,0.,0.));
#13723 = CYLINDRICAL_SURFACE('',#13724,6.);
#13724 = AXIS2_PLACEMENT_3D('',#13725,#13726,#13727);
#13725 = CARTESIAN_POINT('',(188.,182.,0.));
#13726 = DIRECTION('',(0.,0.,1.));
#13727 = DIRECTION('',(1.,0.,0.));
#13728 = ADVANCED_FACE('',(#13729),#13763,.F.);
#13729 = FACE_BOUND('',#13730,.F.);
#13730 = EDGE_LOOP('',(#13731,#13741,#13749,#13757));
#13731 = ORIENTED_EDGE('',*,*,#13732,.F.);
#13732 = EDGE_CURVE('',#13733,#13735,#13737,.T.);
#13733 = VERTEX_POINT('',#13734);
#13734 = CARTESIAN_POINT('',(0.,0.,0.));
#13735 = VERTEX_POINT('',#13736);
#13736 = CARTESIAN_POINT('',(0.,0.,22.));
#13737 = LINE('',#13738,#13739);
#13738 = CARTESIAN_POINT('',(0.,0.,0.));
#13739 = VECTOR('',#13740,1.);
#13740 = DIRECTION('',(0.,0.,1.));
#13741 = ORIENTED_EDGE('',*,*,#13742,.T.);
#13742 = EDGE_CURVE('',#13733,#13743,#13745,.T.);
#13743 = VERTEX_POINT('',#13744);
#13744 = CARTESIAN_POINT('',(0.,190.,0.));
#13745 = LINE('',#13746,#13747);
#13746 = CARTESIAN_POINT('',(0.,0.,0.));
#13747 = VECTOR('',#13748,1.);
#13748 = DIRECTION('',(0.,1.,0.));
#13749 = ORIENTED_EDGE('',*,*,#13750,.T.);
#13750 = EDGE_CURVE('',#13743,#13751,#13753,.T.);
#13751 = VERTEX_POINT('',#13752);
#13752 = CARTESIAN_POINT('',(0.,190.,22.));
#13753 = LINE('',#13754,#13755);
#13754 = CARTESIAN_POINT('',(0.,190.,0.));
#13755 = VECTOR('',#13756,1.);
#13756 = DIRECTION('',(0.,0.,1.));
#13757 = ORIENTED_EDGE('',*,*,#13758,.F.);
#13758 = EDGE_CURVE('',#13735,#13751,#13759,.T.);
#13759 = LINE('',#13760,#13761);
#13760 = CARTESIAN_POINT('',(0.,0.,22.));
#13761 = VECTOR('',#13762,1.);
#13762 = DIRECTION('',(0.,1.,0.));
#13763 = PLANE('',#13764);
#13764 = AXIS2_PLACEMENT_3D('',#13765,#13766,#13767);
#13765 = CARTESIAN_POINT('',(0.,0.,0.));
#13766 = DIRECTION('',(1.,0.,0.));
#13767 = DIRECTION('',(0.,0.,1.));
#13768 = ADVANCED_FACE('',(#13769),#13794,.F.);
#13769 = FACE_BOUND('',#13770,.F.);
#13770 = EDGE_LOOP('',(#13771,#13779,#13780,#13788));
#13771 = ORIENTED_EDGE('',*,*,#13772,.F.);
#13772 = EDGE_CURVE('',#13733,#13773,#13775,.T.);
#13773 = VERTEX_POINT('',#13774);
#13774 = CARTESIAN_POINT('',(196.,0.,0.));
#13775 = LINE('',#13776,#13777);
#13776 = CARTESIAN_POINT('',(0.,0.,0.));
#13777 = VECTOR('',#13778,1.);
#13778 = DIRECTION('',(1.,0.,0.));
#13779 = ORIENTED_EDGE('',*,*,#13732,.T.);
#13780 = ORIENTED_EDGE('',*,*,#13781,.T.);
#13781 = EDGE_CURVE('',#13735,#13782,#13784,.T.);
#13782 = VERTEX_POINT('',#13783);
#13783 = CARTESIAN_POINT('',(196.,0.,22.));
#13784 = LINE('',#13785,#13786);
#13785 = CARTESIAN_POINT('',(0.,0.,22.));
#13786 = VECTOR('',#13787,1.);
#13787 = DIRECTION('',(1.,0.,0.));
#13788 = ORIENTED_EDGE('',*,*,#13789,.F.);
#13789 = EDGE_CURVE('',#13773,#13782,#13790,.T.);
#13790 = LINE('',#13791,#13792);
#13791 = CARTESIAN_POINT('',(196.,0.,0.));
#13792 = VECTOR('',#13793,1.);
#13793 = DIRECTION('',(0.,0.,1.));
#13794 = PLANE('',#13795);
#13795 = AXIS2_PLACEMENT_3D('',#13796,#13797,#13798);
#13796 = CARTESIAN_POINT('',(0.,0.,0.));
#13797 = DIRECTION('',(0.,1.,0.));
#13798 = DIRECTION('',(0.,0.,1.));
#13799 = ADVANCED_FACE('',(#13800),#13921,.T.);
#13800 = FACE_BOUND('',#13801,.T.);
#13801 = EDGE_LOOP('',(#13802,#13812,#13820,#13828,#13836,#13844,#13852,
    #13860,#13866,#13867,#13875,#13883,#13891,#13899,#13907,#13915));
#13802 = ORIENTED_EDGE('',*,*,#13803,.F.);
#13803 = EDGE_CURVE('',#13804,#13806,#13808,.T.);
#13804 = VERTEX_POINT('',#13805);
#13805 = CARTESIAN_POINT('',(148.,190.,22.));
#13806 = VERTEX_POINT('',#13807);
#13807 = CARTESIAN_POINT('',(148.,190.,3.));
#13808 = LINE('',#13809,#13810);
#13809 = CARTESIAN_POINT('',(148.,190.,1.5));
#13810 = VECTOR('',#13811,1.);
#13811 = DIRECTION('',(0.,0.,-1.));
#13812 = ORIENTED_EDGE('',*,*,#13813,.T.);
#13813 = EDGE_CURVE('',#13804,#13814,#13816,.T.);
#13814 = VERTEX_POINT('',#13815);
#13815 = CARTESIAN_POINT('',(148.5,190.,22.));
#13816 = LINE('',#13817,#13818);
#13817 = CARTESIAN_POINT('',(0.,190.,22.));
#13818 = VECTOR('',#13819,1.);
#13819 = DIRECTION('',(1.,0.,0.));
#13820 = ORIENTED_EDGE('',*,*,#13821,.F.);
#13821 = EDGE_CURVE('',#13822,#13814,#13824,.T.);
#13822 = VERTEX_POINT('',#13823);
#13823 = CARTESIAN_POINT('',(148.5,190.,15.));
#13824 = LINE('',#13825,#13826);
#13825 = CARTESIAN_POINT('',(148.5,190.,12.314019095735));
#13826 = VECTOR('',#13827,1.);
#13827 = DIRECTION('',(0.,0.,1.));
#13828 = ORIENTED_EDGE('',*,*,#13829,.T.);
#13829 = EDGE_CURVE('',#13822,#13830,#13832,.T.);
#13830 = VERTEX_POINT('',#13831);
#13831 = CARTESIAN_POINT('',(167.5,190.,15.));
#13832 = LINE('',#13833,#13834);
#13833 = CARTESIAN_POINT('',(74.25,190.,15.));
#13834 = VECTOR('',#13835,1.);
#13835 = DIRECTION('',(1.,0.,0.));
#13836 = ORIENTED_EDGE('',*,*,#13837,.F.);
#13837 = EDGE_CURVE('',#13838,#13830,#13840,.T.);
#13838 = VERTEX_POINT('',#13839);
#13839 = CARTESIAN_POINT('',(167.5,190.,22.));
#13840 = LINE('',#13841,#13842);
#13841 = CARTESIAN_POINT('',(167.5,190.,12.314019095735));
#13842 = VECTOR('',#13843,1.);
#13843 = DIRECTION('',(0.,0.,-1.));
#13844 = ORIENTED_EDGE('',*,*,#13845,.T.);
#13845 = EDGE_CURVE('',#13838,#13846,#13848,.T.);
#13846 = VERTEX_POINT('',#13847);
#13847 = CARTESIAN_POINT('',(196.,190.,22.));
#13848 = LINE('',#13849,#13850);
#13849 = CARTESIAN_POINT('',(0.,190.,22.));
#13850 = VECTOR('',#13851,1.);
#13851 = DIRECTION('',(1.,0.,0.));
#13852 = ORIENTED_EDGE('',*,*,#13853,.F.);
#13853 = EDGE_CURVE('',#13854,#13846,#13856,.T.);
#13854 = VERTEX_POINT('',#13855);
#13855 = CARTESIAN_POINT('',(196.,190.,0.));
#13856 = LINE('',#13857,#13858);
#13857 = CARTESIAN_POINT('',(196.,190.,0.));
#13858 = VECTOR('',#13859,1.);
#13859 = DIRECTION('',(0.,0.,1.));
#13860 = ORIENTED_EDGE('',*,*,#13861,.F.);
#13861 = EDGE_CURVE('',#13743,#13854,#13862,.T.);
#13862 = LINE('',#13863,#13864);
#13863 = CARTESIAN_POINT('',(0.,190.,0.));
#13864 = VECTOR('',#13865,1.);
#13865 = DIRECTION('',(1.,0.,0.));
#13866 = ORIENTED_EDGE('',*,*,#13750,.T.);
#13867 = ORIENTED_EDGE('',*,*,#13868,.T.);
#13868 = EDGE_CURVE('',#13751,#13869,#13871,.T.);
#13869 = VERTEX_POINT('',#13870);
#13870 = CARTESIAN_POINT('',(28.5,190.,22.));
#13871 = LINE('',#13872,#13873);
#13872 = CARTESIAN_POINT('',(0.,190.,22.));
#13873 = VECTOR('',#13874,1.);
#13874 = DIRECTION('',(1.,0.,0.));
#13875 = ORIENTED_EDGE('',*,*,#13876,.F.);
#13876 = EDGE_CURVE('',#13877,#13869,#13879,.T.);
#13877 = VERTEX_POINT('',#13878);
#13878 = CARTESIAN_POINT('',(28.5,190.,15.));
#13879 = LINE('',#13880,#13881);
#13880 = CARTESIAN_POINT('',(28.5,190.,12.314019095735));
#13881 = VECTOR('',#13882,1.);
#13882 = DIRECTION('',(0.,0.,1.));
#13883 = ORIENTED_EDGE('',*,*,#13884,.T.);
#13884 = EDGE_CURVE('',#13877,#13885,#13887,.T.);
#13885 = VERTEX_POINT('',#13886);
#13886 = CARTESIAN_POINT('',(47.5,190.,15.));
#13887 = LINE('',#13888,#13889);
#13888 = CARTESIAN_POINT('',(14.25,190.,15.));
#13889 = VECTOR('',#13890,1.);
#13890 = DIRECTION('',(1.,0.,0.));
#13891 = ORIENTED_EDGE('',*,*,#13892,.F.);
#13892 = EDGE_CURVE('',#13893,#13885,#13895,.T.);
#13893 = VERTEX_POINT('',#13894);
#13894 = CARTESIAN_POINT('',(47.5,190.,22.));
#13895 = LINE('',#13896,#13897);
#13896 = CARTESIAN_POINT('',(47.5,190.,12.314019095735));
#13897 = VECTOR('',#13898,1.);
#13898 = DIRECTION('',(0.,0.,-1.));
#13899 = ORIENTED_EDGE('',*,*,#13900,.T.);
#13900 = EDGE_CURVE('',#13893,#13901,#13903,.T.);
#13901 = VERTEX_POINT('',#13902);
#13902 = CARTESIAN_POINT('',(114.,190.,22.));
#13903 = LINE('',#13904,#13905);
#13904 = CARTESIAN_POINT('',(0.,190.,22.));
#13905 = VECTOR('',#13906,1.);
#13906 = DIRECTION('',(1.,0.,0.));
#13907 = ORIENTED_EDGE('',*,*,#13908,.T.);
#13908 = EDGE_CURVE('',#13901,#13909,#13911,.T.);
#13909 = VERTEX_POINT('',#13910);
#13910 = CARTESIAN_POINT('',(114.,190.,3.));
#13911 = LINE('',#13912,#13913);
#13912 = CARTESIAN_POINT('',(114.,190.,1.5));
#13913 = VECTOR('',#13914,1.);
#13914 = DIRECTION('',(0.,0.,-1.));
#13915 = ORIENTED_EDGE('',*,*,#13916,.T.);
#13916 = EDGE_CURVE('',#13909,#13806,#13917,.T.);
#13917 = LINE('',#13918,#13919);
#13918 = CARTESIAN_POINT('',(57.,190.,3.));
#13919 = VECTOR('',#13920,1.);
#13920 = DIRECTION('',(1.,0.,0.));
#13921 = PLANE('',#13922);
#13922 = AXIS2_PLACEMENT_3D('',#13923,#13924,#13925);
#13923 = CARTESIAN_POINT('',(0.,190.,0.));
#13924 = DIRECTION('',(0.,1.,0.));
#13925 = DIRECTION('',(0.,0.,1.));
#13926 = ADVANCED_FACE('',(#13927),#13943,.T.);
#13927 = FACE_BOUND('',#13928,.T.);
#13928 = EDGE_LOOP('',(#13929,#13930,#13936,#13937));
#13929 = ORIENTED_EDGE('',*,*,#13789,.F.);
#13930 = ORIENTED_EDGE('',*,*,#13931,.T.);
#13931 = EDGE_CURVE('',#13773,#13854,#13932,.T.);
#13932 = LINE('',#13933,#13934);
#13933 = CARTESIAN_POINT('',(196.,0.,0.));
#13934 = VECTOR('',#13935,1.);
#13935 = DIRECTION('',(0.,1.,0.));
#13936 = ORIENTED_EDGE('',*,*,#13853,.T.);
#13937 = ORIENTED_EDGE('',*,*,#13938,.F.);
#13938 = EDGE_CURVE('',#13782,#13846,#13939,.T.);
#13939 = LINE('',#13940,#13941);
#13940 = CARTESIAN_POINT('',(196.,0.,22.));
#13941 = VECTOR('',#13942,1.);
#13942 = DIRECTION('',(0.,1.,0.));
#13943 = PLANE('',#13944);
#13944 = AXIS2_PLACEMENT_3D('',#13945,#13946,#13947);
#13945 = CARTESIAN_POINT('',(196.,0.,0.));
#13946 = DIRECTION('',(1.,0.,0.));
#13947 = DIRECTION('',(0.,0.,1.));
#13948 = ADVANCED_FACE('',(#13949,#14024),#14035,.T.);
#13949 = FACE_BOUND('',#13950,.T.);
#13950 = EDGE_LOOP('',(#13951,#13961,#13969,#13978,#13987,#13995,#14001,
    #14002,#14010,#14018));
#13951 = ORIENTED_EDGE('',*,*,#13952,.T.);
#13952 = EDGE_CURVE('',#13953,#13955,#13957,.T.);
#13953 = VERTEX_POINT('',#13954);
#13954 = CARTESIAN_POINT('',(28.5,184.,15.));
#13955 = VERTEX_POINT('',#13956);
#13956 = CARTESIAN_POINT('',(28.5,184.,28.5));
#13957 = LINE('',#13958,#13959);
#13958 = CARTESIAN_POINT('',(28.5,184.,15.));
#13959 = VECTOR('',#13960,1.);
#13960 = DIRECTION('',(0.,0.,1.));
#13961 = ORIENTED_EDGE('',*,*,#13962,.T.);
#13962 = EDGE_CURVE('',#13955,#13963,#13965,.T.);
#13963 = VERTEX_POINT('',#13964);
#13964 = CARTESIAN_POINT('',(28.5,188.,28.5));
#13965 = LINE('',#13966,#13967);
#13966 = CARTESIAN_POINT('',(28.5,184.,28.5));
#13967 = VECTOR('',#13968,1.);
#13968 = DIRECTION('',(0.,1.,0.));
#13969 = ORIENTED_EDGE('',*,*,#13970,.F.);
#13970 = EDGE_CURVE('',#13971,#13963,#13973,.T.);
#13971 = VERTEX_POINT('',#13972);
#13972 = CARTESIAN_POINT('',(28.5,195.,35.5));
#13973 = CIRCLE('',#13974,7.);
#13974 = AXIS2_PLACEMENT_3D('',#13975,#13976,#13977);
#13975 = CARTESIAN_POINT('',(28.5,195.,28.5));
#13976 = DIRECTION('',(1.,0.,-0.));
#13977 = DIRECTION('',(0.,0.,1.));
#13978 = ORIENTED_EDGE('',*,*,#13979,.F.);
#13979 = EDGE_CURVE('',#13980,#13971,#13982,.T.);
#13980 = VERTEX_POINT('',#13981);
#13981 = CARTESIAN_POINT('',(28.5,195.,21.5));
#13982 = CIRCLE('',#13983,7.);
#13983 = AXIS2_PLACEMENT_3D('',#13984,#13985,#13986);
#13984 = CARTESIAN_POINT('',(28.5,195.,28.5));
#13985 = DIRECTION('',(1.,0.,-0.));
#13986 = DIRECTION('',(0.,0.,1.));
#13987 = ORIENTED_EDGE('',*,*,#13988,.F.);
#13988 = EDGE_CURVE('',#13989,#13980,#13991,.T.);
#13989 = VERTEX_POINT('',#13990);
#13990 = CARTESIAN_POINT('',(28.5,195.,15.));
#13991 = LINE('',#13992,#13993);
#13992 = CARTESIAN_POINT('',(28.5,195.,15.));
#13993 = VECTOR('',#13994,1.);
#13994 = DIRECTION('',(0.,0.,1.));
#13995 = ORIENTED_EDGE('',*,*,#13996,.F.);
#13996 = EDGE_CURVE('',#13877,#13989,#13997,.T.);
#13997 = LINE('',#13998,#13999);
#13998 = CARTESIAN_POINT('',(28.5,184.,15.));
#13999 = VECTOR('',#14000,1.);
#14000 = DIRECTION('',(0.,1.,0.));
#14001 = ORIENTED_EDGE('',*,*,#13876,.T.);
#14002 = ORIENTED_EDGE('',*,*,#14003,.T.);
#14003 = EDGE_CURVE('',#13869,#14004,#14006,.T.);
#14004 = VERTEX_POINT('',#14005);
#14005 = CARTESIAN_POINT('',(28.5,187.,22.));
#14006 = LINE('',#14007,#14008);
#14007 = CARTESIAN_POINT('',(28.5,95.948791421577,22.));
#14008 = VECTOR('',#14009,1.);
#14009 = DIRECTION('',(0.,-1.,0.));
#14010 = ORIENTED_EDGE('',*,*,#14011,.F.);
#14011 = EDGE_CURVE('',#14012,#14004,#14014,.T.);
#14012 = VERTEX_POINT('',#14013);
#14013 = CARTESIAN_POINT('',(28.5,187.,15.));
#14014 = LINE('',#14015,#14016);
#14015 = CARTESIAN_POINT('',(28.5,187.,13.814019095735));
#14016 = VECTOR('',#14017,1.);
#14017 = DIRECTION('',(0.,0.,1.));
#14018 = ORIENTED_EDGE('',*,*,#14019,.F.);
#14019 = EDGE_CURVE('',#13953,#14012,#14020,.T.);
#14020 = LINE('',#14021,#14022);
#14021 = CARTESIAN_POINT('',(28.5,184.,15.));
#14022 = VECTOR('',#14023,1.);
#14023 = DIRECTION('',(0.,1.,0.));
#14024 = FACE_BOUND('',#14025,.T.);
#14025 = EDGE_LOOP('',(#14026));
#14026 = ORIENTED_EDGE('',*,*,#14027,.T.);
#14027 = EDGE_CURVE('',#14028,#14028,#14030,.T.);
#14028 = VERTEX_POINT('',#14029);
#14029 = CARTESIAN_POINT('',(28.5,195.,30.7));
#14030 = CIRCLE('',#14031,2.2);
#14031 = AXIS2_PLACEMENT_3D('',#14032,#14033,#14034);
#14032 = CARTESIAN_POINT('',(28.5,195.,28.5));
#14033 = DIRECTION('',(1.,0.,-0.));
#14034 = DIRECTION('',(0.,0.,1.));
#14035 = PLANE('',#14036);
#14036 = AXIS2_PLACEMENT_3D('',#14037,#14038,#14039);
#14037 = CARTESIAN_POINT('',(28.5,191.89758284315,24.628038191471));
#14038 = DIRECTION('',(-1.,-0.,-0.));
#14039 = DIRECTION('',(0.,0.,-1.));
#14040 = ADVANCED_FACE('',(#14041),#14098,.F.);
#14041 = FACE_BOUND('',#14042,.F.);
#14042 = EDGE_LOOP('',(#14043,#14053,#14061,#14069,#14077,#14083,#14084,
    #14092));
#14043 = ORIENTED_EDGE('',*,*,#14044,.F.);
#14044 = EDGE_CURVE('',#14045,#14047,#14049,.T.);
#14045 = VERTEX_POINT('',#14046);
#14046 = CARTESIAN_POINT('',(114.,187.,22.));
#14047 = VERTEX_POINT('',#14048);
#14048 = CARTESIAN_POINT('',(47.5,187.,22.));
#14049 = LINE('',#14050,#14051);
#14050 = CARTESIAN_POINT('',(1.5,187.,22.));
#14051 = VECTOR('',#14052,1.);
#14052 = DIRECTION('',(-1.,0.,0.));
#14053 = ORIENTED_EDGE('',*,*,#14054,.T.);
#14054 = EDGE_CURVE('',#14045,#14055,#14057,.T.);
#14055 = VERTEX_POINT('',#14056);
#14056 = CARTESIAN_POINT('',(114.,187.,3.));
#14057 = LINE('',#14058,#14059);
#14058 = CARTESIAN_POINT('',(114.,187.,3.));
#14059 = VECTOR('',#14060,1.);
#14060 = DIRECTION('',(0.,0.,-1.));
#14061 = ORIENTED_EDGE('',*,*,#14062,.F.);
#14062 = EDGE_CURVE('',#14063,#14055,#14065,.T.);
#14063 = VERTEX_POINT('',#14064);
#14064 = CARTESIAN_POINT('',(11.316624790355,187.,3.));
#14065 = LINE('',#14066,#14067);
#14066 = CARTESIAN_POINT('',(3.,187.,3.));
#14067 = VECTOR('',#14068,1.);
#14068 = DIRECTION('',(1.,0.,0.));
#14069 = ORIENTED_EDGE('',*,*,#14070,.T.);
#14070 = EDGE_CURVE('',#14063,#14071,#14073,.T.);
#14071 = VERTEX_POINT('',#14072);
#14072 = CARTESIAN_POINT('',(11.316624790355,187.,22.));
#14073 = LINE('',#14074,#14075);
#14074 = CARTESIAN_POINT('',(11.316624790355,187.,0.));
#14075 = VECTOR('',#14076,1.);
#14076 = DIRECTION('',(0.,0.,1.));
#14077 = ORIENTED_EDGE('',*,*,#14078,.F.);
#14078 = EDGE_CURVE('',#14004,#14071,#14079,.T.);
#14079 = LINE('',#14080,#14081);
#14080 = CARTESIAN_POINT('',(1.5,187.,22.));
#14081 = VECTOR('',#14082,1.);
#14082 = DIRECTION('',(-1.,0.,0.));
#14083 = ORIENTED_EDGE('',*,*,#14011,.F.);
#14084 = ORIENTED_EDGE('',*,*,#14085,.T.);
#14085 = EDGE_CURVE('',#14012,#14086,#14088,.T.);
#14086 = VERTEX_POINT('',#14087);
#14087 = CARTESIAN_POINT('',(47.5,187.,15.));
#14088 = LINE('',#14089,#14090);
#14089 = CARTESIAN_POINT('',(15.75,187.,15.));
#14090 = VECTOR('',#14091,1.);
#14091 = DIRECTION('',(1.,0.,0.));
#14092 = ORIENTED_EDGE('',*,*,#14093,.F.);
#14093 = EDGE_CURVE('',#14047,#14086,#14094,.T.);
#14094 = LINE('',#14095,#14096);
#14095 = CARTESIAN_POINT('',(47.5,187.,13.814019095735));
#14096 = VECTOR('',#14097,1.);
#14097 = DIRECTION('',(0.,0.,-1.));
#14098 = PLANE('',#14099);
#14099 = AXIS2_PLACEMENT_3D('',#14100,#14101,#14102);
#14100 = CARTESIAN_POINT('',(3.,187.,3.));
#14101 = DIRECTION('',(0.,1.,0.));
#14102 = DIRECTION('',(0.,0.,1.));
#14103 = ADVANCED_FACE('',(#14104,#14179),#14190,.T.);
#14104 = FACE_BOUND('',#14105,.T.);
#14105 = EDGE_LOOP('',(#14106,#14116,#14124,#14132,#14140,#14146,#14147,
    #14155,#14163,#14172));
#14106 = ORIENTED_EDGE('',*,*,#14107,.F.);
#14107 = EDGE_CURVE('',#14108,#14110,#14112,.T.);
#14108 = VERTEX_POINT('',#14109);
#14109 = CARTESIAN_POINT('',(167.5,184.,28.5));
#14110 = VERTEX_POINT('',#14111);
#14111 = CARTESIAN_POINT('',(167.5,188.,28.5));
#14112 = LINE('',#14113,#14114);
#14113 = CARTESIAN_POINT('',(167.5,184.,28.5));
#14114 = VECTOR('',#14115,1.);
#14115 = DIRECTION('',(0.,1.,0.));
#14116 = ORIENTED_EDGE('',*,*,#14117,.F.);
#14117 = EDGE_CURVE('',#14118,#14108,#14120,.T.);
#14118 = VERTEX_POINT('',#14119);
#14119 = CARTESIAN_POINT('',(167.5,184.,15.));
#14120 = LINE('',#14121,#14122);
#14121 = CARTESIAN_POINT('',(167.5,184.,15.));
#14122 = VECTOR('',#14123,1.);
#14123 = DIRECTION('',(0.,0.,1.));
#14124 = ORIENTED_EDGE('',*,*,#14125,.T.);
#14125 = EDGE_CURVE('',#14118,#14126,#14128,.T.);
#14126 = VERTEX_POINT('',#14127);
#14127 = CARTESIAN_POINT('',(167.5,187.,15.));
#14128 = LINE('',#14129,#14130);
#14129 = CARTESIAN_POINT('',(167.5,184.,15.));
#14130 = VECTOR('',#14131,1.);
#14131 = DIRECTION('',(0.,1.,0.));
#14132 = ORIENTED_EDGE('',*,*,#14133,.F.);
#14133 = EDGE_CURVE('',#14134,#14126,#14136,.T.);
#14134 = VERTEX_POINT('',#14135);
#14135 = CARTESIAN_POINT('',(167.5,187.,22.));
#14136 = LINE('',#14137,#14138);
#14137 = CARTESIAN_POINT('',(167.5,187.,13.814019095735));
#14138 = VECTOR('',#14139,1.);
#14139 = DIRECTION('',(0.,0.,-1.));
#14140 = ORIENTED_EDGE('',*,*,#14141,.T.);
#14141 = EDGE_CURVE('',#14134,#13838,#14142,.T.);
#14142 = LINE('',#14143,#14144);
#14143 = CARTESIAN_POINT('',(167.5,95.948791421577,22.));
#14144 = VECTOR('',#14145,1.);
#14145 = DIRECTION('',(0.,1.,0.));
#14146 = ORIENTED_EDGE('',*,*,#13837,.T.);
#14147 = ORIENTED_EDGE('',*,*,#14148,.T.);
#14148 = EDGE_CURVE('',#13830,#14149,#14151,.T.);
#14149 = VERTEX_POINT('',#14150);
#14150 = CARTESIAN_POINT('',(167.5,195.,15.));
#14151 = LINE('',#14152,#14153);
#14152 = CARTESIAN_POINT('',(167.5,184.,15.));
#14153 = VECTOR('',#14154,1.);
#14154 = DIRECTION('',(0.,1.,0.));
#14155 = ORIENTED_EDGE('',*,*,#14156,.T.);
#14156 = EDGE_CURVE('',#14149,#14157,#14159,.T.);
#14157 = VERTEX_POINT('',#14158);
#14158 = CARTESIAN_POINT('',(167.5,195.,21.5));
#14159 = LINE('',#14160,#14161);
#14160 = CARTESIAN_POINT('',(167.5,195.,15.));
#14161 = VECTOR('',#14162,1.);
#14162 = DIRECTION('',(0.,0.,1.));
#14163 = ORIENTED_EDGE('',*,*,#14164,.T.);
#14164 = EDGE_CURVE('',#14157,#14165,#14167,.T.);
#14165 = VERTEX_POINT('',#14166);
#14166 = CARTESIAN_POINT('',(167.5,195.,35.5));
#14167 = CIRCLE('',#14168,7.);
#14168 = AXIS2_PLACEMENT_3D('',#14169,#14170,#14171);
#14169 = CARTESIAN_POINT('',(167.5,195.,28.5));
#14170 = DIRECTION('',(1.,0.,-0.));
#14171 = DIRECTION('',(0.,0.,1.));
#14172 = ORIENTED_EDGE('',*,*,#14173,.T.);
#14173 = EDGE_CURVE('',#14165,#14110,#14174,.T.);
#14174 = CIRCLE('',#14175,7.);
#14175 = AXIS2_PLACEMENT_3D('',#14176,#14177,#14178);
#14176 = CARTESIAN_POINT('',(167.5,195.,28.5));
#14177 = DIRECTION('',(1.,0.,-0.));
#14178 = DIRECTION('',(0.,0.,1.));
#14179 = FACE_BOUND('',#14180,.T.);
#14180 = EDGE_LOOP('',(#14181));
#14181 = ORIENTED_EDGE('',*,*,#14182,.F.);
#14182 = EDGE_CURVE('',#14183,#14183,#14185,.T.);
#14183 = VERTEX_POINT('',#14184);
#14184 = CARTESIAN_POINT('',(167.5,195.,30.7));
#14185 = CIRCLE('',#14186,2.2);
#14186 = AXIS2_PLACEMENT_3D('',#14187,#14188,#14189);
#14187 = CARTESIAN_POINT('',(167.5,195.,28.5));
#14188 = DIRECTION('',(1.,0.,-0.));
#14189 = DIRECTION('',(0.,0.,1.));
#14190 = PLANE('',#14191);
#14191 = AXIS2_PLACEMENT_3D('',#14192,#14193,#14194);
#14192 = CARTESIAN_POINT('',(167.5,191.89758284315,24.628038191471));
#14193 = DIRECTION('',(1.,0.,0.));
#14194 = DIRECTION('',(0.,0.,1.));
#14195 = ADVANCED_FACE('',(#14196),#14244,.F.);
#14196 = FACE_BOUND('',#14197,.F.);
#14197 = EDGE_LOOP('',(#14198,#14199,#14207,#14215,#14223,#14231,#14237,
    #14238));
#14198 = ORIENTED_EDGE('',*,*,#13709,.F.);
#14199 = ORIENTED_EDGE('',*,*,#14200,.F.);
#14200 = EDGE_CURVE('',#14201,#13710,#14203,.T.);
#14201 = VERTEX_POINT('',#14202);
#14202 = CARTESIAN_POINT('',(148.,187.,3.));
#14203 = LINE('',#14204,#14205);
#14204 = CARTESIAN_POINT('',(3.,187.,3.));
#14205 = VECTOR('',#14206,1.);
#14206 = DIRECTION('',(1.,0.,0.));
#14207 = ORIENTED_EDGE('',*,*,#14208,.F.);
#14208 = EDGE_CURVE('',#14209,#14201,#14211,.T.);
#14209 = VERTEX_POINT('',#14210);
#14210 = CARTESIAN_POINT('',(148.,187.,22.));
#14211 = LINE('',#14212,#14213);
#14212 = CARTESIAN_POINT('',(148.,187.,3.));
#14213 = VECTOR('',#14214,1.);
#14214 = DIRECTION('',(0.,0.,-1.));
#14215 = ORIENTED_EDGE('',*,*,#14216,.F.);
#14216 = EDGE_CURVE('',#14217,#14209,#14219,.T.);
#14217 = VERTEX_POINT('',#14218);
#14218 = CARTESIAN_POINT('',(148.5,187.,22.));
#14219 = LINE('',#14220,#14221);
#14220 = CARTESIAN_POINT('',(1.5,187.,22.));
#14221 = VECTOR('',#14222,1.);
#14222 = DIRECTION('',(-1.,0.,0.));
#14223 = ORIENTED_EDGE('',*,*,#14224,.F.);
#14224 = EDGE_CURVE('',#14225,#14217,#14227,.T.);
#14225 = VERTEX_POINT('',#14226);
#14226 = CARTESIAN_POINT('',(148.5,187.,15.));
#14227 = LINE('',#14228,#14229);
#14228 = CARTESIAN_POINT('',(148.5,187.,13.814019095735));
#14229 = VECTOR('',#14230,1.);
#14230 = DIRECTION('',(0.,0.,1.));
#14231 = ORIENTED_EDGE('',*,*,#14232,.T.);
#14232 = EDGE_CURVE('',#14225,#14126,#14233,.T.);
#14233 = LINE('',#14234,#14235);
#14234 = CARTESIAN_POINT('',(75.75,187.,15.));
#14235 = VECTOR('',#14236,1.);
#14236 = DIRECTION('',(1.,0.,0.));
#14237 = ORIENTED_EDGE('',*,*,#14133,.F.);
#14238 = ORIENTED_EDGE('',*,*,#14239,.F.);
#14239 = EDGE_CURVE('',#13701,#14134,#14240,.T.);
#14240 = LINE('',#14241,#14242);
#14241 = CARTESIAN_POINT('',(1.5,187.,22.));
#14242 = VECTOR('',#14243,1.);
#14243 = DIRECTION('',(-1.,0.,0.));
#14244 = PLANE('',#14245);
#14245 = AXIS2_PLACEMENT_3D('',#14246,#14247,#14248);
#14246 = CARTESIAN_POINT('',(3.,187.,3.));
#14247 = DIRECTION('',(0.,1.,0.));
#14248 = DIRECTION('',(0.,0.,1.));
#14249 = ADVANCED_FACE('',(#14250),#14266,.F.);
#14250 = FACE_BOUND('',#14251,.F.);
#14251 = EDGE_LOOP('',(#14252,#14253,#14259,#14260));
#14252 = ORIENTED_EDGE('',*,*,#14208,.T.);
#14253 = ORIENTED_EDGE('',*,*,#14254,.T.);
#14254 = EDGE_CURVE('',#14201,#13806,#14255,.T.);
#14255 = LINE('',#14256,#14257);
#14256 = CARTESIAN_POINT('',(148.,186.,3.));
#14257 = VECTOR('',#14258,1.);
#14258 = DIRECTION('',(0.,1.,0.));
#14259 = ORIENTED_EDGE('',*,*,#13803,.F.);
#14260 = ORIENTED_EDGE('',*,*,#14261,.F.);
#14261 = EDGE_CURVE('',#14209,#13804,#14262,.T.);
#14262 = LINE('',#14263,#14264);
#14263 = CARTESIAN_POINT('',(148.,93.,22.));
#14264 = VECTOR('',#14265,1.);
#14265 = DIRECTION('',(0.,1.,0.));
#14266 = PLANE('',#14267);
#14267 = AXIS2_PLACEMENT_3D('',#14268,#14269,#14270);
#14268 = CARTESIAN_POINT('',(148.,186.,3.));
#14269 = DIRECTION('',(1.,0.,0.));
#14270 = DIRECTION('',(0.,0.,1.));
#14271 = ADVANCED_FACE('',(#14272),#14288,.T.);
#14272 = FACE_BOUND('',#14273,.T.);
#14273 = EDGE_LOOP('',(#14274,#14275,#14281,#14282));
#14274 = ORIENTED_EDGE('',*,*,#14054,.T.);
#14275 = ORIENTED_EDGE('',*,*,#14276,.T.);
#14276 = EDGE_CURVE('',#14055,#13909,#14277,.T.);
#14277 = LINE('',#14278,#14279);
#14278 = CARTESIAN_POINT('',(114.,186.,3.));
#14279 = VECTOR('',#14280,1.);
#14280 = DIRECTION('',(0.,1.,0.));
#14281 = ORIENTED_EDGE('',*,*,#13908,.F.);
#14282 = ORIENTED_EDGE('',*,*,#14283,.F.);
#14283 = EDGE_CURVE('',#14045,#13901,#14284,.T.);
#14284 = LINE('',#14285,#14286);
#14285 = CARTESIAN_POINT('',(114.,93.,22.));
#14286 = VECTOR('',#14287,1.);
#14287 = DIRECTION('',(0.,1.,0.));
#14288 = PLANE('',#14289);
#14289 = AXIS2_PLACEMENT_3D('',#14290,#14291,#14292);
#14290 = CARTESIAN_POINT('',(114.,186.,3.));
#14291 = DIRECTION('',(1.,0.,0.));
#14292 = DIRECTION('',(0.,0.,1.));
#14293 = ADVANCED_FACE('',(#14294),#14305,.T.);
#14294 = FACE_BOUND('',#14295,.T.);
#14295 = EDGE_LOOP('',(#14296,#14297,#14303,#14304));
#14296 = ORIENTED_EDGE('',*,*,#13900,.F.);
#14297 = ORIENTED_EDGE('',*,*,#14298,.F.);
#14298 = EDGE_CURVE('',#14047,#13893,#14299,.T.);
#14299 = LINE('',#14300,#14301);
#14300 = CARTESIAN_POINT('',(47.5,95.948791421577,22.));
#14301 = VECTOR('',#14302,1.);
#14302 = DIRECTION('',(0.,1.,0.));
#14303 = ORIENTED_EDGE('',*,*,#14044,.F.);
#14304 = ORIENTED_EDGE('',*,*,#14283,.T.);
#14305 = PLANE('',#14306);
#14306 = AXIS2_PLACEMENT_3D('',#14307,#14308,#14309);
#14307 = CARTESIAN_POINT('',(0.,0.,22.));
#14308 = DIRECTION('',(0.,0.,1.));
#14309 = DIRECTION('',(1.,0.,0.));
#14310 = ADVANCED_FACE('',(#14311,#14372),#14383,.T.);
#14311 = FACE_BOUND('',#14312,.T.);
#14312 = EDGE_LOOP('',(#14313,#14323,#14331,#14337,#14338,#14339,#14340,
    #14348,#14356,#14365));
#14313 = ORIENTED_EDGE('',*,*,#14314,.F.);
#14314 = EDGE_CURVE('',#14315,#14317,#14319,.T.);
#14315 = VERTEX_POINT('',#14316);
#14316 = CARTESIAN_POINT('',(47.5,184.,28.5));
#14317 = VERTEX_POINT('',#14318);
#14318 = CARTESIAN_POINT('',(47.5,188.,28.5));
#14319 = LINE('',#14320,#14321);
#14320 = CARTESIAN_POINT('',(47.5,184.,28.5));
#14321 = VECTOR('',#14322,1.);
#14322 = DIRECTION('',(0.,1.,0.));
#14323 = ORIENTED_EDGE('',*,*,#14324,.F.);
#14324 = EDGE_CURVE('',#14325,#14315,#14327,.T.);
#14325 = VERTEX_POINT('',#14326);
#14326 = CARTESIAN_POINT('',(47.5,184.,15.));
#14327 = LINE('',#14328,#14329);
#14328 = CARTESIAN_POINT('',(47.5,184.,15.));
#14329 = VECTOR('',#14330,1.);
#14330 = DIRECTION('',(0.,0.,1.));
#14331 = ORIENTED_EDGE('',*,*,#14332,.T.);
#14332 = EDGE_CURVE('',#14325,#14086,#14333,.T.);
#14333 = LINE('',#14334,#14335);
#14334 = CARTESIAN_POINT('',(47.5,184.,15.));
#14335 = VECTOR('',#14336,1.);
#14336 = DIRECTION('',(0.,1.,0.));
#14337 = ORIENTED_EDGE('',*,*,#14093,.F.);
#14338 = ORIENTED_EDGE('',*,*,#14298,.T.);
#14339 = ORIENTED_EDGE('',*,*,#13892,.T.);
#14340 = ORIENTED_EDGE('',*,*,#14341,.T.);
#14341 = EDGE_CURVE('',#13885,#14342,#14344,.T.);
#14342 = VERTEX_POINT('',#14343);
#14343 = CARTESIAN_POINT('',(47.5,195.,15.));
#14344 = LINE('',#14345,#14346);
#14345 = CARTESIAN_POINT('',(47.5,184.,15.));
#14346 = VECTOR('',#14347,1.);
#14347 = DIRECTION('',(0.,1.,0.));
#14348 = ORIENTED_EDGE('',*,*,#14349,.T.);
#14349 = EDGE_CURVE('',#14342,#14350,#14352,.T.);
#14350 = VERTEX_POINT('',#14351);
#14351 = CARTESIAN_POINT('',(47.5,195.,21.5));
#14352 = LINE('',#14353,#14354);
#14353 = CARTESIAN_POINT('',(47.5,195.,15.));
#14354 = VECTOR('',#14355,1.);
#14355 = DIRECTION('',(0.,0.,1.));
#14356 = ORIENTED_EDGE('',*,*,#14357,.T.);
#14357 = EDGE_CURVE('',#14350,#14358,#14360,.T.);
#14358 = VERTEX_POINT('',#14359);
#14359 = CARTESIAN_POINT('',(47.5,195.,35.5));
#14360 = CIRCLE('',#14361,7.);
#14361 = AXIS2_PLACEMENT_3D('',#14362,#14363,#14364);
#14362 = CARTESIAN_POINT('',(47.5,195.,28.5));
#14363 = DIRECTION('',(1.,0.,-0.));
#14364 = DIRECTION('',(0.,0.,1.));
#14365 = ORIENTED_EDGE('',*,*,#14366,.T.);
#14366 = EDGE_CURVE('',#14358,#14317,#14367,.T.);
#14367 = CIRCLE('',#14368,7.);
#14368 = AXIS2_PLACEMENT_3D('',#14369,#14370,#14371);
#14369 = CARTESIAN_POINT('',(47.5,195.,28.5));
#14370 = DIRECTION('',(1.,0.,-0.));
#14371 = DIRECTION('',(0.,0.,1.));
#14372 = FACE_BOUND('',#14373,.T.);
#14373 = EDGE_LOOP('',(#14374));
#14374 = ORIENTED_EDGE('',*,*,#14375,.F.);
#14375 = EDGE_CURVE('',#14376,#14376,#14378,.T.);
#14376 = VERTEX_POINT('',#14377);
#14377 = CARTESIAN_POINT('',(47.5,195.,30.7));
#14378 = CIRCLE('',#14379,2.2);
#14379 = AXIS2_PLACEMENT_3D('',#14380,#14381,#14382);
#14380 = CARTESIAN_POINT('',(47.5,195.,28.5));
#14381 = DIRECTION('',(1.,0.,-0.));
#14382 = DIRECTION('',(0.,0.,1.));
#14383 = PLANE('',#14384);
#14384 = AXIS2_PLACEMENT_3D('',#14385,#14386,#14387);
#14385 = CARTESIAN_POINT('',(47.5,191.89758284315,24.628038191471));
#14386 = DIRECTION('',(1.,0.,0.));
#14387 = DIRECTION('',(0.,0.,1.));
#14388 = ADVANCED_FACE('',(#14389),#14400,.F.);
#14389 = FACE_BOUND('',#14390,.F.);
#14390 = EDGE_LOOP('',(#14391,#14392,#14393,#14394));
#14391 = ORIENTED_EDGE('',*,*,#13996,.F.);
#14392 = ORIENTED_EDGE('',*,*,#13884,.T.);
#14393 = ORIENTED_EDGE('',*,*,#14341,.T.);
#14394 = ORIENTED_EDGE('',*,*,#14395,.F.);
#14395 = EDGE_CURVE('',#13989,#14342,#14396,.T.);
#14396 = LINE('',#14397,#14398);
#14397 = CARTESIAN_POINT('',(28.5,195.,15.));
#14398 = VECTOR('',#14399,1.);
#14399 = DIRECTION('',(1.,0.,0.));
#14400 = PLANE('',#14401);
#14401 = AXIS2_PLACEMENT_3D('',#14402,#14403,#14404);
#14402 = CARTESIAN_POINT('',(28.5,184.,15.));
#14403 = DIRECTION('',(0.,0.,1.));
#14404 = DIRECTION('',(1.,0.,0.));
#14405 = ADVANCED_FACE('',(#14406),#14424,.F.);
#14406 = FACE_BOUND('',#14407,.F.);
#14407 = EDGE_LOOP('',(#14408,#14416,#14417,#14418));
#14408 = ORIENTED_EDGE('',*,*,#14409,.F.);
#14409 = EDGE_CURVE('',#13822,#14410,#14412,.T.);
#14410 = VERTEX_POINT('',#14411);
#14411 = CARTESIAN_POINT('',(148.5,195.,15.));
#14412 = LINE('',#14413,#14414);
#14413 = CARTESIAN_POINT('',(148.5,184.,15.));
#14414 = VECTOR('',#14415,1.);
#14415 = DIRECTION('',(0.,1.,0.));
#14416 = ORIENTED_EDGE('',*,*,#13829,.T.);
#14417 = ORIENTED_EDGE('',*,*,#14148,.T.);
#14418 = ORIENTED_EDGE('',*,*,#14419,.F.);
#14419 = EDGE_CURVE('',#14410,#14149,#14420,.T.);
#14420 = LINE('',#14421,#14422);
#14421 = CARTESIAN_POINT('',(148.5,195.,15.));
#14422 = VECTOR('',#14423,1.);
#14423 = DIRECTION('',(1.,0.,0.));
#14424 = PLANE('',#14425);
#14425 = AXIS2_PLACEMENT_3D('',#14426,#14427,#14428);
#14426 = CARTESIAN_POINT('',(148.5,184.,15.));
#14427 = DIRECTION('',(0.,0.,1.));
#14428 = DIRECTION('',(1.,0.,0.));
#14429 = ADVANCED_FACE('',(#14430,#14489),#14500,.T.);
#14430 = FACE_BOUND('',#14431,.T.);
#14431 = EDGE_LOOP('',(#14432,#14442,#14450,#14459,#14468,#14474,#14475,
    #14476,#14482,#14483));
#14432 = ORIENTED_EDGE('',*,*,#14433,.T.);
#14433 = EDGE_CURVE('',#14434,#14436,#14438,.T.);
#14434 = VERTEX_POINT('',#14435);
#14435 = CARTESIAN_POINT('',(148.5,184.,15.));
#14436 = VERTEX_POINT('',#14437);
#14437 = CARTESIAN_POINT('',(148.5,184.,28.5));
#14438 = LINE('',#14439,#14440);
#14439 = CARTESIAN_POINT('',(148.5,184.,15.));
#14440 = VECTOR('',#14441,1.);
#14441 = DIRECTION('',(0.,0.,1.));
#14442 = ORIENTED_EDGE('',*,*,#14443,.T.);
#14443 = EDGE_CURVE('',#14436,#14444,#14446,.T.);
#14444 = VERTEX_POINT('',#14445);
#14445 = CARTESIAN_POINT('',(148.5,188.,28.5));
#14446 = LINE('',#14447,#14448);
#14447 = CARTESIAN_POINT('',(148.5,184.,28.5));
#14448 = VECTOR('',#14449,1.);
#14449 = DIRECTION('',(0.,1.,0.));
#14450 = ORIENTED_EDGE('',*,*,#14451,.F.);
#14451 = EDGE_CURVE('',#14452,#14444,#14454,.T.);
#14452 = VERTEX_POINT('',#14453);
#14453 = CARTESIAN_POINT('',(148.5,195.,35.5));
#14454 = CIRCLE('',#14455,7.);
#14455 = AXIS2_PLACEMENT_3D('',#14456,#14457,#14458);
#14456 = CARTESIAN_POINT('',(148.5,195.,28.5));
#14457 = DIRECTION('',(1.,0.,-0.));
#14458 = DIRECTION('',(0.,0.,1.));
#14459 = ORIENTED_EDGE('',*,*,#14460,.F.);
#14460 = EDGE_CURVE('',#14461,#14452,#14463,.T.);
#14461 = VERTEX_POINT('',#14462);
#14462 = CARTESIAN_POINT('',(148.5,195.,21.5));
#14463 = CIRCLE('',#14464,7.);
#14464 = AXIS2_PLACEMENT_3D('',#14465,#14466,#14467);
#14465 = CARTESIAN_POINT('',(148.5,195.,28.5));
#14466 = DIRECTION('',(1.,0.,-0.));
#14467 = DIRECTION('',(0.,0.,1.));
#14468 = ORIENTED_EDGE('',*,*,#14469,.F.);
#14469 = EDGE_CURVE('',#14410,#14461,#14470,.T.);
#14470 = LINE('',#14471,#14472);
#14471 = CARTESIAN_POINT('',(148.5,195.,15.));
#14472 = VECTOR('',#14473,1.);
#14473 = DIRECTION('',(0.,0.,1.));
#14474 = ORIENTED_EDGE('',*,*,#14409,.F.);
#14475 = ORIENTED_EDGE('',*,*,#13821,.T.);
#14476 = ORIENTED_EDGE('',*,*,#14477,.T.);
#14477 = EDGE_CURVE('',#13814,#14217,#14478,.T.);
#14478 = LINE('',#14479,#14480);
#14479 = CARTESIAN_POINT('',(148.5,95.948791421577,22.));
#14480 = VECTOR('',#14481,1.);
#14481 = DIRECTION('',(0.,-1.,0.));
#14482 = ORIENTED_EDGE('',*,*,#14224,.F.);
#14483 = ORIENTED_EDGE('',*,*,#14484,.F.);
#14484 = EDGE_CURVE('',#14434,#14225,#14485,.T.);
#14485 = LINE('',#14486,#14487);
#14486 = CARTESIAN_POINT('',(148.5,184.,15.));
#14487 = VECTOR('',#14488,1.);
#14488 = DIRECTION('',(0.,1.,0.));
#14489 = FACE_BOUND('',#14490,.T.);
#14490 = EDGE_LOOP('',(#14491));
#14491 = ORIENTED_EDGE('',*,*,#14492,.T.);
#14492 = EDGE_CURVE('',#14493,#14493,#14495,.T.);
#14493 = VERTEX_POINT('',#14494);
#14494 = CARTESIAN_POINT('',(148.5,195.,30.7));
#14495 = CIRCLE('',#14496,2.2);
#14496 = AXIS2_PLACEMENT_3D('',#14497,#14498,#14499);
#14497 = CARTESIAN_POINT('',(148.5,195.,28.5));
#14498 = DIRECTION('',(1.,0.,-0.));
#14499 = DIRECTION('',(0.,0.,1.));
#14500 = PLANE('',#14501);
#14501 = AXIS2_PLACEMENT_3D('',#14502,#14503,#14504);
#14502 = CARTESIAN_POINT('',(148.5,191.89758284315,24.628038191471));
#14503 = DIRECTION('',(-1.,-0.,-0.));
#14504 = DIRECTION('',(0.,0.,-1.));
#14505 = ADVANCED_FACE('',(#14506),#14512,.T.);
#14506 = FACE_BOUND('',#14507,.T.);
#14507 = EDGE_LOOP('',(#14508,#14509,#14510,#14511));
#14508 = ORIENTED_EDGE('',*,*,#14477,.F.);
#14509 = ORIENTED_EDGE('',*,*,#13813,.F.);
#14510 = ORIENTED_EDGE('',*,*,#14261,.F.);
#14511 = ORIENTED_EDGE('',*,*,#14216,.F.);
#14512 = PLANE('',#14513);
#14513 = AXIS2_PLACEMENT_3D('',#14514,#14515,#14516);
#14514 = CARTESIAN_POINT('',(0.,0.,22.));
#14515 = DIRECTION('',(0.,0.,1.));
#14516 = DIRECTION('',(1.,0.,0.));
#14517 = ADVANCED_FACE('',(#14518),#14534,.F.);
#14518 = FACE_BOUND('',#14519,.F.);
#14519 = EDGE_LOOP('',(#14520,#14526,#14527,#14533));
#14520 = ORIENTED_EDGE('',*,*,#14521,.F.);
#14521 = EDGE_CURVE('',#13953,#14325,#14522,.T.);
#14522 = LINE('',#14523,#14524);
#14523 = CARTESIAN_POINT('',(28.5,184.,15.));
#14524 = VECTOR('',#14525,1.);
#14525 = DIRECTION('',(1.,0.,0.));
#14526 = ORIENTED_EDGE('',*,*,#13952,.T.);
#14527 = ORIENTED_EDGE('',*,*,#14528,.T.);
#14528 = EDGE_CURVE('',#13955,#14315,#14529,.T.);
#14529 = LINE('',#14530,#14531);
#14530 = CARTESIAN_POINT('',(28.5,184.,28.5));
#14531 = VECTOR('',#14532,1.);
#14532 = DIRECTION('',(1.,0.,0.));
#14533 = ORIENTED_EDGE('',*,*,#14324,.F.);
#14534 = PLANE('',#14535);
#14535 = AXIS2_PLACEMENT_3D('',#14536,#14537,#14538);
#14536 = CARTESIAN_POINT('',(28.5,184.,15.));
#14537 = DIRECTION('',(0.,1.,0.));
#14538 = DIRECTION('',(0.,0.,1.));
#14539 = ADVANCED_FACE('',(#14540),#14546,.F.);
#14540 = FACE_BOUND('',#14541,.F.);
#14541 = EDGE_LOOP('',(#14542,#14543,#14544,#14545));
#14542 = ORIENTED_EDGE('',*,*,#14019,.F.);
#14543 = ORIENTED_EDGE('',*,*,#14521,.T.);
#14544 = ORIENTED_EDGE('',*,*,#14332,.T.);
#14545 = ORIENTED_EDGE('',*,*,#14085,.F.);
#14546 = PLANE('',#14547);
#14547 = AXIS2_PLACEMENT_3D('',#14548,#14549,#14550);
#14548 = CARTESIAN_POINT('',(28.5,184.,15.));
#14549 = DIRECTION('',(0.,0.,1.));
#14550 = DIRECTION('',(1.,0.,0.));
#14551 = ADVANCED_FACE('',(#14552),#14563,.T.);
#14552 = FACE_BOUND('',#14553,.T.);
#14553 = EDGE_LOOP('',(#14554,#14555,#14556,#14557));
#14554 = ORIENTED_EDGE('',*,*,#14349,.F.);
#14555 = ORIENTED_EDGE('',*,*,#14395,.F.);
#14556 = ORIENTED_EDGE('',*,*,#13988,.T.);
#14557 = ORIENTED_EDGE('',*,*,#14558,.T.);
#14558 = EDGE_CURVE('',#13980,#14350,#14559,.T.);
#14559 = LINE('',#14560,#14561);
#14560 = CARTESIAN_POINT('',(28.5,195.,21.5));
#14561 = VECTOR('',#14562,1.);
#14562 = DIRECTION('',(1.,0.,0.));
#14563 = PLANE('',#14564);
#14564 = AXIS2_PLACEMENT_3D('',#14565,#14566,#14567);
#14565 = CARTESIAN_POINT('',(28.5,195.,15.));
#14566 = DIRECTION('',(0.,1.,0.));
#14567 = DIRECTION('',(0.,0.,1.));
#14568 = ADVANCED_FACE('',(#14569,#14582),#14618,.T.);
#14569 = FACE_BOUND('',#14570,.T.);
#14570 = EDGE_LOOP('',(#14571,#14572,#14573,#14574,#14580,#14581));
#14571 = ORIENTED_EDGE('',*,*,#14558,.F.);
#14572 = ORIENTED_EDGE('',*,*,#13979,.T.);
#14573 = ORIENTED_EDGE('',*,*,#13970,.T.);
#14574 = ORIENTED_EDGE('',*,*,#14575,.T.);
#14575 = EDGE_CURVE('',#13963,#14317,#14576,.T.);
#14576 = LINE('',#14577,#14578);
#14577 = CARTESIAN_POINT('',(28.5,188.,28.5));
#14578 = VECTOR('',#14579,1.);
#14579 = DIRECTION('',(1.,0.,0.));
#14580 = ORIENTED_EDGE('',*,*,#14366,.F.);
#14581 = ORIENTED_EDGE('',*,*,#14357,.F.);
#14582 = FACE_BOUND('',#14583,.T.);
#14583 = EDGE_LOOP('',(#14584,#14595,#14603,#14612));
#14584 = ORIENTED_EDGE('',*,*,#14585,.F.);
#14585 = EDGE_CURVE('',#14586,#14588,#14590,.T.);
#14586 = VERTEX_POINT('',#14587);
#14587 = CARTESIAN_POINT('',(33.,201.96165326757,27.768300757126));
#14588 = VERTEX_POINT('',#14589);
#14589 = CARTESIAN_POINT('',(33.,202.,28.5));
#14590 = CIRCLE('',#14591,7.);
#14591 = AXIS2_PLACEMENT_3D('',#14592,#14593,#14594);
#14592 = CARTESIAN_POINT('',(33.,195.,28.5));
#14593 = DIRECTION('',(1.,0.,-0.));
#14594 = DIRECTION('',(0.,0.,1.));
#14595 = ORIENTED_EDGE('',*,*,#14596,.T.);
#14596 = EDGE_CURVE('',#14586,#14597,#14599,.T.);
#14597 = VERTEX_POINT('',#14598);
#14598 = CARTESIAN_POINT('',(43.,201.96165326757,27.768300757126));
#14599 = LINE('',#14600,#14601);
#14600 = CARTESIAN_POINT('',(28.5,201.96165326757,27.768300757126));
#14601 = VECTOR('',#14602,1.);
#14602 = DIRECTION('',(1.,0.,0.));
#14603 = ORIENTED_EDGE('',*,*,#14604,.T.);
#14604 = EDGE_CURVE('',#14597,#14605,#14607,.T.);
#14605 = VERTEX_POINT('',#14606);
#14606 = CARTESIAN_POINT('',(43.,202.,28.5));
#14607 = CIRCLE('',#14608,7.);
#14608 = AXIS2_PLACEMENT_3D('',#14609,#14610,#14611);
#14609 = CARTESIAN_POINT('',(43.,195.,28.5));
#14610 = DIRECTION('',(1.,0.,-0.));
#14611 = DIRECTION('',(0.,0.,1.));
#14612 = ORIENTED_EDGE('',*,*,#14613,.F.);
#14613 = EDGE_CURVE('',#14588,#14605,#14614,.T.);
#14614 = LINE('',#14615,#14616);
#14615 = CARTESIAN_POINT('',(28.5,202.,28.5));
#14616 = VECTOR('',#14617,1.);
#14617 = DIRECTION('',(1.,0.,0.));
#14618 = CYLINDRICAL_SURFACE('',#14619,7.);
#14619 = AXIS2_PLACEMENT_3D('',#14620,#14621,#14622);
#14620 = CARTESIAN_POINT('',(28.5,195.,28.5));
#14621 = DIRECTION('',(1.,0.,0.));
#14622 = DIRECTION('',(0.,0.,1.));
#14623 = ADVANCED_FACE('',(#14624),#14630,.T.);
#14624 = FACE_BOUND('',#14625,.T.);
#14625 = EDGE_LOOP('',(#14626,#14627,#14628,#14629));
#14626 = ORIENTED_EDGE('',*,*,#13962,.F.);
#14627 = ORIENTED_EDGE('',*,*,#14528,.T.);
#14628 = ORIENTED_EDGE('',*,*,#14314,.T.);
#14629 = ORIENTED_EDGE('',*,*,#14575,.F.);
#14630 = PLANE('',#14631);
#14631 = AXIS2_PLACEMENT_3D('',#14632,#14633,#14634);
#14632 = CARTESIAN_POINT('',(28.5,184.,28.5));
#14633 = DIRECTION('',(0.,0.,1.));
#14634 = DIRECTION('',(1.,0.,0.));
#14635 = ADVANCED_FACE('',(#14636),#14647,.F.);
#14636 = FACE_BOUND('',#14637,.F.);
#14637 = EDGE_LOOP('',(#14638,#14639,#14645,#14646));
#14638 = ORIENTED_EDGE('',*,*,#14375,.F.);
#14639 = ORIENTED_EDGE('',*,*,#14640,.F.);
#14640 = EDGE_CURVE('',#14028,#14376,#14641,.T.);
#14641 = LINE('',#14642,#14643);
#14642 = CARTESIAN_POINT('',(27.5,195.,30.7));
#14643 = VECTOR('',#14644,1.);
#14644 = DIRECTION('',(1.,0.,0.));
#14645 = ORIENTED_EDGE('',*,*,#14027,.T.);
#14646 = ORIENTED_EDGE('',*,*,#14640,.T.);
#14647 = CYLINDRICAL_SURFACE('',#14648,2.2);
#14648 = AXIS2_PLACEMENT_3D('',#14649,#14650,#14651);
#14649 = CARTESIAN_POINT('',(27.5,195.,28.5));
#14650 = DIRECTION('',(1.,0.,0.));
#14651 = DIRECTION('',(0.,0.,1.));
#14652 = ADVANCED_FACE('',(#14653),#14664,.F.);
#14653 = FACE_BOUND('',#14654,.F.);
#14654 = EDGE_LOOP('',(#14655,#14656,#14662,#14663));
#14655 = ORIENTED_EDGE('',*,*,#14484,.F.);
#14656 = ORIENTED_EDGE('',*,*,#14657,.T.);
#14657 = EDGE_CURVE('',#14434,#14118,#14658,.T.);
#14658 = LINE('',#14659,#14660);
#14659 = CARTESIAN_POINT('',(148.5,184.,15.));
#14660 = VECTOR('',#14661,1.);
#14661 = DIRECTION('',(1.,0.,0.));
#14662 = ORIENTED_EDGE('',*,*,#14125,.T.);
#14663 = ORIENTED_EDGE('',*,*,#14232,.F.);
#14664 = PLANE('',#14665);
#14665 = AXIS2_PLACEMENT_3D('',#14666,#14667,#14668);
#14666 = CARTESIAN_POINT('',(148.5,184.,15.));
#14667 = DIRECTION('',(0.,0.,1.));
#14668 = DIRECTION('',(1.,0.,0.));
#14669 = ADVANCED_FACE('',(#14670),#14686,.T.);
#14670 = FACE_BOUND('',#14671,.T.);
#14671 = EDGE_LOOP('',(#14672,#14673,#14679,#14680));
#14672 = ORIENTED_EDGE('',*,*,#14443,.F.);
#14673 = ORIENTED_EDGE('',*,*,#14674,.T.);
#14674 = EDGE_CURVE('',#14436,#14108,#14675,.T.);
#14675 = LINE('',#14676,#14677);
#14676 = CARTESIAN_POINT('',(148.5,184.,28.5));
#14677 = VECTOR('',#14678,1.);
#14678 = DIRECTION('',(1.,0.,0.));
#14679 = ORIENTED_EDGE('',*,*,#14107,.T.);
#14680 = ORIENTED_EDGE('',*,*,#14681,.F.);
#14681 = EDGE_CURVE('',#14444,#14110,#14682,.T.);
#14682 = LINE('',#14683,#14684);
#14683 = CARTESIAN_POINT('',(148.5,188.,28.5));
#14684 = VECTOR('',#14685,1.);
#14685 = DIRECTION('',(1.,0.,0.));
#14686 = PLANE('',#14687);
#14687 = AXIS2_PLACEMENT_3D('',#14688,#14689,#14690);
#14688 = CARTESIAN_POINT('',(148.5,184.,28.5));
#14689 = DIRECTION('',(0.,0.,1.));
#14690 = DIRECTION('',(1.,0.,0.));
#14691 = ADVANCED_FACE('',(#14692,#14705),#14741,.T.);
#14692 = FACE_BOUND('',#14693,.T.);
#14693 = EDGE_LOOP('',(#14694,#14700,#14701,#14702,#14703,#14704));
#14694 = ORIENTED_EDGE('',*,*,#14695,.F.);
#14695 = EDGE_CURVE('',#14461,#14157,#14696,.T.);
#14696 = LINE('',#14697,#14698);
#14697 = CARTESIAN_POINT('',(148.5,195.,21.5));
#14698 = VECTOR('',#14699,1.);
#14699 = DIRECTION('',(1.,0.,0.));
#14700 = ORIENTED_EDGE('',*,*,#14460,.T.);
#14701 = ORIENTED_EDGE('',*,*,#14451,.T.);
#14702 = ORIENTED_EDGE('',*,*,#14681,.T.);
#14703 = ORIENTED_EDGE('',*,*,#14173,.F.);
#14704 = ORIENTED_EDGE('',*,*,#14164,.F.);
#14705 = FACE_BOUND('',#14706,.T.);
#14706 = EDGE_LOOP('',(#14707,#14718,#14726,#14735));
#14707 = ORIENTED_EDGE('',*,*,#14708,.F.);
#14708 = EDGE_CURVE('',#14709,#14711,#14713,.T.);
#14709 = VERTEX_POINT('',#14710);
#14710 = CARTESIAN_POINT('',(153.,201.96165326757,27.768300757126));
#14711 = VERTEX_POINT('',#14712);
#14712 = CARTESIAN_POINT('',(153.,202.,28.5));
#14713 = CIRCLE('',#14714,7.);
#14714 = AXIS2_PLACEMENT_3D('',#14715,#14716,#14717);
#14715 = CARTESIAN_POINT('',(153.,195.,28.5));
#14716 = DIRECTION('',(1.,0.,-0.));
#14717 = DIRECTION('',(0.,0.,1.));
#14718 = ORIENTED_EDGE('',*,*,#14719,.T.);
#14719 = EDGE_CURVE('',#14709,#14720,#14722,.T.);
#14720 = VERTEX_POINT('',#14721);
#14721 = CARTESIAN_POINT('',(163.,201.96165326757,27.768300757126));
#14722 = LINE('',#14723,#14724);
#14723 = CARTESIAN_POINT('',(148.5,201.96165326757,27.768300757126));
#14724 = VECTOR('',#14725,1.);
#14725 = DIRECTION('',(1.,0.,0.));
#14726 = ORIENTED_EDGE('',*,*,#14727,.T.);
#14727 = EDGE_CURVE('',#14720,#14728,#14730,.T.);
#14728 = VERTEX_POINT('',#14729);
#14729 = CARTESIAN_POINT('',(163.,202.,28.5));
#14730 = CIRCLE('',#14731,7.);
#14731 = AXIS2_PLACEMENT_3D('',#14732,#14733,#14734);
#14732 = CARTESIAN_POINT('',(163.,195.,28.5));
#14733 = DIRECTION('',(1.,0.,-0.));
#14734 = DIRECTION('',(0.,0.,1.));
#14735 = ORIENTED_EDGE('',*,*,#14736,.F.);
#14736 = EDGE_CURVE('',#14711,#14728,#14737,.T.);
#14737 = LINE('',#14738,#14739);
#14738 = CARTESIAN_POINT('',(148.5,202.,28.5));
#14739 = VECTOR('',#14740,1.);
#14740 = DIRECTION('',(1.,0.,0.));
#14741 = CYLINDRICAL_SURFACE('',#14742,7.);
#14742 = AXIS2_PLACEMENT_3D('',#14743,#14744,#14745);
#14743 = CARTESIAN_POINT('',(148.5,195.,28.5));
#14744 = DIRECTION('',(1.,0.,0.));
#14745 = DIRECTION('',(0.,0.,1.));
#14746 = ADVANCED_FACE('',(#14747),#14753,.T.);
#14747 = FACE_BOUND('',#14748,.T.);
#14748 = EDGE_LOOP('',(#14749,#14750,#14751,#14752));
#14749 = ORIENTED_EDGE('',*,*,#14156,.F.);
#14750 = ORIENTED_EDGE('',*,*,#14419,.F.);
#14751 = ORIENTED_EDGE('',*,*,#14469,.T.);
#14752 = ORIENTED_EDGE('',*,*,#14695,.T.);
#14753 = PLANE('',#14754);
#14754 = AXIS2_PLACEMENT_3D('',#14755,#14756,#14757);
#14755 = CARTESIAN_POINT('',(148.5,195.,15.));
#14756 = DIRECTION('',(0.,1.,0.));
#14757 = DIRECTION('',(0.,0.,1.));
#14758 = ADVANCED_FACE('',(#14759),#14765,.F.);
#14759 = FACE_BOUND('',#14760,.F.);
#14760 = EDGE_LOOP('',(#14761,#14762,#14763,#14764));
#14761 = ORIENTED_EDGE('',*,*,#14657,.F.);
#14762 = ORIENTED_EDGE('',*,*,#14433,.T.);
#14763 = ORIENTED_EDGE('',*,*,#14674,.T.);
#14764 = ORIENTED_EDGE('',*,*,#14117,.F.);
#14765 = PLANE('',#14766);
#14766 = AXIS2_PLACEMENT_3D('',#14767,#14768,#14769);
#14767 = CARTESIAN_POINT('',(148.5,184.,15.));
#14768 = DIRECTION('',(0.,1.,0.));
#14769 = DIRECTION('',(0.,0.,1.));
#14770 = ADVANCED_FACE('',(#14771),#14782,.F.);
#14771 = FACE_BOUND('',#14772,.F.);
#14772 = EDGE_LOOP('',(#14773,#14774,#14780,#14781));
#14773 = ORIENTED_EDGE('',*,*,#14182,.F.);
#14774 = ORIENTED_EDGE('',*,*,#14775,.F.);
#14775 = EDGE_CURVE('',#14493,#14183,#14776,.T.);
#14776 = LINE('',#14777,#14778);
#14777 = CARTESIAN_POINT('',(147.5,195.,30.7));
#14778 = VECTOR('',#14779,1.);
#14779 = DIRECTION('',(1.,0.,0.));
#14780 = ORIENTED_EDGE('',*,*,#14492,.T.);
#14781 = ORIENTED_EDGE('',*,*,#14775,.T.);
#14782 = CYLINDRICAL_SURFACE('',#14783,2.2);
#14783 = AXIS2_PLACEMENT_3D('',#14784,#14785,#14786);
#14784 = CARTESIAN_POINT('',(147.5,195.,28.5));
#14785 = DIRECTION('',(1.,0.,0.));
#14786 = DIRECTION('',(0.,0.,1.));
#14787 = ADVANCED_FACE('',(#14788),#14853,.F.);
#14788 = FACE_BOUND('',#14789,.F.);
#14789 = EDGE_LOOP('',(#14790,#14798,#14806,#14814,#14822,#14830,#14838,
    #14846,#14852));
#14790 = ORIENTED_EDGE('',*,*,#14791,.T.);
#14791 = EDGE_CURVE('',#14586,#14792,#14794,.T.);
#14792 = VERTEX_POINT('',#14793);
#14793 = CARTESIAN_POINT('',(33.,205.93974084905,27.350186904056));
#14794 = LINE('',#14795,#14796);
#14795 = CARTESIAN_POINT('',(33.,201.46439231989,27.82056498876));
#14796 = VECTOR('',#14797,1.);
#14797 = DIRECTION('',(0.,0.994521895368,-0.104528463268));
#14798 = ORIENTED_EDGE('',*,*,#14799,.T.);
#14799 = EDGE_CURVE('',#14792,#14800,#14802,.T.);
#14800 = VERTEX_POINT('',#14801);
#14801 = CARTESIAN_POINT('',(33.,205.958141679,27.541286829776));
#14802 = LINE('',#14803,#14804);
#14803 = CARTESIAN_POINT('',(33.,205.93974084905,27.350186904056));
#14804 = VECTOR('',#14805,1.);
#14805 = DIRECTION('',(0.,9.584575252016E-02,0.995396198367));
#14806 = ORIENTED_EDGE('',*,*,#14807,.T.);
#14807 = EDGE_CURVE('',#14800,#14808,#14810,.T.);
#14808 = VERTEX_POINT('',#14809);
#14809 = CARTESIAN_POINT('',(33.,205.97320455285,27.732678788815));
#14810 = LINE('',#14811,#14812);
#14811 = CARTESIAN_POINT('',(33.,205.958141679,27.541286829776));
#14812 = VECTOR('',#14813,1.);
#14813 = DIRECTION('',(0.,7.84590957279E-02,0.996917333733));
#14814 = ORIENTED_EDGE('',*,*,#14815,.T.);
#14815 = EDGE_CURVE('',#14808,#14816,#14818,.T.);
#14816 = VERTEX_POINT('',#14817);
#14817 = CARTESIAN_POINT('',(33.,205.9849248823,27.924304481328));
#14818 = LINE('',#14819,#14820);
#14819 = CARTESIAN_POINT('',(33.,205.97320455285,27.732678788815));
#14820 = VECTOR('',#14821,1.);
#14821 = DIRECTION('',(0.,6.104853953476E-02,0.998134798422));
#14822 = ORIENTED_EDGE('',*,*,#14823,.T.);
#14823 = EDGE_CURVE('',#14816,#14824,#14826,.T.);
#14824 = VERTEX_POINT('',#14825);
#14825 = CARTESIAN_POINT('',(33.,205.99329909721,28.116105536272));
#14826 = LINE('',#14827,#14828);
#14827 = CARTESIAN_POINT('',(33.,205.9849248823,27.924304481328));
#14828 = VECTOR('',#14829,1.);
#14829 = DIRECTION('',(0.,4.361938736531E-02,0.999048221582));
#14830 = ORIENTED_EDGE('',*,*,#14831,.T.);
#14831 = EDGE_CURVE('',#14824,#14832,#14834,.T.);
#14832 = VERTEX_POINT('',#14833);
#14833 = CARTESIAN_POINT('',(33.,205.99832464672,28.30802352919));
#14834 = LINE('',#14835,#14836);
#14835 = CARTESIAN_POINT('',(33.,205.99329909721,28.116105536272));
#14836 = VECTOR('',#14837,1.);
#14837 = DIRECTION('',(0.,2.617694830795E-02,0.999657324976));
#14838 = ORIENTED_EDGE('',*,*,#14839,.T.);
#14839 = EDGE_CURVE('',#14832,#14840,#14842,.T.);
#14840 = VERTEX_POINT('',#14841);
#14841 = CARTESIAN_POINT('',(33.,206.,28.5));
#14842 = LINE('',#14843,#14844);
#14843 = CARTESIAN_POINT('',(33.,205.99832464672,28.30802352919));
#14844 = VECTOR('',#14845,1.);
#14845 = DIRECTION('',(0.,8.726535498362E-03,0.999961923064));
#14846 = ORIENTED_EDGE('',*,*,#14847,.T.);
#14847 = EDGE_CURVE('',#14840,#14588,#14848,.T.);
#14848 = LINE('',#14849,#14850);
#14849 = CARTESIAN_POINT('',(33.,206.,28.5));
#14850 = VECTOR('',#14851,1.);
#14851 = DIRECTION('',(0.,-1.,0.));
#14852 = ORIENTED_EDGE('',*,*,#14585,.F.);
#14853 = PLANE('',#14854);
#14854 = AXIS2_PLACEMENT_3D('',#14855,#14856,#14857);
#14855 = CARTESIAN_POINT('',(33.,203.8250433499,28.037499075955));
#14856 = DIRECTION('',(1.,0.,0.));
#14857 = DIRECTION('',(0.,0.,1.));
#14858 = ADVANCED_FACE('',(#14859),#14877,.F.);
#14859 = FACE_BOUND('',#14860,.F.);
#14860 = EDGE_LOOP('',(#14861,#14862,#14863,#14871));
#14861 = ORIENTED_EDGE('',*,*,#14791,.F.);
#14862 = ORIENTED_EDGE('',*,*,#14596,.T.);
#14863 = ORIENTED_EDGE('',*,*,#14864,.T.);
#14864 = EDGE_CURVE('',#14597,#14865,#14867,.T.);
#14865 = VERTEX_POINT('',#14866);
#14866 = CARTESIAN_POINT('',(43.,205.93974084905,27.350186904056));
#14867 = LINE('',#14868,#14869);
#14868 = CARTESIAN_POINT('',(43.,201.46439231989,27.82056498876));
#14869 = VECTOR('',#14870,1.);
#14870 = DIRECTION('',(0.,0.994521895368,-0.104528463268));
#14871 = ORIENTED_EDGE('',*,*,#14872,.F.);
#14872 = EDGE_CURVE('',#14792,#14865,#14873,.T.);
#14873 = LINE('',#14874,#14875);
#14874 = CARTESIAN_POINT('',(33.,205.93974084905,27.350186904056));
#14875 = VECTOR('',#14876,1.);
#14876 = DIRECTION('',(1.,0.,0.));
#14877 = PLANE('',#14878);
#14878 = AXIS2_PLACEMENT_3D('',#14879,#14880,#14881);
#14879 = CARTESIAN_POINT('',(33.,201.46439231989,27.82056498876));
#14880 = DIRECTION('',(0.,0.104528463268,0.994521895368));
#14881 = DIRECTION('',(0.,0.994521895368,-0.104528463268));
#14882 = ADVANCED_FACE('',(#14883),#14941,.T.);
#14883 = FACE_BOUND('',#14884,.T.);
#14884 = EDGE_LOOP('',(#14885,#14886,#14894,#14902,#14910,#14918,#14926,
    #14934,#14940));
#14885 = ORIENTED_EDGE('',*,*,#14864,.T.);
#14886 = ORIENTED_EDGE('',*,*,#14887,.T.);
#14887 = EDGE_CURVE('',#14865,#14888,#14890,.T.);
#14888 = VERTEX_POINT('',#14889);
#14889 = CARTESIAN_POINT('',(43.,205.958141679,27.541286829776));
#14890 = LINE('',#14891,#14892);
#14891 = CARTESIAN_POINT('',(43.,205.93974084905,27.350186904056));
#14892 = VECTOR('',#14893,1.);
#14893 = DIRECTION('',(0.,9.584575252016E-02,0.995396198367));
#14894 = ORIENTED_EDGE('',*,*,#14895,.T.);
#14895 = EDGE_CURVE('',#14888,#14896,#14898,.T.);
#14896 = VERTEX_POINT('',#14897);
#14897 = CARTESIAN_POINT('',(43.,205.97320455285,27.732678788815));
#14898 = LINE('',#14899,#14900);
#14899 = CARTESIAN_POINT('',(43.,205.958141679,27.541286829776));
#14900 = VECTOR('',#14901,1.);
#14901 = DIRECTION('',(0.,7.84590957279E-02,0.996917333733));
#14902 = ORIENTED_EDGE('',*,*,#14903,.T.);
#14903 = EDGE_CURVE('',#14896,#14904,#14906,.T.);
#14904 = VERTEX_POINT('',#14905);
#14905 = CARTESIAN_POINT('',(43.,205.9849248823,27.924304481328));
#14906 = LINE('',#14907,#14908);
#14907 = CARTESIAN_POINT('',(43.,205.97320455285,27.732678788815));
#14908 = VECTOR('',#14909,1.);
#14909 = DIRECTION('',(0.,6.104853953476E-02,0.998134798422));
#14910 = ORIENTED_EDGE('',*,*,#14911,.T.);
#14911 = EDGE_CURVE('',#14904,#14912,#14914,.T.);
#14912 = VERTEX_POINT('',#14913);
#14913 = CARTESIAN_POINT('',(43.,205.99329909721,28.116105536272));
#14914 = LINE('',#14915,#14916);
#14915 = CARTESIAN_POINT('',(43.,205.9849248823,27.924304481328));
#14916 = VECTOR('',#14917,1.);
#14917 = DIRECTION('',(0.,4.361938736531E-02,0.999048221582));
#14918 = ORIENTED_EDGE('',*,*,#14919,.T.);
#14919 = EDGE_CURVE('',#14912,#14920,#14922,.T.);
#14920 = VERTEX_POINT('',#14921);
#14921 = CARTESIAN_POINT('',(43.,205.99832464672,28.30802352919));
#14922 = LINE('',#14923,#14924);
#14923 = CARTESIAN_POINT('',(43.,205.99329909721,28.116105536272));
#14924 = VECTOR('',#14925,1.);
#14925 = DIRECTION('',(0.,2.617694830795E-02,0.999657324976));
#14926 = ORIENTED_EDGE('',*,*,#14927,.T.);
#14927 = EDGE_CURVE('',#14920,#14928,#14930,.T.);
#14928 = VERTEX_POINT('',#14929);
#14929 = CARTESIAN_POINT('',(43.,206.,28.5));
#14930 = LINE('',#14931,#14932);
#14931 = CARTESIAN_POINT('',(43.,205.99832464672,28.30802352919));
#14932 = VECTOR('',#14933,1.);
#14933 = DIRECTION('',(0.,8.726535498362E-03,0.999961923064));
#14934 = ORIENTED_EDGE('',*,*,#14935,.T.);
#14935 = EDGE_CURVE('',#14928,#14605,#14936,.T.);
#14936 = LINE('',#14937,#14938);
#14937 = CARTESIAN_POINT('',(43.,206.,28.5));
#14938 = VECTOR('',#14939,1.);
#14939 = DIRECTION('',(0.,-1.,0.));
#14940 = ORIENTED_EDGE('',*,*,#14604,.F.);
#14941 = PLANE('',#14942);
#14942 = AXIS2_PLACEMENT_3D('',#14943,#14944,#14945);
#14943 = CARTESIAN_POINT('',(43.,203.8250433499,28.037499075955));
#14944 = DIRECTION('',(1.,0.,0.));
#14945 = DIRECTION('',(0.,0.,1.));
#14946 = ADVANCED_FACE('',(#14947),#14958,.F.);
#14947 = FACE_BOUND('',#14948,.F.);
#14948 = EDGE_LOOP('',(#14949,#14950,#14956,#14957));
#14949 = ORIENTED_EDGE('',*,*,#14847,.F.);
#14950 = ORIENTED_EDGE('',*,*,#14951,.T.);
#14951 = EDGE_CURVE('',#14840,#14928,#14952,.T.);
#14952 = LINE('',#14953,#14954);
#14953 = CARTESIAN_POINT('',(33.,206.,28.5));
#14954 = VECTOR('',#14955,1.);
#14955 = DIRECTION('',(1.,0.,0.));
#14956 = ORIENTED_EDGE('',*,*,#14935,.T.);
#14957 = ORIENTED_EDGE('',*,*,#14613,.F.);
#14958 = PLANE('',#14959);
#14959 = AXIS2_PLACEMENT_3D('',#14960,#14961,#14962);
#14960 = CARTESIAN_POINT('',(33.,206.,28.5));
#14961 = DIRECTION('',(0.,0.,-1.));
#14962 = DIRECTION('',(0.,-1.,0.));
#14963 = ADVANCED_FACE('',(#14964),#15029,.F.);
#14964 = FACE_BOUND('',#14965,.F.);
#14965 = EDGE_LOOP('',(#14966,#14974,#14982,#14990,#14998,#15006,#15014,
    #15022,#15028));
#14966 = ORIENTED_EDGE('',*,*,#14967,.T.);
#14967 = EDGE_CURVE('',#14709,#14968,#14970,.T.);
#14968 = VERTEX_POINT('',#14969);
#14969 = CARTESIAN_POINT('',(153.,205.93974084905,27.350186904056));
#14970 = LINE('',#14971,#14972);
#14971 = CARTESIAN_POINT('',(153.,201.46439231989,27.82056498876));
#14972 = VECTOR('',#14973,1.);
#14973 = DIRECTION('',(0.,0.994521895368,-0.104528463268));
#14974 = ORIENTED_EDGE('',*,*,#14975,.T.);
#14975 = EDGE_CURVE('',#14968,#14976,#14978,.T.);
#14976 = VERTEX_POINT('',#14977);
#14977 = CARTESIAN_POINT('',(153.,205.958141679,27.541286829776));
#14978 = LINE('',#14979,#14980);
#14979 = CARTESIAN_POINT('',(153.,205.93974084905,27.350186904056));
#14980 = VECTOR('',#14981,1.);
#14981 = DIRECTION('',(0.,9.584575252016E-02,0.995396198367));
#14982 = ORIENTED_EDGE('',*,*,#14983,.T.);
#14983 = EDGE_CURVE('',#14976,#14984,#14986,.T.);
#14984 = VERTEX_POINT('',#14985);
#14985 = CARTESIAN_POINT('',(153.,205.97320455285,27.732678788815));
#14986 = LINE('',#14987,#14988);
#14987 = CARTESIAN_POINT('',(153.,205.958141679,27.541286829776));
#14988 = VECTOR('',#14989,1.);
#14989 = DIRECTION('',(0.,7.84590957279E-02,0.996917333733));
#14990 = ORIENTED_EDGE('',*,*,#14991,.T.);
#14991 = EDGE_CURVE('',#14984,#14992,#14994,.T.);
#14992 = VERTEX_POINT('',#14993);
#14993 = CARTESIAN_POINT('',(153.,205.9849248823,27.924304481328));
#14994 = LINE('',#14995,#14996);
#14995 = CARTESIAN_POINT('',(153.,205.97320455285,27.732678788815));
#14996 = VECTOR('',#14997,1.);
#14997 = DIRECTION('',(0.,6.104853953476E-02,0.998134798422));
#14998 = ORIENTED_EDGE('',*,*,#14999,.T.);
#14999 = EDGE_CURVE('',#14992,#15000,#15002,.T.);
#15000 = VERTEX_POINT('',#15001);
#15001 = CARTESIAN_POINT('',(153.,205.99329909721,28.116105536272));
#15002 = LINE('',#15003,#15004);
#15003 = CARTESIAN_POINT('',(153.,205.9849248823,27.924304481328));
#15004 = VECTOR('',#15005,1.);
#15005 = DIRECTION('',(0.,4.361938736531E-02,0.999048221582));
#15006 = ORIENTED_EDGE('',*,*,#15007,.T.);
#15007 = EDGE_CURVE('',#15000,#15008,#15010,.T.);
#15008 = VERTEX_POINT('',#15009);
#15009 = CARTESIAN_POINT('',(153.,205.99832464672,28.30802352919));
#15010 = LINE('',#15011,#15012);
#15011 = CARTESIAN_POINT('',(153.,205.99329909721,28.116105536272));
#15012 = VECTOR('',#15013,1.);
#15013 = DIRECTION('',(0.,2.617694830795E-02,0.999657324976));
#15014 = ORIENTED_EDGE('',*,*,#15015,.T.);
#15015 = EDGE_CURVE('',#15008,#15016,#15018,.T.);
#15016 = VERTEX_POINT('',#15017);
#15017 = CARTESIAN_POINT('',(153.,206.,28.5));
#15018 = LINE('',#15019,#15020);
#15019 = CARTESIAN_POINT('',(153.,205.99832464672,28.30802352919));
#15020 = VECTOR('',#15021,1.);
#15021 = DIRECTION('',(0.,8.726535498362E-03,0.999961923064));
#15022 = ORIENTED_EDGE('',*,*,#15023,.T.);
#15023 = EDGE_CURVE('',#15016,#14711,#15024,.T.);
#15024 = LINE('',#15025,#15026);
#15025 = CARTESIAN_POINT('',(153.,206.,28.5));
#15026 = VECTOR('',#15027,1.);
#15027 = DIRECTION('',(0.,-1.,0.));
#15028 = ORIENTED_EDGE('',*,*,#14708,.F.);
#15029 = PLANE('',#15030);
#15030 = AXIS2_PLACEMENT_3D('',#15031,#15032,#15033);
#15031 = CARTESIAN_POINT('',(153.,203.8250433499,28.037499075955));
#15032 = DIRECTION('',(1.,0.,0.));
#15033 = DIRECTION('',(0.,0.,1.));
#15034 = ADVANCED_FACE('',(#15035),#15053,.F.);
#15035 = FACE_BOUND('',#15036,.F.);
#15036 = EDGE_LOOP('',(#15037,#15038,#15039,#15047));
#15037 = ORIENTED_EDGE('',*,*,#14967,.F.);
#15038 = ORIENTED_EDGE('',*,*,#14719,.T.);
#15039 = ORIENTED_EDGE('',*,*,#15040,.T.);
#15040 = EDGE_CURVE('',#14720,#15041,#15043,.T.);
#15041 = VERTEX_POINT('',#15042);
#15042 = CARTESIAN_POINT('',(163.,205.93974084905,27.350186904056));
#15043 = LINE('',#15044,#15045);
#15044 = CARTESIAN_POINT('',(163.,201.46439231989,27.82056498876));
#15045 = VECTOR('',#15046,1.);
#15046 = DIRECTION('',(0.,0.994521895368,-0.104528463268));
#15047 = ORIENTED_EDGE('',*,*,#15048,.F.);
#15048 = EDGE_CURVE('',#14968,#15041,#15049,.T.);
#15049 = LINE('',#15050,#15051);
#15050 = CARTESIAN_POINT('',(153.,205.93974084905,27.350186904056));
#15051 = VECTOR('',#15052,1.);
#15052 = DIRECTION('',(1.,0.,0.));
#15053 = PLANE('',#15054);
#15054 = AXIS2_PLACEMENT_3D('',#15055,#15056,#15057);
#15055 = CARTESIAN_POINT('',(153.,201.46439231989,27.82056498876));
#15056 = DIRECTION('',(0.,0.104528463268,0.994521895368));
#15057 = DIRECTION('',(0.,0.994521895368,-0.104528463268));
#15058 = ADVANCED_FACE('',(#15059),#15117,.T.);
#15059 = FACE_BOUND('',#15060,.T.);
#15060 = EDGE_LOOP('',(#15061,#15062,#15070,#15078,#15086,#15094,#15102,
    #15110,#15116));
#15061 = ORIENTED_EDGE('',*,*,#15040,.T.);
#15062 = ORIENTED_EDGE('',*,*,#15063,.T.);
#15063 = EDGE_CURVE('',#15041,#15064,#15066,.T.);
#15064 = VERTEX_POINT('',#15065);
#15065 = CARTESIAN_POINT('',(163.,205.958141679,27.541286829776));
#15066 = LINE('',#15067,#15068);
#15067 = CARTESIAN_POINT('',(163.,205.93974084905,27.350186904056));
#15068 = VECTOR('',#15069,1.);
#15069 = DIRECTION('',(0.,9.584575252016E-02,0.995396198367));
#15070 = ORIENTED_EDGE('',*,*,#15071,.T.);
#15071 = EDGE_CURVE('',#15064,#15072,#15074,.T.);
#15072 = VERTEX_POINT('',#15073);
#15073 = CARTESIAN_POINT('',(163.,205.97320455285,27.732678788815));
#15074 = LINE('',#15075,#15076);
#15075 = CARTESIAN_POINT('',(163.,205.958141679,27.541286829776));
#15076 = VECTOR('',#15077,1.);
#15077 = DIRECTION('',(0.,7.84590957279E-02,0.996917333733));
#15078 = ORIENTED_EDGE('',*,*,#15079,.T.);
#15079 = EDGE_CURVE('',#15072,#15080,#15082,.T.);
#15080 = VERTEX_POINT('',#15081);
#15081 = CARTESIAN_POINT('',(163.,205.9849248823,27.924304481328));
#15082 = LINE('',#15083,#15084);
#15083 = CARTESIAN_POINT('',(163.,205.97320455285,27.732678788815));
#15084 = VECTOR('',#15085,1.);
#15085 = DIRECTION('',(0.,6.104853953476E-02,0.998134798422));
#15086 = ORIENTED_EDGE('',*,*,#15087,.T.);
#15087 = EDGE_CURVE('',#15080,#15088,#15090,.T.);
#15088 = VERTEX_POINT('',#15089);
#15089 = CARTESIAN_POINT('',(163.,205.99329909721,28.116105536272));
#15090 = LINE('',#15091,#15092);
#15091 = CARTESIAN_POINT('',(163.,205.9849248823,27.924304481328));
#15092 = VECTOR('',#15093,1.);
#15093 = DIRECTION('',(0.,4.361938736531E-02,0.999048221582));
#15094 = ORIENTED_EDGE('',*,*,#15095,.T.);
#15095 = EDGE_CURVE('',#15088,#15096,#15098,.T.);
#15096 = VERTEX_POINT('',#15097);
#15097 = CARTESIAN_POINT('',(163.,205.99832464672,28.30802352919));
#15098 = LINE('',#15099,#15100);
#15099 = CARTESIAN_POINT('',(163.,205.99329909721,28.116105536272));
#15100 = VECTOR('',#15101,1.);
#15101 = DIRECTION('',(0.,2.617694830795E-02,0.999657324976));
#15102 = ORIENTED_EDGE('',*,*,#15103,.T.);
#15103 = EDGE_CURVE('',#15096,#15104,#15106,.T.);
#15104 = VERTEX_POINT('',#15105);
#15105 = CARTESIAN_POINT('',(163.,206.,28.5));
#15106 = LINE('',#15107,#15108);
#15107 = CARTESIAN_POINT('',(163.,205.99832464672,28.30802352919));
#15108 = VECTOR('',#15109,1.);
#15109 = DIRECTION('',(0.,8.726535498362E-03,0.999961923064));
#15110 = ORIENTED_EDGE('',*,*,#15111,.T.);
#15111 = EDGE_CURVE('',#15104,#14728,#15112,.T.);
#15112 = LINE('',#15113,#15114);
#15113 = CARTESIAN_POINT('',(163.,206.,28.5));
#15114 = VECTOR('',#15115,1.);
#15115 = DIRECTION('',(0.,-1.,0.));
#15116 = ORIENTED_EDGE('',*,*,#14727,.F.);
#15117 = PLANE('',#15118);
#15118 = AXIS2_PLACEMENT_3D('',#15119,#15120,#15121);
#15119 = CARTESIAN_POINT('',(163.,203.8250433499,28.037499075955));
#15120 = DIRECTION('',(1.,0.,0.));
#15121 = DIRECTION('',(0.,0.,1.));
#15122 = ADVANCED_FACE('',(#15123),#15134,.F.);
#15123 = FACE_BOUND('',#15124,.F.);
#15124 = EDGE_LOOP('',(#15125,#15126,#15132,#15133));
#15125 = ORIENTED_EDGE('',*,*,#15023,.F.);
#15126 = ORIENTED_EDGE('',*,*,#15127,.T.);
#15127 = EDGE_CURVE('',#15016,#15104,#15128,.T.);
#15128 = LINE('',#15129,#15130);
#15129 = CARTESIAN_POINT('',(153.,206.,28.5));
#15130 = VECTOR('',#15131,1.);
#15131 = DIRECTION('',(1.,0.,0.));
#15132 = ORIENTED_EDGE('',*,*,#15111,.T.);
#15133 = ORIENTED_EDGE('',*,*,#14736,.F.);
#15134 = PLANE('',#15135);
#15135 = AXIS2_PLACEMENT_3D('',#15136,#15137,#15138);
#15136 = CARTESIAN_POINT('',(153.,206.,28.5));
#15137 = DIRECTION('',(0.,0.,-1.));
#15138 = DIRECTION('',(0.,-1.,0.));
#15139 = ADVANCED_FACE('',(#15140),#15151,.F.);
#15140 = FACE_BOUND('',#15141,.F.);
#15141 = EDGE_LOOP('',(#15142,#15148,#15149,#15150));
#15142 = ORIENTED_EDGE('',*,*,#15143,.T.);
#15143 = EDGE_CURVE('',#14832,#14920,#15144,.T.);
#15144 = LINE('',#15145,#15146);
#15145 = CARTESIAN_POINT('',(33.,205.99832464672,28.30802352919));
#15146 = VECTOR('',#15147,1.);
#15147 = DIRECTION('',(1.,0.,0.));
#15148 = ORIENTED_EDGE('',*,*,#14927,.T.);
#15149 = ORIENTED_EDGE('',*,*,#14951,.F.);
#15150 = ORIENTED_EDGE('',*,*,#14839,.F.);
#15151 = PLANE('',#15152);
#15152 = AXIS2_PLACEMENT_3D('',#15153,#15154,#15155);
#15153 = CARTESIAN_POINT('',(33.,205.99832464672,28.30802352919));
#15154 = DIRECTION('',(0.,-0.999961923064,8.726535498362E-03));
#15155 = DIRECTION('',(0.,8.726535498362E-03,0.999961923064));
#15156 = ADVANCED_FACE('',(#15157),#15168,.F.);
#15157 = FACE_BOUND('',#15158,.F.);
#15158 = EDGE_LOOP('',(#15159,#15165,#15166,#15167));
#15159 = ORIENTED_EDGE('',*,*,#15160,.T.);
#15160 = EDGE_CURVE('',#14824,#14912,#15161,.T.);
#15161 = LINE('',#15162,#15163);
#15162 = CARTESIAN_POINT('',(33.,205.99329909721,28.116105536272));
#15163 = VECTOR('',#15164,1.);
#15164 = DIRECTION('',(1.,0.,0.));
#15165 = ORIENTED_EDGE('',*,*,#14919,.T.);
#15166 = ORIENTED_EDGE('',*,*,#15143,.F.);
#15167 = ORIENTED_EDGE('',*,*,#14831,.F.);
#15168 = PLANE('',#15169);
#15169 = AXIS2_PLACEMENT_3D('',#15170,#15171,#15172);
#15170 = CARTESIAN_POINT('',(33.,205.99329909721,28.116105536272));
#15171 = DIRECTION('',(0.,-0.999657324976,2.617694830795E-02));
#15172 = DIRECTION('',(0.,2.617694830795E-02,0.999657324976));
#15173 = ADVANCED_FACE('',(#15174),#15185,.F.);
#15174 = FACE_BOUND('',#15175,.F.);
#15175 = EDGE_LOOP('',(#15176,#15182,#15183,#15184));
#15176 = ORIENTED_EDGE('',*,*,#15177,.T.);
#15177 = EDGE_CURVE('',#14816,#14904,#15178,.T.);
#15178 = LINE('',#15179,#15180);
#15179 = CARTESIAN_POINT('',(33.,205.9849248823,27.924304481328));
#15180 = VECTOR('',#15181,1.);
#15181 = DIRECTION('',(1.,0.,0.));
#15182 = ORIENTED_EDGE('',*,*,#14911,.T.);
#15183 = ORIENTED_EDGE('',*,*,#15160,.F.);
#15184 = ORIENTED_EDGE('',*,*,#14823,.F.);
#15185 = PLANE('',#15186);
#15186 = AXIS2_PLACEMENT_3D('',#15187,#15188,#15189);
#15187 = CARTESIAN_POINT('',(33.,205.9849248823,27.924304481328));
#15188 = DIRECTION('',(0.,-0.999048221582,4.361938736531E-02));
#15189 = DIRECTION('',(0.,4.361938736531E-02,0.999048221582));
#15190 = ADVANCED_FACE('',(#15191),#15202,.F.);
#15191 = FACE_BOUND('',#15192,.F.);
#15192 = EDGE_LOOP('',(#15193,#15199,#15200,#15201));
#15193 = ORIENTED_EDGE('',*,*,#15194,.T.);
#15194 = EDGE_CURVE('',#14808,#14896,#15195,.T.);
#15195 = LINE('',#15196,#15197);
#15196 = CARTESIAN_POINT('',(33.,205.97320455285,27.732678788815));
#15197 = VECTOR('',#15198,1.);
#15198 = DIRECTION('',(1.,0.,0.));
#15199 = ORIENTED_EDGE('',*,*,#14903,.T.);
#15200 = ORIENTED_EDGE('',*,*,#15177,.F.);
#15201 = ORIENTED_EDGE('',*,*,#14815,.F.);
#15202 = PLANE('',#15203);
#15203 = AXIS2_PLACEMENT_3D('',#15204,#15205,#15206);
#15204 = CARTESIAN_POINT('',(33.,205.97320455285,27.732678788815));
#15205 = DIRECTION('',(0.,-0.998134798422,6.104853953476E-02));
#15206 = DIRECTION('',(0.,6.104853953476E-02,0.998134798422));
#15207 = ADVANCED_FACE('',(#15208),#15219,.F.);
#15208 = FACE_BOUND('',#15209,.F.);
#15209 = EDGE_LOOP('',(#15210,#15216,#15217,#15218));
#15210 = ORIENTED_EDGE('',*,*,#15211,.T.);
#15211 = EDGE_CURVE('',#14800,#14888,#15212,.T.);
#15212 = LINE('',#15213,#15214);
#15213 = CARTESIAN_POINT('',(33.,205.958141679,27.541286829776));
#15214 = VECTOR('',#15215,1.);
#15215 = DIRECTION('',(1.,0.,0.));
#15216 = ORIENTED_EDGE('',*,*,#14895,.T.);
#15217 = ORIENTED_EDGE('',*,*,#15194,.F.);
#15218 = ORIENTED_EDGE('',*,*,#14807,.F.);
#15219 = PLANE('',#15220);
#15220 = AXIS2_PLACEMENT_3D('',#15221,#15222,#15223);
#15221 = CARTESIAN_POINT('',(33.,205.958141679,27.541286829776));
#15222 = DIRECTION('',(0.,-0.996917333733,7.84590957279E-02));
#15223 = DIRECTION('',(0.,7.84590957279E-02,0.996917333733));
#15224 = ADVANCED_FACE('',(#15225),#15231,.F.);
#15225 = FACE_BOUND('',#15226,.F.);
#15226 = EDGE_LOOP('',(#15227,#15228,#15229,#15230));
#15227 = ORIENTED_EDGE('',*,*,#14872,.T.);
#15228 = ORIENTED_EDGE('',*,*,#14887,.T.);
#15229 = ORIENTED_EDGE('',*,*,#15211,.F.);
#15230 = ORIENTED_EDGE('',*,*,#14799,.F.);
#15231 = PLANE('',#15232);
#15232 = AXIS2_PLACEMENT_3D('',#15233,#15234,#15235);
#15233 = CARTESIAN_POINT('',(33.,205.93974084905,27.350186904056));
#15234 = DIRECTION('',(0.,-0.995396198367,9.584575252016E-02));
#15235 = DIRECTION('',(0.,9.584575252016E-02,0.995396198367));
#15236 = ADVANCED_FACE('',(#15237),#15248,.F.);
#15237 = FACE_BOUND('',#15238,.F.);
#15238 = EDGE_LOOP('',(#15239,#15245,#15246,#15247));
#15239 = ORIENTED_EDGE('',*,*,#15240,.T.);
#15240 = EDGE_CURVE('',#15008,#15096,#15241,.T.);
#15241 = LINE('',#15242,#15243);
#15242 = CARTESIAN_POINT('',(153.,205.99832464672,28.30802352919));
#15243 = VECTOR('',#15244,1.);
#15244 = DIRECTION('',(1.,0.,0.));
#15245 = ORIENTED_EDGE('',*,*,#15103,.T.);
#15246 = ORIENTED_EDGE('',*,*,#15127,.F.);
#15247 = ORIENTED_EDGE('',*,*,#15015,.F.);
#15248 = PLANE('',#15249);
#15249 = AXIS2_PLACEMENT_3D('',#15250,#15251,#15252);
#15250 = CARTESIAN_POINT('',(153.,205.99832464672,28.30802352919));
#15251 = DIRECTION('',(0.,-0.999961923064,8.726535498362E-03));
#15252 = DIRECTION('',(0.,8.726535498362E-03,0.999961923064));
#15253 = ADVANCED_FACE('',(#15254),#15265,.F.);
#15254 = FACE_BOUND('',#15255,.F.);
#15255 = EDGE_LOOP('',(#15256,#15262,#15263,#15264));
#15256 = ORIENTED_EDGE('',*,*,#15257,.T.);
#15257 = EDGE_CURVE('',#15000,#15088,#15258,.T.);
#15258 = LINE('',#15259,#15260);
#15259 = CARTESIAN_POINT('',(153.,205.99329909721,28.116105536272));
#15260 = VECTOR('',#15261,1.);
#15261 = DIRECTION('',(1.,0.,0.));
#15262 = ORIENTED_EDGE('',*,*,#15095,.T.);
#15263 = ORIENTED_EDGE('',*,*,#15240,.F.);
#15264 = ORIENTED_EDGE('',*,*,#15007,.F.);
#15265 = PLANE('',#15266);
#15266 = AXIS2_PLACEMENT_3D('',#15267,#15268,#15269);
#15267 = CARTESIAN_POINT('',(153.,205.99329909721,28.116105536272));
#15268 = DIRECTION('',(0.,-0.999657324976,2.617694830795E-02));
#15269 = DIRECTION('',(0.,2.617694830795E-02,0.999657324976));
#15270 = ADVANCED_FACE('',(#15271),#15282,.F.);
#15271 = FACE_BOUND('',#15272,.F.);
#15272 = EDGE_LOOP('',(#15273,#15279,#15280,#15281));
#15273 = ORIENTED_EDGE('',*,*,#15274,.T.);
#15274 = EDGE_CURVE('',#14992,#15080,#15275,.T.);
#15275 = LINE('',#15276,#15277);
#15276 = CARTESIAN_POINT('',(153.,205.9849248823,27.924304481328));
#15277 = VECTOR('',#15278,1.);
#15278 = DIRECTION('',(1.,0.,0.));
#15279 = ORIENTED_EDGE('',*,*,#15087,.T.);
#15280 = ORIENTED_EDGE('',*,*,#15257,.F.);
#15281 = ORIENTED_EDGE('',*,*,#14999,.F.);
#15282 = PLANE('',#15283);
#15283 = AXIS2_PLACEMENT_3D('',#15284,#15285,#15286);
#15284 = CARTESIAN_POINT('',(153.,205.9849248823,27.924304481328));
#15285 = DIRECTION('',(0.,-0.999048221582,4.361938736531E-02));
#15286 = DIRECTION('',(0.,4.361938736531E-02,0.999048221582));
#15287 = ADVANCED_FACE('',(#15288),#15299,.F.);
#15288 = FACE_BOUND('',#15289,.F.);
#15289 = EDGE_LOOP('',(#15290,#15296,#15297,#15298));
#15290 = ORIENTED_EDGE('',*,*,#15291,.T.);
#15291 = EDGE_CURVE('',#14984,#15072,#15292,.T.);
#15292 = LINE('',#15293,#15294);
#15293 = CARTESIAN_POINT('',(153.,205.97320455285,27.732678788815));
#15294 = VECTOR('',#15295,1.);
#15295 = DIRECTION('',(1.,0.,0.));
#15296 = ORIENTED_EDGE('',*,*,#15079,.T.);
#15297 = ORIENTED_EDGE('',*,*,#15274,.F.);
#15298 = ORIENTED_EDGE('',*,*,#14991,.F.);
#15299 = PLANE('',#15300);
#15300 = AXIS2_PLACEMENT_3D('',#15301,#15302,#15303);
#15301 = CARTESIAN_POINT('',(153.,205.97320455285,27.732678788815));
#15302 = DIRECTION('',(0.,-0.998134798422,6.104853953476E-02));
#15303 = DIRECTION('',(0.,6.104853953476E-02,0.998134798422));
#15304 = ADVANCED_FACE('',(#15305),#15316,.F.);
#15305 = FACE_BOUND('',#15306,.F.);
#15306 = EDGE_LOOP('',(#15307,#15313,#15314,#15315));
#15307 = ORIENTED_EDGE('',*,*,#15308,.T.);
#15308 = EDGE_CURVE('',#14976,#15064,#15309,.T.);
#15309 = LINE('',#15310,#15311);
#15310 = CARTESIAN_POINT('',(153.,205.958141679,27.541286829776));
#15311 = VECTOR('',#15312,1.);
#15312 = DIRECTION('',(1.,0.,0.));
#15313 = ORIENTED_EDGE('',*,*,#15071,.T.);
#15314 = ORIENTED_EDGE('',*,*,#15291,.F.);
#15315 = ORIENTED_EDGE('',*,*,#14983,.F.);
#15316 = PLANE('',#15317);
#15317 = AXIS2_PLACEMENT_3D('',#15318,#15319,#15320);
#15318 = CARTESIAN_POINT('',(153.,205.958141679,27.541286829776));
#15319 = DIRECTION('',(0.,-0.996917333733,7.84590957279E-02));
#15320 = DIRECTION('',(0.,7.84590957279E-02,0.996917333733));
#15321 = ADVANCED_FACE('',(#15322),#15328,.F.);
#15322 = FACE_BOUND('',#15323,.F.);
#15323 = EDGE_LOOP('',(#15324,#15325,#15326,#15327));
#15324 = ORIENTED_EDGE('',*,*,#15048,.T.);
#15325 = ORIENTED_EDGE('',*,*,#15063,.T.);
#15326 = ORIENTED_EDGE('',*,*,#15308,.F.);
#15327 = ORIENTED_EDGE('',*,*,#14975,.F.);
#15328 = PLANE('',#15329);
#15329 = AXIS2_PLACEMENT_3D('',#15330,#15331,#15332);
#15330 = CARTESIAN_POINT('',(153.,205.93974084905,27.350186904056));
#15331 = DIRECTION('',(0.,-0.995396198367,9.584575252016E-02));
#15332 = DIRECTION('',(0.,9.584575252016E-02,0.995396198367));
#15333 = ADVANCED_FACE('',(#15334,#15419,#15430,#15441,#15452,#15463,
    #15474,#15485,#15512,#15539,#15566),#15593,.T.);
#15334 = FACE_BOUND('',#15335,.T.);
#15335 = EDGE_LOOP('',(#15336,#15337,#15338,#15339,#15340,#15341,#15342,
    #15343,#15344,#15345,#15346,#15347,#15348,#15349,#15358,#15367,
    #15375,#15384,#15393,#15401,#15410,#15417,#15418));
#15336 = ORIENTED_EDGE('',*,*,#13868,.F.);
#15337 = ORIENTED_EDGE('',*,*,#13758,.F.);
#15338 = ORIENTED_EDGE('',*,*,#13781,.T.);
#15339 = ORIENTED_EDGE('',*,*,#13938,.T.);
#15340 = ORIENTED_EDGE('',*,*,#13845,.F.);
#15341 = ORIENTED_EDGE('',*,*,#14141,.F.);
#15342 = ORIENTED_EDGE('',*,*,#14239,.F.);
#15343 = ORIENTED_EDGE('',*,*,#13700,.T.);
#15344 = ORIENTED_EDGE('',*,*,#13685,.F.);
#15345 = ORIENTED_EDGE('',*,*,#13635,.T.);
#15346 = ORIENTED_EDGE('',*,*,#13621,.F.);
#15347 = ORIENTED_EDGE('',*,*,#13571,.T.);
#15348 = ORIENTED_EDGE('',*,*,#13557,.T.);
#15349 = ORIENTED_EDGE('',*,*,#15350,.T.);
#15350 = EDGE_CURVE('',#13550,#15351,#15353,.T.);
#15351 = VERTEX_POINT('',#15352);
#15352 = CARTESIAN_POINT('',(14.,8.,22.));
#15353 = CIRCLE('',#15354,6.);
#15354 = AXIS2_PLACEMENT_3D('',#15355,#15356,#15357);
#15355 = CARTESIAN_POINT('',(8.,8.,22.));
#15356 = DIRECTION('',(0.,0.,1.));
#15357 = DIRECTION('',(1.,0.,0.));
#15358 = ORIENTED_EDGE('',*,*,#15359,.T.);
#15359 = EDGE_CURVE('',#15351,#15360,#15362,.T.);
#15360 = VERTEX_POINT('',#15361);
#15361 = CARTESIAN_POINT('',(3.,11.316624790356,22.));
#15362 = CIRCLE('',#15363,6.);
#15363 = AXIS2_PLACEMENT_3D('',#15364,#15365,#15366);
#15364 = CARTESIAN_POINT('',(8.,8.,22.));
#15365 = DIRECTION('',(0.,0.,1.));
#15366 = DIRECTION('',(1.,0.,0.));
#15367 = ORIENTED_EDGE('',*,*,#15368,.T.);
#15368 = EDGE_CURVE('',#15360,#15369,#15371,.T.);
#15369 = VERTEX_POINT('',#15370);
#15370 = CARTESIAN_POINT('',(3.,91.683375209644,22.));
#15371 = LINE('',#15372,#15373);
#15372 = CARTESIAN_POINT('',(3.,1.5,22.));
#15373 = VECTOR('',#15374,1.);
#15374 = DIRECTION('',(0.,1.,0.));
#15375 = ORIENTED_EDGE('',*,*,#15376,.T.);
#15376 = EDGE_CURVE('',#15369,#15377,#15379,.T.);
#15377 = VERTEX_POINT('',#15378);
#15378 = CARTESIAN_POINT('',(14.,95.,22.));
#15379 = CIRCLE('',#15380,6.);
#15380 = AXIS2_PLACEMENT_3D('',#15381,#15382,#15383);
#15381 = CARTESIAN_POINT('',(8.,95.,22.));
#15382 = DIRECTION('',(0.,0.,1.));
#15383 = DIRECTION('',(1.,0.,0.));
#15384 = ORIENTED_EDGE('',*,*,#15385,.T.);
#15385 = EDGE_CURVE('',#15377,#15386,#15388,.T.);
#15386 = VERTEX_POINT('',#15387);
#15387 = CARTESIAN_POINT('',(3.,98.316624790356,22.));
#15388 = CIRCLE('',#15389,6.);
#15389 = AXIS2_PLACEMENT_3D('',#15390,#15391,#15392);
#15390 = CARTESIAN_POINT('',(8.,95.,22.));
#15391 = DIRECTION('',(0.,0.,1.));
#15392 = DIRECTION('',(1.,0.,0.));
#15393 = ORIENTED_EDGE('',*,*,#15394,.T.);
#15394 = EDGE_CURVE('',#15386,#15395,#15397,.T.);
#15395 = VERTEX_POINT('',#15396);
#15396 = CARTESIAN_POINT('',(3.,178.68337520964,22.));
#15397 = LINE('',#15398,#15399);
#15398 = CARTESIAN_POINT('',(3.,1.5,22.));
#15399 = VECTOR('',#15400,1.);
#15400 = DIRECTION('',(0.,1.,0.));
#15401 = ORIENTED_EDGE('',*,*,#15402,.T.);
#15402 = EDGE_CURVE('',#15395,#15403,#15405,.T.);
#15403 = VERTEX_POINT('',#15404);
#15404 = CARTESIAN_POINT('',(14.,182.,22.));
#15405 = CIRCLE('',#15406,6.);
#15406 = AXIS2_PLACEMENT_3D('',#15407,#15408,#15409);
#15407 = CARTESIAN_POINT('',(8.,182.,22.));
#15408 = DIRECTION('',(0.,0.,1.));
#15409 = DIRECTION('',(1.,0.,0.));
#15410 = ORIENTED_EDGE('',*,*,#15411,.T.);
#15411 = EDGE_CURVE('',#15403,#14071,#15412,.T.);
#15412 = CIRCLE('',#15413,6.);
#15413 = AXIS2_PLACEMENT_3D('',#15414,#15415,#15416);
#15414 = CARTESIAN_POINT('',(8.,182.,22.));
#15415 = DIRECTION('',(0.,0.,1.));
#15416 = DIRECTION('',(1.,0.,0.));
#15417 = ORIENTED_EDGE('',*,*,#14078,.F.);
#15418 = ORIENTED_EDGE('',*,*,#14003,.F.);
#15419 = FACE_BOUND('',#15420,.T.);
#15420 = EDGE_LOOP('',(#15421));
#15421 = ORIENTED_EDGE('',*,*,#15422,.F.);
#15422 = EDGE_CURVE('',#15423,#15423,#15425,.T.);
#15423 = VERTEX_POINT('',#15424);
#15424 = CARTESIAN_POINT('',(9.7,95.,22.));
#15425 = CIRCLE('',#15426,1.7);
#15426 = AXIS2_PLACEMENT_3D('',#15427,#15428,#15429);
#15427 = CARTESIAN_POINT('',(8.,95.,22.));
#15428 = DIRECTION('',(0.,0.,1.));
#15429 = DIRECTION('',(1.,0.,0.));
#15430 = FACE_BOUND('',#15431,.T.);
#15431 = EDGE_LOOP('',(#15432));
#15432 = ORIENTED_EDGE('',*,*,#15433,.F.);
#15433 = EDGE_CURVE('',#15434,#15434,#15436,.T.);
#15434 = VERTEX_POINT('',#15435);
#15435 = CARTESIAN_POINT('',(9.7,8.,22.));
#15436 = CIRCLE('',#15437,1.7);
#15437 = AXIS2_PLACEMENT_3D('',#15438,#15439,#15440);
#15438 = CARTESIAN_POINT('',(8.,8.,22.));
#15439 = DIRECTION('',(0.,0.,1.));
#15440 = DIRECTION('',(1.,0.,0.));
#15441 = FACE_BOUND('',#15442,.T.);
#15442 = EDGE_LOOP('',(#15443));
#15443 = ORIENTED_EDGE('',*,*,#15444,.F.);
#15444 = EDGE_CURVE('',#15445,#15445,#15447,.T.);
#15445 = VERTEX_POINT('',#15446);
#15446 = CARTESIAN_POINT('',(189.7,95.,22.));
#15447 = CIRCLE('',#15448,1.7);
#15448 = AXIS2_PLACEMENT_3D('',#15449,#15450,#15451);
#15449 = CARTESIAN_POINT('',(188.,95.,22.));
#15450 = DIRECTION('',(0.,0.,1.));
#15451 = DIRECTION('',(1.,0.,0.));
#15452 = FACE_BOUND('',#15453,.T.);
#15453 = EDGE_LOOP('',(#15454));
#15454 = ORIENTED_EDGE('',*,*,#15455,.F.);
#15455 = EDGE_CURVE('',#15456,#15456,#15458,.T.);
#15456 = VERTEX_POINT('',#15457);
#15457 = CARTESIAN_POINT('',(9.7,182.,22.));
#15458 = CIRCLE('',#15459,1.7);
#15459 = AXIS2_PLACEMENT_3D('',#15460,#15461,#15462);
#15460 = CARTESIAN_POINT('',(8.,182.,22.));
#15461 = DIRECTION('',(0.,0.,1.));
#15462 = DIRECTION('',(1.,0.,0.));
#15463 = FACE_BOUND('',#15464,.T.);
#15464 = EDGE_LOOP('',(#15465));
#15465 = ORIENTED_EDGE('',*,*,#15466,.F.);
#15466 = EDGE_CURVE('',#15467,#15467,#15469,.T.);
#15467 = VERTEX_POINT('',#15468);
#15468 = CARTESIAN_POINT('',(189.7,8.,22.));
#15469 = CIRCLE('',#15470,1.7);
#15470 = AXIS2_PLACEMENT_3D('',#15471,#15472,#15473);
#15471 = CARTESIAN_POINT('',(188.,8.,22.));
#15472 = DIRECTION('',(0.,0.,1.));
#15473 = DIRECTION('',(1.,0.,0.));
#15474 = FACE_BOUND('',#15475,.T.);
#15475 = EDGE_LOOP('',(#15476));
#15476 = ORIENTED_EDGE('',*,*,#15477,.F.);
#15477 = EDGE_CURVE('',#15478,#15478,#15480,.T.);
#15478 = VERTEX_POINT('',#15479);
#15479 = CARTESIAN_POINT('',(189.7,182.,22.));
#15480 = CIRCLE('',#15481,1.7);
#15481 = AXIS2_PLACEMENT_3D('',#15482,#15483,#15484);
#15482 = CARTESIAN_POINT('',(188.,182.,22.));
#15483 = DIRECTION('',(0.,0.,1.));
#15484 = DIRECTION('',(1.,0.,0.));
#15485 = FACE_BOUND('',#15486,.T.);
#15486 = EDGE_LOOP('',(#15487,#15497,#15506));
#15487 = ORIENTED_EDGE('',*,*,#15488,.T.);
#15488 = EDGE_CURVE('',#15489,#15491,#15493,.T.);
#15489 = VERTEX_POINT('',#15490);
#15490 = CARTESIAN_POINT('',(193.,3.,22.));
#15491 = VERTEX_POINT('',#15492);
#15492 = CARTESIAN_POINT('',(191.31662479035,3.,22.));
#15493 = LINE('',#15494,#15495);
#15494 = CARTESIAN_POINT('',(1.5,3.,22.));
#15495 = VECTOR('',#15496,1.);
#15496 = DIRECTION('',(-1.,0.,0.));
#15497 = ORIENTED_EDGE('',*,*,#15498,.T.);
#15498 = EDGE_CURVE('',#15491,#15499,#15501,.T.);
#15499 = VERTEX_POINT('',#15500);
#15500 = CARTESIAN_POINT('',(193.,4.683375209645,22.));
#15501 = CIRCLE('',#15502,6.);
#15502 = AXIS2_PLACEMENT_3D('',#15503,#15504,#15505);
#15503 = CARTESIAN_POINT('',(188.,8.,22.));
#15504 = DIRECTION('',(0.,0.,1.));
#15505 = DIRECTION('',(1.,0.,0.));
#15506 = ORIENTED_EDGE('',*,*,#15507,.F.);
#15507 = EDGE_CURVE('',#15489,#15499,#15508,.T.);
#15508 = LINE('',#15509,#15510);
#15509 = CARTESIAN_POINT('',(193.,1.5,22.));
#15510 = VECTOR('',#15511,1.);
#15511 = DIRECTION('',(0.,1.,0.));
#15512 = FACE_BOUND('',#15513,.T.);
#15513 = EDGE_LOOP('',(#15514,#15524,#15533));
#15514 = ORIENTED_EDGE('',*,*,#15515,.F.);
#15515 = EDGE_CURVE('',#15516,#15518,#15520,.T.);
#15516 = VERTEX_POINT('',#15517);
#15517 = CARTESIAN_POINT('',(193.,185.31662479035,22.));
#15518 = VERTEX_POINT('',#15519);
#15519 = CARTESIAN_POINT('',(193.,187.,22.));
#15520 = LINE('',#15521,#15522);
#15521 = CARTESIAN_POINT('',(193.,1.5,22.));
#15522 = VECTOR('',#15523,1.);
#15523 = DIRECTION('',(0.,1.,0.));
#15524 = ORIENTED_EDGE('',*,*,#15525,.T.);
#15525 = EDGE_CURVE('',#15516,#15526,#15528,.T.);
#15526 = VERTEX_POINT('',#15527);
#15527 = CARTESIAN_POINT('',(191.31662479035,187.,22.));
#15528 = CIRCLE('',#15529,6.);
#15529 = AXIS2_PLACEMENT_3D('',#15530,#15531,#15532);
#15530 = CARTESIAN_POINT('',(188.,182.,22.));
#15531 = DIRECTION('',(0.,0.,1.));
#15532 = DIRECTION('',(1.,0.,0.));
#15533 = ORIENTED_EDGE('',*,*,#15534,.F.);
#15534 = EDGE_CURVE('',#15518,#15526,#15535,.T.);
#15535 = LINE('',#15536,#15537);
#15536 = CARTESIAN_POINT('',(1.5,187.,22.));
#15537 = VECTOR('',#15538,1.);
#15538 = DIRECTION('',(-1.,0.,0.));
#15539 = FACE_BOUND('',#15540,.T.);
#15540 = EDGE_LOOP('',(#15541,#15551,#15560));
#15541 = ORIENTED_EDGE('',*,*,#15542,.F.);
#15542 = EDGE_CURVE('',#15543,#15545,#15547,.T.);
#15543 = VERTEX_POINT('',#15544);
#15544 = CARTESIAN_POINT('',(4.683375209645,187.,22.));
#15545 = VERTEX_POINT('',#15546);
#15546 = CARTESIAN_POINT('',(3.,187.,22.));
#15547 = LINE('',#15548,#15549);
#15548 = CARTESIAN_POINT('',(1.5,187.,22.));
#15549 = VECTOR('',#15550,1.);
#15550 = DIRECTION('',(-1.,0.,0.));
#15551 = ORIENTED_EDGE('',*,*,#15552,.T.);
#15552 = EDGE_CURVE('',#15543,#15553,#15555,.T.);
#15553 = VERTEX_POINT('',#15554);
#15554 = CARTESIAN_POINT('',(3.,185.31662479035,22.));
#15555 = CIRCLE('',#15556,6.);
#15556 = AXIS2_PLACEMENT_3D('',#15557,#15558,#15559);
#15557 = CARTESIAN_POINT('',(8.,182.,22.));
#15558 = DIRECTION('',(0.,0.,1.));
#15559 = DIRECTION('',(1.,0.,0.));
#15560 = ORIENTED_EDGE('',*,*,#15561,.T.);
#15561 = EDGE_CURVE('',#15553,#15545,#15562,.T.);
#15562 = LINE('',#15563,#15564);
#15563 = CARTESIAN_POINT('',(3.,1.5,22.));
#15564 = VECTOR('',#15565,1.);
#15565 = DIRECTION('',(0.,1.,0.));
#15566 = FACE_BOUND('',#15567,.T.);
#15567 = EDGE_LOOP('',(#15568,#15578,#15587));
#15568 = ORIENTED_EDGE('',*,*,#15569,.T.);
#15569 = EDGE_CURVE('',#15570,#15572,#15574,.T.);
#15570 = VERTEX_POINT('',#15571);
#15571 = CARTESIAN_POINT('',(3.,3.,22.));
#15572 = VERTEX_POINT('',#15573);
#15573 = CARTESIAN_POINT('',(3.,4.683375209644,22.));
#15574 = LINE('',#15575,#15576);
#15575 = CARTESIAN_POINT('',(3.,1.5,22.));
#15576 = VECTOR('',#15577,1.);
#15577 = DIRECTION('',(0.,1.,0.));
#15578 = ORIENTED_EDGE('',*,*,#15579,.T.);
#15579 = EDGE_CURVE('',#15572,#15580,#15582,.T.);
#15580 = VERTEX_POINT('',#15581);
#15581 = CARTESIAN_POINT('',(4.683375209645,3.,22.));
#15582 = CIRCLE('',#15583,6.);
#15583 = AXIS2_PLACEMENT_3D('',#15584,#15585,#15586);
#15584 = CARTESIAN_POINT('',(8.,8.,22.));
#15585 = DIRECTION('',(0.,0.,1.));
#15586 = DIRECTION('',(1.,0.,0.));
#15587 = ORIENTED_EDGE('',*,*,#15588,.T.);
#15588 = EDGE_CURVE('',#15580,#15570,#15589,.T.);
#15589 = LINE('',#15590,#15591);
#15590 = CARTESIAN_POINT('',(1.5,3.,22.));
#15591 = VECTOR('',#15592,1.);
#15592 = DIRECTION('',(-1.,0.,0.));
#15593 = PLANE('',#15594);
#15594 = AXIS2_PLACEMENT_3D('',#15595,#15596,#15597);
#15595 = CARTESIAN_POINT('',(97.734121548415,75.536234440601,22.));
#15596 = DIRECTION('',(0.,0.,1.));
#15597 = DIRECTION('',(1.,0.,0.));
#15598 = ADVANCED_FACE('',(#15599),#15624,.T.);
#15599 = FACE_BOUND('',#15600,.T.);
#15600 = EDGE_LOOP('',(#15601,#15609,#15617,#15623));
#15601 = ORIENTED_EDGE('',*,*,#15602,.F.);
#15602 = EDGE_CURVE('',#15603,#15360,#15605,.T.);
#15603 = VERTEX_POINT('',#15604);
#15604 = CARTESIAN_POINT('',(3.,11.316624790355,3.));
#15605 = LINE('',#15606,#15607);
#15606 = CARTESIAN_POINT('',(3.,11.316624790355,0.));
#15607 = VECTOR('',#15608,1.);
#15608 = DIRECTION('',(0.,0.,1.));
#15609 = ORIENTED_EDGE('',*,*,#15610,.T.);
#15610 = EDGE_CURVE('',#15603,#15611,#15613,.T.);
#15611 = VERTEX_POINT('',#15612);
#15612 = CARTESIAN_POINT('',(3.,91.683375209645,3.));
#15613 = LINE('',#15614,#15615);
#15614 = CARTESIAN_POINT('',(3.,3.,3.));
#15615 = VECTOR('',#15616,1.);
#15616 = DIRECTION('',(0.,1.,0.));
#15617 = ORIENTED_EDGE('',*,*,#15618,.T.);
#15618 = EDGE_CURVE('',#15611,#15369,#15619,.T.);
#15619 = LINE('',#15620,#15621);
#15620 = CARTESIAN_POINT('',(3.,91.683375209645,0.));
#15621 = VECTOR('',#15622,1.);
#15622 = DIRECTION('',(0.,0.,1.));
#15623 = ORIENTED_EDGE('',*,*,#15368,.F.);
#15624 = PLANE('',#15625);
#15625 = AXIS2_PLACEMENT_3D('',#15626,#15627,#15628);
#15626 = CARTESIAN_POINT('',(3.,3.,3.));
#15627 = DIRECTION('',(1.,0.,0.));
#15628 = DIRECTION('',(0.,0.,1.));
#15629 = ADVANCED_FACE('',(#15630),#15655,.T.);
#15630 = FACE_BOUND('',#15631,.T.);
#15631 = EDGE_LOOP('',(#15632,#15640,#15648,#15654));
#15632 = ORIENTED_EDGE('',*,*,#15633,.F.);
#15633 = EDGE_CURVE('',#15634,#15386,#15636,.T.);
#15634 = VERTEX_POINT('',#15635);
#15635 = CARTESIAN_POINT('',(3.,98.316624790355,3.));
#15636 = LINE('',#15637,#15638);
#15637 = CARTESIAN_POINT('',(3.,98.316624790355,0.));
#15638 = VECTOR('',#15639,1.);
#15639 = DIRECTION('',(0.,0.,1.));
#15640 = ORIENTED_EDGE('',*,*,#15641,.T.);
#15641 = EDGE_CURVE('',#15634,#15642,#15644,.T.);
#15642 = VERTEX_POINT('',#15643);
#15643 = CARTESIAN_POINT('',(3.,178.68337520964,3.));
#15644 = LINE('',#15645,#15646);
#15645 = CARTESIAN_POINT('',(3.,3.,3.));
#15646 = VECTOR('',#15647,1.);
#15647 = DIRECTION('',(0.,1.,0.));
#15648 = ORIENTED_EDGE('',*,*,#15649,.T.);
#15649 = EDGE_CURVE('',#15642,#15395,#15650,.T.);
#15650 = LINE('',#15651,#15652);
#15651 = CARTESIAN_POINT('',(3.,178.68337520964,0.));
#15652 = VECTOR('',#15653,1.);
#15653 = DIRECTION('',(0.,0.,1.));
#15654 = ORIENTED_EDGE('',*,*,#15394,.F.);
#15655 = PLANE('',#15656);
#15656 = AXIS2_PLACEMENT_3D('',#15657,#15658,#15659);
#15657 = CARTESIAN_POINT('',(3.,3.,3.));
#15658 = DIRECTION('',(1.,0.,0.));
#15659 = DIRECTION('',(0.,0.,1.));
#15660 = ADVANCED_FACE('',(#15661),#15688,.F.);
#15661 = FACE_BOUND('',#15662,.F.);
#15662 = EDGE_LOOP('',(#15663,#15673,#15680,#15681));
#15663 = ORIENTED_EDGE('',*,*,#15664,.T.);
#15664 = EDGE_CURVE('',#15665,#15667,#15669,.T.);
#15665 = VERTEX_POINT('',#15666);
#15666 = CARTESIAN_POINT('',(12.1,95.,0.));
#15667 = VERTEX_POINT('',#15668);
#15668 = CARTESIAN_POINT('',(12.1,95.,13.5));
#15669 = LINE('',#15670,#15671);
#15670 = CARTESIAN_POINT('',(12.1,95.,-1.));
#15671 = VECTOR('',#15672,1.);
#15672 = DIRECTION('',(0.,0.,1.));
#15673 = ORIENTED_EDGE('',*,*,#15674,.F.);
#15674 = EDGE_CURVE('',#15667,#15667,#15675,.T.);
#15675 = CIRCLE('',#15676,4.1);
#15676 = AXIS2_PLACEMENT_3D('',#15677,#15678,#15679);
#15677 = CARTESIAN_POINT('',(8.,95.,13.5));
#15678 = DIRECTION('',(0.,0.,1.));
#15679 = DIRECTION('',(1.,0.,0.));
#15680 = ORIENTED_EDGE('',*,*,#15664,.F.);
#15681 = ORIENTED_EDGE('',*,*,#15682,.T.);
#15682 = EDGE_CURVE('',#15665,#15665,#15683,.T.);
#15683 = CIRCLE('',#15684,4.1);
#15684 = AXIS2_PLACEMENT_3D('',#15685,#15686,#15687);
#15685 = CARTESIAN_POINT('',(8.,95.,0.));
#15686 = DIRECTION('',(0.,0.,1.));
#15687 = DIRECTION('',(1.,0.,0.));
#15688 = CYLINDRICAL_SURFACE('',#15689,4.1);
#15689 = AXIS2_PLACEMENT_3D('',#15690,#15691,#15692);
#15690 = CARTESIAN_POINT('',(8.,95.,-1.));
#15691 = DIRECTION('',(0.,0.,1.));
#15692 = DIRECTION('',(1.,0.,0.));
#15693 = ADVANCED_FACE('',(#15694,#15697),#15708,.F.);
#15694 = FACE_BOUND('',#15695,.F.);
#15695 = EDGE_LOOP('',(#15696));
#15696 = ORIENTED_EDGE('',*,*,#15674,.T.);
#15697 = FACE_BOUND('',#15698,.F.);
#15698 = EDGE_LOOP('',(#15699));
#15699 = ORIENTED_EDGE('',*,*,#15700,.F.);
#15700 = EDGE_CURVE('',#15701,#15701,#15703,.T.);
#15701 = VERTEX_POINT('',#15702);
#15702 = CARTESIAN_POINT('',(9.7,95.,13.5));
#15703 = CIRCLE('',#15704,1.7);
#15704 = AXIS2_PLACEMENT_3D('',#15705,#15706,#15707);
#15705 = CARTESIAN_POINT('',(8.,95.,13.5));
#15706 = DIRECTION('',(0.,0.,1.));
#15707 = DIRECTION('',(1.,0.,0.));
#15708 = PLANE('',#15709);
#15709 = AXIS2_PLACEMENT_3D('',#15710,#15711,#15712);
#15710 = CARTESIAN_POINT('',(8.,95.,13.5));
#15711 = DIRECTION('',(0.,0.,1.));
#15712 = DIRECTION('',(1.,0.,0.));
#15713 = ADVANCED_FACE('',(#15714),#15725,.F.);
#15714 = FACE_BOUND('',#15715,.F.);
#15715 = EDGE_LOOP('',(#15716,#15717,#15723,#15724));
#15716 = ORIENTED_EDGE('',*,*,#15422,.F.);
#15717 = ORIENTED_EDGE('',*,*,#15718,.F.);
#15718 = EDGE_CURVE('',#15701,#15423,#15719,.T.);
#15719 = LINE('',#15720,#15721);
#15720 = CARTESIAN_POINT('',(9.7,95.,13.5));
#15721 = VECTOR('',#15722,1.);
#15722 = DIRECTION('',(0.,0.,1.));
#15723 = ORIENTED_EDGE('',*,*,#15700,.T.);
#15724 = ORIENTED_EDGE('',*,*,#15718,.T.);
#15725 = CYLINDRICAL_SURFACE('',#15726,1.7);
#15726 = AXIS2_PLACEMENT_3D('',#15727,#15728,#15729);
#15727 = CARTESIAN_POINT('',(8.,95.,13.5));
#15728 = DIRECTION('',(0.,0.,1.));
#15729 = DIRECTION('',(1.,0.,0.));
#15730 = ADVANCED_FACE('',(#15731),#15758,.F.);
#15731 = FACE_BOUND('',#15732,.F.);
#15732 = EDGE_LOOP('',(#15733,#15743,#15750,#15751));
#15733 = ORIENTED_EDGE('',*,*,#15734,.T.);
#15734 = EDGE_CURVE('',#15735,#15737,#15739,.T.);
#15735 = VERTEX_POINT('',#15736);
#15736 = CARTESIAN_POINT('',(12.1,8.,0.));
#15737 = VERTEX_POINT('',#15738);
#15738 = CARTESIAN_POINT('',(12.1,8.,13.5));
#15739 = LINE('',#15740,#15741);
#15740 = CARTESIAN_POINT('',(12.1,8.,-1.));
#15741 = VECTOR('',#15742,1.);
#15742 = DIRECTION('',(0.,0.,1.));
#15743 = ORIENTED_EDGE('',*,*,#15744,.F.);
#15744 = EDGE_CURVE('',#15737,#15737,#15745,.T.);
#15745 = CIRCLE('',#15746,4.1);
#15746 = AXIS2_PLACEMENT_3D('',#15747,#15748,#15749);
#15747 = CARTESIAN_POINT('',(8.,8.,13.5));
#15748 = DIRECTION('',(0.,0.,1.));
#15749 = DIRECTION('',(1.,0.,0.));
#15750 = ORIENTED_EDGE('',*,*,#15734,.F.);
#15751 = ORIENTED_EDGE('',*,*,#15752,.T.);
#15752 = EDGE_CURVE('',#15735,#15735,#15753,.T.);
#15753 = CIRCLE('',#15754,4.1);
#15754 = AXIS2_PLACEMENT_3D('',#15755,#15756,#15757);
#15755 = CARTESIAN_POINT('',(8.,8.,0.));
#15756 = DIRECTION('',(0.,0.,1.));
#15757 = DIRECTION('',(1.,0.,0.));
#15758 = CYLINDRICAL_SURFACE('',#15759,4.1);
#15759 = AXIS2_PLACEMENT_3D('',#15760,#15761,#15762);
#15760 = CARTESIAN_POINT('',(8.,8.,-1.));
#15761 = DIRECTION('',(0.,0.,1.));
#15762 = DIRECTION('',(1.,0.,0.));
#15763 = ADVANCED_FACE('',(#15764,#15767),#15778,.F.);
#15764 = FACE_BOUND('',#15765,.F.);
#15765 = EDGE_LOOP('',(#15766));
#15766 = ORIENTED_EDGE('',*,*,#15744,.T.);
#15767 = FACE_BOUND('',#15768,.F.);
#15768 = EDGE_LOOP('',(#15769));
#15769 = ORIENTED_EDGE('',*,*,#15770,.F.);
#15770 = EDGE_CURVE('',#15771,#15771,#15773,.T.);
#15771 = VERTEX_POINT('',#15772);
#15772 = CARTESIAN_POINT('',(9.7,8.,13.5));
#15773 = CIRCLE('',#15774,1.7);
#15774 = AXIS2_PLACEMENT_3D('',#15775,#15776,#15777);
#15775 = CARTESIAN_POINT('',(8.,8.,13.5));
#15776 = DIRECTION('',(0.,0.,1.));
#15777 = DIRECTION('',(1.,0.,0.));
#15778 = PLANE('',#15779);
#15779 = AXIS2_PLACEMENT_3D('',#15780,#15781,#15782);
#15780 = CARTESIAN_POINT('',(8.,8.,13.5));
#15781 = DIRECTION('',(0.,0.,1.));
#15782 = DIRECTION('',(1.,0.,0.));
#15783 = ADVANCED_FACE('',(#15784),#15795,.F.);
#15784 = FACE_BOUND('',#15785,.F.);
#15785 = EDGE_LOOP('',(#15786,#15787,#15793,#15794));
#15786 = ORIENTED_EDGE('',*,*,#15433,.F.);
#15787 = ORIENTED_EDGE('',*,*,#15788,.F.);
#15788 = EDGE_CURVE('',#15771,#15434,#15789,.T.);
#15789 = LINE('',#15790,#15791);
#15790 = CARTESIAN_POINT('',(9.7,8.,13.5));
#15791 = VECTOR('',#15792,1.);
#15792 = DIRECTION('',(0.,0.,1.));
#15793 = ORIENTED_EDGE('',*,*,#15770,.T.);
#15794 = ORIENTED_EDGE('',*,*,#15788,.T.);
#15795 = CYLINDRICAL_SURFACE('',#15796,1.7);
#15796 = AXIS2_PLACEMENT_3D('',#15797,#15798,#15799);
#15797 = CARTESIAN_POINT('',(8.,8.,13.5));
#15798 = DIRECTION('',(0.,0.,1.));
#15799 = DIRECTION('',(1.,0.,0.));
#15800 = ADVANCED_FACE('',(#15801),#15828,.F.);
#15801 = FACE_BOUND('',#15802,.F.);
#15802 = EDGE_LOOP('',(#15803,#15813,#15820,#15821));
#15803 = ORIENTED_EDGE('',*,*,#15804,.T.);
#15804 = EDGE_CURVE('',#15805,#15807,#15809,.T.);
#15805 = VERTEX_POINT('',#15806);
#15806 = CARTESIAN_POINT('',(192.1,95.,0.));
#15807 = VERTEX_POINT('',#15808);
#15808 = CARTESIAN_POINT('',(192.1,95.,13.5));
#15809 = LINE('',#15810,#15811);
#15810 = CARTESIAN_POINT('',(192.1,95.,-1.));
#15811 = VECTOR('',#15812,1.);
#15812 = DIRECTION('',(0.,0.,1.));
#15813 = ORIENTED_EDGE('',*,*,#15814,.F.);
#15814 = EDGE_CURVE('',#15807,#15807,#15815,.T.);
#15815 = CIRCLE('',#15816,4.1);
#15816 = AXIS2_PLACEMENT_3D('',#15817,#15818,#15819);
#15817 = CARTESIAN_POINT('',(188.,95.,13.5));
#15818 = DIRECTION('',(0.,0.,1.));
#15819 = DIRECTION('',(1.,0.,0.));
#15820 = ORIENTED_EDGE('',*,*,#15804,.F.);
#15821 = ORIENTED_EDGE('',*,*,#15822,.T.);
#15822 = EDGE_CURVE('',#15805,#15805,#15823,.T.);
#15823 = CIRCLE('',#15824,4.1);
#15824 = AXIS2_PLACEMENT_3D('',#15825,#15826,#15827);
#15825 = CARTESIAN_POINT('',(188.,95.,0.));
#15826 = DIRECTION('',(0.,0.,1.));
#15827 = DIRECTION('',(1.,0.,0.));
#15828 = CYLINDRICAL_SURFACE('',#15829,4.1);
#15829 = AXIS2_PLACEMENT_3D('',#15830,#15831,#15832);
#15830 = CARTESIAN_POINT('',(188.,95.,-1.));
#15831 = DIRECTION('',(0.,0.,1.));
#15832 = DIRECTION('',(1.,0.,0.));
#15833 = ADVANCED_FACE('',(#15834,#15837),#15848,.F.);
#15834 = FACE_BOUND('',#15835,.F.);
#15835 = EDGE_LOOP('',(#15836));
#15836 = ORIENTED_EDGE('',*,*,#15814,.T.);
#15837 = FACE_BOUND('',#15838,.F.);
#15838 = EDGE_LOOP('',(#15839));
#15839 = ORIENTED_EDGE('',*,*,#15840,.F.);
#15840 = EDGE_CURVE('',#15841,#15841,#15843,.T.);
#15841 = VERTEX_POINT('',#15842);
#15842 = CARTESIAN_POINT('',(189.7,95.,13.5));
#15843 = CIRCLE('',#15844,1.7);
#15844 = AXIS2_PLACEMENT_3D('',#15845,#15846,#15847);
#15845 = CARTESIAN_POINT('',(188.,95.,13.5));
#15846 = DIRECTION('',(0.,0.,1.));
#15847 = DIRECTION('',(1.,0.,0.));
#15848 = PLANE('',#15849);
#15849 = AXIS2_PLACEMENT_3D('',#15850,#15851,#15852);
#15850 = CARTESIAN_POINT('',(188.,95.,13.5));
#15851 = DIRECTION('',(0.,0.,1.));
#15852 = DIRECTION('',(1.,0.,0.));
#15853 = ADVANCED_FACE('',(#15854),#15865,.F.);
#15854 = FACE_BOUND('',#15855,.F.);
#15855 = EDGE_LOOP('',(#15856,#15857,#15863,#15864));
#15856 = ORIENTED_EDGE('',*,*,#15444,.F.);
#15857 = ORIENTED_EDGE('',*,*,#15858,.F.);
#15858 = EDGE_CURVE('',#15841,#15445,#15859,.T.);
#15859 = LINE('',#15860,#15861);
#15860 = CARTESIAN_POINT('',(189.7,95.,13.5));
#15861 = VECTOR('',#15862,1.);
#15862 = DIRECTION('',(0.,0.,1.));
#15863 = ORIENTED_EDGE('',*,*,#15840,.T.);
#15864 = ORIENTED_EDGE('',*,*,#15858,.T.);
#15865 = CYLINDRICAL_SURFACE('',#15866,1.7);
#15866 = AXIS2_PLACEMENT_3D('',#15867,#15868,#15869);
#15867 = CARTESIAN_POINT('',(188.,95.,13.5));
#15868 = DIRECTION('',(0.,0.,1.));
#15869 = DIRECTION('',(1.,0.,0.));
#15870 = ADVANCED_FACE('',(#15871),#15898,.F.);
#15871 = FACE_BOUND('',#15872,.F.);
#15872 = EDGE_LOOP('',(#15873,#15883,#15890,#15891));
#15873 = ORIENTED_EDGE('',*,*,#15874,.T.);
#15874 = EDGE_CURVE('',#15875,#15877,#15879,.T.);
#15875 = VERTEX_POINT('',#15876);
#15876 = CARTESIAN_POINT('',(12.1,182.,0.));
#15877 = VERTEX_POINT('',#15878);
#15878 = CARTESIAN_POINT('',(12.1,182.,13.5));
#15879 = LINE('',#15880,#15881);
#15880 = CARTESIAN_POINT('',(12.1,182.,-1.));
#15881 = VECTOR('',#15882,1.);
#15882 = DIRECTION('',(0.,0.,1.));
#15883 = ORIENTED_EDGE('',*,*,#15884,.F.);
#15884 = EDGE_CURVE('',#15877,#15877,#15885,.T.);
#15885 = CIRCLE('',#15886,4.1);
#15886 = AXIS2_PLACEMENT_3D('',#15887,#15888,#15889);
#15887 = CARTESIAN_POINT('',(8.,182.,13.5));
#15888 = DIRECTION('',(0.,0.,1.));
#15889 = DIRECTION('',(1.,0.,0.));
#15890 = ORIENTED_EDGE('',*,*,#15874,.F.);
#15891 = ORIENTED_EDGE('',*,*,#15892,.T.);
#15892 = EDGE_CURVE('',#15875,#15875,#15893,.T.);
#15893 = CIRCLE('',#15894,4.1);
#15894 = AXIS2_PLACEMENT_3D('',#15895,#15896,#15897);
#15895 = CARTESIAN_POINT('',(8.,182.,0.));
#15896 = DIRECTION('',(0.,0.,1.));
#15897 = DIRECTION('',(1.,0.,0.));
#15898 = CYLINDRICAL_SURFACE('',#15899,4.1);
#15899 = AXIS2_PLACEMENT_3D('',#15900,#15901,#15902);
#15900 = CARTESIAN_POINT('',(8.,182.,-1.));
#15901 = DIRECTION('',(0.,0.,1.));
#15902 = DIRECTION('',(1.,0.,0.));
#15903 = ADVANCED_FACE('',(#15904,#15907),#15918,.F.);
#15904 = FACE_BOUND('',#15905,.F.);
#15905 = EDGE_LOOP('',(#15906));
#15906 = ORIENTED_EDGE('',*,*,#15884,.T.);
#15907 = FACE_BOUND('',#15908,.F.);
#15908 = EDGE_LOOP('',(#15909));
#15909 = ORIENTED_EDGE('',*,*,#15910,.F.);
#15910 = EDGE_CURVE('',#15911,#15911,#15913,.T.);
#15911 = VERTEX_POINT('',#15912);
#15912 = CARTESIAN_POINT('',(9.7,182.,13.5));
#15913 = CIRCLE('',#15914,1.7);
#15914 = AXIS2_PLACEMENT_3D('',#15915,#15916,#15917);
#15915 = CARTESIAN_POINT('',(8.,182.,13.5));
#15916 = DIRECTION('',(0.,0.,1.));
#15917 = DIRECTION('',(1.,0.,0.));
#15918 = PLANE('',#15919);
#15919 = AXIS2_PLACEMENT_3D('',#15920,#15921,#15922);
#15920 = CARTESIAN_POINT('',(8.,182.,13.5));
#15921 = DIRECTION('',(0.,0.,1.));
#15922 = DIRECTION('',(1.,0.,0.));
#15923 = ADVANCED_FACE('',(#15924),#15935,.F.);
#15924 = FACE_BOUND('',#15925,.F.);
#15925 = EDGE_LOOP('',(#15926,#15927,#15933,#15934));
#15926 = ORIENTED_EDGE('',*,*,#15455,.F.);
#15927 = ORIENTED_EDGE('',*,*,#15928,.F.);
#15928 = EDGE_CURVE('',#15911,#15456,#15929,.T.);
#15929 = LINE('',#15930,#15931);
#15930 = CARTESIAN_POINT('',(9.7,182.,13.5));
#15931 = VECTOR('',#15932,1.);
#15932 = DIRECTION('',(0.,0.,1.));
#15933 = ORIENTED_EDGE('',*,*,#15910,.T.);
#15934 = ORIENTED_EDGE('',*,*,#15928,.T.);
#15935 = CYLINDRICAL_SURFACE('',#15936,1.7);
#15936 = AXIS2_PLACEMENT_3D('',#15937,#15938,#15939);
#15937 = CARTESIAN_POINT('',(8.,182.,13.5));
#15938 = DIRECTION('',(0.,0.,1.));
#15939 = DIRECTION('',(1.,0.,0.));
#15940 = ADVANCED_FACE('',(#15941),#15968,.F.);
#15941 = FACE_BOUND('',#15942,.F.);
#15942 = EDGE_LOOP('',(#15943,#15953,#15960,#15961));
#15943 = ORIENTED_EDGE('',*,*,#15944,.T.);
#15944 = EDGE_CURVE('',#15945,#15947,#15949,.T.);
#15945 = VERTEX_POINT('',#15946);
#15946 = CARTESIAN_POINT('',(192.1,8.,0.));
#15947 = VERTEX_POINT('',#15948);
#15948 = CARTESIAN_POINT('',(192.1,8.,13.5));
#15949 = LINE('',#15950,#15951);
#15950 = CARTESIAN_POINT('',(192.1,8.,-1.));
#15951 = VECTOR('',#15952,1.);
#15952 = DIRECTION('',(0.,0.,1.));
#15953 = ORIENTED_EDGE('',*,*,#15954,.F.);
#15954 = EDGE_CURVE('',#15947,#15947,#15955,.T.);
#15955 = CIRCLE('',#15956,4.1);
#15956 = AXIS2_PLACEMENT_3D('',#15957,#15958,#15959);
#15957 = CARTESIAN_POINT('',(188.,8.,13.5));
#15958 = DIRECTION('',(0.,0.,1.));
#15959 = DIRECTION('',(1.,0.,0.));
#15960 = ORIENTED_EDGE('',*,*,#15944,.F.);
#15961 = ORIENTED_EDGE('',*,*,#15962,.T.);
#15962 = EDGE_CURVE('',#15945,#15945,#15963,.T.);
#15963 = CIRCLE('',#15964,4.1);
#15964 = AXIS2_PLACEMENT_3D('',#15965,#15966,#15967);
#15965 = CARTESIAN_POINT('',(188.,8.,0.));
#15966 = DIRECTION('',(0.,0.,1.));
#15967 = DIRECTION('',(1.,0.,0.));
#15968 = CYLINDRICAL_SURFACE('',#15969,4.1);
#15969 = AXIS2_PLACEMENT_3D('',#15970,#15971,#15972);
#15970 = CARTESIAN_POINT('',(188.,8.,-1.));
#15971 = DIRECTION('',(0.,0.,1.));
#15972 = DIRECTION('',(1.,0.,0.));
#15973 = ADVANCED_FACE('',(#15974,#15977),#15988,.F.);
#15974 = FACE_BOUND('',#15975,.F.);
#15975 = EDGE_LOOP('',(#15976));
#15976 = ORIENTED_EDGE('',*,*,#15954,.T.);
#15977 = FACE_BOUND('',#15978,.F.);
#15978 = EDGE_LOOP('',(#15979));
#15979 = ORIENTED_EDGE('',*,*,#15980,.F.);
#15980 = EDGE_CURVE('',#15981,#15981,#15983,.T.);
#15981 = VERTEX_POINT('',#15982);
#15982 = CARTESIAN_POINT('',(189.7,8.,13.5));
#15983 = CIRCLE('',#15984,1.7);
#15984 = AXIS2_PLACEMENT_3D('',#15985,#15986,#15987);
#15985 = CARTESIAN_POINT('',(188.,8.,13.5));
#15986 = DIRECTION('',(0.,0.,1.));
#15987 = DIRECTION('',(1.,0.,0.));
#15988 = PLANE('',#15989);
#15989 = AXIS2_PLACEMENT_3D('',#15990,#15991,#15992);
#15990 = CARTESIAN_POINT('',(188.,8.,13.5));
#15991 = DIRECTION('',(0.,0.,1.));
#15992 = DIRECTION('',(1.,0.,0.));
#15993 = ADVANCED_FACE('',(#15994),#16005,.F.);
#15994 = FACE_BOUND('',#15995,.F.);
#15995 = EDGE_LOOP('',(#15996,#15997,#16003,#16004));
#15996 = ORIENTED_EDGE('',*,*,#15466,.F.);
#15997 = ORIENTED_EDGE('',*,*,#15998,.F.);
#15998 = EDGE_CURVE('',#15981,#15467,#15999,.T.);
#15999 = LINE('',#16000,#16001);
#16000 = CARTESIAN_POINT('',(189.7,8.,13.5));
#16001 = VECTOR('',#16002,1.);
#16002 = DIRECTION('',(0.,0.,1.));
#16003 = ORIENTED_EDGE('',*,*,#15980,.T.);
#16004 = ORIENTED_EDGE('',*,*,#15998,.T.);
#16005 = CYLINDRICAL_SURFACE('',#16006,1.7);
#16006 = AXIS2_PLACEMENT_3D('',#16007,#16008,#16009);
#16007 = CARTESIAN_POINT('',(188.,8.,13.5));
#16008 = DIRECTION('',(0.,0.,1.));
#16009 = DIRECTION('',(1.,0.,0.));
#16010 = ADVANCED_FACE('',(#16011),#16038,.F.);
#16011 = FACE_BOUND('',#16012,.F.);
#16012 = EDGE_LOOP('',(#16013,#16023,#16030,#16031));
#16013 = ORIENTED_EDGE('',*,*,#16014,.T.);
#16014 = EDGE_CURVE('',#16015,#16017,#16019,.T.);
#16015 = VERTEX_POINT('',#16016);
#16016 = CARTESIAN_POINT('',(192.1,182.,0.));
#16017 = VERTEX_POINT('',#16018);
#16018 = CARTESIAN_POINT('',(192.1,182.,13.5));
#16019 = LINE('',#16020,#16021);
#16020 = CARTESIAN_POINT('',(192.1,182.,-1.));
#16021 = VECTOR('',#16022,1.);
#16022 = DIRECTION('',(0.,0.,1.));
#16023 = ORIENTED_EDGE('',*,*,#16024,.F.);
#16024 = EDGE_CURVE('',#16017,#16017,#16025,.T.);
#16025 = CIRCLE('',#16026,4.1);
#16026 = AXIS2_PLACEMENT_3D('',#16027,#16028,#16029);
#16027 = CARTESIAN_POINT('',(188.,182.,13.5));
#16028 = DIRECTION('',(0.,0.,1.));
#16029 = DIRECTION('',(1.,0.,0.));
#16030 = ORIENTED_EDGE('',*,*,#16014,.F.);
#16031 = ORIENTED_EDGE('',*,*,#16032,.T.);
#16032 = EDGE_CURVE('',#16015,#16015,#16033,.T.);
#16033 = CIRCLE('',#16034,4.1);
#16034 = AXIS2_PLACEMENT_3D('',#16035,#16036,#16037);
#16035 = CARTESIAN_POINT('',(188.,182.,0.));
#16036 = DIRECTION('',(0.,0.,1.));
#16037 = DIRECTION('',(1.,0.,0.));
#16038 = CYLINDRICAL_SURFACE('',#16039,4.1);
#16039 = AXIS2_PLACEMENT_3D('',#16040,#16041,#16042);
#16040 = CARTESIAN_POINT('',(188.,182.,-1.));
#16041 = DIRECTION('',(0.,0.,1.));
#16042 = DIRECTION('',(1.,0.,0.));
#16043 = ADVANCED_FACE('',(#16044,#16047),#16058,.F.);
#16044 = FACE_BOUND('',#16045,.F.);
#16045 = EDGE_LOOP('',(#16046));
#16046 = ORIENTED_EDGE('',*,*,#16024,.T.);
#16047 = FACE_BOUND('',#16048,.F.);
#16048 = EDGE_LOOP('',(#16049));
#16049 = ORIENTED_EDGE('',*,*,#16050,.F.);
#16050 = EDGE_CURVE('',#16051,#16051,#16053,.T.);
#16051 = VERTEX_POINT('',#16052);
#16052 = CARTESIAN_POINT('',(189.7,182.,13.5));
#16053 = CIRCLE('',#16054,1.7);
#16054 = AXIS2_PLACEMENT_3D('',#16055,#16056,#16057);
#16055 = CARTESIAN_POINT('',(188.,182.,13.5));
#16056 = DIRECTION('',(0.,0.,1.));
#16057 = DIRECTION('',(1.,0.,0.));
#16058 = PLANE('',#16059);
#16059 = AXIS2_PLACEMENT_3D('',#16060,#16061,#16062);
#16060 = CARTESIAN_POINT('',(188.,182.,13.5));
#16061 = DIRECTION('',(0.,0.,1.));
#16062 = DIRECTION('',(1.,0.,0.));
#16063 = ADVANCED_FACE('',(#16064),#16075,.F.);
#16064 = FACE_BOUND('',#16065,.F.);
#16065 = EDGE_LOOP('',(#16066,#16067,#16073,#16074));
#16066 = ORIENTED_EDGE('',*,*,#15477,.F.);
#16067 = ORIENTED_EDGE('',*,*,#16068,.F.);
#16068 = EDGE_CURVE('',#16051,#15478,#16069,.T.);
#16069 = LINE('',#16070,#16071);
#16070 = CARTESIAN_POINT('',(189.7,182.,13.5));
#16071 = VECTOR('',#16072,1.);
#16072 = DIRECTION('',(0.,0.,1.));
#16073 = ORIENTED_EDGE('',*,*,#16050,.T.);
#16074 = ORIENTED_EDGE('',*,*,#16068,.T.);
#16075 = CYLINDRICAL_SURFACE('',#16076,1.7);
#16076 = AXIS2_PLACEMENT_3D('',#16077,#16078,#16079);
#16077 = CARTESIAN_POINT('',(188.,182.,13.5));
#16078 = DIRECTION('',(0.,0.,1.));
#16079 = DIRECTION('',(1.,0.,0.));
#16080 = ADVANCED_FACE('',(#16081),#16106,.T.);
#16081 = FACE_BOUND('',#16082,.T.);
#16082 = EDGE_LOOP('',(#16083,#16091,#16099,#16105));
#16083 = ORIENTED_EDGE('',*,*,#16084,.F.);
#16084 = EDGE_CURVE('',#16085,#15489,#16087,.T.);
#16085 = VERTEX_POINT('',#16086);
#16086 = CARTESIAN_POINT('',(193.,3.,3.));
#16087 = LINE('',#16088,#16089);
#16088 = CARTESIAN_POINT('',(193.,3.,3.));
#16089 = VECTOR('',#16090,1.);
#16090 = DIRECTION('',(0.,0.,1.));
#16091 = ORIENTED_EDGE('',*,*,#16092,.F.);
#16092 = EDGE_CURVE('',#16093,#16085,#16095,.T.);
#16093 = VERTEX_POINT('',#16094);
#16094 = CARTESIAN_POINT('',(191.31662479035,3.,3.));
#16095 = LINE('',#16096,#16097);
#16096 = CARTESIAN_POINT('',(3.,3.,3.));
#16097 = VECTOR('',#16098,1.);
#16098 = DIRECTION('',(1.,0.,0.));
#16099 = ORIENTED_EDGE('',*,*,#16100,.T.);
#16100 = EDGE_CURVE('',#16093,#15491,#16101,.T.);
#16101 = LINE('',#16102,#16103);
#16102 = CARTESIAN_POINT('',(191.31662479035,3.,0.));
#16103 = VECTOR('',#16104,1.);
#16104 = DIRECTION('',(0.,0.,1.));
#16105 = ORIENTED_EDGE('',*,*,#15488,.F.);
#16106 = PLANE('',#16107);
#16107 = AXIS2_PLACEMENT_3D('',#16108,#16109,#16110);
#16108 = CARTESIAN_POINT('',(3.,3.,3.));
#16109 = DIRECTION('',(0.,1.,0.));
#16110 = DIRECTION('',(0.,0.,1.));
#16111 = ADVANCED_FACE('',(#16112),#16130,.F.);
#16112 = FACE_BOUND('',#16113,.F.);
#16113 = EDGE_LOOP('',(#16114,#16115,#16123,#16129));
#16114 = ORIENTED_EDGE('',*,*,#16084,.F.);
#16115 = ORIENTED_EDGE('',*,*,#16116,.T.);
#16116 = EDGE_CURVE('',#16085,#16117,#16119,.T.);
#16117 = VERTEX_POINT('',#16118);
#16118 = CARTESIAN_POINT('',(193.,4.683375209645,3.));
#16119 = LINE('',#16120,#16121);
#16120 = CARTESIAN_POINT('',(193.,3.,3.));
#16121 = VECTOR('',#16122,1.);
#16122 = DIRECTION('',(0.,1.,0.));
#16123 = ORIENTED_EDGE('',*,*,#16124,.T.);
#16124 = EDGE_CURVE('',#16117,#15499,#16125,.T.);
#16125 = LINE('',#16126,#16127);
#16126 = CARTESIAN_POINT('',(193.,4.683375209645,0.));
#16127 = VECTOR('',#16128,1.);
#16128 = DIRECTION('',(0.,0.,1.));
#16129 = ORIENTED_EDGE('',*,*,#15507,.F.);
#16130 = PLANE('',#16131);
#16131 = AXIS2_PLACEMENT_3D('',#16132,#16133,#16134);
#16132 = CARTESIAN_POINT('',(193.,3.,3.));
#16133 = DIRECTION('',(1.,0.,0.));
#16134 = DIRECTION('',(0.,0.,1.));
#16135 = ADVANCED_FACE('',(#16136),#16148,.T.);
#16136 = FACE_BOUND('',#16137,.T.);
#16137 = EDGE_LOOP('',(#16138,#16139,#16140,#16141));
#16138 = ORIENTED_EDGE('',*,*,#16124,.T.);
#16139 = ORIENTED_EDGE('',*,*,#15498,.F.);
#16140 = ORIENTED_EDGE('',*,*,#16100,.F.);
#16141 = ORIENTED_EDGE('',*,*,#16142,.T.);
#16142 = EDGE_CURVE('',#16093,#16117,#16143,.T.);
#16143 = CIRCLE('',#16144,6.);
#16144 = AXIS2_PLACEMENT_3D('',#16145,#16146,#16147);
#16145 = CARTESIAN_POINT('',(188.,8.,3.));
#16146 = DIRECTION('',(0.,0.,1.));
#16147 = DIRECTION('',(1.,0.,0.));
#16148 = CYLINDRICAL_SURFACE('',#16149,6.);
#16149 = AXIS2_PLACEMENT_3D('',#16150,#16151,#16152);
#16150 = CARTESIAN_POINT('',(188.,8.,0.));
#16151 = DIRECTION('',(0.,0.,1.));
#16152 = DIRECTION('',(1.,0.,0.));
#16153 = ADVANCED_FACE('',(#16154),#16159,.T.);
#16154 = FACE_BOUND('',#16155,.T.);
#16155 = EDGE_LOOP('',(#16156,#16157,#16158));
#16156 = ORIENTED_EDGE('',*,*,#16142,.F.);
#16157 = ORIENTED_EDGE('',*,*,#16092,.T.);
#16158 = ORIENTED_EDGE('',*,*,#16116,.T.);
#16159 = PLANE('',#16160);
#16160 = AXIS2_PLACEMENT_3D('',#16161,#16162,#16163);
#16161 = CARTESIAN_POINT('',(3.,3.,3.));
#16162 = DIRECTION('',(0.,0.,1.));
#16163 = DIRECTION('',(1.,0.,0.));
#16164 = ADVANCED_FACE('',(#16165),#16190,.F.);
#16165 = FACE_BOUND('',#16166,.F.);
#16166 = EDGE_LOOP('',(#16167,#16175,#16183,#16189));
#16167 = ORIENTED_EDGE('',*,*,#16168,.F.);
#16168 = EDGE_CURVE('',#16169,#15516,#16171,.T.);
#16169 = VERTEX_POINT('',#16170);
#16170 = CARTESIAN_POINT('',(193.,185.31662479035,3.));
#16171 = LINE('',#16172,#16173);
#16172 = CARTESIAN_POINT('',(193.,185.31662479035,0.));
#16173 = VECTOR('',#16174,1.);
#16174 = DIRECTION('',(0.,0.,1.));
#16175 = ORIENTED_EDGE('',*,*,#16176,.T.);
#16176 = EDGE_CURVE('',#16169,#16177,#16179,.T.);
#16177 = VERTEX_POINT('',#16178);
#16178 = CARTESIAN_POINT('',(193.,187.,3.));
#16179 = LINE('',#16180,#16181);
#16180 = CARTESIAN_POINT('',(193.,3.,3.));
#16181 = VECTOR('',#16182,1.);
#16182 = DIRECTION('',(0.,1.,0.));
#16183 = ORIENTED_EDGE('',*,*,#16184,.T.);
#16184 = EDGE_CURVE('',#16177,#15518,#16185,.T.);
#16185 = LINE('',#16186,#16187);
#16186 = CARTESIAN_POINT('',(193.,187.,3.));
#16187 = VECTOR('',#16188,1.);
#16188 = DIRECTION('',(0.,0.,1.));
#16189 = ORIENTED_EDGE('',*,*,#15515,.F.);
#16190 = PLANE('',#16191);
#16191 = AXIS2_PLACEMENT_3D('',#16192,#16193,#16194);
#16192 = CARTESIAN_POINT('',(193.,3.,3.));
#16193 = DIRECTION('',(1.,0.,0.));
#16194 = DIRECTION('',(0.,0.,1.));
#16195 = ADVANCED_FACE('',(#16196),#16214,.F.);
#16196 = FACE_BOUND('',#16197,.F.);
#16197 = EDGE_LOOP('',(#16198,#16199,#16207,#16213));
#16198 = ORIENTED_EDGE('',*,*,#16184,.F.);
#16199 = ORIENTED_EDGE('',*,*,#16200,.F.);
#16200 = EDGE_CURVE('',#16201,#16177,#16203,.T.);
#16201 = VERTEX_POINT('',#16202);
#16202 = CARTESIAN_POINT('',(191.31662479035,187.,3.));
#16203 = LINE('',#16204,#16205);
#16204 = CARTESIAN_POINT('',(3.,187.,3.));
#16205 = VECTOR('',#16206,1.);
#16206 = DIRECTION('',(1.,0.,0.));
#16207 = ORIENTED_EDGE('',*,*,#16208,.T.);
#16208 = EDGE_CURVE('',#16201,#15526,#16209,.T.);
#16209 = LINE('',#16210,#16211);
#16210 = CARTESIAN_POINT('',(191.31662479035,187.,0.));
#16211 = VECTOR('',#16212,1.);
#16212 = DIRECTION('',(0.,0.,1.));
#16213 = ORIENTED_EDGE('',*,*,#15534,.F.);
#16214 = PLANE('',#16215);
#16215 = AXIS2_PLACEMENT_3D('',#16216,#16217,#16218);
#16216 = CARTESIAN_POINT('',(3.,187.,3.));
#16217 = DIRECTION('',(0.,1.,0.));
#16218 = DIRECTION('',(0.,0.,1.));
#16219 = ADVANCED_FACE('',(#16220),#16232,.T.);
#16220 = FACE_BOUND('',#16221,.T.);
#16221 = EDGE_LOOP('',(#16222,#16223,#16224,#16231));
#16222 = ORIENTED_EDGE('',*,*,#15525,.F.);
#16223 = ORIENTED_EDGE('',*,*,#16168,.F.);
#16224 = ORIENTED_EDGE('',*,*,#16225,.T.);
#16225 = EDGE_CURVE('',#16169,#16201,#16226,.T.);
#16226 = CIRCLE('',#16227,6.);
#16227 = AXIS2_PLACEMENT_3D('',#16228,#16229,#16230);
#16228 = CARTESIAN_POINT('',(188.,182.,3.));
#16229 = DIRECTION('',(0.,0.,1.));
#16230 = DIRECTION('',(1.,0.,0.));
#16231 = ORIENTED_EDGE('',*,*,#16208,.T.);
#16232 = CYLINDRICAL_SURFACE('',#16233,6.);
#16233 = AXIS2_PLACEMENT_3D('',#16234,#16235,#16236);
#16234 = CARTESIAN_POINT('',(188.,182.,0.));
#16235 = DIRECTION('',(0.,0.,1.));
#16236 = DIRECTION('',(1.,0.,0.));
#16237 = ADVANCED_FACE('',(#16238),#16243,.T.);
#16238 = FACE_BOUND('',#16239,.T.);
#16239 = EDGE_LOOP('',(#16240,#16241,#16242));
#16240 = ORIENTED_EDGE('',*,*,#16200,.F.);
#16241 = ORIENTED_EDGE('',*,*,#16225,.F.);
#16242 = ORIENTED_EDGE('',*,*,#16176,.T.);
#16243 = PLANE('',#16244);
#16244 = AXIS2_PLACEMENT_3D('',#16245,#16246,#16247);
#16245 = CARTESIAN_POINT('',(3.,3.,3.));
#16246 = DIRECTION('',(0.,0.,1.));
#16247 = DIRECTION('',(1.,0.,0.));
#16248 = ADVANCED_FACE('',(#16249),#16274,.F.);
#16249 = FACE_BOUND('',#16250,.F.);
#16250 = EDGE_LOOP('',(#16251,#16259,#16267,#16273));
#16251 = ORIENTED_EDGE('',*,*,#16252,.F.);
#16252 = EDGE_CURVE('',#16253,#15543,#16255,.T.);
#16253 = VERTEX_POINT('',#16254);
#16254 = CARTESIAN_POINT('',(4.683375209645,187.,3.));
#16255 = LINE('',#16256,#16257);
#16256 = CARTESIAN_POINT('',(4.683375209645,187.,0.));
#16257 = VECTOR('',#16258,1.);
#16258 = DIRECTION('',(0.,0.,1.));
#16259 = ORIENTED_EDGE('',*,*,#16260,.F.);
#16260 = EDGE_CURVE('',#16261,#16253,#16263,.T.);
#16261 = VERTEX_POINT('',#16262);
#16262 = CARTESIAN_POINT('',(3.,187.,3.));
#16263 = LINE('',#16264,#16265);
#16264 = CARTESIAN_POINT('',(3.,187.,3.));
#16265 = VECTOR('',#16266,1.);
#16266 = DIRECTION('',(1.,0.,0.));
#16267 = ORIENTED_EDGE('',*,*,#16268,.T.);
#16268 = EDGE_CURVE('',#16261,#15545,#16269,.T.);
#16269 = LINE('',#16270,#16271);
#16270 = CARTESIAN_POINT('',(3.,187.,3.));
#16271 = VECTOR('',#16272,1.);
#16272 = DIRECTION('',(0.,0.,1.));
#16273 = ORIENTED_EDGE('',*,*,#15542,.F.);
#16274 = PLANE('',#16275);
#16275 = AXIS2_PLACEMENT_3D('',#16276,#16277,#16278);
#16276 = CARTESIAN_POINT('',(3.,187.,3.));
#16277 = DIRECTION('',(0.,1.,0.));
#16278 = DIRECTION('',(0.,0.,1.));
#16279 = ADVANCED_FACE('',(#16280),#16298,.T.);
#16280 = FACE_BOUND('',#16281,.T.);
#16281 = EDGE_LOOP('',(#16282,#16290,#16296,#16297));
#16282 = ORIENTED_EDGE('',*,*,#16283,.F.);
#16283 = EDGE_CURVE('',#16284,#15553,#16286,.T.);
#16284 = VERTEX_POINT('',#16285);
#16285 = CARTESIAN_POINT('',(3.,185.31662479035,3.));
#16286 = LINE('',#16287,#16288);
#16287 = CARTESIAN_POINT('',(3.,185.31662479035,0.));
#16288 = VECTOR('',#16289,1.);
#16289 = DIRECTION('',(0.,0.,1.));
#16290 = ORIENTED_EDGE('',*,*,#16291,.T.);
#16291 = EDGE_CURVE('',#16284,#16261,#16292,.T.);
#16292 = LINE('',#16293,#16294);
#16293 = CARTESIAN_POINT('',(3.,3.,3.));
#16294 = VECTOR('',#16295,1.);
#16295 = DIRECTION('',(0.,1.,0.));
#16296 = ORIENTED_EDGE('',*,*,#16268,.T.);
#16297 = ORIENTED_EDGE('',*,*,#15561,.F.);
#16298 = PLANE('',#16299);
#16299 = AXIS2_PLACEMENT_3D('',#16300,#16301,#16302);
#16300 = CARTESIAN_POINT('',(3.,3.,3.));
#16301 = DIRECTION('',(1.,0.,0.));
#16302 = DIRECTION('',(0.,0.,1.));
#16303 = ADVANCED_FACE('',(#16304),#16316,.T.);
#16304 = FACE_BOUND('',#16305,.T.);
#16305 = EDGE_LOOP('',(#16306,#16307,#16308,#16315));
#16306 = ORIENTED_EDGE('',*,*,#15552,.F.);
#16307 = ORIENTED_EDGE('',*,*,#16252,.F.);
#16308 = ORIENTED_EDGE('',*,*,#16309,.T.);
#16309 = EDGE_CURVE('',#16253,#16284,#16310,.T.);
#16310 = CIRCLE('',#16311,6.);
#16311 = AXIS2_PLACEMENT_3D('',#16312,#16313,#16314);
#16312 = CARTESIAN_POINT('',(8.,182.,3.));
#16313 = DIRECTION('',(0.,0.,1.));
#16314 = DIRECTION('',(1.,0.,0.));
#16315 = ORIENTED_EDGE('',*,*,#16283,.T.);
#16316 = CYLINDRICAL_SURFACE('',#16317,6.);
#16317 = AXIS2_PLACEMENT_3D('',#16318,#16319,#16320);
#16318 = CARTESIAN_POINT('',(8.,182.,0.));
#16319 = DIRECTION('',(0.,0.,1.));
#16320 = DIRECTION('',(1.,0.,0.));
#16321 = ADVANCED_FACE('',(#16322),#16327,.T.);
#16322 = FACE_BOUND('',#16323,.T.);
#16323 = EDGE_LOOP('',(#16324,#16325,#16326));
#16324 = ORIENTED_EDGE('',*,*,#16291,.F.);
#16325 = ORIENTED_EDGE('',*,*,#16309,.F.);
#16326 = ORIENTED_EDGE('',*,*,#16260,.F.);
#16327 = PLANE('',#16328);
#16328 = AXIS2_PLACEMENT_3D('',#16329,#16330,#16331);
#16329 = CARTESIAN_POINT('',(3.,3.,3.));
#16330 = DIRECTION('',(0.,0.,1.));
#16331 = DIRECTION('',(1.,0.,0.));
#16332 = ADVANCED_FACE('',(#16333),#16358,.T.);
#16333 = FACE_BOUND('',#16334,.T.);
#16334 = EDGE_LOOP('',(#16335,#16343,#16351,#16357));
#16335 = ORIENTED_EDGE('',*,*,#16336,.F.);
#16336 = EDGE_CURVE('',#16337,#15570,#16339,.T.);
#16337 = VERTEX_POINT('',#16338);
#16338 = CARTESIAN_POINT('',(3.,3.,3.));
#16339 = LINE('',#16340,#16341);
#16340 = CARTESIAN_POINT('',(3.,3.,3.));
#16341 = VECTOR('',#16342,1.);
#16342 = DIRECTION('',(0.,0.,1.));
#16343 = ORIENTED_EDGE('',*,*,#16344,.T.);
#16344 = EDGE_CURVE('',#16337,#16345,#16347,.T.);
#16345 = VERTEX_POINT('',#16346);
#16346 = CARTESIAN_POINT('',(3.,4.683375209645,3.));
#16347 = LINE('',#16348,#16349);
#16348 = CARTESIAN_POINT('',(3.,3.,3.));
#16349 = VECTOR('',#16350,1.);
#16350 = DIRECTION('',(0.,1.,0.));
#16351 = ORIENTED_EDGE('',*,*,#16352,.T.);
#16352 = EDGE_CURVE('',#16345,#15572,#16353,.T.);
#16353 = LINE('',#16354,#16355);
#16354 = CARTESIAN_POINT('',(3.,4.683375209645,0.));
#16355 = VECTOR('',#16356,1.);
#16356 = DIRECTION('',(0.,0.,1.));
#16357 = ORIENTED_EDGE('',*,*,#15569,.F.);
#16358 = PLANE('',#16359);
#16359 = AXIS2_PLACEMENT_3D('',#16360,#16361,#16362);
#16360 = CARTESIAN_POINT('',(3.,3.,3.));
#16361 = DIRECTION('',(1.,0.,0.));
#16362 = DIRECTION('',(0.,0.,1.));
#16363 = ADVANCED_FACE('',(#16364),#16382,.T.);
#16364 = FACE_BOUND('',#16365,.T.);
#16365 = EDGE_LOOP('',(#16366,#16374,#16380,#16381));
#16366 = ORIENTED_EDGE('',*,*,#16367,.F.);
#16367 = EDGE_CURVE('',#16368,#15580,#16370,.T.);
#16368 = VERTEX_POINT('',#16369);
#16369 = CARTESIAN_POINT('',(4.683375209645,3.,3.));
#16370 = LINE('',#16371,#16372);
#16371 = CARTESIAN_POINT('',(4.683375209645,3.,0.));
#16372 = VECTOR('',#16373,1.);
#16373 = DIRECTION('',(0.,0.,1.));
#16374 = ORIENTED_EDGE('',*,*,#16375,.F.);
#16375 = EDGE_CURVE('',#16337,#16368,#16376,.T.);
#16376 = LINE('',#16377,#16378);
#16377 = CARTESIAN_POINT('',(3.,3.,3.));
#16378 = VECTOR('',#16379,1.);
#16379 = DIRECTION('',(1.,0.,0.));
#16380 = ORIENTED_EDGE('',*,*,#16336,.T.);
#16381 = ORIENTED_EDGE('',*,*,#15588,.F.);
#16382 = PLANE('',#16383);
#16383 = AXIS2_PLACEMENT_3D('',#16384,#16385,#16386);
#16384 = CARTESIAN_POINT('',(3.,3.,3.));
#16385 = DIRECTION('',(0.,1.,0.));
#16386 = DIRECTION('',(0.,0.,1.));
#16387 = ADVANCED_FACE('',(#16388),#16400,.T.);
#16388 = FACE_BOUND('',#16389,.T.);
#16389 = EDGE_LOOP('',(#16390,#16391,#16392,#16399));
#16390 = ORIENTED_EDGE('',*,*,#15579,.F.);
#16391 = ORIENTED_EDGE('',*,*,#16352,.F.);
#16392 = ORIENTED_EDGE('',*,*,#16393,.T.);
#16393 = EDGE_CURVE('',#16345,#16368,#16394,.T.);
#16394 = CIRCLE('',#16395,6.);
#16395 = AXIS2_PLACEMENT_3D('',#16396,#16397,#16398);
#16396 = CARTESIAN_POINT('',(8.,8.,3.));
#16397 = DIRECTION('',(0.,0.,1.));
#16398 = DIRECTION('',(1.,0.,0.));
#16399 = ORIENTED_EDGE('',*,*,#16367,.T.);
#16400 = CYLINDRICAL_SURFACE('',#16401,6.);
#16401 = AXIS2_PLACEMENT_3D('',#16402,#16403,#16404);
#16402 = CARTESIAN_POINT('',(8.,8.,0.));
#16403 = DIRECTION('',(0.,0.,1.));
#16404 = DIRECTION('',(1.,0.,0.));
#16405 = ADVANCED_FACE('',(#16406),#16411,.T.);
#16406 = FACE_BOUND('',#16407,.T.);
#16407 = EDGE_LOOP('',(#16408,#16409,#16410));
#16408 = ORIENTED_EDGE('',*,*,#16344,.F.);
#16409 = ORIENTED_EDGE('',*,*,#16375,.T.);
#16410 = ORIENTED_EDGE('',*,*,#16393,.F.);
#16411 = PLANE('',#16412);
#16412 = AXIS2_PLACEMENT_3D('',#16413,#16414,#16415);
#16413 = CARTESIAN_POINT('',(3.,3.,3.));
#16414 = DIRECTION('',(0.,0.,1.));
#16415 = DIRECTION('',(1.,0.,0.));
#16416 = ADVANCED_FACE('',(#16417,#16423,#16426,#16429,#16432,#16435,
    #16438),#16441,.F.);
#16417 = FACE_BOUND('',#16418,.T.);
#16418 = EDGE_LOOP('',(#16419,#16420,#16421,#16422));
#16419 = ORIENTED_EDGE('',*,*,#13742,.T.);
#16420 = ORIENTED_EDGE('',*,*,#13861,.T.);
#16421 = ORIENTED_EDGE('',*,*,#13931,.F.);
#16422 = ORIENTED_EDGE('',*,*,#13772,.F.);
#16423 = FACE_BOUND('',#16424,.F.);
#16424 = EDGE_LOOP('',(#16425));
#16425 = ORIENTED_EDGE('',*,*,#15752,.F.);
#16426 = FACE_BOUND('',#16427,.F.);
#16427 = EDGE_LOOP('',(#16428));
#16428 = ORIENTED_EDGE('',*,*,#15962,.F.);
#16429 = FACE_BOUND('',#16430,.F.);
#16430 = EDGE_LOOP('',(#16431));
#16431 = ORIENTED_EDGE('',*,*,#15682,.F.);
#16432 = FACE_BOUND('',#16433,.F.);
#16433 = EDGE_LOOP('',(#16434));
#16434 = ORIENTED_EDGE('',*,*,#15892,.F.);
#16435 = FACE_BOUND('',#16436,.F.);
#16436 = EDGE_LOOP('',(#16437));
#16437 = ORIENTED_EDGE('',*,*,#15822,.F.);
#16438 = FACE_BOUND('',#16439,.F.);
#16439 = EDGE_LOOP('',(#16440));
#16440 = ORIENTED_EDGE('',*,*,#16032,.F.);
#16441 = PLANE('',#16442);
#16442 = AXIS2_PLACEMENT_3D('',#16443,#16444,#16445);
#16443 = CARTESIAN_POINT('',(0.,0.,0.));
#16444 = DIRECTION('',(0.,0.,1.));
#16445 = DIRECTION('',(1.,0.,0.));
#16446 = ADVANCED_FACE('',(#16447,#16510),#16544,.T.);
#16447 = FACE_BOUND('',#16448,.T.);
#16448 = EDGE_LOOP('',(#16449,#16450,#16451,#16460,#16467,#16468,#16477,
    #16484,#16485,#16494,#16501,#16502,#16503,#16504,#16505,#16506,
    #16507,#16508,#16509));
#16449 = ORIENTED_EDGE('',*,*,#14276,.F.);
#16450 = ORIENTED_EDGE('',*,*,#14062,.F.);
#16451 = ORIENTED_EDGE('',*,*,#16452,.F.);
#16452 = EDGE_CURVE('',#16453,#14063,#16455,.T.);
#16453 = VERTEX_POINT('',#16454);
#16454 = CARTESIAN_POINT('',(14.,182.,3.));
#16455 = CIRCLE('',#16456,6.);
#16456 = AXIS2_PLACEMENT_3D('',#16457,#16458,#16459);
#16457 = CARTESIAN_POINT('',(8.,182.,3.));
#16458 = DIRECTION('',(0.,0.,1.));
#16459 = DIRECTION('',(1.,0.,0.));
#16460 = ORIENTED_EDGE('',*,*,#16461,.F.);
#16461 = EDGE_CURVE('',#15642,#16453,#16462,.T.);
#16462 = CIRCLE('',#16463,6.);
#16463 = AXIS2_PLACEMENT_3D('',#16464,#16465,#16466);
#16464 = CARTESIAN_POINT('',(8.,182.,3.));
#16465 = DIRECTION('',(0.,0.,1.));
#16466 = DIRECTION('',(1.,0.,0.));
#16467 = ORIENTED_EDGE('',*,*,#15641,.F.);
#16468 = ORIENTED_EDGE('',*,*,#16469,.F.);
#16469 = EDGE_CURVE('',#16470,#15634,#16472,.T.);
#16470 = VERTEX_POINT('',#16471);
#16471 = CARTESIAN_POINT('',(14.,95.,3.));
#16472 = CIRCLE('',#16473,6.);
#16473 = AXIS2_PLACEMENT_3D('',#16474,#16475,#16476);
#16474 = CARTESIAN_POINT('',(8.,95.,3.));
#16475 = DIRECTION('',(0.,0.,1.));
#16476 = DIRECTION('',(1.,0.,0.));
#16477 = ORIENTED_EDGE('',*,*,#16478,.F.);
#16478 = EDGE_CURVE('',#15611,#16470,#16479,.T.);
#16479 = CIRCLE('',#16480,6.);
#16480 = AXIS2_PLACEMENT_3D('',#16481,#16482,#16483);
#16481 = CARTESIAN_POINT('',(8.,95.,3.));
#16482 = DIRECTION('',(0.,0.,1.));
#16483 = DIRECTION('',(1.,0.,0.));
#16484 = ORIENTED_EDGE('',*,*,#15610,.F.);
#16485 = ORIENTED_EDGE('',*,*,#16486,.F.);
#16486 = EDGE_CURVE('',#16487,#15603,#16489,.T.);
#16487 = VERTEX_POINT('',#16488);
#16488 = CARTESIAN_POINT('',(14.,8.,3.));
#16489 = CIRCLE('',#16490,6.);
#16490 = AXIS2_PLACEMENT_3D('',#16491,#16492,#16493);
#16491 = CARTESIAN_POINT('',(8.,8.,3.));
#16492 = DIRECTION('',(0.,0.,1.));
#16493 = DIRECTION('',(1.,0.,0.));
#16494 = ORIENTED_EDGE('',*,*,#16495,.F.);
#16495 = EDGE_CURVE('',#13542,#16487,#16496,.T.);
#16496 = CIRCLE('',#16497,6.);
#16497 = AXIS2_PLACEMENT_3D('',#16498,#16499,#16500);
#16498 = CARTESIAN_POINT('',(8.,8.,3.));
#16499 = DIRECTION('',(0.,0.,1.));
#16500 = DIRECTION('',(1.,0.,0.));
#16501 = ORIENTED_EDGE('',*,*,#13541,.T.);
#16502 = ORIENTED_EDGE('',*,*,#13588,.F.);
#16503 = ORIENTED_EDGE('',*,*,#13605,.T.);
#16504 = ORIENTED_EDGE('',*,*,#13652,.F.);
#16505 = ORIENTED_EDGE('',*,*,#13669,.T.);
#16506 = ORIENTED_EDGE('',*,*,#13717,.F.);
#16507 = ORIENTED_EDGE('',*,*,#14200,.F.);
#16508 = ORIENTED_EDGE('',*,*,#14254,.T.);
#16509 = ORIENTED_EDGE('',*,*,#13916,.F.);
#16510 = FACE_BOUND('',#16511,.T.);
#16511 = EDGE_LOOP('',(#16512,#16522,#16530,#16538));
#16512 = ORIENTED_EDGE('',*,*,#16513,.F.);
#16513 = EDGE_CURVE('',#16514,#16516,#16518,.T.);
#16514 = VERTEX_POINT('',#16515);
#16515 = CARTESIAN_POINT('',(35.,54.5,3.));
#16516 = VERTEX_POINT('',#16517);
#16517 = CARTESIAN_POINT('',(161.,54.5,3.));
#16518 = LINE('',#16519,#16520);
#16519 = CARTESIAN_POINT('',(35.,54.5,3.));
#16520 = VECTOR('',#16521,1.);
#16521 = DIRECTION('',(1.,0.,0.));
#16522 = ORIENTED_EDGE('',*,*,#16523,.T.);
#16523 = EDGE_CURVE('',#16514,#16524,#16526,.T.);
#16524 = VERTEX_POINT('',#16525);
#16525 = CARTESIAN_POINT('',(35.,135.5,3.));
#16526 = LINE('',#16527,#16528);
#16527 = CARTESIAN_POINT('',(35.,54.5,3.));
#16528 = VECTOR('',#16529,1.);
#16529 = DIRECTION('',(0.,1.,0.));
#16530 = ORIENTED_EDGE('',*,*,#16531,.T.);
#16531 = EDGE_CURVE('',#16524,#16532,#16534,.T.);
#16532 = VERTEX_POINT('',#16533);
#16533 = CARTESIAN_POINT('',(161.,135.5,3.));
#16534 = LINE('',#16535,#16536);
#16535 = CARTESIAN_POINT('',(35.,135.5,3.));
#16536 = VECTOR('',#16537,1.);
#16537 = DIRECTION('',(1.,0.,0.));
#16538 = ORIENTED_EDGE('',*,*,#16539,.F.);
#16539 = EDGE_CURVE('',#16516,#16532,#16540,.T.);
#16540 = LINE('',#16541,#16542);
#16541 = CARTESIAN_POINT('',(161.,54.5,3.));
#16542 = VECTOR('',#16543,1.);
#16543 = DIRECTION('',(0.,1.,0.));
#16544 = PLANE('',#16545);
#16545 = AXIS2_PLACEMENT_3D('',#16546,#16547,#16548);
#16546 = CARTESIAN_POINT('',(97.816146322338,95.815866365591,3.));
#16547 = DIRECTION('',(0.,0.,1.));
#16548 = DIRECTION('',(1.,0.,0.));
#16549 = ADVANCED_FACE('',(#16550),#16575,.F.);
#16550 = FACE_BOUND('',#16551,.F.);
#16551 = EDGE_LOOP('',(#16552,#16553,#16561,#16569));
#16552 = ORIENTED_EDGE('',*,*,#16513,.F.);
#16553 = ORIENTED_EDGE('',*,*,#16554,.T.);
#16554 = EDGE_CURVE('',#16514,#16555,#16557,.T.);
#16555 = VERTEX_POINT('',#16556);
#16556 = CARTESIAN_POINT('',(35.,54.5,6.));
#16557 = LINE('',#16558,#16559);
#16558 = CARTESIAN_POINT('',(35.,54.5,3.));
#16559 = VECTOR('',#16560,1.);
#16560 = DIRECTION('',(0.,0.,1.));
#16561 = ORIENTED_EDGE('',*,*,#16562,.T.);
#16562 = EDGE_CURVE('',#16555,#16563,#16565,.T.);
#16563 = VERTEX_POINT('',#16564);
#16564 = CARTESIAN_POINT('',(161.,54.5,6.));
#16565 = LINE('',#16566,#16567);
#16566 = CARTESIAN_POINT('',(35.,54.5,6.));
#16567 = VECTOR('',#16568,1.);
#16568 = DIRECTION('',(1.,0.,0.));
#16569 = ORIENTED_EDGE('',*,*,#16570,.F.);
#16570 = EDGE_CURVE('',#16516,#16563,#16571,.T.);
#16571 = LINE('',#16572,#16573);
#16572 = CARTESIAN_POINT('',(161.,54.5,3.));
#16573 = VECTOR('',#16574,1.);
#16574 = DIRECTION('',(0.,0.,1.));
#16575 = PLANE('',#16576);
#16576 = AXIS2_PLACEMENT_3D('',#16577,#16578,#16579);
#16577 = CARTESIAN_POINT('',(35.,54.5,3.));
#16578 = DIRECTION('',(0.,1.,0.));
#16579 = DIRECTION('',(0.,0.,1.));
#16580 = ADVANCED_FACE('',(#16581),#16599,.F.);
#16581 = FACE_BOUND('',#16582,.F.);
#16582 = EDGE_LOOP('',(#16583,#16584,#16585,#16593));
#16583 = ORIENTED_EDGE('',*,*,#16554,.F.);
#16584 = ORIENTED_EDGE('',*,*,#16523,.T.);
#16585 = ORIENTED_EDGE('',*,*,#16586,.T.);
#16586 = EDGE_CURVE('',#16524,#16587,#16589,.T.);
#16587 = VERTEX_POINT('',#16588);
#16588 = CARTESIAN_POINT('',(35.,135.5,6.));
#16589 = LINE('',#16590,#16591);
#16590 = CARTESIAN_POINT('',(35.,135.5,3.));
#16591 = VECTOR('',#16592,1.);
#16592 = DIRECTION('',(0.,0.,1.));
#16593 = ORIENTED_EDGE('',*,*,#16594,.F.);
#16594 = EDGE_CURVE('',#16555,#16587,#16595,.T.);
#16595 = LINE('',#16596,#16597);
#16596 = CARTESIAN_POINT('',(35.,54.5,6.));
#16597 = VECTOR('',#16598,1.);
#16598 = DIRECTION('',(0.,1.,0.));
#16599 = PLANE('',#16600);
#16600 = AXIS2_PLACEMENT_3D('',#16601,#16602,#16603);
#16601 = CARTESIAN_POINT('',(35.,54.5,3.));
#16602 = DIRECTION('',(1.,0.,0.));
#16603 = DIRECTION('',(0.,0.,1.));
#16604 = ADVANCED_FACE('',(#16605),#16623,.T.);
#16605 = FACE_BOUND('',#16606,.T.);
#16606 = EDGE_LOOP('',(#16607,#16608,#16609,#16617));
#16607 = ORIENTED_EDGE('',*,*,#16570,.F.);
#16608 = ORIENTED_EDGE('',*,*,#16539,.T.);
#16609 = ORIENTED_EDGE('',*,*,#16610,.T.);
#16610 = EDGE_CURVE('',#16532,#16611,#16613,.T.);
#16611 = VERTEX_POINT('',#16612);
#16612 = CARTESIAN_POINT('',(161.,135.5,6.));
#16613 = LINE('',#16614,#16615);
#16614 = CARTESIAN_POINT('',(161.,135.5,3.));
#16615 = VECTOR('',#16616,1.);
#16616 = DIRECTION('',(0.,0.,1.));
#16617 = ORIENTED_EDGE('',*,*,#16618,.F.);
#16618 = EDGE_CURVE('',#16563,#16611,#16619,.T.);
#16619 = LINE('',#16620,#16621);
#16620 = CARTESIAN_POINT('',(161.,54.5,6.));
#16621 = VECTOR('',#16622,1.);
#16622 = DIRECTION('',(0.,1.,0.));
#16623 = PLANE('',#16624);
#16624 = AXIS2_PLACEMENT_3D('',#16625,#16626,#16627);
#16625 = CARTESIAN_POINT('',(161.,54.5,3.));
#16626 = DIRECTION('',(1.,0.,0.));
#16627 = DIRECTION('',(0.,0.,1.));
#16628 = ADVANCED_FACE('',(#16629),#16640,.T.);
#16629 = FACE_BOUND('',#16630,.T.);
#16630 = EDGE_LOOP('',(#16631,#16632,#16633,#16639));
#16631 = ORIENTED_EDGE('',*,*,#16531,.F.);
#16632 = ORIENTED_EDGE('',*,*,#16586,.T.);
#16633 = ORIENTED_EDGE('',*,*,#16634,.T.);
#16634 = EDGE_CURVE('',#16587,#16611,#16635,.T.);
#16635 = LINE('',#16636,#16637);
#16636 = CARTESIAN_POINT('',(35.,135.5,6.));
#16637 = VECTOR('',#16638,1.);
#16638 = DIRECTION('',(1.,0.,0.));
#16639 = ORIENTED_EDGE('',*,*,#16610,.F.);
#16640 = PLANE('',#16641);
#16641 = AXIS2_PLACEMENT_3D('',#16642,#16643,#16644);
#16642 = CARTESIAN_POINT('',(35.,135.5,3.));
#16643 = DIRECTION('',(0.,1.,0.));
#16644 = DIRECTION('',(0.,0.,1.));
#16645 = ADVANCED_FACE('',(#16646,#16652),#16686,.T.);
#16646 = FACE_BOUND('',#16647,.T.);
#16647 = EDGE_LOOP('',(#16648,#16649,#16650,#16651));
#16648 = ORIENTED_EDGE('',*,*,#16594,.F.);
#16649 = ORIENTED_EDGE('',*,*,#16562,.T.);
#16650 = ORIENTED_EDGE('',*,*,#16618,.T.);
#16651 = ORIENTED_EDGE('',*,*,#16634,.F.);
#16652 = FACE_BOUND('',#16653,.T.);
#16653 = EDGE_LOOP('',(#16654,#16664,#16672,#16680));
#16654 = ORIENTED_EDGE('',*,*,#16655,.T.);
#16655 = EDGE_CURVE('',#16656,#16658,#16660,.T.);
#16656 = VERTEX_POINT('',#16657);
#16657 = CARTESIAN_POINT('',(158.5,57.,6.));
#16658 = VERTEX_POINT('',#16659);
#16659 = CARTESIAN_POINT('',(37.5,57.,6.));
#16660 = LINE('',#16661,#16662);
#16661 = CARTESIAN_POINT('',(36.25,57.,6.));
#16662 = VECTOR('',#16663,1.);
#16663 = DIRECTION('',(-1.,0.,0.));
#16664 = ORIENTED_EDGE('',*,*,#16665,.T.);
#16665 = EDGE_CURVE('',#16658,#16666,#16668,.T.);
#16666 = VERTEX_POINT('',#16667);
#16667 = CARTESIAN_POINT('',(37.5,133.,6.));
#16668 = LINE('',#16669,#16670);
#16669 = CARTESIAN_POINT('',(37.5,55.75,6.));
#16670 = VECTOR('',#16671,1.);
#16671 = DIRECTION('',(0.,1.,0.));
#16672 = ORIENTED_EDGE('',*,*,#16673,.F.);
#16673 = EDGE_CURVE('',#16674,#16666,#16676,.T.);
#16674 = VERTEX_POINT('',#16675);
#16675 = CARTESIAN_POINT('',(158.5,133.,6.));
#16676 = LINE('',#16677,#16678);
#16677 = CARTESIAN_POINT('',(36.25,133.,6.));
#16678 = VECTOR('',#16679,1.);
#16679 = DIRECTION('',(-1.,0.,0.));
#16680 = ORIENTED_EDGE('',*,*,#16681,.F.);
#16681 = EDGE_CURVE('',#16656,#16674,#16682,.T.);
#16682 = LINE('',#16683,#16684);
#16683 = CARTESIAN_POINT('',(158.5,55.75,6.));
#16684 = VECTOR('',#16685,1.);
#16685 = DIRECTION('',(0.,1.,0.));
#16686 = PLANE('',#16687);
#16687 = AXIS2_PLACEMENT_3D('',#16688,#16689,#16690);
#16688 = CARTESIAN_POINT('',(35.,54.5,6.));
#16689 = DIRECTION('',(0.,0.,1.));
#16690 = DIRECTION('',(1.,0.,0.));
#16691 = ADVANCED_FACE('',(#16692),#16717,.T.);
#16692 = FACE_BOUND('',#16693,.T.);
#16693 = EDGE_LOOP('',(#16694,#16702,#16710,#16716));
#16694 = ORIENTED_EDGE('',*,*,#16695,.F.);
#16695 = EDGE_CURVE('',#16696,#16656,#16698,.T.);
#16696 = VERTEX_POINT('',#16697);
#16697 = CARTESIAN_POINT('',(158.5,57.,3.));
#16698 = LINE('',#16699,#16700);
#16699 = CARTESIAN_POINT('',(158.5,57.,2.));
#16700 = VECTOR('',#16701,1.);
#16701 = DIRECTION('',(0.,0.,1.));
#16702 = ORIENTED_EDGE('',*,*,#16703,.T.);
#16703 = EDGE_CURVE('',#16696,#16704,#16706,.T.);
#16704 = VERTEX_POINT('',#16705);
#16705 = CARTESIAN_POINT('',(37.5,57.,3.));
#16706 = LINE('',#16707,#16708);
#16707 = CARTESIAN_POINT('',(36.25,57.,3.));
#16708 = VECTOR('',#16709,1.);
#16709 = DIRECTION('',(-1.,0.,0.));
#16710 = ORIENTED_EDGE('',*,*,#16711,.T.);
#16711 = EDGE_CURVE('',#16704,#16658,#16712,.T.);
#16712 = LINE('',#16713,#16714);
#16713 = CARTESIAN_POINT('',(37.5,57.,2.));
#16714 = VECTOR('',#16715,1.);
#16715 = DIRECTION('',(0.,0.,1.));
#16716 = ORIENTED_EDGE('',*,*,#16655,.F.);
#16717 = PLANE('',#16718);
#16718 = AXIS2_PLACEMENT_3D('',#16719,#16720,#16721);
#16719 = CARTESIAN_POINT('',(37.5,57.,2.));
#16720 = DIRECTION('',(0.,1.,0.));
#16721 = DIRECTION('',(0.,0.,1.));
#16722 = ADVANCED_FACE('',(#16723),#16741,.F.);
#16723 = FACE_BOUND('',#16724,.F.);
#16724 = EDGE_LOOP('',(#16725,#16726,#16734,#16740));
#16725 = ORIENTED_EDGE('',*,*,#16695,.F.);
#16726 = ORIENTED_EDGE('',*,*,#16727,.T.);
#16727 = EDGE_CURVE('',#16696,#16728,#16730,.T.);
#16728 = VERTEX_POINT('',#16729);
#16729 = CARTESIAN_POINT('',(158.5,133.,3.));
#16730 = LINE('',#16731,#16732);
#16731 = CARTESIAN_POINT('',(158.5,55.75,3.));
#16732 = VECTOR('',#16733,1.);
#16733 = DIRECTION('',(0.,1.,0.));
#16734 = ORIENTED_EDGE('',*,*,#16735,.T.);
#16735 = EDGE_CURVE('',#16728,#16674,#16736,.T.);
#16736 = LINE('',#16737,#16738);
#16737 = CARTESIAN_POINT('',(158.5,133.,2.));
#16738 = VECTOR('',#16739,1.);
#16739 = DIRECTION('',(0.,0.,1.));
#16740 = ORIENTED_EDGE('',*,*,#16681,.F.);
#16741 = PLANE('',#16742);
#16742 = AXIS2_PLACEMENT_3D('',#16743,#16744,#16745);
#16743 = CARTESIAN_POINT('',(158.5,57.,2.));
#16744 = DIRECTION('',(1.,0.,0.));
#16745 = DIRECTION('',(0.,0.,1.));
#16746 = ADVANCED_FACE('',(#16747),#16765,.F.);
#16747 = FACE_BOUND('',#16748,.F.);
#16748 = EDGE_LOOP('',(#16749,#16750,#16758,#16764));
#16749 = ORIENTED_EDGE('',*,*,#16735,.F.);
#16750 = ORIENTED_EDGE('',*,*,#16751,.T.);
#16751 = EDGE_CURVE('',#16728,#16752,#16754,.T.);
#16752 = VERTEX_POINT('',#16753);
#16753 = CARTESIAN_POINT('',(37.5,133.,3.));
#16754 = LINE('',#16755,#16756);
#16755 = CARTESIAN_POINT('',(36.25,133.,3.));
#16756 = VECTOR('',#16757,1.);
#16757 = DIRECTION('',(-1.,0.,0.));
#16758 = ORIENTED_EDGE('',*,*,#16759,.T.);
#16759 = EDGE_CURVE('',#16752,#16666,#16760,.T.);
#16760 = LINE('',#16761,#16762);
#16761 = CARTESIAN_POINT('',(37.5,133.,2.));
#16762 = VECTOR('',#16763,1.);
#16763 = DIRECTION('',(0.,0.,1.));
#16764 = ORIENTED_EDGE('',*,*,#16673,.F.);
#16765 = PLANE('',#16766);
#16766 = AXIS2_PLACEMENT_3D('',#16767,#16768,#16769);
#16767 = CARTESIAN_POINT('',(37.5,133.,2.));
#16768 = DIRECTION('',(0.,1.,0.));
#16769 = DIRECTION('',(0.,0.,1.));
#16770 = ADVANCED_FACE('',(#16771),#16782,.T.);
#16771 = FACE_BOUND('',#16772,.T.);
#16772 = EDGE_LOOP('',(#16773,#16774,#16780,#16781));
#16773 = ORIENTED_EDGE('',*,*,#16711,.F.);
#16774 = ORIENTED_EDGE('',*,*,#16775,.T.);
#16775 = EDGE_CURVE('',#16704,#16752,#16776,.T.);
#16776 = LINE('',#16777,#16778);
#16777 = CARTESIAN_POINT('',(37.5,55.75,3.));
#16778 = VECTOR('',#16779,1.);
#16779 = DIRECTION('',(0.,1.,0.));
#16780 = ORIENTED_EDGE('',*,*,#16759,.T.);
#16781 = ORIENTED_EDGE('',*,*,#16665,.F.);
#16782 = PLANE('',#16783);
#16783 = AXIS2_PLACEMENT_3D('',#16784,#16785,#16786);
#16784 = CARTESIAN_POINT('',(37.5,57.,2.));
#16785 = DIRECTION('',(1.,0.,0.));
#16786 = DIRECTION('',(0.,0.,1.));
#16787 = ADVANCED_FACE('',(#16788),#16794,.T.);
#16788 = FACE_BOUND('',#16789,.T.);
#16789 = EDGE_LOOP('',(#16790,#16791,#16792,#16793));
#16790 = ORIENTED_EDGE('',*,*,#16703,.F.);
#16791 = ORIENTED_EDGE('',*,*,#16727,.T.);
#16792 = ORIENTED_EDGE('',*,*,#16751,.T.);
#16793 = ORIENTED_EDGE('',*,*,#16775,.F.);
#16794 = PLANE('',#16795);
#16795 = AXIS2_PLACEMENT_3D('',#16796,#16797,#16798);
#16796 = CARTESIAN_POINT('',(3.,3.,3.));
#16797 = DIRECTION('',(0.,0.,1.));
#16798 = DIRECTION('',(1.,0.,0.));
#16799 = ADVANCED_FACE('',(#16800),#16808,.T.);
#16800 = FACE_BOUND('',#16801,.T.);
#16801 = EDGE_LOOP('',(#16802,#16803,#16804,#16805,#16806,#16807));
#16802 = ORIENTED_EDGE('',*,*,#15402,.F.);
#16803 = ORIENTED_EDGE('',*,*,#15649,.F.);
#16804 = ORIENTED_EDGE('',*,*,#16461,.T.);
#16805 = ORIENTED_EDGE('',*,*,#16452,.T.);
#16806 = ORIENTED_EDGE('',*,*,#14070,.T.);
#16807 = ORIENTED_EDGE('',*,*,#15411,.F.);
#16808 = CYLINDRICAL_SURFACE('',#16809,6.);
#16809 = AXIS2_PLACEMENT_3D('',#16810,#16811,#16812);
#16810 = CARTESIAN_POINT('',(8.,182.,0.));
#16811 = DIRECTION('',(0.,0.,1.));
#16812 = DIRECTION('',(1.,0.,0.));
#16813 = ADVANCED_FACE('',(#16814),#16822,.T.);
#16814 = FACE_BOUND('',#16815,.T.);
#16815 = EDGE_LOOP('',(#16816,#16817,#16818,#16819,#16820,#16821));
#16816 = ORIENTED_EDGE('',*,*,#15376,.F.);
#16817 = ORIENTED_EDGE('',*,*,#15618,.F.);
#16818 = ORIENTED_EDGE('',*,*,#16478,.T.);
#16819 = ORIENTED_EDGE('',*,*,#16469,.T.);
#16820 = ORIENTED_EDGE('',*,*,#15633,.T.);
#16821 = ORIENTED_EDGE('',*,*,#15385,.F.);
#16822 = CYLINDRICAL_SURFACE('',#16823,6.);
#16823 = AXIS2_PLACEMENT_3D('',#16824,#16825,#16826);
#16824 = CARTESIAN_POINT('',(8.,95.,0.));
#16825 = DIRECTION('',(0.,0.,1.));
#16826 = DIRECTION('',(1.,0.,0.));
#16827 = ADVANCED_FACE('',(#16828),#16836,.T.);
#16828 = FACE_BOUND('',#16829,.T.);
#16829 = EDGE_LOOP('',(#16830,#16831,#16832,#16833,#16834,#16835));
#16830 = ORIENTED_EDGE('',*,*,#15350,.F.);
#16831 = ORIENTED_EDGE('',*,*,#13549,.F.);
#16832 = ORIENTED_EDGE('',*,*,#16495,.T.);
#16833 = ORIENTED_EDGE('',*,*,#16486,.T.);
#16834 = ORIENTED_EDGE('',*,*,#15602,.T.);
#16835 = ORIENTED_EDGE('',*,*,#15359,.F.);
#16836 = CYLINDRICAL_SURFACE('',#16837,6.);
#16837 = AXIS2_PLACEMENT_3D('',#16838,#16839,#16840);
#16838 = CARTESIAN_POINT('',(8.,8.,0.));
#16839 = DIRECTION('',(0.,0.,1.));
#16840 = DIRECTION('',(1.,0.,0.));
#16841 = MANIFOLD_SOLID_BREP('',#16842);
#16842 = CLOSED_SHELL('',(#16843,#16883,#16914,#17116,#17140,#17635,
    #17652,#17669,#17686,#17703,#17720,#17737,#17754,#17771,#17788,
    #17805,#17822,#17839,#17856,#17873,#17890,#17907,#17924,#17941,
    #17953,#17975,#17992,#18009,#18021,#18052,#18076,#18100,#18124,
    #18148,#18165,#18196,#18220,#18244,#18268,#18292,#18309,#18340,
    #18364,#18388,#18412,#18436,#18453,#18484,#18508,#18532,#18556,
    #18580,#18597,#18628,#18652,#18676,#18700,#18724,#18741,#18772,
    #18796,#18820,#18844,#18868,#18885,#18910,#18935,#18960,#18985,
    #19010,#19035,#19060,#19085,#19110,#19135,#19160,#19185,#19194,
    #19203,#19212,#19221,#19230));
#16843 = ADVANCED_FACE('',(#16844),#16878,.F.);
#16844 = FACE_BOUND('',#16845,.F.);
#16845 = EDGE_LOOP('',(#16846,#16856,#16864,#16872));
#16846 = ORIENTED_EDGE('',*,*,#16847,.F.);
#16847 = EDGE_CURVE('',#16848,#16850,#16852,.T.);
#16848 = VERTEX_POINT('',#16849);
#16849 = CARTESIAN_POINT('',(0.,0.,22.));
#16850 = VERTEX_POINT('',#16851);
#16851 = CARTESIAN_POINT('',(0.,0.,27.));
#16852 = LINE('',#16853,#16854);
#16853 = CARTESIAN_POINT('',(0.,0.,22.));
#16854 = VECTOR('',#16855,1.);
#16855 = DIRECTION('',(0.,0.,1.));
#16856 = ORIENTED_EDGE('',*,*,#16857,.T.);
#16857 = EDGE_CURVE('',#16848,#16858,#16860,.T.);
#16858 = VERTEX_POINT('',#16859);
#16859 = CARTESIAN_POINT('',(0.,190.,22.));
#16860 = LINE('',#16861,#16862);
#16861 = CARTESIAN_POINT('',(0.,0.,22.));
#16862 = VECTOR('',#16863,1.);
#16863 = DIRECTION('',(0.,1.,0.));
#16864 = ORIENTED_EDGE('',*,*,#16865,.T.);
#16865 = EDGE_CURVE('',#16858,#16866,#16868,.T.);
#16866 = VERTEX_POINT('',#16867);
#16867 = CARTESIAN_POINT('',(0.,190.,27.));
#16868 = LINE('',#16869,#16870);
#16869 = CARTESIAN_POINT('',(0.,190.,22.));
#16870 = VECTOR('',#16871,1.);
#16871 = DIRECTION('',(0.,0.,1.));
#16872 = ORIENTED_EDGE('',*,*,#16873,.F.);
#16873 = EDGE_CURVE('',#16850,#16866,#16874,.T.);
#16874 = LINE('',#16875,#16876);
#16875 = CARTESIAN_POINT('',(0.,0.,27.));
#16876 = VECTOR('',#16877,1.);
#16877 = DIRECTION('',(0.,1.,0.));
#16878 = PLANE('',#16879);
#16879 = AXIS2_PLACEMENT_3D('',#16880,#16881,#16882);
#16880 = CARTESIAN_POINT('',(0.,0.,22.));
#16881 = DIRECTION('',(1.,0.,0.));
#16882 = DIRECTION('',(0.,0.,1.));
#16883 = ADVANCED_FACE('',(#16884),#16909,.F.);
#16884 = FACE_BOUND('',#16885,.F.);
#16885 = EDGE_LOOP('',(#16886,#16894,#16895,#16903));
#16886 = ORIENTED_EDGE('',*,*,#16887,.F.);
#16887 = EDGE_CURVE('',#16848,#16888,#16890,.T.);
#16888 = VERTEX_POINT('',#16889);
#16889 = CARTESIAN_POINT('',(196.,0.,22.));
#16890 = LINE('',#16891,#16892);
#16891 = CARTESIAN_POINT('',(0.,0.,22.));
#16892 = VECTOR('',#16893,1.);
#16893 = DIRECTION('',(1.,0.,0.));
#16894 = ORIENTED_EDGE('',*,*,#16847,.T.);
#16895 = ORIENTED_EDGE('',*,*,#16896,.T.);
#16896 = EDGE_CURVE('',#16850,#16897,#16899,.T.);
#16897 = VERTEX_POINT('',#16898);
#16898 = CARTESIAN_POINT('',(196.,0.,27.));
#16899 = LINE('',#16900,#16901);
#16900 = CARTESIAN_POINT('',(0.,0.,27.));
#16901 = VECTOR('',#16902,1.);
#16902 = DIRECTION('',(1.,0.,0.));
#16903 = ORIENTED_EDGE('',*,*,#16904,.F.);
#16904 = EDGE_CURVE('',#16888,#16897,#16905,.T.);
#16905 = LINE('',#16906,#16907);
#16906 = CARTESIAN_POINT('',(196.,0.,22.));
#16907 = VECTOR('',#16908,1.);
#16908 = DIRECTION('',(0.,0.,1.));
#16909 = PLANE('',#16910);
#16910 = AXIS2_PLACEMENT_3D('',#16911,#16912,#16913);
#16911 = CARTESIAN_POINT('',(0.,0.,22.));
#16912 = DIRECTION('',(0.,1.,0.));
#16913 = DIRECTION('',(0.,0.,1.));
#16914 = ADVANCED_FACE('',(#16915,#17077),#17111,.T.);
#16915 = FACE_BOUND('',#16916,.T.);
#16916 = EDGE_LOOP('',(#16917,#16925,#16926,#16927,#16935,#16943,#16951,
    #16959,#16967,#16975,#16983,#16991,#16999,#17007,#17015,#17023,
    #17031,#17039,#17047,#17055,#17063,#17071));
#16917 = ORIENTED_EDGE('',*,*,#16918,.F.);
#16918 = EDGE_CURVE('',#16866,#16919,#16921,.T.);
#16919 = VERTEX_POINT('',#16920);
#16920 = CARTESIAN_POINT('',(19.7,190.,27.));
#16921 = LINE('',#16922,#16923);
#16922 = CARTESIAN_POINT('',(0.,190.,27.));
#16923 = VECTOR('',#16924,1.);
#16924 = DIRECTION('',(1.,0.,0.));
#16925 = ORIENTED_EDGE('',*,*,#16873,.F.);
#16926 = ORIENTED_EDGE('',*,*,#16896,.T.);
#16927 = ORIENTED_EDGE('',*,*,#16928,.T.);
#16928 = EDGE_CURVE('',#16897,#16929,#16931,.T.);
#16929 = VERTEX_POINT('',#16930);
#16930 = CARTESIAN_POINT('',(196.,190.,27.));
#16931 = LINE('',#16932,#16933);
#16932 = CARTESIAN_POINT('',(196.,0.,27.));
#16933 = VECTOR('',#16934,1.);
#16934 = DIRECTION('',(0.,1.,0.));
#16935 = ORIENTED_EDGE('',*,*,#16936,.F.);
#16936 = EDGE_CURVE('',#16937,#16929,#16939,.T.);
#16937 = VERTEX_POINT('',#16938);
#16938 = CARTESIAN_POINT('',(176.3,190.,27.));
#16939 = LINE('',#16940,#16941);
#16940 = CARTESIAN_POINT('',(0.,190.,27.));
#16941 = VECTOR('',#16942,1.);
#16942 = DIRECTION('',(1.,0.,0.));
#16943 = ORIENTED_EDGE('',*,*,#16944,.F.);
#16944 = EDGE_CURVE('',#16945,#16937,#16947,.T.);
#16945 = VERTEX_POINT('',#16946);
#16946 = CARTESIAN_POINT('',(176.3,187.8,27.));
#16947 = LINE('',#16948,#16949);
#16948 = CARTESIAN_POINT('',(176.3,93.9,27.));
#16949 = VECTOR('',#16950,1.);
#16950 = DIRECTION('',(0.,1.,0.));
#16951 = ORIENTED_EDGE('',*,*,#16952,.T.);
#16952 = EDGE_CURVE('',#16945,#16953,#16955,.T.);
#16953 = VERTEX_POINT('',#16954);
#16954 = CARTESIAN_POINT('',(167.8,187.8,27.));
#16955 = LINE('',#16956,#16957);
#16956 = CARTESIAN_POINT('',(69.85,187.8,27.));
#16957 = VECTOR('',#16958,1.);
#16958 = DIRECTION('',(-1.,0.,0.));
#16959 = ORIENTED_EDGE('',*,*,#16960,.F.);
#16960 = EDGE_CURVE('',#16961,#16953,#16963,.T.);
#16961 = VERTEX_POINT('',#16962);
#16962 = CARTESIAN_POINT('',(167.8,183.7,27.));
#16963 = LINE('',#16964,#16965);
#16964 = CARTESIAN_POINT('',(167.8,91.85,27.));
#16965 = VECTOR('',#16966,1.);
#16966 = DIRECTION('',(0.,1.,0.));
#16967 = ORIENTED_EDGE('',*,*,#16968,.T.);
#16968 = EDGE_CURVE('',#16961,#16969,#16971,.T.);
#16969 = VERTEX_POINT('',#16970);
#16970 = CARTESIAN_POINT('',(148.2,183.7,27.));
#16971 = LINE('',#16972,#16973);
#16972 = CARTESIAN_POINT('',(74.1,183.7,27.));
#16973 = VECTOR('',#16974,1.);
#16974 = DIRECTION('',(-1.,0.,0.));
#16975 = ORIENTED_EDGE('',*,*,#16976,.T.);
#16976 = EDGE_CURVE('',#16969,#16977,#16979,.T.);
#16977 = VERTEX_POINT('',#16978);
#16978 = CARTESIAN_POINT('',(148.2,187.8,27.));
#16979 = LINE('',#16980,#16981);
#16980 = CARTESIAN_POINT('',(148.2,91.85,27.));
#16981 = VECTOR('',#16982,1.);
#16982 = DIRECTION('',(0.,1.,0.));
#16983 = ORIENTED_EDGE('',*,*,#16984,.T.);
#16984 = EDGE_CURVE('',#16977,#16985,#16987,.T.);
#16985 = VERTEX_POINT('',#16986);
#16986 = CARTESIAN_POINT('',(148.,187.8,27.));
#16987 = LINE('',#16988,#16989);
#16988 = CARTESIAN_POINT('',(69.85,187.8,27.));
#16989 = VECTOR('',#16990,1.);
#16990 = DIRECTION('',(-1.,0.,0.));
#16991 = ORIENTED_EDGE('',*,*,#16992,.F.);
#16992 = EDGE_CURVE('',#16993,#16985,#16995,.T.);
#16993 = VERTEX_POINT('',#16994);
#16994 = CARTESIAN_POINT('',(148.,186.,27.));
#16995 = LINE('',#16996,#16997);
#16996 = CARTESIAN_POINT('',(148.,93.,27.));
#16997 = VECTOR('',#16998,1.);
#16998 = DIRECTION('',(0.,1.,0.));
#16999 = ORIENTED_EDGE('',*,*,#17000,.T.);
#17000 = EDGE_CURVE('',#16993,#17001,#17003,.T.);
#17001 = VERTEX_POINT('',#17002);
#17002 = CARTESIAN_POINT('',(114.,186.,27.));
#17003 = LINE('',#17004,#17005);
#17004 = CARTESIAN_POINT('',(57.,186.,27.));
#17005 = VECTOR('',#17006,1.);
#17006 = DIRECTION('',(-1.,0.,0.));
#17007 = ORIENTED_EDGE('',*,*,#17008,.T.);
#17008 = EDGE_CURVE('',#17001,#17009,#17011,.T.);
#17009 = VERTEX_POINT('',#17010);
#17010 = CARTESIAN_POINT('',(114.,190.,27.));
#17011 = LINE('',#17012,#17013);
#17012 = CARTESIAN_POINT('',(114.,93.,27.));
#17013 = VECTOR('',#17014,1.);
#17014 = DIRECTION('',(0.,1.,0.));
#17015 = ORIENTED_EDGE('',*,*,#17016,.F.);
#17016 = EDGE_CURVE('',#17017,#17009,#17019,.T.);
#17017 = VERTEX_POINT('',#17018);
#17018 = CARTESIAN_POINT('',(56.3,190.,27.));
#17019 = LINE('',#17020,#17021);
#17020 = CARTESIAN_POINT('',(0.,190.,27.));
#17021 = VECTOR('',#17022,1.);
#17022 = DIRECTION('',(1.,0.,0.));
#17023 = ORIENTED_EDGE('',*,*,#17024,.F.);
#17024 = EDGE_CURVE('',#17025,#17017,#17027,.T.);
#17025 = VERTEX_POINT('',#17026);
#17026 = CARTESIAN_POINT('',(56.3,187.8,27.));
#17027 = LINE('',#17028,#17029);
#17028 = CARTESIAN_POINT('',(56.3,93.9,27.));
#17029 = VECTOR('',#17030,1.);
#17030 = DIRECTION('',(0.,1.,0.));
#17031 = ORIENTED_EDGE('',*,*,#17032,.T.);
#17032 = EDGE_CURVE('',#17025,#17033,#17035,.T.);
#17033 = VERTEX_POINT('',#17034);
#17034 = CARTESIAN_POINT('',(47.8,187.8,27.));
#17035 = LINE('',#17036,#17037);
#17036 = CARTESIAN_POINT('',(9.85,187.8,27.));
#17037 = VECTOR('',#17038,1.);
#17038 = DIRECTION('',(-1.,0.,0.));
#17039 = ORIENTED_EDGE('',*,*,#17040,.F.);
#17040 = EDGE_CURVE('',#17041,#17033,#17043,.T.);
#17041 = VERTEX_POINT('',#17042);
#17042 = CARTESIAN_POINT('',(47.8,183.7,27.));
#17043 = LINE('',#17044,#17045);
#17044 = CARTESIAN_POINT('',(47.8,91.85,27.));
#17045 = VECTOR('',#17046,1.);
#17046 = DIRECTION('',(0.,1.,0.));
#17047 = ORIENTED_EDGE('',*,*,#17048,.T.);
#17048 = EDGE_CURVE('',#17041,#17049,#17051,.T.);
#17049 = VERTEX_POINT('',#17050);
#17050 = CARTESIAN_POINT('',(28.2,183.7,27.));
#17051 = LINE('',#17052,#17053);
#17052 = CARTESIAN_POINT('',(14.1,183.7,27.));
#17053 = VECTOR('',#17054,1.);
#17054 = DIRECTION('',(-1.,0.,0.));
#17055 = ORIENTED_EDGE('',*,*,#17056,.T.);
#17056 = EDGE_CURVE('',#17049,#17057,#17059,.T.);
#17057 = VERTEX_POINT('',#17058);
#17058 = CARTESIAN_POINT('',(28.2,187.8,27.));
#17059 = LINE('',#17060,#17061);
#17060 = CARTESIAN_POINT('',(28.2,91.85,27.));
#17061 = VECTOR('',#17062,1.);
#17062 = DIRECTION('',(0.,1.,0.));
#17063 = ORIENTED_EDGE('',*,*,#17064,.T.);
#17064 = EDGE_CURVE('',#17057,#17065,#17067,.T.);
#17065 = VERTEX_POINT('',#17066);
#17066 = CARTESIAN_POINT('',(19.7,187.8,27.));
#17067 = LINE('',#17068,#17069);
#17068 = CARTESIAN_POINT('',(9.85,187.8,27.));
#17069 = VECTOR('',#17070,1.);
#17070 = DIRECTION('',(-1.,0.,0.));
#17071 = ORIENTED_EDGE('',*,*,#17072,.T.);
#17072 = EDGE_CURVE('',#17065,#16919,#17073,.T.);
#17073 = LINE('',#17074,#17075);
#17074 = CARTESIAN_POINT('',(19.7,93.9,27.));
#17075 = VECTOR('',#17076,1.);
#17076 = DIRECTION('',(0.,1.,0.));
#17077 = FACE_BOUND('',#17078,.T.);
#17078 = EDGE_LOOP('',(#17079,#17089,#17097,#17105));
#17079 = ORIENTED_EDGE('',*,*,#17080,.T.);
#17080 = EDGE_CURVE('',#17081,#17083,#17085,.T.);
#17081 = VERTEX_POINT('',#17082);
#17082 = CARTESIAN_POINT('',(154.,63.,27.));
#17083 = VERTEX_POINT('',#17084);
#17084 = CARTESIAN_POINT('',(42.,63.,27.));
#17085 = LINE('',#17086,#17087);
#17086 = CARTESIAN_POINT('',(21.,63.,27.));
#17087 = VECTOR('',#17088,1.);
#17088 = DIRECTION('',(-1.,0.,0.));
#17089 = ORIENTED_EDGE('',*,*,#17090,.T.);
#17090 = EDGE_CURVE('',#17083,#17091,#17093,.T.);
#17091 = VERTEX_POINT('',#17092);
#17092 = CARTESIAN_POINT('',(42.,127.,27.));
#17093 = LINE('',#17094,#17095);
#17094 = CARTESIAN_POINT('',(42.,31.5,27.));
#17095 = VECTOR('',#17096,1.);
#17096 = DIRECTION('',(0.,1.,0.));
#17097 = ORIENTED_EDGE('',*,*,#17098,.F.);
#17098 = EDGE_CURVE('',#17099,#17091,#17101,.T.);
#17099 = VERTEX_POINT('',#17100);
#17100 = CARTESIAN_POINT('',(154.,127.,27.));
#17101 = LINE('',#17102,#17103);
#17102 = CARTESIAN_POINT('',(21.,127.,27.));
#17103 = VECTOR('',#17104,1.);
#17104 = DIRECTION('',(-1.,0.,0.));
#17105 = ORIENTED_EDGE('',*,*,#17106,.F.);
#17106 = EDGE_CURVE('',#17081,#17099,#17107,.T.);
#17107 = LINE('',#17108,#17109);
#17108 = CARTESIAN_POINT('',(154.,31.5,27.));
#17109 = VECTOR('',#17110,1.);
#17110 = DIRECTION('',(0.,1.,0.));
#17111 = PLANE('',#17112);
#17112 = AXIS2_PLACEMENT_3D('',#17113,#17114,#17115);
#17113 = CARTESIAN_POINT('',(0.,0.,27.));
#17114 = DIRECTION('',(0.,0.,1.));
#17115 = DIRECTION('',(1.,0.,0.));
#17116 = ADVANCED_FACE('',(#17117),#17135,.T.);
#17117 = FACE_BOUND('',#17118,.T.);
#17118 = EDGE_LOOP('',(#17119,#17127,#17128,#17129));
#17119 = ORIENTED_EDGE('',*,*,#17120,.F.);
#17120 = EDGE_CURVE('',#16858,#17121,#17123,.T.);
#17121 = VERTEX_POINT('',#17122);
#17122 = CARTESIAN_POINT('',(19.7,190.,22.));
#17123 = LINE('',#17124,#17125);
#17124 = CARTESIAN_POINT('',(0.,190.,22.));
#17125 = VECTOR('',#17126,1.);
#17126 = DIRECTION('',(1.,0.,0.));
#17127 = ORIENTED_EDGE('',*,*,#16865,.T.);
#17128 = ORIENTED_EDGE('',*,*,#16918,.T.);
#17129 = ORIENTED_EDGE('',*,*,#17130,.T.);
#17130 = EDGE_CURVE('',#16919,#17121,#17131,.T.);
#17131 = LINE('',#17132,#17133);
#17132 = CARTESIAN_POINT('',(19.7,190.,21.5));
#17133 = VECTOR('',#17134,1.);
#17134 = DIRECTION('',(0.,0.,-1.));
#17135 = PLANE('',#17136);
#17136 = AXIS2_PLACEMENT_3D('',#17137,#17138,#17139);
#17137 = CARTESIAN_POINT('',(0.,190.,22.));
#17138 = DIRECTION('',(0.,1.,0.));
#17139 = DIRECTION('',(0.,0.,1.));
#17140 = ADVANCED_FACE('',(#17141,#17296,#17346,#17396,#17446,#17480,
    #17530,#17580),#17630,.F.);
#17141 = FACE_BOUND('',#17142,.F.);
#17142 = EDGE_LOOP('',(#17143,#17144,#17145,#17146,#17154,#17162,#17170,
    #17178,#17186,#17194,#17202,#17210,#17218,#17226,#17234,#17242,
    #17250,#17258,#17266,#17274,#17282,#17290));
#17143 = ORIENTED_EDGE('',*,*,#17120,.F.);
#17144 = ORIENTED_EDGE('',*,*,#16857,.F.);
#17145 = ORIENTED_EDGE('',*,*,#16887,.T.);
#17146 = ORIENTED_EDGE('',*,*,#17147,.T.);
#17147 = EDGE_CURVE('',#16888,#17148,#17150,.T.);
#17148 = VERTEX_POINT('',#17149);
#17149 = CARTESIAN_POINT('',(196.,190.,22.));
#17150 = LINE('',#17151,#17152);
#17151 = CARTESIAN_POINT('',(196.,0.,22.));
#17152 = VECTOR('',#17153,1.);
#17153 = DIRECTION('',(0.,1.,0.));
#17154 = ORIENTED_EDGE('',*,*,#17155,.F.);
#17155 = EDGE_CURVE('',#17156,#17148,#17158,.T.);
#17156 = VERTEX_POINT('',#17157);
#17157 = CARTESIAN_POINT('',(176.3,190.,22.));
#17158 = LINE('',#17159,#17160);
#17159 = CARTESIAN_POINT('',(0.,190.,22.));
#17160 = VECTOR('',#17161,1.);
#17161 = DIRECTION('',(1.,0.,0.));
#17162 = ORIENTED_EDGE('',*,*,#17163,.F.);
#17163 = EDGE_CURVE('',#17164,#17156,#17166,.T.);
#17164 = VERTEX_POINT('',#17165);
#17165 = CARTESIAN_POINT('',(176.3,187.8,22.));
#17166 = LINE('',#17167,#17168);
#17167 = CARTESIAN_POINT('',(176.3,93.9,22.));
#17168 = VECTOR('',#17169,1.);
#17169 = DIRECTION('',(0.,1.,0.));
#17170 = ORIENTED_EDGE('',*,*,#17171,.T.);
#17171 = EDGE_CURVE('',#17164,#17172,#17174,.T.);
#17172 = VERTEX_POINT('',#17173);
#17173 = CARTESIAN_POINT('',(167.8,187.8,22.));
#17174 = LINE('',#17175,#17176);
#17175 = CARTESIAN_POINT('',(69.85,187.8,22.));
#17176 = VECTOR('',#17177,1.);
#17177 = DIRECTION('',(-1.,0.,0.));
#17178 = ORIENTED_EDGE('',*,*,#17179,.F.);
#17179 = EDGE_CURVE('',#17180,#17172,#17182,.T.);
#17180 = VERTEX_POINT('',#17181);
#17181 = CARTESIAN_POINT('',(167.8,183.7,22.));
#17182 = LINE('',#17183,#17184);
#17183 = CARTESIAN_POINT('',(167.8,91.85,22.));
#17184 = VECTOR('',#17185,1.);
#17185 = DIRECTION('',(0.,1.,0.));
#17186 = ORIENTED_EDGE('',*,*,#17187,.T.);
#17187 = EDGE_CURVE('',#17180,#17188,#17190,.T.);
#17188 = VERTEX_POINT('',#17189);
#17189 = CARTESIAN_POINT('',(148.2,183.7,22.));
#17190 = LINE('',#17191,#17192);
#17191 = CARTESIAN_POINT('',(74.1,183.7,22.));
#17192 = VECTOR('',#17193,1.);
#17193 = DIRECTION('',(-1.,0.,0.));
#17194 = ORIENTED_EDGE('',*,*,#17195,.T.);
#17195 = EDGE_CURVE('',#17188,#17196,#17198,.T.);
#17196 = VERTEX_POINT('',#17197);
#17197 = CARTESIAN_POINT('',(148.2,187.8,22.));
#17198 = LINE('',#17199,#17200);
#17199 = CARTESIAN_POINT('',(148.2,91.85,22.));
#17200 = VECTOR('',#17201,1.);
#17201 = DIRECTION('',(0.,1.,0.));
#17202 = ORIENTED_EDGE('',*,*,#17203,.T.);
#17203 = EDGE_CURVE('',#17196,#17204,#17206,.T.);
#17204 = VERTEX_POINT('',#17205);
#17205 = CARTESIAN_POINT('',(148.,187.8,22.));
#17206 = LINE('',#17207,#17208);
#17207 = CARTESIAN_POINT('',(69.85,187.8,22.));
#17208 = VECTOR('',#17209,1.);
#17209 = DIRECTION('',(-1.,0.,0.));
#17210 = ORIENTED_EDGE('',*,*,#17211,.F.);
#17211 = EDGE_CURVE('',#17212,#17204,#17214,.T.);
#17212 = VERTEX_POINT('',#17213);
#17213 = CARTESIAN_POINT('',(148.,186.,22.));
#17214 = LINE('',#17215,#17216);
#17215 = CARTESIAN_POINT('',(148.,93.,22.));
#17216 = VECTOR('',#17217,1.);
#17217 = DIRECTION('',(0.,1.,0.));
#17218 = ORIENTED_EDGE('',*,*,#17219,.T.);
#17219 = EDGE_CURVE('',#17212,#17220,#17222,.T.);
#17220 = VERTEX_POINT('',#17221);
#17221 = CARTESIAN_POINT('',(114.,186.,22.));
#17222 = LINE('',#17223,#17224);
#17223 = CARTESIAN_POINT('',(57.,186.,22.));
#17224 = VECTOR('',#17225,1.);
#17225 = DIRECTION('',(-1.,0.,0.));
#17226 = ORIENTED_EDGE('',*,*,#17227,.T.);
#17227 = EDGE_CURVE('',#17220,#17228,#17230,.T.);
#17228 = VERTEX_POINT('',#17229);
#17229 = CARTESIAN_POINT('',(114.,190.,22.));
#17230 = LINE('',#17231,#17232);
#17231 = CARTESIAN_POINT('',(114.,93.,22.));
#17232 = VECTOR('',#17233,1.);
#17233 = DIRECTION('',(0.,1.,0.));
#17234 = ORIENTED_EDGE('',*,*,#17235,.F.);
#17235 = EDGE_CURVE('',#17236,#17228,#17238,.T.);
#17236 = VERTEX_POINT('',#17237);
#17237 = CARTESIAN_POINT('',(56.3,190.,22.));
#17238 = LINE('',#17239,#17240);
#17239 = CARTESIAN_POINT('',(0.,190.,22.));
#17240 = VECTOR('',#17241,1.);
#17241 = DIRECTION('',(1.,0.,0.));
#17242 = ORIENTED_EDGE('',*,*,#17243,.F.);
#17243 = EDGE_CURVE('',#17244,#17236,#17246,.T.);
#17244 = VERTEX_POINT('',#17245);
#17245 = CARTESIAN_POINT('',(56.3,187.8,22.));
#17246 = LINE('',#17247,#17248);
#17247 = CARTESIAN_POINT('',(56.3,93.9,22.));
#17248 = VECTOR('',#17249,1.);
#17249 = DIRECTION('',(0.,1.,0.));
#17250 = ORIENTED_EDGE('',*,*,#17251,.T.);
#17251 = EDGE_CURVE('',#17244,#17252,#17254,.T.);
#17252 = VERTEX_POINT('',#17253);
#17253 = CARTESIAN_POINT('',(47.8,187.8,22.));
#17254 = LINE('',#17255,#17256);
#17255 = CARTESIAN_POINT('',(9.85,187.8,22.));
#17256 = VECTOR('',#17257,1.);
#17257 = DIRECTION('',(-1.,0.,0.));
#17258 = ORIENTED_EDGE('',*,*,#17259,.F.);
#17259 = EDGE_CURVE('',#17260,#17252,#17262,.T.);
#17260 = VERTEX_POINT('',#17261);
#17261 = CARTESIAN_POINT('',(47.8,183.7,22.));
#17262 = LINE('',#17263,#17264);
#17263 = CARTESIAN_POINT('',(47.8,91.85,22.));
#17264 = VECTOR('',#17265,1.);
#17265 = DIRECTION('',(0.,1.,0.));
#17266 = ORIENTED_EDGE('',*,*,#17267,.T.);
#17267 = EDGE_CURVE('',#17260,#17268,#17270,.T.);
#17268 = VERTEX_POINT('',#17269);
#17269 = CARTESIAN_POINT('',(28.2,183.7,22.));
#17270 = LINE('',#17271,#17272);
#17271 = CARTESIAN_POINT('',(14.1,183.7,22.));
#17272 = VECTOR('',#17273,1.);
#17273 = DIRECTION('',(-1.,0.,0.));
#17274 = ORIENTED_EDGE('',*,*,#17275,.T.);
#17275 = EDGE_CURVE('',#17268,#17276,#17278,.T.);
#17276 = VERTEX_POINT('',#17277);
#17277 = CARTESIAN_POINT('',(28.2,187.8,22.));
#17278 = LINE('',#17279,#17280);
#17279 = CARTESIAN_POINT('',(28.2,91.85,22.));
#17280 = VECTOR('',#17281,1.);
#17281 = DIRECTION('',(0.,1.,0.));
#17282 = ORIENTED_EDGE('',*,*,#17283,.T.);
#17283 = EDGE_CURVE('',#17276,#17284,#17286,.T.);
#17284 = VERTEX_POINT('',#17285);
#17285 = CARTESIAN_POINT('',(19.7,187.8,22.));
#17286 = LINE('',#17287,#17288);
#17287 = CARTESIAN_POINT('',(9.85,187.8,22.));
#17288 = VECTOR('',#17289,1.);
#17289 = DIRECTION('',(-1.,0.,0.));
#17290 = ORIENTED_EDGE('',*,*,#17291,.T.);
#17291 = EDGE_CURVE('',#17284,#17121,#17292,.T.);
#17292 = LINE('',#17293,#17294);
#17293 = CARTESIAN_POINT('',(19.7,93.9,22.));
#17294 = VECTOR('',#17295,1.);
#17295 = DIRECTION('',(0.,1.,0.));
#17296 = FACE_BOUND('',#17297,.F.);
#17297 = EDGE_LOOP('',(#17298,#17308,#17316,#17324,#17332,#17340));
#17298 = ORIENTED_EDGE('',*,*,#17299,.F.);
#17299 = EDGE_CURVE('',#17300,#17302,#17304,.T.);
#17300 = VERTEX_POINT('',#17301);
#17301 = CARTESIAN_POINT('',(10.9,9.67431578065,22.));
#17302 = VERTEX_POINT('',#17303);
#17303 = CARTESIAN_POINT('',(8.,11.3486315613,22.));
#17304 = LINE('',#17305,#17306);
#17305 = CARTESIAN_POINT('',(10.9,9.67431578065,22.));
#17306 = VECTOR('',#17307,1.);
#17307 = DIRECTION('',(-0.866025403784,0.5,0.));
#17308 = ORIENTED_EDGE('',*,*,#17309,.F.);
#17309 = EDGE_CURVE('',#17310,#17300,#17312,.T.);
#17310 = VERTEX_POINT('',#17311);
#17311 = CARTESIAN_POINT('',(10.9,6.32568421935,22.));
#17312 = LINE('',#17313,#17314);
#17313 = CARTESIAN_POINT('',(10.9,6.32568421935,22.));
#17314 = VECTOR('',#17315,1.);
#17315 = DIRECTION('',(5.304724652093E-16,1.,0.));
#17316 = ORIENTED_EDGE('',*,*,#17317,.F.);
#17317 = EDGE_CURVE('',#17318,#17310,#17320,.T.);
#17318 = VERTEX_POINT('',#17319);
#17319 = CARTESIAN_POINT('',(8.,4.6513684387,22.));
#17320 = LINE('',#17321,#17322);
#17321 = CARTESIAN_POINT('',(8.,4.6513684387,22.));
#17322 = VECTOR('',#17323,1.);
#17323 = DIRECTION('',(0.866025403784,0.5,0.));
#17324 = ORIENTED_EDGE('',*,*,#17325,.F.);
#17325 = EDGE_CURVE('',#17326,#17318,#17328,.T.);
#17326 = VERTEX_POINT('',#17327);
#17327 = CARTESIAN_POINT('',(5.1,6.32568421935,22.));
#17328 = LINE('',#17329,#17330);
#17329 = CARTESIAN_POINT('',(5.1,6.32568421935,22.));
#17330 = VECTOR('',#17331,1.);
#17331 = DIRECTION('',(0.866025403784,-0.5,0.));
#17332 = ORIENTED_EDGE('',*,*,#17333,.F.);
#17333 = EDGE_CURVE('',#17334,#17326,#17336,.T.);
#17334 = VERTEX_POINT('',#17335);
#17335 = CARTESIAN_POINT('',(5.1,9.67431578065,22.));
#17336 = LINE('',#17337,#17338);
#17337 = CARTESIAN_POINT('',(5.1,9.67431578065,22.));
#17338 = VECTOR('',#17339,1.);
#17339 = DIRECTION('',(0.,-1.,0.));
#17340 = ORIENTED_EDGE('',*,*,#17341,.F.);
#17341 = EDGE_CURVE('',#17302,#17334,#17342,.T.);
#17342 = LINE('',#17343,#17344);
#17343 = CARTESIAN_POINT('',(8.,11.3486315613,22.));
#17344 = VECTOR('',#17345,1.);
#17345 = DIRECTION('',(-0.866025403784,-0.5,0.));
#17346 = FACE_BOUND('',#17347,.F.);
#17347 = EDGE_LOOP('',(#17348,#17358,#17366,#17374,#17382,#17390));
#17348 = ORIENTED_EDGE('',*,*,#17349,.F.);
#17349 = EDGE_CURVE('',#17350,#17352,#17354,.T.);
#17350 = VERTEX_POINT('',#17351);
#17351 = CARTESIAN_POINT('',(10.9,96.67431578065,22.));
#17352 = VERTEX_POINT('',#17353);
#17353 = CARTESIAN_POINT('',(8.,98.3486315613,22.));
#17354 = LINE('',#17355,#17356);
#17355 = CARTESIAN_POINT('',(10.9,96.67431578065,22.));
#17356 = VECTOR('',#17357,1.);
#17357 = DIRECTION('',(-0.866025403784,0.5,0.));
#17358 = ORIENTED_EDGE('',*,*,#17359,.F.);
#17359 = EDGE_CURVE('',#17360,#17350,#17362,.T.);
#17360 = VERTEX_POINT('',#17361);
#17361 = CARTESIAN_POINT('',(10.9,93.32568421935,22.));
#17362 = LINE('',#17363,#17364);
#17363 = CARTESIAN_POINT('',(10.9,93.32568421935,22.));
#17364 = VECTOR('',#17365,1.);
#17365 = DIRECTION('',(5.304724652093E-16,1.,0.));
#17366 = ORIENTED_EDGE('',*,*,#17367,.F.);
#17367 = EDGE_CURVE('',#17368,#17360,#17370,.T.);
#17368 = VERTEX_POINT('',#17369);
#17369 = CARTESIAN_POINT('',(8.,91.6513684387,22.));
#17370 = LINE('',#17371,#17372);
#17371 = CARTESIAN_POINT('',(8.,91.6513684387,22.));
#17372 = VECTOR('',#17373,1.);
#17373 = DIRECTION('',(0.866025403784,0.5,0.));
#17374 = ORIENTED_EDGE('',*,*,#17375,.F.);
#17375 = EDGE_CURVE('',#17376,#17368,#17378,.T.);
#17376 = VERTEX_POINT('',#17377);
#17377 = CARTESIAN_POINT('',(5.1,93.32568421935,22.));
#17378 = LINE('',#17379,#17380);
#17379 = CARTESIAN_POINT('',(5.1,93.32568421935,22.));
#17380 = VECTOR('',#17381,1.);
#17381 = DIRECTION('',(0.866025403784,-0.5,0.));
#17382 = ORIENTED_EDGE('',*,*,#17383,.F.);
#17383 = EDGE_CURVE('',#17384,#17376,#17386,.T.);
#17384 = VERTEX_POINT('',#17385);
#17385 = CARTESIAN_POINT('',(5.1,96.67431578065,22.));
#17386 = LINE('',#17387,#17388);
#17387 = CARTESIAN_POINT('',(5.1,96.67431578065,22.));
#17388 = VECTOR('',#17389,1.);
#17389 = DIRECTION('',(0.,-1.,0.));
#17390 = ORIENTED_EDGE('',*,*,#17391,.F.);
#17391 = EDGE_CURVE('',#17352,#17384,#17392,.T.);
#17392 = LINE('',#17393,#17394);
#17393 = CARTESIAN_POINT('',(8.,98.3486315613,22.));
#17394 = VECTOR('',#17395,1.);
#17395 = DIRECTION('',(-0.866025403784,-0.5,0.));
#17396 = FACE_BOUND('',#17397,.F.);
#17397 = EDGE_LOOP('',(#17398,#17408,#17416,#17424,#17432,#17440));
#17398 = ORIENTED_EDGE('',*,*,#17399,.F.);
#17399 = EDGE_CURVE('',#17400,#17402,#17404,.T.);
#17400 = VERTEX_POINT('',#17401);
#17401 = CARTESIAN_POINT('',(190.9,9.67431578065,22.));
#17402 = VERTEX_POINT('',#17403);
#17403 = CARTESIAN_POINT('',(188.,11.3486315613,22.));
#17404 = LINE('',#17405,#17406);
#17405 = CARTESIAN_POINT('',(190.9,9.67431578065,22.));
#17406 = VECTOR('',#17407,1.);
#17407 = DIRECTION('',(-0.866025403784,0.5,0.));
#17408 = ORIENTED_EDGE('',*,*,#17409,.F.);
#17409 = EDGE_CURVE('',#17410,#17400,#17412,.T.);
#17410 = VERTEX_POINT('',#17411);
#17411 = CARTESIAN_POINT('',(190.9,6.32568421935,22.));
#17412 = LINE('',#17413,#17414);
#17413 = CARTESIAN_POINT('',(190.9,6.32568421935,22.));
#17414 = VECTOR('',#17415,1.);
#17415 = DIRECTION('',(0.,1.,0.));
#17416 = ORIENTED_EDGE('',*,*,#17417,.F.);
#17417 = EDGE_CURVE('',#17418,#17410,#17420,.T.);
#17418 = VERTEX_POINT('',#17419);
#17419 = CARTESIAN_POINT('',(188.,4.6513684387,22.));
#17420 = LINE('',#17421,#17422);
#17421 = CARTESIAN_POINT('',(188.,4.6513684387,22.));
#17422 = VECTOR('',#17423,1.);
#17423 = DIRECTION('',(0.866025403784,0.5,0.));
#17424 = ORIENTED_EDGE('',*,*,#17425,.F.);
#17425 = EDGE_CURVE('',#17426,#17418,#17428,.T.);
#17426 = VERTEX_POINT('',#17427);
#17427 = CARTESIAN_POINT('',(185.1,6.32568421935,22.));
#17428 = LINE('',#17429,#17430);
#17429 = CARTESIAN_POINT('',(185.1,6.32568421935,22.));
#17430 = VECTOR('',#17431,1.);
#17431 = DIRECTION('',(0.866025403784,-0.5,0.));
#17432 = ORIENTED_EDGE('',*,*,#17433,.F.);
#17433 = EDGE_CURVE('',#17434,#17426,#17436,.T.);
#17434 = VERTEX_POINT('',#17435);
#17435 = CARTESIAN_POINT('',(185.1,9.67431578065,22.));
#17436 = LINE('',#17437,#17438);
#17437 = CARTESIAN_POINT('',(185.1,9.67431578065,22.));
#17438 = VECTOR('',#17439,1.);
#17439 = DIRECTION('',(0.,-1.,0.));
#17440 = ORIENTED_EDGE('',*,*,#17441,.F.);
#17441 = EDGE_CURVE('',#17402,#17434,#17442,.T.);
#17442 = LINE('',#17443,#17444);
#17443 = CARTESIAN_POINT('',(188.,11.3486315613,22.));
#17444 = VECTOR('',#17445,1.);
#17445 = DIRECTION('',(-0.866025403784,-0.5,0.));
#17446 = FACE_BOUND('',#17447,.F.);
#17447 = EDGE_LOOP('',(#17448,#17458,#17466,#17474));
#17448 = ORIENTED_EDGE('',*,*,#17449,.T.);
#17449 = EDGE_CURVE('',#17450,#17452,#17454,.T.);
#17450 = VERTEX_POINT('',#17451);
#17451 = CARTESIAN_POINT('',(154.,63.,22.));
#17452 = VERTEX_POINT('',#17453);
#17453 = CARTESIAN_POINT('',(42.,63.,22.));
#17454 = LINE('',#17455,#17456);
#17455 = CARTESIAN_POINT('',(21.,63.,22.));
#17456 = VECTOR('',#17457,1.);
#17457 = DIRECTION('',(-1.,0.,0.));
#17458 = ORIENTED_EDGE('',*,*,#17459,.T.);
#17459 = EDGE_CURVE('',#17452,#17460,#17462,.T.);
#17460 = VERTEX_POINT('',#17461);
#17461 = CARTESIAN_POINT('',(42.,127.,22.));
#17462 = LINE('',#17463,#17464);
#17463 = CARTESIAN_POINT('',(42.,31.5,22.));
#17464 = VECTOR('',#17465,1.);
#17465 = DIRECTION('',(0.,1.,0.));
#17466 = ORIENTED_EDGE('',*,*,#17467,.F.);
#17467 = EDGE_CURVE('',#17468,#17460,#17470,.T.);
#17468 = VERTEX_POINT('',#17469);
#17469 = CARTESIAN_POINT('',(154.,127.,22.));
#17470 = LINE('',#17471,#17472);
#17471 = CARTESIAN_POINT('',(21.,127.,22.));
#17472 = VECTOR('',#17473,1.);
#17473 = DIRECTION('',(-1.,0.,0.));
#17474 = ORIENTED_EDGE('',*,*,#17475,.F.);
#17475 = EDGE_CURVE('',#17450,#17468,#17476,.T.);
#17476 = LINE('',#17477,#17478);
#17477 = CARTESIAN_POINT('',(154.,31.5,22.));
#17478 = VECTOR('',#17479,1.);
#17479 = DIRECTION('',(0.,1.,0.));
#17480 = FACE_BOUND('',#17481,.F.);
#17481 = EDGE_LOOP('',(#17482,#17492,#17500,#17508,#17516,#17524));
#17482 = ORIENTED_EDGE('',*,*,#17483,.F.);
#17483 = EDGE_CURVE('',#17484,#17486,#17488,.T.);
#17484 = VERTEX_POINT('',#17485);
#17485 = CARTESIAN_POINT('',(190.9,96.67431578065,22.));
#17486 = VERTEX_POINT('',#17487);
#17487 = CARTESIAN_POINT('',(188.,98.3486315613,22.));
#17488 = LINE('',#17489,#17490);
#17489 = CARTESIAN_POINT('',(190.9,96.67431578065,22.));
#17490 = VECTOR('',#17491,1.);
#17491 = DIRECTION('',(-0.866025403784,0.5,0.));
#17492 = ORIENTED_EDGE('',*,*,#17493,.F.);
#17493 = EDGE_CURVE('',#17494,#17484,#17496,.T.);
#17494 = VERTEX_POINT('',#17495);
#17495 = CARTESIAN_POINT('',(190.9,93.32568421935,22.));
#17496 = LINE('',#17497,#17498);
#17497 = CARTESIAN_POINT('',(190.9,93.32568421935,22.));
#17498 = VECTOR('',#17499,1.);
#17499 = DIRECTION('',(0.,1.,0.));
#17500 = ORIENTED_EDGE('',*,*,#17501,.F.);
#17501 = EDGE_CURVE('',#17502,#17494,#17504,.T.);
#17502 = VERTEX_POINT('',#17503);
#17503 = CARTESIAN_POINT('',(188.,91.6513684387,22.));
#17504 = LINE('',#17505,#17506);
#17505 = CARTESIAN_POINT('',(188.,91.6513684387,22.));
#17506 = VECTOR('',#17507,1.);
#17507 = DIRECTION('',(0.866025403784,0.5,0.));
#17508 = ORIENTED_EDGE('',*,*,#17509,.F.);
#17509 = EDGE_CURVE('',#17510,#17502,#17512,.T.);
#17510 = VERTEX_POINT('',#17511);
#17511 = CARTESIAN_POINT('',(185.1,93.32568421935,22.));
#17512 = LINE('',#17513,#17514);
#17513 = CARTESIAN_POINT('',(185.1,93.32568421935,22.));
#17514 = VECTOR('',#17515,1.);
#17515 = DIRECTION('',(0.866025403784,-0.5,0.));
#17516 = ORIENTED_EDGE('',*,*,#17517,.F.);
#17517 = EDGE_CURVE('',#17518,#17510,#17520,.T.);
#17518 = VERTEX_POINT('',#17519);
#17519 = CARTESIAN_POINT('',(185.1,96.67431578065,22.));
#17520 = LINE('',#17521,#17522);
#17521 = CARTESIAN_POINT('',(185.1,96.67431578065,22.));
#17522 = VECTOR('',#17523,1.);
#17523 = DIRECTION('',(0.,-1.,0.));
#17524 = ORIENTED_EDGE('',*,*,#17525,.F.);
#17525 = EDGE_CURVE('',#17486,#17518,#17526,.T.);
#17526 = LINE('',#17527,#17528);
#17527 = CARTESIAN_POINT('',(188.,98.3486315613,22.));
#17528 = VECTOR('',#17529,1.);
#17529 = DIRECTION('',(-0.866025403784,-0.5,0.));
#17530 = FACE_BOUND('',#17531,.F.);
#17531 = EDGE_LOOP('',(#17532,#17542,#17550,#17558,#17566,#17574));
#17532 = ORIENTED_EDGE('',*,*,#17533,.F.);
#17533 = EDGE_CURVE('',#17534,#17536,#17538,.T.);
#17534 = VERTEX_POINT('',#17535);
#17535 = CARTESIAN_POINT('',(10.9,183.67431578065,22.));
#17536 = VERTEX_POINT('',#17537);
#17537 = CARTESIAN_POINT('',(8.,185.3486315613,22.));
#17538 = LINE('',#17539,#17540);
#17539 = CARTESIAN_POINT('',(10.9,183.67431578065,22.));
#17540 = VECTOR('',#17541,1.);
#17541 = DIRECTION('',(-0.866025403784,0.5,0.));
#17542 = ORIENTED_EDGE('',*,*,#17543,.F.);
#17543 = EDGE_CURVE('',#17544,#17534,#17546,.T.);
#17544 = VERTEX_POINT('',#17545);
#17545 = CARTESIAN_POINT('',(10.9,180.32568421935,22.));
#17546 = LINE('',#17547,#17548);
#17547 = CARTESIAN_POINT('',(10.9,180.32568421935,22.));
#17548 = VECTOR('',#17549,1.);
#17549 = DIRECTION('',(5.304724652093E-16,1.,0.));
#17550 = ORIENTED_EDGE('',*,*,#17551,.F.);
#17551 = EDGE_CURVE('',#17552,#17544,#17554,.T.);
#17552 = VERTEX_POINT('',#17553);
#17553 = CARTESIAN_POINT('',(8.,178.6513684387,22.));
#17554 = LINE('',#17555,#17556);
#17555 = CARTESIAN_POINT('',(8.,178.6513684387,22.));
#17556 = VECTOR('',#17557,1.);
#17557 = DIRECTION('',(0.866025403784,0.5,0.));
#17558 = ORIENTED_EDGE('',*,*,#17559,.F.);
#17559 = EDGE_CURVE('',#17560,#17552,#17562,.T.);
#17560 = VERTEX_POINT('',#17561);
#17561 = CARTESIAN_POINT('',(5.1,180.32568421935,22.));
#17562 = LINE('',#17563,#17564);
#17563 = CARTESIAN_POINT('',(5.1,180.32568421935,22.));
#17564 = VECTOR('',#17565,1.);
#17565 = DIRECTION('',(0.866025403784,-0.5,0.));
#17566 = ORIENTED_EDGE('',*,*,#17567,.F.);
#17567 = EDGE_CURVE('',#17568,#17560,#17570,.T.);
#17568 = VERTEX_POINT('',#17569);
#17569 = CARTESIAN_POINT('',(5.1,183.67431578065,22.));
#17570 = LINE('',#17571,#17572);
#17571 = CARTESIAN_POINT('',(5.1,183.67431578065,22.));
#17572 = VECTOR('',#17573,1.);
#17573 = DIRECTION('',(0.,-1.,0.));
#17574 = ORIENTED_EDGE('',*,*,#17575,.F.);
#17575 = EDGE_CURVE('',#17536,#17568,#17576,.T.);
#17576 = LINE('',#17577,#17578);
#17577 = CARTESIAN_POINT('',(8.,185.3486315613,22.));
#17578 = VECTOR('',#17579,1.);
#17579 = DIRECTION('',(-0.866025403784,-0.5,0.));
#17580 = FACE_BOUND('',#17581,.F.);
#17581 = EDGE_LOOP('',(#17582,#17592,#17600,#17608,#17616,#17624));
#17582 = ORIENTED_EDGE('',*,*,#17583,.F.);
#17583 = EDGE_CURVE('',#17584,#17586,#17588,.T.);
#17584 = VERTEX_POINT('',#17585);
#17585 = CARTESIAN_POINT('',(190.9,183.67431578065,22.));
#17586 = VERTEX_POINT('',#17587);
#17587 = CARTESIAN_POINT('',(188.,185.3486315613,22.));
#17588 = LINE('',#17589,#17590);
#17589 = CARTESIAN_POINT('',(190.9,183.67431578065,22.));
#17590 = VECTOR('',#17591,1.);
#17591 = DIRECTION('',(-0.866025403784,0.5,0.));
#17592 = ORIENTED_EDGE('',*,*,#17593,.F.);
#17593 = EDGE_CURVE('',#17594,#17584,#17596,.T.);
#17594 = VERTEX_POINT('',#17595);
#17595 = CARTESIAN_POINT('',(190.9,180.32568421935,22.));
#17596 = LINE('',#17597,#17598);
#17597 = CARTESIAN_POINT('',(190.9,180.32568421935,22.));
#17598 = VECTOR('',#17599,1.);
#17599 = DIRECTION('',(0.,1.,0.));
#17600 = ORIENTED_EDGE('',*,*,#17601,.F.);
#17601 = EDGE_CURVE('',#17602,#17594,#17604,.T.);
#17602 = VERTEX_POINT('',#17603);
#17603 = CARTESIAN_POINT('',(188.,178.6513684387,22.));
#17604 = LINE('',#17605,#17606);
#17605 = CARTESIAN_POINT('',(188.,178.6513684387,22.));
#17606 = VECTOR('',#17607,1.);
#17607 = DIRECTION('',(0.866025403784,0.5,0.));
#17608 = ORIENTED_EDGE('',*,*,#17609,.F.);
#17609 = EDGE_CURVE('',#17610,#17602,#17612,.T.);
#17610 = VERTEX_POINT('',#17611);
#17611 = CARTESIAN_POINT('',(185.1,180.32568421935,22.));
#17612 = LINE('',#17613,#17614);
#17613 = CARTESIAN_POINT('',(185.1,180.32568421935,22.));
#17614 = VECTOR('',#17615,1.);
#17615 = DIRECTION('',(0.866025403784,-0.5,0.));
#17616 = ORIENTED_EDGE('',*,*,#17617,.F.);
#17617 = EDGE_CURVE('',#17618,#17610,#17620,.T.);
#17618 = VERTEX_POINT('',#17619);
#17619 = CARTESIAN_POINT('',(185.1,183.67431578065,22.));
#17620 = LINE('',#17621,#17622);
#17621 = CARTESIAN_POINT('',(185.1,183.67431578065,22.));
#17622 = VECTOR('',#17623,1.);
#17623 = DIRECTION('',(0.,-1.,0.));
#17624 = ORIENTED_EDGE('',*,*,#17625,.F.);
#17625 = EDGE_CURVE('',#17586,#17618,#17626,.T.);
#17626 = LINE('',#17627,#17628);
#17627 = CARTESIAN_POINT('',(188.,185.3486315613,22.));
#17628 = VECTOR('',#17629,1.);
#17629 = DIRECTION('',(-0.866025403784,-0.5,0.));
#17630 = PLANE('',#17631);
#17631 = AXIS2_PLACEMENT_3D('',#17632,#17633,#17634);
#17632 = CARTESIAN_POINT('',(0.,0.,22.));
#17633 = DIRECTION('',(0.,0.,1.));
#17634 = DIRECTION('',(1.,0.,0.));
#17635 = ADVANCED_FACE('',(#17636),#17647,.T.);
#17636 = FACE_BOUND('',#17637,.T.);
#17637 = EDGE_LOOP('',(#17638,#17639,#17640,#17646));
#17638 = ORIENTED_EDGE('',*,*,#16904,.F.);
#17639 = ORIENTED_EDGE('',*,*,#17147,.T.);
#17640 = ORIENTED_EDGE('',*,*,#17641,.T.);
#17641 = EDGE_CURVE('',#17148,#16929,#17642,.T.);
#17642 = LINE('',#17643,#17644);
#17643 = CARTESIAN_POINT('',(196.,190.,22.));
#17644 = VECTOR('',#17645,1.);
#17645 = DIRECTION('',(0.,0.,1.));
#17646 = ORIENTED_EDGE('',*,*,#16928,.F.);
#17647 = PLANE('',#17648);
#17648 = AXIS2_PLACEMENT_3D('',#17649,#17650,#17651);
#17649 = CARTESIAN_POINT('',(196.,0.,22.));
#17650 = DIRECTION('',(1.,0.,0.));
#17651 = DIRECTION('',(0.,0.,1.));
#17652 = ADVANCED_FACE('',(#17653),#17664,.T.);
#17653 = FACE_BOUND('',#17654,.T.);
#17654 = EDGE_LOOP('',(#17655,#17661,#17662,#17663));
#17655 = ORIENTED_EDGE('',*,*,#17656,.F.);
#17656 = EDGE_CURVE('',#17284,#17065,#17657,.T.);
#17657 = LINE('',#17658,#17659);
#17658 = CARTESIAN_POINT('',(19.7,187.8,21.));
#17659 = VECTOR('',#17660,1.);
#17660 = DIRECTION('',(0.,0.,1.));
#17661 = ORIENTED_EDGE('',*,*,#17291,.T.);
#17662 = ORIENTED_EDGE('',*,*,#17130,.F.);
#17663 = ORIENTED_EDGE('',*,*,#17072,.F.);
#17664 = PLANE('',#17665);
#17665 = AXIS2_PLACEMENT_3D('',#17666,#17667,#17668);
#17666 = CARTESIAN_POINT('',(19.7,187.8,21.));
#17667 = DIRECTION('',(1.,0.,0.));
#17668 = DIRECTION('',(0.,0.,1.));
#17669 = ADVANCED_FACE('',(#17670),#17681,.T.);
#17670 = FACE_BOUND('',#17671,.T.);
#17671 = EDGE_LOOP('',(#17672,#17673,#17674,#17675));
#17672 = ORIENTED_EDGE('',*,*,#17283,.T.);
#17673 = ORIENTED_EDGE('',*,*,#17656,.T.);
#17674 = ORIENTED_EDGE('',*,*,#17064,.F.);
#17675 = ORIENTED_EDGE('',*,*,#17676,.F.);
#17676 = EDGE_CURVE('',#17276,#17057,#17677,.T.);
#17677 = LINE('',#17678,#17679);
#17678 = CARTESIAN_POINT('',(28.2,187.8,21.));
#17679 = VECTOR('',#17680,1.);
#17680 = DIRECTION('',(0.,0.,1.));
#17681 = PLANE('',#17682);
#17682 = AXIS2_PLACEMENT_3D('',#17683,#17684,#17685);
#17683 = CARTESIAN_POINT('',(19.7,187.8,21.));
#17684 = DIRECTION('',(0.,1.,0.));
#17685 = DIRECTION('',(0.,0.,1.));
#17686 = ADVANCED_FACE('',(#17687),#17698,.T.);
#17687 = FACE_BOUND('',#17688,.T.);
#17688 = EDGE_LOOP('',(#17689,#17695,#17696,#17697));
#17689 = ORIENTED_EDGE('',*,*,#17690,.F.);
#17690 = EDGE_CURVE('',#17268,#17049,#17691,.T.);
#17691 = LINE('',#17692,#17693);
#17692 = CARTESIAN_POINT('',(28.2,183.7,21.));
#17693 = VECTOR('',#17694,1.);
#17694 = DIRECTION('',(0.,0.,1.));
#17695 = ORIENTED_EDGE('',*,*,#17275,.T.);
#17696 = ORIENTED_EDGE('',*,*,#17676,.T.);
#17697 = ORIENTED_EDGE('',*,*,#17056,.F.);
#17698 = PLANE('',#17699);
#17699 = AXIS2_PLACEMENT_3D('',#17700,#17701,#17702);
#17700 = CARTESIAN_POINT('',(28.2,183.7,21.));
#17701 = DIRECTION('',(1.,0.,0.));
#17702 = DIRECTION('',(0.,0.,1.));
#17703 = ADVANCED_FACE('',(#17704),#17715,.T.);
#17704 = FACE_BOUND('',#17705,.T.);
#17705 = EDGE_LOOP('',(#17706,#17712,#17713,#17714));
#17706 = ORIENTED_EDGE('',*,*,#17707,.F.);
#17707 = EDGE_CURVE('',#17260,#17041,#17708,.T.);
#17708 = LINE('',#17709,#17710);
#17709 = CARTESIAN_POINT('',(47.8,183.7,21.));
#17710 = VECTOR('',#17711,1.);
#17711 = DIRECTION('',(0.,0.,1.));
#17712 = ORIENTED_EDGE('',*,*,#17267,.T.);
#17713 = ORIENTED_EDGE('',*,*,#17690,.T.);
#17714 = ORIENTED_EDGE('',*,*,#17048,.F.);
#17715 = PLANE('',#17716);
#17716 = AXIS2_PLACEMENT_3D('',#17717,#17718,#17719);
#17717 = CARTESIAN_POINT('',(28.2,183.7,21.));
#17718 = DIRECTION('',(0.,1.,0.));
#17719 = DIRECTION('',(0.,0.,1.));
#17720 = ADVANCED_FACE('',(#17721),#17732,.F.);
#17721 = FACE_BOUND('',#17722,.F.);
#17722 = EDGE_LOOP('',(#17723,#17724,#17725,#17731));
#17723 = ORIENTED_EDGE('',*,*,#17707,.F.);
#17724 = ORIENTED_EDGE('',*,*,#17259,.T.);
#17725 = ORIENTED_EDGE('',*,*,#17726,.T.);
#17726 = EDGE_CURVE('',#17252,#17033,#17727,.T.);
#17727 = LINE('',#17728,#17729);
#17728 = CARTESIAN_POINT('',(47.8,187.8,21.));
#17729 = VECTOR('',#17730,1.);
#17730 = DIRECTION('',(0.,0.,1.));
#17731 = ORIENTED_EDGE('',*,*,#17040,.F.);
#17732 = PLANE('',#17733);
#17733 = AXIS2_PLACEMENT_3D('',#17734,#17735,#17736);
#17734 = CARTESIAN_POINT('',(47.8,183.7,21.));
#17735 = DIRECTION('',(1.,0.,0.));
#17736 = DIRECTION('',(0.,0.,1.));
#17737 = ADVANCED_FACE('',(#17738),#17749,.T.);
#17738 = FACE_BOUND('',#17739,.T.);
#17739 = EDGE_LOOP('',(#17740,#17746,#17747,#17748));
#17740 = ORIENTED_EDGE('',*,*,#17741,.F.);
#17741 = EDGE_CURVE('',#17244,#17025,#17742,.T.);
#17742 = LINE('',#17743,#17744);
#17743 = CARTESIAN_POINT('',(56.3,187.8,21.));
#17744 = VECTOR('',#17745,1.);
#17745 = DIRECTION('',(0.,0.,1.));
#17746 = ORIENTED_EDGE('',*,*,#17251,.T.);
#17747 = ORIENTED_EDGE('',*,*,#17726,.T.);
#17748 = ORIENTED_EDGE('',*,*,#17032,.F.);
#17749 = PLANE('',#17750);
#17750 = AXIS2_PLACEMENT_3D('',#17751,#17752,#17753);
#17751 = CARTESIAN_POINT('',(19.7,187.8,21.));
#17752 = DIRECTION('',(0.,1.,0.));
#17753 = DIRECTION('',(0.,0.,1.));
#17754 = ADVANCED_FACE('',(#17755),#17766,.F.);
#17755 = FACE_BOUND('',#17756,.F.);
#17756 = EDGE_LOOP('',(#17757,#17758,#17759,#17765));
#17757 = ORIENTED_EDGE('',*,*,#17741,.F.);
#17758 = ORIENTED_EDGE('',*,*,#17243,.T.);
#17759 = ORIENTED_EDGE('',*,*,#17760,.F.);
#17760 = EDGE_CURVE('',#17017,#17236,#17761,.T.);
#17761 = LINE('',#17762,#17763);
#17762 = CARTESIAN_POINT('',(56.3,190.,21.5));
#17763 = VECTOR('',#17764,1.);
#17764 = DIRECTION('',(0.,0.,-1.));
#17765 = ORIENTED_EDGE('',*,*,#17024,.F.);
#17766 = PLANE('',#17767);
#17767 = AXIS2_PLACEMENT_3D('',#17768,#17769,#17770);
#17768 = CARTESIAN_POINT('',(56.3,187.8,21.));
#17769 = DIRECTION('',(1.,0.,0.));
#17770 = DIRECTION('',(0.,0.,1.));
#17771 = ADVANCED_FACE('',(#17772),#17783,.T.);
#17772 = FACE_BOUND('',#17773,.T.);
#17773 = EDGE_LOOP('',(#17774,#17775,#17776,#17777));
#17774 = ORIENTED_EDGE('',*,*,#17235,.F.);
#17775 = ORIENTED_EDGE('',*,*,#17760,.F.);
#17776 = ORIENTED_EDGE('',*,*,#17016,.T.);
#17777 = ORIENTED_EDGE('',*,*,#17778,.T.);
#17778 = EDGE_CURVE('',#17009,#17228,#17779,.T.);
#17779 = LINE('',#17780,#17781);
#17780 = CARTESIAN_POINT('',(114.,190.,21.5));
#17781 = VECTOR('',#17782,1.);
#17782 = DIRECTION('',(0.,0.,-1.));
#17783 = PLANE('',#17784);
#17784 = AXIS2_PLACEMENT_3D('',#17785,#17786,#17787);
#17785 = CARTESIAN_POINT('',(0.,190.,22.));
#17786 = DIRECTION('',(0.,1.,0.));
#17787 = DIRECTION('',(0.,0.,1.));
#17788 = ADVANCED_FACE('',(#17789),#17800,.T.);
#17789 = FACE_BOUND('',#17790,.T.);
#17790 = EDGE_LOOP('',(#17791,#17797,#17798,#17799));
#17791 = ORIENTED_EDGE('',*,*,#17792,.F.);
#17792 = EDGE_CURVE('',#17220,#17001,#17793,.T.);
#17793 = LINE('',#17794,#17795);
#17794 = CARTESIAN_POINT('',(114.,186.,21.));
#17795 = VECTOR('',#17796,1.);
#17796 = DIRECTION('',(0.,0.,1.));
#17797 = ORIENTED_EDGE('',*,*,#17227,.T.);
#17798 = ORIENTED_EDGE('',*,*,#17778,.F.);
#17799 = ORIENTED_EDGE('',*,*,#17008,.F.);
#17800 = PLANE('',#17801);
#17801 = AXIS2_PLACEMENT_3D('',#17802,#17803,#17804);
#17802 = CARTESIAN_POINT('',(114.,186.,21.));
#17803 = DIRECTION('',(1.,0.,0.));
#17804 = DIRECTION('',(0.,0.,1.));
#17805 = ADVANCED_FACE('',(#17806),#17817,.T.);
#17806 = FACE_BOUND('',#17807,.T.);
#17807 = EDGE_LOOP('',(#17808,#17814,#17815,#17816));
#17808 = ORIENTED_EDGE('',*,*,#17809,.F.);
#17809 = EDGE_CURVE('',#17212,#16993,#17810,.T.);
#17810 = LINE('',#17811,#17812);
#17811 = CARTESIAN_POINT('',(148.,186.,21.));
#17812 = VECTOR('',#17813,1.);
#17813 = DIRECTION('',(0.,0.,1.));
#17814 = ORIENTED_EDGE('',*,*,#17219,.T.);
#17815 = ORIENTED_EDGE('',*,*,#17792,.T.);
#17816 = ORIENTED_EDGE('',*,*,#17000,.F.);
#17817 = PLANE('',#17818);
#17818 = AXIS2_PLACEMENT_3D('',#17819,#17820,#17821);
#17819 = CARTESIAN_POINT('',(114.,186.,21.));
#17820 = DIRECTION('',(0.,1.,0.));
#17821 = DIRECTION('',(0.,0.,1.));
#17822 = ADVANCED_FACE('',(#17823),#17834,.F.);
#17823 = FACE_BOUND('',#17824,.F.);
#17824 = EDGE_LOOP('',(#17825,#17826,#17827,#17833));
#17825 = ORIENTED_EDGE('',*,*,#17809,.F.);
#17826 = ORIENTED_EDGE('',*,*,#17211,.T.);
#17827 = ORIENTED_EDGE('',*,*,#17828,.F.);
#17828 = EDGE_CURVE('',#16985,#17204,#17829,.T.);
#17829 = LINE('',#17830,#17831);
#17830 = CARTESIAN_POINT('',(148.,187.8,21.));
#17831 = VECTOR('',#17832,1.);
#17832 = DIRECTION('',(0.,0.,-1.));
#17833 = ORIENTED_EDGE('',*,*,#16992,.F.);
#17834 = PLANE('',#17835);
#17835 = AXIS2_PLACEMENT_3D('',#17836,#17837,#17838);
#17836 = CARTESIAN_POINT('',(148.,186.,21.));
#17837 = DIRECTION('',(1.,0.,0.));
#17838 = DIRECTION('',(0.,0.,1.));
#17839 = ADVANCED_FACE('',(#17840),#17851,.T.);
#17840 = FACE_BOUND('',#17841,.T.);
#17841 = EDGE_LOOP('',(#17842,#17848,#17849,#17850));
#17842 = ORIENTED_EDGE('',*,*,#17843,.F.);
#17843 = EDGE_CURVE('',#17196,#16977,#17844,.T.);
#17844 = LINE('',#17845,#17846);
#17845 = CARTESIAN_POINT('',(148.2,187.8,21.));
#17846 = VECTOR('',#17847,1.);
#17847 = DIRECTION('',(0.,0.,1.));
#17848 = ORIENTED_EDGE('',*,*,#17203,.T.);
#17849 = ORIENTED_EDGE('',*,*,#17828,.F.);
#17850 = ORIENTED_EDGE('',*,*,#16984,.F.);
#17851 = PLANE('',#17852);
#17852 = AXIS2_PLACEMENT_3D('',#17853,#17854,#17855);
#17853 = CARTESIAN_POINT('',(139.7,187.8,21.));
#17854 = DIRECTION('',(0.,1.,0.));
#17855 = DIRECTION('',(0.,0.,1.));
#17856 = ADVANCED_FACE('',(#17857),#17868,.T.);
#17857 = FACE_BOUND('',#17858,.T.);
#17858 = EDGE_LOOP('',(#17859,#17865,#17866,#17867));
#17859 = ORIENTED_EDGE('',*,*,#17860,.F.);
#17860 = EDGE_CURVE('',#17188,#16969,#17861,.T.);
#17861 = LINE('',#17862,#17863);
#17862 = CARTESIAN_POINT('',(148.2,183.7,21.));
#17863 = VECTOR('',#17864,1.);
#17864 = DIRECTION('',(0.,0.,1.));
#17865 = ORIENTED_EDGE('',*,*,#17195,.T.);
#17866 = ORIENTED_EDGE('',*,*,#17843,.T.);
#17867 = ORIENTED_EDGE('',*,*,#16976,.F.);
#17868 = PLANE('',#17869);
#17869 = AXIS2_PLACEMENT_3D('',#17870,#17871,#17872);
#17870 = CARTESIAN_POINT('',(148.2,183.7,21.));
#17871 = DIRECTION('',(1.,0.,0.));
#17872 = DIRECTION('',(0.,0.,1.));
#17873 = ADVANCED_FACE('',(#17874),#17885,.T.);
#17874 = FACE_BOUND('',#17875,.T.);
#17875 = EDGE_LOOP('',(#17876,#17882,#17883,#17884));
#17876 = ORIENTED_EDGE('',*,*,#17877,.F.);
#17877 = EDGE_CURVE('',#17180,#16961,#17878,.T.);
#17878 = LINE('',#17879,#17880);
#17879 = CARTESIAN_POINT('',(167.8,183.7,21.));
#17880 = VECTOR('',#17881,1.);
#17881 = DIRECTION('',(0.,0.,1.));
#17882 = ORIENTED_EDGE('',*,*,#17187,.T.);
#17883 = ORIENTED_EDGE('',*,*,#17860,.T.);
#17884 = ORIENTED_EDGE('',*,*,#16968,.F.);
#17885 = PLANE('',#17886);
#17886 = AXIS2_PLACEMENT_3D('',#17887,#17888,#17889);
#17887 = CARTESIAN_POINT('',(148.2,183.7,21.));
#17888 = DIRECTION('',(0.,1.,0.));
#17889 = DIRECTION('',(0.,0.,1.));
#17890 = ADVANCED_FACE('',(#17891),#17902,.F.);
#17891 = FACE_BOUND('',#17892,.F.);
#17892 = EDGE_LOOP('',(#17893,#17894,#17895,#17901));
#17893 = ORIENTED_EDGE('',*,*,#17877,.F.);
#17894 = ORIENTED_EDGE('',*,*,#17179,.T.);
#17895 = ORIENTED_EDGE('',*,*,#17896,.T.);
#17896 = EDGE_CURVE('',#17172,#16953,#17897,.T.);
#17897 = LINE('',#17898,#17899);
#17898 = CARTESIAN_POINT('',(167.8,187.8,21.));
#17899 = VECTOR('',#17900,1.);
#17900 = DIRECTION('',(0.,0.,1.));
#17901 = ORIENTED_EDGE('',*,*,#16960,.F.);
#17902 = PLANE('',#17903);
#17903 = AXIS2_PLACEMENT_3D('',#17904,#17905,#17906);
#17904 = CARTESIAN_POINT('',(167.8,183.7,21.));
#17905 = DIRECTION('',(1.,0.,0.));
#17906 = DIRECTION('',(0.,0.,1.));
#17907 = ADVANCED_FACE('',(#17908),#17919,.T.);
#17908 = FACE_BOUND('',#17909,.T.);
#17909 = EDGE_LOOP('',(#17910,#17916,#17917,#17918));
#17910 = ORIENTED_EDGE('',*,*,#17911,.F.);
#17911 = EDGE_CURVE('',#17164,#16945,#17912,.T.);
#17912 = LINE('',#17913,#17914);
#17913 = CARTESIAN_POINT('',(176.3,187.8,21.));
#17914 = VECTOR('',#17915,1.);
#17915 = DIRECTION('',(0.,0.,1.));
#17916 = ORIENTED_EDGE('',*,*,#17171,.T.);
#17917 = ORIENTED_EDGE('',*,*,#17896,.T.);
#17918 = ORIENTED_EDGE('',*,*,#16952,.F.);
#17919 = PLANE('',#17920);
#17920 = AXIS2_PLACEMENT_3D('',#17921,#17922,#17923);
#17921 = CARTESIAN_POINT('',(139.7,187.8,21.));
#17922 = DIRECTION('',(0.,1.,0.));
#17923 = DIRECTION('',(0.,0.,1.));
#17924 = ADVANCED_FACE('',(#17925),#17936,.F.);
#17925 = FACE_BOUND('',#17926,.F.);
#17926 = EDGE_LOOP('',(#17927,#17928,#17929,#17935));
#17927 = ORIENTED_EDGE('',*,*,#17911,.F.);
#17928 = ORIENTED_EDGE('',*,*,#17163,.T.);
#17929 = ORIENTED_EDGE('',*,*,#17930,.F.);
#17930 = EDGE_CURVE('',#16937,#17156,#17931,.T.);
#17931 = LINE('',#17932,#17933);
#17932 = CARTESIAN_POINT('',(176.3,190.,21.5));
#17933 = VECTOR('',#17934,1.);
#17934 = DIRECTION('',(0.,0.,-1.));
#17935 = ORIENTED_EDGE('',*,*,#16944,.F.);
#17936 = PLANE('',#17937);
#17937 = AXIS2_PLACEMENT_3D('',#17938,#17939,#17940);
#17938 = CARTESIAN_POINT('',(176.3,187.8,21.));
#17939 = DIRECTION('',(1.,0.,0.));
#17940 = DIRECTION('',(0.,0.,1.));
#17941 = ADVANCED_FACE('',(#17942),#17948,.T.);
#17942 = FACE_BOUND('',#17943,.T.);
#17943 = EDGE_LOOP('',(#17944,#17945,#17946,#17947));
#17944 = ORIENTED_EDGE('',*,*,#17155,.F.);
#17945 = ORIENTED_EDGE('',*,*,#17930,.F.);
#17946 = ORIENTED_EDGE('',*,*,#16936,.T.);
#17947 = ORIENTED_EDGE('',*,*,#17641,.F.);
#17948 = PLANE('',#17949);
#17949 = AXIS2_PLACEMENT_3D('',#17950,#17951,#17952);
#17950 = CARTESIAN_POINT('',(0.,190.,22.));
#17951 = DIRECTION('',(0.,1.,0.));
#17952 = DIRECTION('',(0.,0.,1.));
#17953 = ADVANCED_FACE('',(#17954),#17970,.T.);
#17954 = FACE_BOUND('',#17955,.T.);
#17955 = EDGE_LOOP('',(#17956,#17962,#17963,#17969));
#17956 = ORIENTED_EDGE('',*,*,#17957,.F.);
#17957 = EDGE_CURVE('',#17450,#17081,#17958,.T.);
#17958 = LINE('',#17959,#17960);
#17959 = CARTESIAN_POINT('',(154.,63.,21.));
#17960 = VECTOR('',#17961,1.);
#17961 = DIRECTION('',(0.,0.,1.));
#17962 = ORIENTED_EDGE('',*,*,#17449,.T.);
#17963 = ORIENTED_EDGE('',*,*,#17964,.T.);
#17964 = EDGE_CURVE('',#17452,#17083,#17965,.T.);
#17965 = LINE('',#17966,#17967);
#17966 = CARTESIAN_POINT('',(42.,63.,21.));
#17967 = VECTOR('',#17968,1.);
#17968 = DIRECTION('',(0.,0.,1.));
#17969 = ORIENTED_EDGE('',*,*,#17080,.F.);
#17970 = PLANE('',#17971);
#17971 = AXIS2_PLACEMENT_3D('',#17972,#17973,#17974);
#17972 = CARTESIAN_POINT('',(42.,63.,21.));
#17973 = DIRECTION('',(0.,1.,0.));
#17974 = DIRECTION('',(0.,0.,1.));
#17975 = ADVANCED_FACE('',(#17976),#17987,.F.);
#17976 = FACE_BOUND('',#17977,.F.);
#17977 = EDGE_LOOP('',(#17978,#17979,#17980,#17986));
#17978 = ORIENTED_EDGE('',*,*,#17957,.F.);
#17979 = ORIENTED_EDGE('',*,*,#17475,.T.);
#17980 = ORIENTED_EDGE('',*,*,#17981,.T.);
#17981 = EDGE_CURVE('',#17468,#17099,#17982,.T.);
#17982 = LINE('',#17983,#17984);
#17983 = CARTESIAN_POINT('',(154.,127.,21.));
#17984 = VECTOR('',#17985,1.);
#17985 = DIRECTION('',(0.,0.,1.));
#17986 = ORIENTED_EDGE('',*,*,#17106,.F.);
#17987 = PLANE('',#17988);
#17988 = AXIS2_PLACEMENT_3D('',#17989,#17990,#17991);
#17989 = CARTESIAN_POINT('',(154.,63.,21.));
#17990 = DIRECTION('',(1.,0.,0.));
#17991 = DIRECTION('',(0.,0.,1.));
#17992 = ADVANCED_FACE('',(#17993),#18004,.T.);
#17993 = FACE_BOUND('',#17994,.T.);
#17994 = EDGE_LOOP('',(#17995,#17996,#17997,#18003));
#17995 = ORIENTED_EDGE('',*,*,#17964,.F.);
#17996 = ORIENTED_EDGE('',*,*,#17459,.T.);
#17997 = ORIENTED_EDGE('',*,*,#17998,.T.);
#17998 = EDGE_CURVE('',#17460,#17091,#17999,.T.);
#17999 = LINE('',#18000,#18001);
#18000 = CARTESIAN_POINT('',(42.,127.,21.));
#18001 = VECTOR('',#18002,1.);
#18002 = DIRECTION('',(0.,0.,1.));
#18003 = ORIENTED_EDGE('',*,*,#17090,.F.);
#18004 = PLANE('',#18005);
#18005 = AXIS2_PLACEMENT_3D('',#18006,#18007,#18008);
#18006 = CARTESIAN_POINT('',(42.,63.,21.));
#18007 = DIRECTION('',(1.,0.,0.));
#18008 = DIRECTION('',(0.,0.,1.));
#18009 = ADVANCED_FACE('',(#18010),#18016,.F.);
#18010 = FACE_BOUND('',#18011,.F.);
#18011 = EDGE_LOOP('',(#18012,#18013,#18014,#18015));
#18012 = ORIENTED_EDGE('',*,*,#17981,.F.);
#18013 = ORIENTED_EDGE('',*,*,#17467,.T.);
#18014 = ORIENTED_EDGE('',*,*,#17998,.T.);
#18015 = ORIENTED_EDGE('',*,*,#17098,.F.);
#18016 = PLANE('',#18017);
#18017 = AXIS2_PLACEMENT_3D('',#18018,#18019,#18020);
#18018 = CARTESIAN_POINT('',(42.,127.,21.));
#18019 = DIRECTION('',(0.,1.,0.));
#18020 = DIRECTION('',(0.,0.,1.));
#18021 = ADVANCED_FACE('',(#18022),#18047,.T.);
#18022 = FACE_BOUND('',#18023,.T.);
#18023 = EDGE_LOOP('',(#18024,#18032,#18040,#18046));
#18024 = ORIENTED_EDGE('',*,*,#18025,.T.);
#18025 = EDGE_CURVE('',#17300,#18026,#18028,.T.);
#18026 = VERTEX_POINT('',#18027);
#18027 = CARTESIAN_POINT('',(10.9,9.67431578065,24.6));
#18028 = LINE('',#18029,#18030);
#18029 = CARTESIAN_POINT('',(10.9,9.67431578065,22.));
#18030 = VECTOR('',#18031,1.);
#18031 = DIRECTION('',(0.,0.,1.));
#18032 = ORIENTED_EDGE('',*,*,#18033,.T.);
#18033 = EDGE_CURVE('',#18026,#18034,#18036,.T.);
#18034 = VERTEX_POINT('',#18035);
#18035 = CARTESIAN_POINT('',(8.,11.3486315613,24.6));
#18036 = LINE('',#18037,#18038);
#18037 = CARTESIAN_POINT('',(10.9,9.67431578065,24.6));
#18038 = VECTOR('',#18039,1.);
#18039 = DIRECTION('',(-0.866025403784,0.5,0.));
#18040 = ORIENTED_EDGE('',*,*,#18041,.F.);
#18041 = EDGE_CURVE('',#17302,#18034,#18042,.T.);
#18042 = LINE('',#18043,#18044);
#18043 = CARTESIAN_POINT('',(8.,11.3486315613,22.));
#18044 = VECTOR('',#18045,1.);
#18045 = DIRECTION('',(0.,0.,1.));
#18046 = ORIENTED_EDGE('',*,*,#17299,.F.);
#18047 = PLANE('',#18048);
#18048 = AXIS2_PLACEMENT_3D('',#18049,#18050,#18051);
#18049 = CARTESIAN_POINT('',(10.9,9.67431578065,22.));
#18050 = DIRECTION('',(-0.5,-0.866025403784,0.));
#18051 = DIRECTION('',(-0.866025403784,0.5,0.));
#18052 = ADVANCED_FACE('',(#18053),#18071,.T.);
#18053 = FACE_BOUND('',#18054,.T.);
#18054 = EDGE_LOOP('',(#18055,#18063,#18069,#18070));
#18055 = ORIENTED_EDGE('',*,*,#18056,.T.);
#18056 = EDGE_CURVE('',#17310,#18057,#18059,.T.);
#18057 = VERTEX_POINT('',#18058);
#18058 = CARTESIAN_POINT('',(10.9,6.32568421935,24.6));
#18059 = LINE('',#18060,#18061);
#18060 = CARTESIAN_POINT('',(10.9,6.32568421935,22.));
#18061 = VECTOR('',#18062,1.);
#18062 = DIRECTION('',(0.,0.,1.));
#18063 = ORIENTED_EDGE('',*,*,#18064,.T.);
#18064 = EDGE_CURVE('',#18057,#18026,#18065,.T.);
#18065 = LINE('',#18066,#18067);
#18066 = CARTESIAN_POINT('',(10.9,6.32568421935,24.6));
#18067 = VECTOR('',#18068,1.);
#18068 = DIRECTION('',(5.304724652093E-16,1.,0.));
#18069 = ORIENTED_EDGE('',*,*,#18025,.F.);
#18070 = ORIENTED_EDGE('',*,*,#17309,.F.);
#18071 = PLANE('',#18072);
#18072 = AXIS2_PLACEMENT_3D('',#18073,#18074,#18075);
#18073 = CARTESIAN_POINT('',(10.9,6.32568421935,22.));
#18074 = DIRECTION('',(-1.,5.304724652093E-16,0.));
#18075 = DIRECTION('',(5.304724652093E-16,1.,0.));
#18076 = ADVANCED_FACE('',(#18077),#18095,.T.);
#18077 = FACE_BOUND('',#18078,.T.);
#18078 = EDGE_LOOP('',(#18079,#18080,#18088,#18094));
#18079 = ORIENTED_EDGE('',*,*,#18041,.T.);
#18080 = ORIENTED_EDGE('',*,*,#18081,.T.);
#18081 = EDGE_CURVE('',#18034,#18082,#18084,.T.);
#18082 = VERTEX_POINT('',#18083);
#18083 = CARTESIAN_POINT('',(5.1,9.67431578065,24.6));
#18084 = LINE('',#18085,#18086);
#18085 = CARTESIAN_POINT('',(8.,11.3486315613,24.6));
#18086 = VECTOR('',#18087,1.);
#18087 = DIRECTION('',(-0.866025403784,-0.5,0.));
#18088 = ORIENTED_EDGE('',*,*,#18089,.F.);
#18089 = EDGE_CURVE('',#17334,#18082,#18090,.T.);
#18090 = LINE('',#18091,#18092);
#18091 = CARTESIAN_POINT('',(5.1,9.67431578065,22.));
#18092 = VECTOR('',#18093,1.);
#18093 = DIRECTION('',(0.,0.,1.));
#18094 = ORIENTED_EDGE('',*,*,#17341,.F.);
#18095 = PLANE('',#18096);
#18096 = AXIS2_PLACEMENT_3D('',#18097,#18098,#18099);
#18097 = CARTESIAN_POINT('',(8.,11.3486315613,22.));
#18098 = DIRECTION('',(0.5,-0.866025403784,0.));
#18099 = DIRECTION('',(-0.866025403784,-0.5,0.));
#18100 = ADVANCED_FACE('',(#18101),#18119,.T.);
#18101 = FACE_BOUND('',#18102,.T.);
#18102 = EDGE_LOOP('',(#18103,#18111,#18117,#18118));
#18103 = ORIENTED_EDGE('',*,*,#18104,.T.);
#18104 = EDGE_CURVE('',#17318,#18105,#18107,.T.);
#18105 = VERTEX_POINT('',#18106);
#18106 = CARTESIAN_POINT('',(8.,4.6513684387,24.6));
#18107 = LINE('',#18108,#18109);
#18108 = CARTESIAN_POINT('',(8.,4.6513684387,22.));
#18109 = VECTOR('',#18110,1.);
#18110 = DIRECTION('',(0.,0.,1.));
#18111 = ORIENTED_EDGE('',*,*,#18112,.T.);
#18112 = EDGE_CURVE('',#18105,#18057,#18113,.T.);
#18113 = LINE('',#18114,#18115);
#18114 = CARTESIAN_POINT('',(8.,4.6513684387,24.6));
#18115 = VECTOR('',#18116,1.);
#18116 = DIRECTION('',(0.866025403784,0.5,0.));
#18117 = ORIENTED_EDGE('',*,*,#18056,.F.);
#18118 = ORIENTED_EDGE('',*,*,#17317,.F.);
#18119 = PLANE('',#18120);
#18120 = AXIS2_PLACEMENT_3D('',#18121,#18122,#18123);
#18121 = CARTESIAN_POINT('',(8.,4.6513684387,22.));
#18122 = DIRECTION('',(-0.5,0.866025403784,0.));
#18123 = DIRECTION('',(0.866025403784,0.5,0.));
#18124 = ADVANCED_FACE('',(#18125),#18143,.T.);
#18125 = FACE_BOUND('',#18126,.T.);
#18126 = EDGE_LOOP('',(#18127,#18128,#18136,#18142));
#18127 = ORIENTED_EDGE('',*,*,#18089,.T.);
#18128 = ORIENTED_EDGE('',*,*,#18129,.T.);
#18129 = EDGE_CURVE('',#18082,#18130,#18132,.T.);
#18130 = VERTEX_POINT('',#18131);
#18131 = CARTESIAN_POINT('',(5.1,6.32568421935,24.6));
#18132 = LINE('',#18133,#18134);
#18133 = CARTESIAN_POINT('',(5.1,9.67431578065,24.6));
#18134 = VECTOR('',#18135,1.);
#18135 = DIRECTION('',(0.,-1.,0.));
#18136 = ORIENTED_EDGE('',*,*,#18137,.F.);
#18137 = EDGE_CURVE('',#17326,#18130,#18138,.T.);
#18138 = LINE('',#18139,#18140);
#18139 = CARTESIAN_POINT('',(5.1,6.32568421935,22.));
#18140 = VECTOR('',#18141,1.);
#18141 = DIRECTION('',(0.,0.,1.));
#18142 = ORIENTED_EDGE('',*,*,#17333,.F.);
#18143 = PLANE('',#18144);
#18144 = AXIS2_PLACEMENT_3D('',#18145,#18146,#18147);
#18145 = CARTESIAN_POINT('',(5.1,9.67431578065,22.));
#18146 = DIRECTION('',(1.,0.,0.));
#18147 = DIRECTION('',(0.,-1.,0.));
#18148 = ADVANCED_FACE('',(#18149),#18160,.T.);
#18149 = FACE_BOUND('',#18150,.T.);
#18150 = EDGE_LOOP('',(#18151,#18152,#18158,#18159));
#18151 = ORIENTED_EDGE('',*,*,#18137,.T.);
#18152 = ORIENTED_EDGE('',*,*,#18153,.T.);
#18153 = EDGE_CURVE('',#18130,#18105,#18154,.T.);
#18154 = LINE('',#18155,#18156);
#18155 = CARTESIAN_POINT('',(5.1,6.32568421935,24.6));
#18156 = VECTOR('',#18157,1.);
#18157 = DIRECTION('',(0.866025403784,-0.5,0.));
#18158 = ORIENTED_EDGE('',*,*,#18104,.F.);
#18159 = ORIENTED_EDGE('',*,*,#17325,.F.);
#18160 = PLANE('',#18161);
#18161 = AXIS2_PLACEMENT_3D('',#18162,#18163,#18164);
#18162 = CARTESIAN_POINT('',(5.1,6.32568421935,22.));
#18163 = DIRECTION('',(0.5,0.866025403784,0.));
#18164 = DIRECTION('',(0.866025403784,-0.5,0.));
#18165 = ADVANCED_FACE('',(#18166),#18191,.T.);
#18166 = FACE_BOUND('',#18167,.T.);
#18167 = EDGE_LOOP('',(#18168,#18176,#18184,#18190));
#18168 = ORIENTED_EDGE('',*,*,#18169,.T.);
#18169 = EDGE_CURVE('',#17350,#18170,#18172,.T.);
#18170 = VERTEX_POINT('',#18171);
#18171 = CARTESIAN_POINT('',(10.9,96.67431578065,24.6));
#18172 = LINE('',#18173,#18174);
#18173 = CARTESIAN_POINT('',(10.9,96.67431578065,22.));
#18174 = VECTOR('',#18175,1.);
#18175 = DIRECTION('',(0.,0.,1.));
#18176 = ORIENTED_EDGE('',*,*,#18177,.T.);
#18177 = EDGE_CURVE('',#18170,#18178,#18180,.T.);
#18178 = VERTEX_POINT('',#18179);
#18179 = CARTESIAN_POINT('',(8.,98.3486315613,24.6));
#18180 = LINE('',#18181,#18182);
#18181 = CARTESIAN_POINT('',(10.9,96.67431578065,24.6));
#18182 = VECTOR('',#18183,1.);
#18183 = DIRECTION('',(-0.866025403784,0.5,0.));
#18184 = ORIENTED_EDGE('',*,*,#18185,.F.);
#18185 = EDGE_CURVE('',#17352,#18178,#18186,.T.);
#18186 = LINE('',#18187,#18188);
#18187 = CARTESIAN_POINT('',(8.,98.3486315613,22.));
#18188 = VECTOR('',#18189,1.);
#18189 = DIRECTION('',(0.,0.,1.));
#18190 = ORIENTED_EDGE('',*,*,#17349,.F.);
#18191 = PLANE('',#18192);
#18192 = AXIS2_PLACEMENT_3D('',#18193,#18194,#18195);
#18193 = CARTESIAN_POINT('',(10.9,96.67431578065,22.));
#18194 = DIRECTION('',(-0.5,-0.866025403784,0.));
#18195 = DIRECTION('',(-0.866025403784,0.5,0.));
#18196 = ADVANCED_FACE('',(#18197),#18215,.T.);
#18197 = FACE_BOUND('',#18198,.T.);
#18198 = EDGE_LOOP('',(#18199,#18207,#18213,#18214));
#18199 = ORIENTED_EDGE('',*,*,#18200,.T.);
#18200 = EDGE_CURVE('',#17360,#18201,#18203,.T.);
#18201 = VERTEX_POINT('',#18202);
#18202 = CARTESIAN_POINT('',(10.9,93.32568421935,24.6));
#18203 = LINE('',#18204,#18205);
#18204 = CARTESIAN_POINT('',(10.9,93.32568421935,22.));
#18205 = VECTOR('',#18206,1.);
#18206 = DIRECTION('',(0.,0.,1.));
#18207 = ORIENTED_EDGE('',*,*,#18208,.T.);
#18208 = EDGE_CURVE('',#18201,#18170,#18209,.T.);
#18209 = LINE('',#18210,#18211);
#18210 = CARTESIAN_POINT('',(10.9,93.32568421935,24.6));
#18211 = VECTOR('',#18212,1.);
#18212 = DIRECTION('',(5.304724652093E-16,1.,0.));
#18213 = ORIENTED_EDGE('',*,*,#18169,.F.);
#18214 = ORIENTED_EDGE('',*,*,#17359,.F.);
#18215 = PLANE('',#18216);
#18216 = AXIS2_PLACEMENT_3D('',#18217,#18218,#18219);
#18217 = CARTESIAN_POINT('',(10.9,93.32568421935,22.));
#18218 = DIRECTION('',(-1.,5.304724652093E-16,0.));
#18219 = DIRECTION('',(5.304724652093E-16,1.,0.));
#18220 = ADVANCED_FACE('',(#18221),#18239,.T.);
#18221 = FACE_BOUND('',#18222,.T.);
#18222 = EDGE_LOOP('',(#18223,#18224,#18232,#18238));
#18223 = ORIENTED_EDGE('',*,*,#18185,.T.);
#18224 = ORIENTED_EDGE('',*,*,#18225,.T.);
#18225 = EDGE_CURVE('',#18178,#18226,#18228,.T.);
#18226 = VERTEX_POINT('',#18227);
#18227 = CARTESIAN_POINT('',(5.1,96.67431578065,24.6));
#18228 = LINE('',#18229,#18230);
#18229 = CARTESIAN_POINT('',(8.,98.3486315613,24.6));
#18230 = VECTOR('',#18231,1.);
#18231 = DIRECTION('',(-0.866025403784,-0.5,0.));
#18232 = ORIENTED_EDGE('',*,*,#18233,.F.);
#18233 = EDGE_CURVE('',#17384,#18226,#18234,.T.);
#18234 = LINE('',#18235,#18236);
#18235 = CARTESIAN_POINT('',(5.1,96.67431578065,22.));
#18236 = VECTOR('',#18237,1.);
#18237 = DIRECTION('',(0.,0.,1.));
#18238 = ORIENTED_EDGE('',*,*,#17391,.F.);
#18239 = PLANE('',#18240);
#18240 = AXIS2_PLACEMENT_3D('',#18241,#18242,#18243);
#18241 = CARTESIAN_POINT('',(8.,98.3486315613,22.));
#18242 = DIRECTION('',(0.5,-0.866025403784,0.));
#18243 = DIRECTION('',(-0.866025403784,-0.5,0.));
#18244 = ADVANCED_FACE('',(#18245),#18263,.T.);
#18245 = FACE_BOUND('',#18246,.T.);
#18246 = EDGE_LOOP('',(#18247,#18255,#18261,#18262));
#18247 = ORIENTED_EDGE('',*,*,#18248,.T.);
#18248 = EDGE_CURVE('',#17368,#18249,#18251,.T.);
#18249 = VERTEX_POINT('',#18250);
#18250 = CARTESIAN_POINT('',(8.,91.6513684387,24.6));
#18251 = LINE('',#18252,#18253);
#18252 = CARTESIAN_POINT('',(8.,91.6513684387,22.));
#18253 = VECTOR('',#18254,1.);
#18254 = DIRECTION('',(0.,0.,1.));
#18255 = ORIENTED_EDGE('',*,*,#18256,.T.);
#18256 = EDGE_CURVE('',#18249,#18201,#18257,.T.);
#18257 = LINE('',#18258,#18259);
#18258 = CARTESIAN_POINT('',(8.,91.6513684387,24.6));
#18259 = VECTOR('',#18260,1.);
#18260 = DIRECTION('',(0.866025403784,0.5,0.));
#18261 = ORIENTED_EDGE('',*,*,#18200,.F.);
#18262 = ORIENTED_EDGE('',*,*,#17367,.F.);
#18263 = PLANE('',#18264);
#18264 = AXIS2_PLACEMENT_3D('',#18265,#18266,#18267);
#18265 = CARTESIAN_POINT('',(8.,91.6513684387,22.));
#18266 = DIRECTION('',(-0.5,0.866025403784,0.));
#18267 = DIRECTION('',(0.866025403784,0.5,0.));
#18268 = ADVANCED_FACE('',(#18269),#18287,.T.);
#18269 = FACE_BOUND('',#18270,.T.);
#18270 = EDGE_LOOP('',(#18271,#18272,#18280,#18286));
#18271 = ORIENTED_EDGE('',*,*,#18233,.T.);
#18272 = ORIENTED_EDGE('',*,*,#18273,.T.);
#18273 = EDGE_CURVE('',#18226,#18274,#18276,.T.);
#18274 = VERTEX_POINT('',#18275);
#18275 = CARTESIAN_POINT('',(5.1,93.32568421935,24.6));
#18276 = LINE('',#18277,#18278);
#18277 = CARTESIAN_POINT('',(5.1,96.67431578065,24.6));
#18278 = VECTOR('',#18279,1.);
#18279 = DIRECTION('',(0.,-1.,0.));
#18280 = ORIENTED_EDGE('',*,*,#18281,.F.);
#18281 = EDGE_CURVE('',#17376,#18274,#18282,.T.);
#18282 = LINE('',#18283,#18284);
#18283 = CARTESIAN_POINT('',(5.1,93.32568421935,22.));
#18284 = VECTOR('',#18285,1.);
#18285 = DIRECTION('',(0.,0.,1.));
#18286 = ORIENTED_EDGE('',*,*,#17383,.F.);
#18287 = PLANE('',#18288);
#18288 = AXIS2_PLACEMENT_3D('',#18289,#18290,#18291);
#18289 = CARTESIAN_POINT('',(5.1,96.67431578065,22.));
#18290 = DIRECTION('',(1.,0.,0.));
#18291 = DIRECTION('',(0.,-1.,0.));
#18292 = ADVANCED_FACE('',(#18293),#18304,.T.);
#18293 = FACE_BOUND('',#18294,.T.);
#18294 = EDGE_LOOP('',(#18295,#18296,#18302,#18303));
#18295 = ORIENTED_EDGE('',*,*,#18281,.T.);
#18296 = ORIENTED_EDGE('',*,*,#18297,.T.);
#18297 = EDGE_CURVE('',#18274,#18249,#18298,.T.);
#18298 = LINE('',#18299,#18300);
#18299 = CARTESIAN_POINT('',(5.1,93.32568421935,24.6));
#18300 = VECTOR('',#18301,1.);
#18301 = DIRECTION('',(0.866025403784,-0.5,0.));
#18302 = ORIENTED_EDGE('',*,*,#18248,.F.);
#18303 = ORIENTED_EDGE('',*,*,#17375,.F.);
#18304 = PLANE('',#18305);
#18305 = AXIS2_PLACEMENT_3D('',#18306,#18307,#18308);
#18306 = CARTESIAN_POINT('',(5.1,93.32568421935,22.));
#18307 = DIRECTION('',(0.5,0.866025403784,0.));
#18308 = DIRECTION('',(0.866025403784,-0.5,0.));
#18309 = ADVANCED_FACE('',(#18310),#18335,.T.);
#18310 = FACE_BOUND('',#18311,.T.);
#18311 = EDGE_LOOP('',(#18312,#18320,#18328,#18334));
#18312 = ORIENTED_EDGE('',*,*,#18313,.T.);
#18313 = EDGE_CURVE('',#17400,#18314,#18316,.T.);
#18314 = VERTEX_POINT('',#18315);
#18315 = CARTESIAN_POINT('',(190.9,9.67431578065,24.6));
#18316 = LINE('',#18317,#18318);
#18317 = CARTESIAN_POINT('',(190.9,9.67431578065,22.));
#18318 = VECTOR('',#18319,1.);
#18319 = DIRECTION('',(0.,0.,1.));
#18320 = ORIENTED_EDGE('',*,*,#18321,.T.);
#18321 = EDGE_CURVE('',#18314,#18322,#18324,.T.);
#18322 = VERTEX_POINT('',#18323);
#18323 = CARTESIAN_POINT('',(188.,11.3486315613,24.6));
#18324 = LINE('',#18325,#18326);
#18325 = CARTESIAN_POINT('',(190.9,9.67431578065,24.6));
#18326 = VECTOR('',#18327,1.);
#18327 = DIRECTION('',(-0.866025403784,0.5,0.));
#18328 = ORIENTED_EDGE('',*,*,#18329,.F.);
#18329 = EDGE_CURVE('',#17402,#18322,#18330,.T.);
#18330 = LINE('',#18331,#18332);
#18331 = CARTESIAN_POINT('',(188.,11.3486315613,22.));
#18332 = VECTOR('',#18333,1.);
#18333 = DIRECTION('',(0.,0.,1.));
#18334 = ORIENTED_EDGE('',*,*,#17399,.F.);
#18335 = PLANE('',#18336);
#18336 = AXIS2_PLACEMENT_3D('',#18337,#18338,#18339);
#18337 = CARTESIAN_POINT('',(190.9,9.67431578065,22.));
#18338 = DIRECTION('',(-0.5,-0.866025403784,0.));
#18339 = DIRECTION('',(-0.866025403784,0.5,0.));
#18340 = ADVANCED_FACE('',(#18341),#18359,.T.);
#18341 = FACE_BOUND('',#18342,.T.);
#18342 = EDGE_LOOP('',(#18343,#18351,#18357,#18358));
#18343 = ORIENTED_EDGE('',*,*,#18344,.T.);
#18344 = EDGE_CURVE('',#17410,#18345,#18347,.T.);
#18345 = VERTEX_POINT('',#18346);
#18346 = CARTESIAN_POINT('',(190.9,6.32568421935,24.6));
#18347 = LINE('',#18348,#18349);
#18348 = CARTESIAN_POINT('',(190.9,6.32568421935,22.));
#18349 = VECTOR('',#18350,1.);
#18350 = DIRECTION('',(0.,0.,1.));
#18351 = ORIENTED_EDGE('',*,*,#18352,.T.);
#18352 = EDGE_CURVE('',#18345,#18314,#18353,.T.);
#18353 = LINE('',#18354,#18355);
#18354 = CARTESIAN_POINT('',(190.9,6.32568421935,24.6));
#18355 = VECTOR('',#18356,1.);
#18356 = DIRECTION('',(0.,1.,0.));
#18357 = ORIENTED_EDGE('',*,*,#18313,.F.);
#18358 = ORIENTED_EDGE('',*,*,#17409,.F.);
#18359 = PLANE('',#18360);
#18360 = AXIS2_PLACEMENT_3D('',#18361,#18362,#18363);
#18361 = CARTESIAN_POINT('',(190.9,6.32568421935,22.));
#18362 = DIRECTION('',(-1.,0.,0.));
#18363 = DIRECTION('',(0.,1.,0.));
#18364 = ADVANCED_FACE('',(#18365),#18383,.T.);
#18365 = FACE_BOUND('',#18366,.T.);
#18366 = EDGE_LOOP('',(#18367,#18368,#18376,#18382));
#18367 = ORIENTED_EDGE('',*,*,#18329,.T.);
#18368 = ORIENTED_EDGE('',*,*,#18369,.T.);
#18369 = EDGE_CURVE('',#18322,#18370,#18372,.T.);
#18370 = VERTEX_POINT('',#18371);
#18371 = CARTESIAN_POINT('',(185.1,9.67431578065,24.6));
#18372 = LINE('',#18373,#18374);
#18373 = CARTESIAN_POINT('',(188.,11.3486315613,24.6));
#18374 = VECTOR('',#18375,1.);
#18375 = DIRECTION('',(-0.866025403784,-0.5,0.));
#18376 = ORIENTED_EDGE('',*,*,#18377,.F.);
#18377 = EDGE_CURVE('',#17434,#18370,#18378,.T.);
#18378 = LINE('',#18379,#18380);
#18379 = CARTESIAN_POINT('',(185.1,9.67431578065,22.));
#18380 = VECTOR('',#18381,1.);
#18381 = DIRECTION('',(0.,0.,1.));
#18382 = ORIENTED_EDGE('',*,*,#17441,.F.);
#18383 = PLANE('',#18384);
#18384 = AXIS2_PLACEMENT_3D('',#18385,#18386,#18387);
#18385 = CARTESIAN_POINT('',(188.,11.3486315613,22.));
#18386 = DIRECTION('',(0.5,-0.866025403784,0.));
#18387 = DIRECTION('',(-0.866025403784,-0.5,0.));
#18388 = ADVANCED_FACE('',(#18389),#18407,.T.);
#18389 = FACE_BOUND('',#18390,.T.);
#18390 = EDGE_LOOP('',(#18391,#18399,#18405,#18406));
#18391 = ORIENTED_EDGE('',*,*,#18392,.T.);
#18392 = EDGE_CURVE('',#17418,#18393,#18395,.T.);
#18393 = VERTEX_POINT('',#18394);
#18394 = CARTESIAN_POINT('',(188.,4.6513684387,24.6));
#18395 = LINE('',#18396,#18397);
#18396 = CARTESIAN_POINT('',(188.,4.6513684387,22.));
#18397 = VECTOR('',#18398,1.);
#18398 = DIRECTION('',(0.,0.,1.));
#18399 = ORIENTED_EDGE('',*,*,#18400,.T.);
#18400 = EDGE_CURVE('',#18393,#18345,#18401,.T.);
#18401 = LINE('',#18402,#18403);
#18402 = CARTESIAN_POINT('',(188.,4.6513684387,24.6));
#18403 = VECTOR('',#18404,1.);
#18404 = DIRECTION('',(0.866025403784,0.5,0.));
#18405 = ORIENTED_EDGE('',*,*,#18344,.F.);
#18406 = ORIENTED_EDGE('',*,*,#17417,.F.);
#18407 = PLANE('',#18408);
#18408 = AXIS2_PLACEMENT_3D('',#18409,#18410,#18411);
#18409 = CARTESIAN_POINT('',(188.,4.6513684387,22.));
#18410 = DIRECTION('',(-0.5,0.866025403784,0.));
#18411 = DIRECTION('',(0.866025403784,0.5,0.));
#18412 = ADVANCED_FACE('',(#18413),#18431,.T.);
#18413 = FACE_BOUND('',#18414,.T.);
#18414 = EDGE_LOOP('',(#18415,#18416,#18424,#18430));
#18415 = ORIENTED_EDGE('',*,*,#18377,.T.);
#18416 = ORIENTED_EDGE('',*,*,#18417,.T.);
#18417 = EDGE_CURVE('',#18370,#18418,#18420,.T.);
#18418 = VERTEX_POINT('',#18419);
#18419 = CARTESIAN_POINT('',(185.1,6.32568421935,24.6));
#18420 = LINE('',#18421,#18422);
#18421 = CARTESIAN_POINT('',(185.1,9.67431578065,24.6));
#18422 = VECTOR('',#18423,1.);
#18423 = DIRECTION('',(0.,-1.,0.));
#18424 = ORIENTED_EDGE('',*,*,#18425,.F.);
#18425 = EDGE_CURVE('',#17426,#18418,#18426,.T.);
#18426 = LINE('',#18427,#18428);
#18427 = CARTESIAN_POINT('',(185.1,6.32568421935,22.));
#18428 = VECTOR('',#18429,1.);
#18429 = DIRECTION('',(0.,0.,1.));
#18430 = ORIENTED_EDGE('',*,*,#17433,.F.);
#18431 = PLANE('',#18432);
#18432 = AXIS2_PLACEMENT_3D('',#18433,#18434,#18435);
#18433 = CARTESIAN_POINT('',(185.1,9.67431578065,22.));
#18434 = DIRECTION('',(1.,0.,0.));
#18435 = DIRECTION('',(0.,-1.,0.));
#18436 = ADVANCED_FACE('',(#18437),#18448,.T.);
#18437 = FACE_BOUND('',#18438,.T.);
#18438 = EDGE_LOOP('',(#18439,#18440,#18446,#18447));
#18439 = ORIENTED_EDGE('',*,*,#18425,.T.);
#18440 = ORIENTED_EDGE('',*,*,#18441,.T.);
#18441 = EDGE_CURVE('',#18418,#18393,#18442,.T.);
#18442 = LINE('',#18443,#18444);
#18443 = CARTESIAN_POINT('',(185.1,6.32568421935,24.6));
#18444 = VECTOR('',#18445,1.);
#18445 = DIRECTION('',(0.866025403784,-0.5,0.));
#18446 = ORIENTED_EDGE('',*,*,#18392,.F.);
#18447 = ORIENTED_EDGE('',*,*,#17425,.F.);
#18448 = PLANE('',#18449);
#18449 = AXIS2_PLACEMENT_3D('',#18450,#18451,#18452);
#18450 = CARTESIAN_POINT('',(185.1,6.32568421935,22.));
#18451 = DIRECTION('',(0.5,0.866025403784,0.));
#18452 = DIRECTION('',(0.866025403784,-0.5,0.));
#18453 = ADVANCED_FACE('',(#18454),#18479,.T.);
#18454 = FACE_BOUND('',#18455,.T.);
#18455 = EDGE_LOOP('',(#18456,#18464,#18472,#18478));
#18456 = ORIENTED_EDGE('',*,*,#18457,.T.);
#18457 = EDGE_CURVE('',#17484,#18458,#18460,.T.);
#18458 = VERTEX_POINT('',#18459);
#18459 = CARTESIAN_POINT('',(190.9,96.67431578065,24.6));
#18460 = LINE('',#18461,#18462);
#18461 = CARTESIAN_POINT('',(190.9,96.67431578065,22.));
#18462 = VECTOR('',#18463,1.);
#18463 = DIRECTION('',(0.,0.,1.));
#18464 = ORIENTED_EDGE('',*,*,#18465,.T.);
#18465 = EDGE_CURVE('',#18458,#18466,#18468,.T.);
#18466 = VERTEX_POINT('',#18467);
#18467 = CARTESIAN_POINT('',(188.,98.3486315613,24.6));
#18468 = LINE('',#18469,#18470);
#18469 = CARTESIAN_POINT('',(190.9,96.67431578065,24.6));
#18470 = VECTOR('',#18471,1.);
#18471 = DIRECTION('',(-0.866025403784,0.5,0.));
#18472 = ORIENTED_EDGE('',*,*,#18473,.F.);
#18473 = EDGE_CURVE('',#17486,#18466,#18474,.T.);
#18474 = LINE('',#18475,#18476);
#18475 = CARTESIAN_POINT('',(188.,98.3486315613,22.));
#18476 = VECTOR('',#18477,1.);
#18477 = DIRECTION('',(0.,0.,1.));
#18478 = ORIENTED_EDGE('',*,*,#17483,.F.);
#18479 = PLANE('',#18480);
#18480 = AXIS2_PLACEMENT_3D('',#18481,#18482,#18483);
#18481 = CARTESIAN_POINT('',(190.9,96.67431578065,22.));
#18482 = DIRECTION('',(-0.5,-0.866025403784,0.));
#18483 = DIRECTION('',(-0.866025403784,0.5,0.));
#18484 = ADVANCED_FACE('',(#18485),#18503,.T.);
#18485 = FACE_BOUND('',#18486,.T.);
#18486 = EDGE_LOOP('',(#18487,#18495,#18501,#18502));
#18487 = ORIENTED_EDGE('',*,*,#18488,.T.);
#18488 = EDGE_CURVE('',#17494,#18489,#18491,.T.);
#18489 = VERTEX_POINT('',#18490);
#18490 = CARTESIAN_POINT('',(190.9,93.32568421935,24.6));
#18491 = LINE('',#18492,#18493);
#18492 = CARTESIAN_POINT('',(190.9,93.32568421935,22.));
#18493 = VECTOR('',#18494,1.);
#18494 = DIRECTION('',(0.,0.,1.));
#18495 = ORIENTED_EDGE('',*,*,#18496,.T.);
#18496 = EDGE_CURVE('',#18489,#18458,#18497,.T.);
#18497 = LINE('',#18498,#18499);
#18498 = CARTESIAN_POINT('',(190.9,93.32568421935,24.6));
#18499 = VECTOR('',#18500,1.);
#18500 = DIRECTION('',(0.,1.,0.));
#18501 = ORIENTED_EDGE('',*,*,#18457,.F.);
#18502 = ORIENTED_EDGE('',*,*,#17493,.F.);
#18503 = PLANE('',#18504);
#18504 = AXIS2_PLACEMENT_3D('',#18505,#18506,#18507);
#18505 = CARTESIAN_POINT('',(190.9,93.32568421935,22.));
#18506 = DIRECTION('',(-1.,0.,0.));
#18507 = DIRECTION('',(0.,1.,0.));
#18508 = ADVANCED_FACE('',(#18509),#18527,.T.);
#18509 = FACE_BOUND('',#18510,.T.);
#18510 = EDGE_LOOP('',(#18511,#18512,#18520,#18526));
#18511 = ORIENTED_EDGE('',*,*,#18473,.T.);
#18512 = ORIENTED_EDGE('',*,*,#18513,.T.);
#18513 = EDGE_CURVE('',#18466,#18514,#18516,.T.);
#18514 = VERTEX_POINT('',#18515);
#18515 = CARTESIAN_POINT('',(185.1,96.67431578065,24.6));
#18516 = LINE('',#18517,#18518);
#18517 = CARTESIAN_POINT('',(188.,98.3486315613,24.6));
#18518 = VECTOR('',#18519,1.);
#18519 = DIRECTION('',(-0.866025403784,-0.5,0.));
#18520 = ORIENTED_EDGE('',*,*,#18521,.F.);
#18521 = EDGE_CURVE('',#17518,#18514,#18522,.T.);
#18522 = LINE('',#18523,#18524);
#18523 = CARTESIAN_POINT('',(185.1,96.67431578065,22.));
#18524 = VECTOR('',#18525,1.);
#18525 = DIRECTION('',(0.,0.,1.));
#18526 = ORIENTED_EDGE('',*,*,#17525,.F.);
#18527 = PLANE('',#18528);
#18528 = AXIS2_PLACEMENT_3D('',#18529,#18530,#18531);
#18529 = CARTESIAN_POINT('',(188.,98.3486315613,22.));
#18530 = DIRECTION('',(0.5,-0.866025403784,0.));
#18531 = DIRECTION('',(-0.866025403784,-0.5,0.));
#18532 = ADVANCED_FACE('',(#18533),#18551,.T.);
#18533 = FACE_BOUND('',#18534,.T.);
#18534 = EDGE_LOOP('',(#18535,#18543,#18549,#18550));
#18535 = ORIENTED_EDGE('',*,*,#18536,.T.);
#18536 = EDGE_CURVE('',#17502,#18537,#18539,.T.);
#18537 = VERTEX_POINT('',#18538);
#18538 = CARTESIAN_POINT('',(188.,91.6513684387,24.6));
#18539 = LINE('',#18540,#18541);
#18540 = CARTESIAN_POINT('',(188.,91.6513684387,22.));
#18541 = VECTOR('',#18542,1.);
#18542 = DIRECTION('',(0.,0.,1.));
#18543 = ORIENTED_EDGE('',*,*,#18544,.T.);
#18544 = EDGE_CURVE('',#18537,#18489,#18545,.T.);
#18545 = LINE('',#18546,#18547);
#18546 = CARTESIAN_POINT('',(188.,91.6513684387,24.6));
#18547 = VECTOR('',#18548,1.);
#18548 = DIRECTION('',(0.866025403784,0.5,0.));
#18549 = ORIENTED_EDGE('',*,*,#18488,.F.);
#18550 = ORIENTED_EDGE('',*,*,#17501,.F.);
#18551 = PLANE('',#18552);
#18552 = AXIS2_PLACEMENT_3D('',#18553,#18554,#18555);
#18553 = CARTESIAN_POINT('',(188.,91.6513684387,22.));
#18554 = DIRECTION('',(-0.5,0.866025403784,0.));
#18555 = DIRECTION('',(0.866025403784,0.5,0.));
#18556 = ADVANCED_FACE('',(#18557),#18575,.T.);
#18557 = FACE_BOUND('',#18558,.T.);
#18558 = EDGE_LOOP('',(#18559,#18560,#18568,#18574));
#18559 = ORIENTED_EDGE('',*,*,#18521,.T.);
#18560 = ORIENTED_EDGE('',*,*,#18561,.T.);
#18561 = EDGE_CURVE('',#18514,#18562,#18564,.T.);
#18562 = VERTEX_POINT('',#18563);
#18563 = CARTESIAN_POINT('',(185.1,93.32568421935,24.6));
#18564 = LINE('',#18565,#18566);
#18565 = CARTESIAN_POINT('',(185.1,96.67431578065,24.6));
#18566 = VECTOR('',#18567,1.);
#18567 = DIRECTION('',(0.,-1.,0.));
#18568 = ORIENTED_EDGE('',*,*,#18569,.F.);
#18569 = EDGE_CURVE('',#17510,#18562,#18570,.T.);
#18570 = LINE('',#18571,#18572);
#18571 = CARTESIAN_POINT('',(185.1,93.32568421935,22.));
#18572 = VECTOR('',#18573,1.);
#18573 = DIRECTION('',(0.,0.,1.));
#18574 = ORIENTED_EDGE('',*,*,#17517,.F.);
#18575 = PLANE('',#18576);
#18576 = AXIS2_PLACEMENT_3D('',#18577,#18578,#18579);
#18577 = CARTESIAN_POINT('',(185.1,96.67431578065,22.));
#18578 = DIRECTION('',(1.,0.,0.));
#18579 = DIRECTION('',(0.,-1.,0.));
#18580 = ADVANCED_FACE('',(#18581),#18592,.T.);
#18581 = FACE_BOUND('',#18582,.T.);
#18582 = EDGE_LOOP('',(#18583,#18584,#18590,#18591));
#18583 = ORIENTED_EDGE('',*,*,#18569,.T.);
#18584 = ORIENTED_EDGE('',*,*,#18585,.T.);
#18585 = EDGE_CURVE('',#18562,#18537,#18586,.T.);
#18586 = LINE('',#18587,#18588);
#18587 = CARTESIAN_POINT('',(185.1,93.32568421935,24.6));
#18588 = VECTOR('',#18589,1.);
#18589 = DIRECTION('',(0.866025403784,-0.5,0.));
#18590 = ORIENTED_EDGE('',*,*,#18536,.F.);
#18591 = ORIENTED_EDGE('',*,*,#17509,.F.);
#18592 = PLANE('',#18593);
#18593 = AXIS2_PLACEMENT_3D('',#18594,#18595,#18596);
#18594 = CARTESIAN_POINT('',(185.1,93.32568421935,22.));
#18595 = DIRECTION('',(0.5,0.866025403784,0.));
#18596 = DIRECTION('',(0.866025403784,-0.5,0.));
#18597 = ADVANCED_FACE('',(#18598),#18623,.T.);
#18598 = FACE_BOUND('',#18599,.T.);
#18599 = EDGE_LOOP('',(#18600,#18608,#18616,#18622));
#18600 = ORIENTED_EDGE('',*,*,#18601,.T.);
#18601 = EDGE_CURVE('',#17534,#18602,#18604,.T.);
#18602 = VERTEX_POINT('',#18603);
#18603 = CARTESIAN_POINT('',(10.9,183.67431578065,24.6));
#18604 = LINE('',#18605,#18606);
#18605 = CARTESIAN_POINT('',(10.9,183.67431578065,22.));
#18606 = VECTOR('',#18607,1.);
#18607 = DIRECTION('',(0.,0.,1.));
#18608 = ORIENTED_EDGE('',*,*,#18609,.T.);
#18609 = EDGE_CURVE('',#18602,#18610,#18612,.T.);
#18610 = VERTEX_POINT('',#18611);
#18611 = CARTESIAN_POINT('',(8.,185.3486315613,24.6));
#18612 = LINE('',#18613,#18614);
#18613 = CARTESIAN_POINT('',(10.9,183.67431578065,24.6));
#18614 = VECTOR('',#18615,1.);
#18615 = DIRECTION('',(-0.866025403784,0.5,0.));
#18616 = ORIENTED_EDGE('',*,*,#18617,.F.);
#18617 = EDGE_CURVE('',#17536,#18610,#18618,.T.);
#18618 = LINE('',#18619,#18620);
#18619 = CARTESIAN_POINT('',(8.,185.3486315613,22.));
#18620 = VECTOR('',#18621,1.);
#18621 = DIRECTION('',(0.,0.,1.));
#18622 = ORIENTED_EDGE('',*,*,#17533,.F.);
#18623 = PLANE('',#18624);
#18624 = AXIS2_PLACEMENT_3D('',#18625,#18626,#18627);
#18625 = CARTESIAN_POINT('',(10.9,183.67431578065,22.));
#18626 = DIRECTION('',(-0.5,-0.866025403784,0.));
#18627 = DIRECTION('',(-0.866025403784,0.5,0.));
#18628 = ADVANCED_FACE('',(#18629),#18647,.T.);
#18629 = FACE_BOUND('',#18630,.T.);
#18630 = EDGE_LOOP('',(#18631,#18639,#18645,#18646));
#18631 = ORIENTED_EDGE('',*,*,#18632,.T.);
#18632 = EDGE_CURVE('',#17544,#18633,#18635,.T.);
#18633 = VERTEX_POINT('',#18634);
#18634 = CARTESIAN_POINT('',(10.9,180.32568421935,24.6));
#18635 = LINE('',#18636,#18637);
#18636 = CARTESIAN_POINT('',(10.9,180.32568421935,22.));
#18637 = VECTOR('',#18638,1.);
#18638 = DIRECTION('',(0.,0.,1.));
#18639 = ORIENTED_EDGE('',*,*,#18640,.T.);
#18640 = EDGE_CURVE('',#18633,#18602,#18641,.T.);
#18641 = LINE('',#18642,#18643);
#18642 = CARTESIAN_POINT('',(10.9,180.32568421935,24.6));
#18643 = VECTOR('',#18644,1.);
#18644 = DIRECTION('',(5.304724652093E-16,1.,0.));
#18645 = ORIENTED_EDGE('',*,*,#18601,.F.);
#18646 = ORIENTED_EDGE('',*,*,#17543,.F.);
#18647 = PLANE('',#18648);
#18648 = AXIS2_PLACEMENT_3D('',#18649,#18650,#18651);
#18649 = CARTESIAN_POINT('',(10.9,180.32568421935,22.));
#18650 = DIRECTION('',(-1.,5.304724652093E-16,0.));
#18651 = DIRECTION('',(5.304724652093E-16,1.,0.));
#18652 = ADVANCED_FACE('',(#18653),#18671,.T.);
#18653 = FACE_BOUND('',#18654,.T.);
#18654 = EDGE_LOOP('',(#18655,#18656,#18664,#18670));
#18655 = ORIENTED_EDGE('',*,*,#18617,.T.);
#18656 = ORIENTED_EDGE('',*,*,#18657,.T.);
#18657 = EDGE_CURVE('',#18610,#18658,#18660,.T.);
#18658 = VERTEX_POINT('',#18659);
#18659 = CARTESIAN_POINT('',(5.1,183.67431578065,24.6));
#18660 = LINE('',#18661,#18662);
#18661 = CARTESIAN_POINT('',(8.,185.3486315613,24.6));
#18662 = VECTOR('',#18663,1.);
#18663 = DIRECTION('',(-0.866025403784,-0.5,0.));
#18664 = ORIENTED_EDGE('',*,*,#18665,.F.);
#18665 = EDGE_CURVE('',#17568,#18658,#18666,.T.);
#18666 = LINE('',#18667,#18668);
#18667 = CARTESIAN_POINT('',(5.1,183.67431578065,22.));
#18668 = VECTOR('',#18669,1.);
#18669 = DIRECTION('',(0.,0.,1.));
#18670 = ORIENTED_EDGE('',*,*,#17575,.F.);
#18671 = PLANE('',#18672);
#18672 = AXIS2_PLACEMENT_3D('',#18673,#18674,#18675);
#18673 = CARTESIAN_POINT('',(8.,185.3486315613,22.));
#18674 = DIRECTION('',(0.5,-0.866025403784,0.));
#18675 = DIRECTION('',(-0.866025403784,-0.5,0.));
#18676 = ADVANCED_FACE('',(#18677),#18695,.T.);
#18677 = FACE_BOUND('',#18678,.T.);
#18678 = EDGE_LOOP('',(#18679,#18687,#18693,#18694));
#18679 = ORIENTED_EDGE('',*,*,#18680,.T.);
#18680 = EDGE_CURVE('',#17552,#18681,#18683,.T.);
#18681 = VERTEX_POINT('',#18682);
#18682 = CARTESIAN_POINT('',(8.,178.6513684387,24.6));
#18683 = LINE('',#18684,#18685);
#18684 = CARTESIAN_POINT('',(8.,178.6513684387,22.));
#18685 = VECTOR('',#18686,1.);
#18686 = DIRECTION('',(0.,0.,1.));
#18687 = ORIENTED_EDGE('',*,*,#18688,.T.);
#18688 = EDGE_CURVE('',#18681,#18633,#18689,.T.);
#18689 = LINE('',#18690,#18691);
#18690 = CARTESIAN_POINT('',(8.,178.6513684387,24.6));
#18691 = VECTOR('',#18692,1.);
#18692 = DIRECTION('',(0.866025403784,0.5,0.));
#18693 = ORIENTED_EDGE('',*,*,#18632,.F.);
#18694 = ORIENTED_EDGE('',*,*,#17551,.F.);
#18695 = PLANE('',#18696);
#18696 = AXIS2_PLACEMENT_3D('',#18697,#18698,#18699);
#18697 = CARTESIAN_POINT('',(8.,178.6513684387,22.));
#18698 = DIRECTION('',(-0.5,0.866025403784,0.));
#18699 = DIRECTION('',(0.866025403784,0.5,0.));
#18700 = ADVANCED_FACE('',(#18701),#18719,.T.);
#18701 = FACE_BOUND('',#18702,.T.);
#18702 = EDGE_LOOP('',(#18703,#18704,#18712,#18718));
#18703 = ORIENTED_EDGE('',*,*,#18665,.T.);
#18704 = ORIENTED_EDGE('',*,*,#18705,.T.);
#18705 = EDGE_CURVE('',#18658,#18706,#18708,.T.);
#18706 = VERTEX_POINT('',#18707);
#18707 = CARTESIAN_POINT('',(5.1,180.32568421935,24.6));
#18708 = LINE('',#18709,#18710);
#18709 = CARTESIAN_POINT('',(5.1,183.67431578065,24.6));
#18710 = VECTOR('',#18711,1.);
#18711 = DIRECTION('',(0.,-1.,0.));
#18712 = ORIENTED_EDGE('',*,*,#18713,.F.);
#18713 = EDGE_CURVE('',#17560,#18706,#18714,.T.);
#18714 = LINE('',#18715,#18716);
#18715 = CARTESIAN_POINT('',(5.1,180.32568421935,22.));
#18716 = VECTOR('',#18717,1.);
#18717 = DIRECTION('',(0.,0.,1.));
#18718 = ORIENTED_EDGE('',*,*,#17567,.F.);
#18719 = PLANE('',#18720);
#18720 = AXIS2_PLACEMENT_3D('',#18721,#18722,#18723);
#18721 = CARTESIAN_POINT('',(5.1,183.67431578065,22.));
#18722 = DIRECTION('',(1.,0.,0.));
#18723 = DIRECTION('',(0.,-1.,0.));
#18724 = ADVANCED_FACE('',(#18725),#18736,.T.);
#18725 = FACE_BOUND('',#18726,.T.);
#18726 = EDGE_LOOP('',(#18727,#18728,#18734,#18735));
#18727 = ORIENTED_EDGE('',*,*,#18713,.T.);
#18728 = ORIENTED_EDGE('',*,*,#18729,.T.);
#18729 = EDGE_CURVE('',#18706,#18681,#18730,.T.);
#18730 = LINE('',#18731,#18732);
#18731 = CARTESIAN_POINT('',(5.1,180.32568421935,24.6));
#18732 = VECTOR('',#18733,1.);
#18733 = DIRECTION('',(0.866025403784,-0.5,0.));
#18734 = ORIENTED_EDGE('',*,*,#18680,.F.);
#18735 = ORIENTED_EDGE('',*,*,#17559,.F.);
#18736 = PLANE('',#18737);
#18737 = AXIS2_PLACEMENT_3D('',#18738,#18739,#18740);
#18738 = CARTESIAN_POINT('',(5.1,180.32568421935,22.));
#18739 = DIRECTION('',(0.5,0.866025403784,0.));
#18740 = DIRECTION('',(0.866025403784,-0.5,0.));
#18741 = ADVANCED_FACE('',(#18742),#18767,.T.);
#18742 = FACE_BOUND('',#18743,.T.);
#18743 = EDGE_LOOP('',(#18744,#18752,#18760,#18766));
#18744 = ORIENTED_EDGE('',*,*,#18745,.T.);
#18745 = EDGE_CURVE('',#17584,#18746,#18748,.T.);
#18746 = VERTEX_POINT('',#18747);
#18747 = CARTESIAN_POINT('',(190.9,183.67431578065,24.6));
#18748 = LINE('',#18749,#18750);
#18749 = CARTESIAN_POINT('',(190.9,183.67431578065,22.));
#18750 = VECTOR('',#18751,1.);
#18751 = DIRECTION('',(0.,0.,1.));
#18752 = ORIENTED_EDGE('',*,*,#18753,.T.);
#18753 = EDGE_CURVE('',#18746,#18754,#18756,.T.);
#18754 = VERTEX_POINT('',#18755);
#18755 = CARTESIAN_POINT('',(188.,185.3486315613,24.6));
#18756 = LINE('',#18757,#18758);
#18757 = CARTESIAN_POINT('',(190.9,183.67431578065,24.6));
#18758 = VECTOR('',#18759,1.);
#18759 = DIRECTION('',(-0.866025403784,0.5,0.));
#18760 = ORIENTED_EDGE('',*,*,#18761,.F.);
#18761 = EDGE_CURVE('',#17586,#18754,#18762,.T.);
#18762 = LINE('',#18763,#18764);
#18763 = CARTESIAN_POINT('',(188.,185.3486315613,22.));
#18764 = VECTOR('',#18765,1.);
#18765 = DIRECTION('',(0.,0.,1.));
#18766 = ORIENTED_EDGE('',*,*,#17583,.F.);
#18767 = PLANE('',#18768);
#18768 = AXIS2_PLACEMENT_3D('',#18769,#18770,#18771);
#18769 = CARTESIAN_POINT('',(190.9,183.67431578065,22.));
#18770 = DIRECTION('',(-0.5,-0.866025403784,0.));
#18771 = DIRECTION('',(-0.866025403784,0.5,0.));
#18772 = ADVANCED_FACE('',(#18773),#18791,.T.);
#18773 = FACE_BOUND('',#18774,.T.);
#18774 = EDGE_LOOP('',(#18775,#18783,#18789,#18790));
#18775 = ORIENTED_EDGE('',*,*,#18776,.T.);
#18776 = EDGE_CURVE('',#17594,#18777,#18779,.T.);
#18777 = VERTEX_POINT('',#18778);
#18778 = CARTESIAN_POINT('',(190.9,180.32568421935,24.6));
#18779 = LINE('',#18780,#18781);
#18780 = CARTESIAN_POINT('',(190.9,180.32568421935,22.));
#18781 = VECTOR('',#18782,1.);
#18782 = DIRECTION('',(0.,0.,1.));
#18783 = ORIENTED_EDGE('',*,*,#18784,.T.);
#18784 = EDGE_CURVE('',#18777,#18746,#18785,.T.);
#18785 = LINE('',#18786,#18787);
#18786 = CARTESIAN_POINT('',(190.9,180.32568421935,24.6));
#18787 = VECTOR('',#18788,1.);
#18788 = DIRECTION('',(0.,1.,0.));
#18789 = ORIENTED_EDGE('',*,*,#18745,.F.);
#18790 = ORIENTED_EDGE('',*,*,#17593,.F.);
#18791 = PLANE('',#18792);
#18792 = AXIS2_PLACEMENT_3D('',#18793,#18794,#18795);
#18793 = CARTESIAN_POINT('',(190.9,180.32568421935,22.));
#18794 = DIRECTION('',(-1.,0.,0.));
#18795 = DIRECTION('',(0.,1.,0.));
#18796 = ADVANCED_FACE('',(#18797),#18815,.T.);
#18797 = FACE_BOUND('',#18798,.T.);
#18798 = EDGE_LOOP('',(#18799,#18800,#18808,#18814));
#18799 = ORIENTED_EDGE('',*,*,#18761,.T.);
#18800 = ORIENTED_EDGE('',*,*,#18801,.T.);
#18801 = EDGE_CURVE('',#18754,#18802,#18804,.T.);
#18802 = VERTEX_POINT('',#18803);
#18803 = CARTESIAN_POINT('',(185.1,183.67431578065,24.6));
#18804 = LINE('',#18805,#18806);
#18805 = CARTESIAN_POINT('',(188.,185.3486315613,24.6));
#18806 = VECTOR('',#18807,1.);
#18807 = DIRECTION('',(-0.866025403784,-0.5,0.));
#18808 = ORIENTED_EDGE('',*,*,#18809,.F.);
#18809 = EDGE_CURVE('',#17618,#18802,#18810,.T.);
#18810 = LINE('',#18811,#18812);
#18811 = CARTESIAN_POINT('',(185.1,183.67431578065,22.));
#18812 = VECTOR('',#18813,1.);
#18813 = DIRECTION('',(0.,0.,1.));
#18814 = ORIENTED_EDGE('',*,*,#17625,.F.);
#18815 = PLANE('',#18816);
#18816 = AXIS2_PLACEMENT_3D('',#18817,#18818,#18819);
#18817 = CARTESIAN_POINT('',(188.,185.3486315613,22.));
#18818 = DIRECTION('',(0.5,-0.866025403784,0.));
#18819 = DIRECTION('',(-0.866025403784,-0.5,0.));
#18820 = ADVANCED_FACE('',(#18821),#18839,.T.);
#18821 = FACE_BOUND('',#18822,.T.);
#18822 = EDGE_LOOP('',(#18823,#18831,#18837,#18838));
#18823 = ORIENTED_EDGE('',*,*,#18824,.T.);
#18824 = EDGE_CURVE('',#17602,#18825,#18827,.T.);
#18825 = VERTEX_POINT('',#18826);
#18826 = CARTESIAN_POINT('',(188.,178.6513684387,24.6));
#18827 = LINE('',#18828,#18829);
#18828 = CARTESIAN_POINT('',(188.,178.6513684387,22.));
#18829 = VECTOR('',#18830,1.);
#18830 = DIRECTION('',(0.,0.,1.));
#18831 = ORIENTED_EDGE('',*,*,#18832,.T.);
#18832 = EDGE_CURVE('',#18825,#18777,#18833,.T.);
#18833 = LINE('',#18834,#18835);
#18834 = CARTESIAN_POINT('',(188.,178.6513684387,24.6));
#18835 = VECTOR('',#18836,1.);
#18836 = DIRECTION('',(0.866025403784,0.5,0.));
#18837 = ORIENTED_EDGE('',*,*,#18776,.F.);
#18838 = ORIENTED_EDGE('',*,*,#17601,.F.);
#18839 = PLANE('',#18840);
#18840 = AXIS2_PLACEMENT_3D('',#18841,#18842,#18843);
#18841 = CARTESIAN_POINT('',(188.,178.6513684387,22.));
#18842 = DIRECTION('',(-0.5,0.866025403784,0.));
#18843 = DIRECTION('',(0.866025403784,0.5,0.));
#18844 = ADVANCED_FACE('',(#18845),#18863,.T.);
#18845 = FACE_BOUND('',#18846,.T.);
#18846 = EDGE_LOOP('',(#18847,#18848,#18856,#18862));
#18847 = ORIENTED_EDGE('',*,*,#18809,.T.);
#18848 = ORIENTED_EDGE('',*,*,#18849,.T.);
#18849 = EDGE_CURVE('',#18802,#18850,#18852,.T.);
#18850 = VERTEX_POINT('',#18851);
#18851 = CARTESIAN_POINT('',(185.1,180.32568421935,24.6));
#18852 = LINE('',#18853,#18854);
#18853 = CARTESIAN_POINT('',(185.1,183.67431578065,24.6));
#18854 = VECTOR('',#18855,1.);
#18855 = DIRECTION('',(0.,-1.,0.));
#18856 = ORIENTED_EDGE('',*,*,#18857,.F.);
#18857 = EDGE_CURVE('',#17610,#18850,#18858,.T.);
#18858 = LINE('',#18859,#18860);
#18859 = CARTESIAN_POINT('',(185.1,180.32568421935,22.));
#18860 = VECTOR('',#18861,1.);
#18861 = DIRECTION('',(0.,0.,1.));
#18862 = ORIENTED_EDGE('',*,*,#17617,.F.);
#18863 = PLANE('',#18864);
#18864 = AXIS2_PLACEMENT_3D('',#18865,#18866,#18867);
#18865 = CARTESIAN_POINT('',(185.1,183.67431578065,22.));
#18866 = DIRECTION('',(1.,0.,0.));
#18867 = DIRECTION('',(0.,-1.,0.));
#18868 = ADVANCED_FACE('',(#18869),#18880,.T.);
#18869 = FACE_BOUND('',#18870,.T.);
#18870 = EDGE_LOOP('',(#18871,#18872,#18878,#18879));
#18871 = ORIENTED_EDGE('',*,*,#18857,.T.);
#18872 = ORIENTED_EDGE('',*,*,#18873,.T.);
#18873 = EDGE_CURVE('',#18850,#18825,#18874,.T.);
#18874 = LINE('',#18875,#18876);
#18875 = CARTESIAN_POINT('',(185.1,180.32568421935,24.6));
#18876 = VECTOR('',#18877,1.);
#18877 = DIRECTION('',(0.866025403784,-0.5,0.));
#18878 = ORIENTED_EDGE('',*,*,#18824,.F.);
#18879 = ORIENTED_EDGE('',*,*,#17609,.F.);
#18880 = PLANE('',#18881);
#18881 = AXIS2_PLACEMENT_3D('',#18882,#18883,#18884);
#18882 = CARTESIAN_POINT('',(185.1,180.32568421935,22.));
#18883 = DIRECTION('',(0.5,0.866025403784,0.));
#18884 = DIRECTION('',(0.866025403784,-0.5,0.));
#18885 = ADVANCED_FACE('',(#18886,#18894),#18905,.F.);
#18886 = FACE_BOUND('',#18887,.F.);
#18887 = EDGE_LOOP('',(#18888,#18889,#18890,#18891,#18892,#18893));
#18888 = ORIENTED_EDGE('',*,*,#18033,.T.);
#18889 = ORIENTED_EDGE('',*,*,#18081,.T.);
#18890 = ORIENTED_EDGE('',*,*,#18129,.T.);
#18891 = ORIENTED_EDGE('',*,*,#18153,.T.);
#18892 = ORIENTED_EDGE('',*,*,#18112,.T.);
#18893 = ORIENTED_EDGE('',*,*,#18064,.T.);
#18894 = FACE_BOUND('',#18895,.F.);
#18895 = EDGE_LOOP('',(#18896));
#18896 = ORIENTED_EDGE('',*,*,#18897,.F.);
#18897 = EDGE_CURVE('',#18898,#18898,#18900,.T.);
#18898 = VERTEX_POINT('',#18899);
#18899 = CARTESIAN_POINT('',(9.7,8.,24.6));
#18900 = CIRCLE('',#18901,1.7);
#18901 = AXIS2_PLACEMENT_3D('',#18902,#18903,#18904);
#18902 = CARTESIAN_POINT('',(8.,8.,24.6));
#18903 = DIRECTION('',(0.,0.,1.));
#18904 = DIRECTION('',(1.,0.,0.));
#18905 = PLANE('',#18906);
#18906 = AXIS2_PLACEMENT_3D('',#18907,#18908,#18909);
#18907 = CARTESIAN_POINT('',(8.,8.,24.6));
#18908 = DIRECTION('',(0.,0.,1.));
#18909 = DIRECTION('',(1.,0.,0.));
#18910 = ADVANCED_FACE('',(#18911,#18919),#18930,.F.);
#18911 = FACE_BOUND('',#18912,.F.);
#18912 = EDGE_LOOP('',(#18913,#18914,#18915,#18916,#18917,#18918));
#18913 = ORIENTED_EDGE('',*,*,#18177,.T.);
#18914 = ORIENTED_EDGE('',*,*,#18225,.T.);
#18915 = ORIENTED_EDGE('',*,*,#18273,.T.);
#18916 = ORIENTED_EDGE('',*,*,#18297,.T.);
#18917 = ORIENTED_EDGE('',*,*,#18256,.T.);
#18918 = ORIENTED_EDGE('',*,*,#18208,.T.);
#18919 = FACE_BOUND('',#18920,.F.);
#18920 = EDGE_LOOP('',(#18921));
#18921 = ORIENTED_EDGE('',*,*,#18922,.F.);
#18922 = EDGE_CURVE('',#18923,#18923,#18925,.T.);
#18923 = VERTEX_POINT('',#18924);
#18924 = CARTESIAN_POINT('',(9.7,95.,24.6));
#18925 = CIRCLE('',#18926,1.7);
#18926 = AXIS2_PLACEMENT_3D('',#18927,#18928,#18929);
#18927 = CARTESIAN_POINT('',(8.,95.,24.6));
#18928 = DIRECTION('',(0.,0.,1.));
#18929 = DIRECTION('',(1.,0.,0.));
#18930 = PLANE('',#18931);
#18931 = AXIS2_PLACEMENT_3D('',#18932,#18933,#18934);
#18932 = CARTESIAN_POINT('',(8.,95.,24.6));
#18933 = DIRECTION('',(0.,0.,1.));
#18934 = DIRECTION('',(1.,0.,0.));
#18935 = ADVANCED_FACE('',(#18936,#18944),#18955,.F.);
#18936 = FACE_BOUND('',#18937,.F.);
#18937 = EDGE_LOOP('',(#18938,#18939,#18940,#18941,#18942,#18943));
#18938 = ORIENTED_EDGE('',*,*,#18321,.T.);
#18939 = ORIENTED_EDGE('',*,*,#18369,.T.);
#18940 = ORIENTED_EDGE('',*,*,#18417,.T.);
#18941 = ORIENTED_EDGE('',*,*,#18441,.T.);
#18942 = ORIENTED_EDGE('',*,*,#18400,.T.);
#18943 = ORIENTED_EDGE('',*,*,#18352,.T.);
#18944 = FACE_BOUND('',#18945,.F.);
#18945 = EDGE_LOOP('',(#18946));
#18946 = ORIENTED_EDGE('',*,*,#18947,.F.);
#18947 = EDGE_CURVE('',#18948,#18948,#18950,.T.);
#18948 = VERTEX_POINT('',#18949);
#18949 = CARTESIAN_POINT('',(189.7,8.,24.6));
#18950 = CIRCLE('',#18951,1.7);
#18951 = AXIS2_PLACEMENT_3D('',#18952,#18953,#18954);
#18952 = CARTESIAN_POINT('',(188.,8.,24.6));
#18953 = DIRECTION('',(0.,0.,1.));
#18954 = DIRECTION('',(1.,0.,0.));
#18955 = PLANE('',#18956);
#18956 = AXIS2_PLACEMENT_3D('',#18957,#18958,#18959);
#18957 = CARTESIAN_POINT('',(188.,8.,24.6));
#18958 = DIRECTION('',(0.,0.,1.));
#18959 = DIRECTION('',(1.,0.,0.));
#18960 = ADVANCED_FACE('',(#18961,#18969),#18980,.F.);
#18961 = FACE_BOUND('',#18962,.F.);
#18962 = EDGE_LOOP('',(#18963,#18964,#18965,#18966,#18967,#18968));
#18963 = ORIENTED_EDGE('',*,*,#18465,.T.);
#18964 = ORIENTED_EDGE('',*,*,#18513,.T.);
#18965 = ORIENTED_EDGE('',*,*,#18561,.T.);
#18966 = ORIENTED_EDGE('',*,*,#18585,.T.);
#18967 = ORIENTED_EDGE('',*,*,#18544,.T.);
#18968 = ORIENTED_EDGE('',*,*,#18496,.T.);
#18969 = FACE_BOUND('',#18970,.F.);
#18970 = EDGE_LOOP('',(#18971));
#18971 = ORIENTED_EDGE('',*,*,#18972,.F.);
#18972 = EDGE_CURVE('',#18973,#18973,#18975,.T.);
#18973 = VERTEX_POINT('',#18974);
#18974 = CARTESIAN_POINT('',(189.7,95.,24.6));
#18975 = CIRCLE('',#18976,1.7);
#18976 = AXIS2_PLACEMENT_3D('',#18977,#18978,#18979);
#18977 = CARTESIAN_POINT('',(188.,95.,24.6));
#18978 = DIRECTION('',(0.,0.,1.));
#18979 = DIRECTION('',(1.,0.,0.));
#18980 = PLANE('',#18981);
#18981 = AXIS2_PLACEMENT_3D('',#18982,#18983,#18984);
#18982 = CARTESIAN_POINT('',(188.,95.,24.6));
#18983 = DIRECTION('',(0.,0.,1.));
#18984 = DIRECTION('',(1.,0.,0.));
#18985 = ADVANCED_FACE('',(#18986,#18994),#19005,.F.);
#18986 = FACE_BOUND('',#18987,.F.);
#18987 = EDGE_LOOP('',(#18988,#18989,#18990,#18991,#18992,#18993));
#18988 = ORIENTED_EDGE('',*,*,#18609,.T.);
#18989 = ORIENTED_EDGE('',*,*,#18657,.T.);
#18990 = ORIENTED_EDGE('',*,*,#18705,.T.);
#18991 = ORIENTED_EDGE('',*,*,#18729,.T.);
#18992 = ORIENTED_EDGE('',*,*,#18688,.T.);
#18993 = ORIENTED_EDGE('',*,*,#18640,.T.);
#18994 = FACE_BOUND('',#18995,.F.);
#18995 = EDGE_LOOP('',(#18996));
#18996 = ORIENTED_EDGE('',*,*,#18997,.F.);
#18997 = EDGE_CURVE('',#18998,#18998,#19000,.T.);
#18998 = VERTEX_POINT('',#18999);
#18999 = CARTESIAN_POINT('',(9.7,182.,24.6));
#19000 = CIRCLE('',#19001,1.7);
#19001 = AXIS2_PLACEMENT_3D('',#19002,#19003,#19004);
#19002 = CARTESIAN_POINT('',(8.,182.,24.6));
#19003 = DIRECTION('',(0.,0.,1.));
#19004 = DIRECTION('',(1.,0.,0.));
#19005 = PLANE('',#19006);
#19006 = AXIS2_PLACEMENT_3D('',#19007,#19008,#19009);
#19007 = CARTESIAN_POINT('',(8.,182.,24.6));
#19008 = DIRECTION('',(0.,0.,1.));
#19009 = DIRECTION('',(1.,0.,0.));
#19010 = ADVANCED_FACE('',(#19011,#19019),#19030,.F.);
#19011 = FACE_BOUND('',#19012,.F.);
#19012 = EDGE_LOOP('',(#19013,#19014,#19015,#19016,#19017,#19018));
#19013 = ORIENTED_EDGE('',*,*,#18753,.T.);
#19014 = ORIENTED_EDGE('',*,*,#18801,.T.);
#19015 = ORIENTED_EDGE('',*,*,#18849,.T.);
#19016 = ORIENTED_EDGE('',*,*,#18873,.T.);
#19017 = ORIENTED_EDGE('',*,*,#18832,.T.);
#19018 = ORIENTED_EDGE('',*,*,#18784,.T.);
#19019 = FACE_BOUND('',#19020,.F.);
#19020 = EDGE_LOOP('',(#19021));
#19021 = ORIENTED_EDGE('',*,*,#19022,.F.);
#19022 = EDGE_CURVE('',#19023,#19023,#19025,.T.);
#19023 = VERTEX_POINT('',#19024);
#19024 = CARTESIAN_POINT('',(189.7,182.,24.6));
#19025 = CIRCLE('',#19026,1.7);
#19026 = AXIS2_PLACEMENT_3D('',#19027,#19028,#19029);
#19027 = CARTESIAN_POINT('',(188.,182.,24.6));
#19028 = DIRECTION('',(0.,0.,1.));
#19029 = DIRECTION('',(1.,0.,0.));
#19030 = PLANE('',#19031);
#19031 = AXIS2_PLACEMENT_3D('',#19032,#19033,#19034);
#19032 = CARTESIAN_POINT('',(188.,182.,24.6));
#19033 = DIRECTION('',(0.,0.,1.));
#19034 = DIRECTION('',(1.,0.,0.));
#19035 = ADVANCED_FACE('',(#19036),#19055,.F.);
#19036 = FACE_BOUND('',#19037,.F.);
#19037 = EDGE_LOOP('',(#19038,#19046,#19053,#19054));
#19038 = ORIENTED_EDGE('',*,*,#19039,.T.);
#19039 = EDGE_CURVE('',#18898,#19040,#19042,.T.);
#19040 = VERTEX_POINT('',#19041);
#19041 = CARTESIAN_POINT('',(9.7,8.,26.));
#19042 = LINE('',#19043,#19044);
#19043 = CARTESIAN_POINT('',(9.7,8.,22.));
#19044 = VECTOR('',#19045,1.);
#19045 = DIRECTION('',(0.,0.,1.));
#19046 = ORIENTED_EDGE('',*,*,#19047,.F.);
#19047 = EDGE_CURVE('',#19040,#19040,#19048,.T.);
#19048 = CIRCLE('',#19049,1.7);
#19049 = AXIS2_PLACEMENT_3D('',#19050,#19051,#19052);
#19050 = CARTESIAN_POINT('',(8.,8.,26.));
#19051 = DIRECTION('',(0.,0.,1.));
#19052 = DIRECTION('',(1.,0.,0.));
#19053 = ORIENTED_EDGE('',*,*,#19039,.F.);
#19054 = ORIENTED_EDGE('',*,*,#18897,.T.);
#19055 = CYLINDRICAL_SURFACE('',#19056,1.7);
#19056 = AXIS2_PLACEMENT_3D('',#19057,#19058,#19059);
#19057 = CARTESIAN_POINT('',(8.,8.,22.));
#19058 = DIRECTION('',(0.,0.,1.));
#19059 = DIRECTION('',(1.,0.,0.));
#19060 = ADVANCED_FACE('',(#19061),#19080,.F.);
#19061 = FACE_BOUND('',#19062,.F.);
#19062 = EDGE_LOOP('',(#19063,#19071,#19078,#19079));
#19063 = ORIENTED_EDGE('',*,*,#19064,.T.);
#19064 = EDGE_CURVE('',#18923,#19065,#19067,.T.);
#19065 = VERTEX_POINT('',#19066);
#19066 = CARTESIAN_POINT('',(9.7,95.,26.));
#19067 = LINE('',#19068,#19069);
#19068 = CARTESIAN_POINT('',(9.7,95.,22.));
#19069 = VECTOR('',#19070,1.);
#19070 = DIRECTION('',(0.,0.,1.));
#19071 = ORIENTED_EDGE('',*,*,#19072,.F.);
#19072 = EDGE_CURVE('',#19065,#19065,#19073,.T.);
#19073 = CIRCLE('',#19074,1.7);
#19074 = AXIS2_PLACEMENT_3D('',#19075,#19076,#19077);
#19075 = CARTESIAN_POINT('',(8.,95.,26.));
#19076 = DIRECTION('',(0.,0.,1.));
#19077 = DIRECTION('',(1.,0.,0.));
#19078 = ORIENTED_EDGE('',*,*,#19064,.F.);
#19079 = ORIENTED_EDGE('',*,*,#18922,.T.);
#19080 = CYLINDRICAL_SURFACE('',#19081,1.7);
#19081 = AXIS2_PLACEMENT_3D('',#19082,#19083,#19084);
#19082 = CARTESIAN_POINT('',(8.,95.,22.));
#19083 = DIRECTION('',(0.,0.,1.));
#19084 = DIRECTION('',(1.,0.,0.));
#19085 = ADVANCED_FACE('',(#19086),#19105,.F.);
#19086 = FACE_BOUND('',#19087,.F.);
#19087 = EDGE_LOOP('',(#19088,#19096,#19103,#19104));
#19088 = ORIENTED_EDGE('',*,*,#19089,.T.);
#19089 = EDGE_CURVE('',#18948,#19090,#19092,.T.);
#19090 = VERTEX_POINT('',#19091);
#19091 = CARTESIAN_POINT('',(189.7,8.,26.));
#19092 = LINE('',#19093,#19094);
#19093 = CARTESIAN_POINT('',(189.7,8.,22.));
#19094 = VECTOR('',#19095,1.);
#19095 = DIRECTION('',(0.,0.,1.));
#19096 = ORIENTED_EDGE('',*,*,#19097,.F.);
#19097 = EDGE_CURVE('',#19090,#19090,#19098,.T.);
#19098 = CIRCLE('',#19099,1.7);
#19099 = AXIS2_PLACEMENT_3D('',#19100,#19101,#19102);
#19100 = CARTESIAN_POINT('',(188.,8.,26.));
#19101 = DIRECTION('',(0.,0.,1.));
#19102 = DIRECTION('',(1.,0.,0.));
#19103 = ORIENTED_EDGE('',*,*,#19089,.F.);
#19104 = ORIENTED_EDGE('',*,*,#18947,.T.);
#19105 = CYLINDRICAL_SURFACE('',#19106,1.7);
#19106 = AXIS2_PLACEMENT_3D('',#19107,#19108,#19109);
#19107 = CARTESIAN_POINT('',(188.,8.,22.));
#19108 = DIRECTION('',(0.,0.,1.));
#19109 = DIRECTION('',(1.,0.,0.));
#19110 = ADVANCED_FACE('',(#19111),#19130,.F.);
#19111 = FACE_BOUND('',#19112,.F.);
#19112 = EDGE_LOOP('',(#19113,#19121,#19128,#19129));
#19113 = ORIENTED_EDGE('',*,*,#19114,.T.);
#19114 = EDGE_CURVE('',#18973,#19115,#19117,.T.);
#19115 = VERTEX_POINT('',#19116);
#19116 = CARTESIAN_POINT('',(189.7,95.,26.));
#19117 = LINE('',#19118,#19119);
#19118 = CARTESIAN_POINT('',(189.7,95.,22.));
#19119 = VECTOR('',#19120,1.);
#19120 = DIRECTION('',(0.,0.,1.));
#19121 = ORIENTED_EDGE('',*,*,#19122,.F.);
#19122 = EDGE_CURVE('',#19115,#19115,#19123,.T.);
#19123 = CIRCLE('',#19124,1.7);
#19124 = AXIS2_PLACEMENT_3D('',#19125,#19126,#19127);
#19125 = CARTESIAN_POINT('',(188.,95.,26.));
#19126 = DIRECTION('',(0.,0.,1.));
#19127 = DIRECTION('',(1.,0.,0.));
#19128 = ORIENTED_EDGE('',*,*,#19114,.F.);
#19129 = ORIENTED_EDGE('',*,*,#18972,.T.);
#19130 = CYLINDRICAL_SURFACE('',#19131,1.7);
#19131 = AXIS2_PLACEMENT_3D('',#19132,#19133,#19134);
#19132 = CARTESIAN_POINT('',(188.,95.,22.));
#19133 = DIRECTION('',(0.,0.,1.));
#19134 = DIRECTION('',(1.,0.,0.));
#19135 = ADVANCED_FACE('',(#19136),#19155,.F.);
#19136 = FACE_BOUND('',#19137,.F.);
#19137 = EDGE_LOOP('',(#19138,#19146,#19153,#19154));
#19138 = ORIENTED_EDGE('',*,*,#19139,.T.);
#19139 = EDGE_CURVE('',#18998,#19140,#19142,.T.);
#19140 = VERTEX_POINT('',#19141);
#19141 = CARTESIAN_POINT('',(9.7,182.,26.));
#19142 = LINE('',#19143,#19144);
#19143 = CARTESIAN_POINT('',(9.7,182.,22.));
#19144 = VECTOR('',#19145,1.);
#19145 = DIRECTION('',(0.,0.,1.));
#19146 = ORIENTED_EDGE('',*,*,#19147,.F.);
#19147 = EDGE_CURVE('',#19140,#19140,#19148,.T.);
#19148 = CIRCLE('',#19149,1.7);
#19149 = AXIS2_PLACEMENT_3D('',#19150,#19151,#19152);
#19150 = CARTESIAN_POINT('',(8.,182.,26.));
#19151 = DIRECTION('',(0.,0.,1.));
#19152 = DIRECTION('',(1.,0.,0.));
#19153 = ORIENTED_EDGE('',*,*,#19139,.F.);
#19154 = ORIENTED_EDGE('',*,*,#18997,.T.);
#19155 = CYLINDRICAL_SURFACE('',#19156,1.7);
#19156 = AXIS2_PLACEMENT_3D('',#19157,#19158,#19159);
#19157 = CARTESIAN_POINT('',(8.,182.,22.));
#19158 = DIRECTION('',(0.,0.,1.));
#19159 = DIRECTION('',(1.,0.,0.));
#19160 = ADVANCED_FACE('',(#19161),#19180,.F.);
#19161 = FACE_BOUND('',#19162,.F.);
#19162 = EDGE_LOOP('',(#19163,#19171,#19178,#19179));
#19163 = ORIENTED_EDGE('',*,*,#19164,.T.);
#19164 = EDGE_CURVE('',#19023,#19165,#19167,.T.);
#19165 = VERTEX_POINT('',#19166);
#19166 = CARTESIAN_POINT('',(189.7,182.,26.));
#19167 = LINE('',#19168,#19169);
#19168 = CARTESIAN_POINT('',(189.7,182.,22.));
#19169 = VECTOR('',#19170,1.);
#19170 = DIRECTION('',(0.,0.,1.));
#19171 = ORIENTED_EDGE('',*,*,#19172,.F.);
#19172 = EDGE_CURVE('',#19165,#19165,#19173,.T.);
#19173 = CIRCLE('',#19174,1.7);
#19174 = AXIS2_PLACEMENT_3D('',#19175,#19176,#19177);
#19175 = CARTESIAN_POINT('',(188.,182.,26.));
#19176 = DIRECTION('',(0.,0.,1.));
#19177 = DIRECTION('',(1.,0.,0.));
#19178 = ORIENTED_EDGE('',*,*,#19164,.F.);
#19179 = ORIENTED_EDGE('',*,*,#19022,.T.);
#19180 = CYLINDRICAL_SURFACE('',#19181,1.7);
#19181 = AXIS2_PLACEMENT_3D('',#19182,#19183,#19184);
#19182 = CARTESIAN_POINT('',(188.,182.,22.));
#19183 = DIRECTION('',(0.,0.,1.));
#19184 = DIRECTION('',(1.,0.,0.));
#19185 = ADVANCED_FACE('',(#19186),#19189,.F.);
#19186 = FACE_BOUND('',#19187,.F.);
#19187 = EDGE_LOOP('',(#19188));
#19188 = ORIENTED_EDGE('',*,*,#19047,.T.);
#19189 = PLANE('',#19190);
#19190 = AXIS2_PLACEMENT_3D('',#19191,#19192,#19193);
#19191 = CARTESIAN_POINT('',(8.,8.,26.));
#19192 = DIRECTION('',(0.,0.,1.));
#19193 = DIRECTION('',(1.,0.,0.));
#19194 = ADVANCED_FACE('',(#19195),#19198,.F.);
#19195 = FACE_BOUND('',#19196,.F.);
#19196 = EDGE_LOOP('',(#19197));
#19197 = ORIENTED_EDGE('',*,*,#19072,.T.);
#19198 = PLANE('',#19199);
#19199 = AXIS2_PLACEMENT_3D('',#19200,#19201,#19202);
#19200 = CARTESIAN_POINT('',(8.,95.,26.));
#19201 = DIRECTION('',(0.,0.,1.));
#19202 = DIRECTION('',(1.,0.,0.));
#19203 = ADVANCED_FACE('',(#19204),#19207,.F.);
#19204 = FACE_BOUND('',#19205,.F.);
#19205 = EDGE_LOOP('',(#19206));
#19206 = ORIENTED_EDGE('',*,*,#19097,.T.);
#19207 = PLANE('',#19208);
#19208 = AXIS2_PLACEMENT_3D('',#19209,#19210,#19211);
#19209 = CARTESIAN_POINT('',(188.,8.,26.));
#19210 = DIRECTION('',(0.,0.,1.));
#19211 = DIRECTION('',(1.,0.,0.));
#19212 = ADVANCED_FACE('',(#19213),#19216,.F.);
#19213 = FACE_BOUND('',#19214,.F.);
#19214 = EDGE_LOOP('',(#19215));
#19215 = ORIENTED_EDGE('',*,*,#19122,.T.);
#19216 = PLANE('',#19217);
#19217 = AXIS2_PLACEMENT_3D('',#19218,#19219,#19220);
#19218 = CARTESIAN_POINT('',(188.,95.,26.));
#19219 = DIRECTION('',(0.,0.,1.));
#19220 = DIRECTION('',(1.,0.,0.));
#19221 = ADVANCED_FACE('',(#19222),#19225,.F.);
#19222 = FACE_BOUND('',#19223,.F.);
#19223 = EDGE_LOOP('',(#19224));
#19224 = ORIENTED_EDGE('',*,*,#19147,.T.);
#19225 = PLANE('',#19226);
#19226 = AXIS2_PLACEMENT_3D('',#19227,#19228,#19229);
#19227 = CARTESIAN_POINT('',(8.,182.,26.));
#19228 = DIRECTION('',(0.,0.,1.));
#19229 = DIRECTION('',(1.,0.,0.));
#19230 = ADVANCED_FACE('',(#19231),#19234,.F.);
#19231 = FACE_BOUND('',#19232,.F.);
#19232 = EDGE_LOOP('',(#19233));
#19233 = ORIENTED_EDGE('',*,*,#19172,.T.);
#19234 = PLANE('',#19235);
#19235 = AXIS2_PLACEMENT_3D('',#19236,#19237,#19238);
#19236 = CARTESIAN_POINT('',(188.,182.,26.));
#19237 = DIRECTION('',(0.,0.,1.));
#19238 = DIRECTION('',(1.,0.,0.));
#19239 = ( GEOMETRIC_REPRESENTATION_CONTEXT(3) 
GLOBAL_UNCERTAINTY_ASSIGNED_CONTEXT((#19243)) 
GLOBAL_UNIT_ASSIGNED_CONTEXT((#19240,#19241,#19242)) 
REPRESENTATION_CONTEXT('Context #1',
  '3D Context with UNIT and UNCERTAINTY') );
#19240 = ( LENGTH_UNIT() NAMED_UNIT(*) SI_UNIT(.MILLI.,.METRE.) );
#19241 = ( NAMED_UNIT(*) PLANE_ANGLE_UNIT() SI_UNIT($,.RADIAN.) );
#19242 = ( NAMED_UNIT(*) SI_UNIT($,.STERADIAN.) SOLID_ANGLE_UNIT() );
#19243 = UNCERTAINTY_MEASURE_WITH_UNIT(LENGTH_MEASURE(1.E-07),#19240,
  'distance_accuracy_value','confusion accuracy');
#19244 = PRODUCT_RELATED_PRODUCT_CATEGORY('part',$,(#7));
ENDSEC;
END-ISO-10303-21;
