ISO-10303-21;
HEADER;
FILE_DESCRIPTION(('FreeCAD Model'),'2;1');
FILE_NAME('Open CASCADE Shape Model','2026-09-13T21:27:01',('FreeCAD'),(
    'FreeCAD'),'Open CASCADE STEP processor 7.8','FreeCAD','Unknown');
FILE_SCHEMA(('AUTOMOTIVE_DESIGN { 1 0 10303 214 1 1 1 1 }'));
ENDSEC;
DATA;
#1 = APPLICATION_PROTOCOL_DEFINITION('international standard',
  'automotive_design',2000,#2);
#2 = APPLICATION_CONTEXT(
  'core data for automotive mechanical design processes');
#3 = SHAPE_DEFINITION_REPRESENTATION(#4,#10);
#4 = PRODUCT_DEFINITION_SHAPE('','',#5);
#5 = PRODUCT_DEFINITION('design','',#6,#9);
#6 = PRODUCT_DEFINITION_FORMATION('','',#7);
#7 = PRODUCT('Open CASCADE STEP translator 7.8 2',
  'Open CASCADE STEP translator 7.8 2','',(#8));
#8 = PRODUCT_CONTEXT('',#2,'mechanical');
#9 = PRODUCT_DEFINITION_CONTEXT('part definition',#2,'design');
#10 = SHAPE_REPRESENTATION('',(#11,#15,#8611,#13627,#13855,#14083,#17399
    ),#19863);
#11 = AXIS2_PLACEMENT_3D('',#12,#13,#14);
#12 = CARTESIAN_POINT('',(0.,0.,0.));
#13 = DIRECTION('',(0.,0.,1.));
#14 = DIRECTION('',(1.,0.,-0.));
#15 = MANIFOLD_SOLID_BREP('',#16);
#16 = CLOSED_SHELL('',(#17,#57,#817,#848,#879,#904,#978,#1009,#1298,
    #1372,#1412,#1470,#1487,#1509,#1601,#1878,#1909,#1992,#2014,#2031,
    #2048,#2065,#2143,#2167,#2243,#2283,#2555,#2579,#2844,#2922,#2939,
    #2963,#3039,#3079,#3351,#3375,#3640,#3718,#3742,#3818,#3830,#3852,
    #3869,#3886,#3898,#3948,#3972,#3994,#4011,#4034,#4056,#4068,#4085,
    #4104,#4116,#4133,#4164,#4189,#4214,#4239,#4264,#4289,#4320,#4344,
    #4368,#4385,#4416,#4440,#4464,#4481,#4512,#4536,#4560,#4577,#4602,
    #4633,#4657,#4681,#4698,#4729,#4753,#4777,#4794,#4825,#4849,#4873,
    #4890,#4921,#4945,#4969,#4986,#5011,#5036,#5067,#5091,#5115,#5132,
    #5163,#5187,#5211,#5228,#5259,#5283,#5307,#5324,#5355,#5379,#5403,
    #5420,#5451,#5475,#5499,#5516,#5547,#5571,#5595,#5612,#5643,#5667,
    #5691,#5708,#5739,#5763,#5787,#5804,#5835,#5859,#5883,#5900,#5917,
    #5934,#5951,#5974,#5998,#6015,#6026,#6049,#6073,#6089,#6101,#6119,
    #6137,#6159,#6178,#6190,#6202,#6219,#6241,#6260,#6272,#6284,#6301,
    #6318,#6335,#6352,#6369,#6386,#6403,#6420,#6437,#6454,#6471,#6488,
    #6505,#6522,#6539,#6556,#6573,#6590,#6607,#6624,#6641,#6658,#6675,
    #6692,#6709,#6726,#6743,#6760,#6777,#6794,#6811,#6828,#6840,#6857,
    #6874,#6891,#6908,#6925,#6942,#6959,#6976,#6993,#7010,#7027,#7044,
    #7061,#7078,#7095,#7112,#7129,#7146,#7163,#7180,#7197,#7214,#7231,
    #7248,#7265,#7282,#7299,#7316,#7333,#7350,#7367,#7379,#7401,#7420,
    #7432,#7444,#7461,#7486,#7725,#7758,#7778,#7795,#7828,#7848,#7865,
    #7898,#7918,#7935,#7968,#7988,#8005,#8038,#8058,#8075,#8106,#8130,
    #8148,#8159,#8190,#8214,#8232,#8243,#8274,#8298,#8316,#8327,#8358,
    #8382,#8400,#8411,#8561,#8579,#8597));
#17 = ADVANCED_FACE('',(#18),#52,.T.);
#18 = FACE_BOUND('',#19,.T.);
#19 = EDGE_LOOP('',(#20,#30,#38,#46));
#20 = ORIENTED_EDGE('',*,*,#21,.F.);
#21 = EDGE_CURVE('',#22,#24,#26,.T.);
#22 = VERTEX_POINT('',#23);
#23 = CARTESIAN_POINT('',(3.,11.316624790355,3.));
#24 = VERTEX_POINT('',#25);
#25 = CARTESIAN_POINT('',(3.,11.316624790356,39.));
#26 = LINE('',#27,#28);
#27 = CARTESIAN_POINT('',(3.,11.316624790355,0.));
#28 = VECTOR('',#29,1.);
#29 = DIRECTION('',(0.,0.,1.));
#30 = ORIENTED_EDGE('',*,*,#31,.T.);
#31 = EDGE_CURVE('',#22,#32,#34,.T.);
#32 = VERTEX_POINT('',#33);
#33 = CARTESIAN_POINT('',(3.,177.68337520964,3.));
#34 = LINE('',#35,#36);
#35 = CARTESIAN_POINT('',(3.,3.,3.));
#36 = VECTOR('',#37,1.);
#37 = DIRECTION('',(0.,1.,0.));
#38 = ORIENTED_EDGE('',*,*,#39,.T.);
#39 = EDGE_CURVE('',#32,#40,#42,.T.);
#40 = VERTEX_POINT('',#41);
#41 = CARTESIAN_POINT('',(3.,177.68337520964,39.));
#42 = LINE('',#43,#44);
#43 = CARTESIAN_POINT('',(3.,177.68337520964,0.));
#44 = VECTOR('',#45,1.);
#45 = DIRECTION('',(0.,0.,1.));
#46 = ORIENTED_EDGE('',*,*,#47,.F.);
#47 = EDGE_CURVE('',#24,#40,#48,.T.);
#48 = LINE('',#49,#50);
#49 = CARTESIAN_POINT('',(3.,1.5,39.));
#50 = VECTOR('',#51,1.);
#51 = DIRECTION('',(0.,1.,0.));
#52 = PLANE('',#53);
#53 = AXIS2_PLACEMENT_3D('',#54,#55,#56);
#54 = CARTESIAN_POINT('',(3.,3.,3.));
#55 = DIRECTION('',(1.,0.,0.));
#56 = DIRECTION('',(0.,0.,1.));
#57 = ADVANCED_FACE('',(#58,#180,#191,#202,#213,#224,#235,#269,#303,#337
    ,#348,#382,#416,#450,#484,#495,#506,#540,#574,#608,#642,#676,#710,
    #744,#778),#812,.T.);
#58 = FACE_BOUND('',#59,.T.);
#59 = EDGE_LOOP('',(#60,#61,#70,#79,#87,#96,#104,#113,#121,#130,#138,
    #147,#156,#164,#173));
#60 = ORIENTED_EDGE('',*,*,#31,.F.);
#61 = ORIENTED_EDGE('',*,*,#62,.F.);
#62 = EDGE_CURVE('',#63,#22,#65,.T.);
#63 = VERTEX_POINT('',#64);
#64 = CARTESIAN_POINT('',(14.,8.,3.));
#65 = CIRCLE('',#66,6.);
#66 = AXIS2_PLACEMENT_3D('',#67,#68,#69);
#67 = CARTESIAN_POINT('',(8.,8.,3.));
#68 = DIRECTION('',(0.,0.,1.));
#69 = DIRECTION('',(1.,0.,0.));
#70 = ORIENTED_EDGE('',*,*,#71,.F.);
#71 = EDGE_CURVE('',#72,#63,#74,.T.);
#72 = VERTEX_POINT('',#73);
#73 = CARTESIAN_POINT('',(11.316624790355,3.,3.));
#74 = CIRCLE('',#75,6.);
#75 = AXIS2_PLACEMENT_3D('',#76,#77,#78);
#76 = CARTESIAN_POINT('',(8.,8.,3.));
#77 = DIRECTION('',(0.,0.,1.));
#78 = DIRECTION('',(1.,0.,0.));
#79 = ORIENTED_EDGE('',*,*,#80,.T.);
#80 = EDGE_CURVE('',#72,#81,#83,.T.);
#81 = VERTEX_POINT('',#82);
#82 = CARTESIAN_POINT('',(250.68337520964,3.,3.));
#83 = LINE('',#84,#85);
#84 = CARTESIAN_POINT('',(3.,3.,3.));
#85 = VECTOR('',#86,1.);
#86 = DIRECTION('',(1.,0.,0.));
#87 = ORIENTED_EDGE('',*,*,#88,.F.);
#88 = EDGE_CURVE('',#89,#81,#91,.T.);
#89 = VERTEX_POINT('',#90);
#90 = CARTESIAN_POINT('',(259.,11.316624790355,3.));
#91 = CIRCLE('',#92,6.);
#92 = AXIS2_PLACEMENT_3D('',#93,#94,#95);
#93 = CARTESIAN_POINT('',(254.,8.,3.));
#94 = DIRECTION('',(0.,0.,1.));
#95 = DIRECTION('',(1.,0.,0.));
#96 = ORIENTED_EDGE('',*,*,#97,.T.);
#97 = EDGE_CURVE('',#89,#98,#100,.T.);
#98 = VERTEX_POINT('',#99);
#99 = CARTESIAN_POINT('',(259.,177.68337520964,3.));
#100 = LINE('',#101,#102);
#101 = CARTESIAN_POINT('',(259.,3.,3.));
#102 = VECTOR('',#103,1.);
#103 = DIRECTION('',(0.,1.,0.));
#104 = ORIENTED_EDGE('',*,*,#105,.F.);
#105 = EDGE_CURVE('',#106,#98,#108,.T.);
#106 = VERTEX_POINT('',#107);
#107 = CARTESIAN_POINT('',(259.,184.31662479035,3.));
#108 = CIRCLE('',#109,6.);
#109 = AXIS2_PLACEMENT_3D('',#110,#111,#112);
#110 = CARTESIAN_POINT('',(254.,181.,3.));
#111 = DIRECTION('',(0.,0.,1.));
#112 = DIRECTION('',(1.,0.,0.));
#113 = ORIENTED_EDGE('',*,*,#114,.T.);
#114 = EDGE_CURVE('',#106,#115,#117,.T.);
#115 = VERTEX_POINT('',#116);
#116 = CARTESIAN_POINT('',(259.,238.68337520964,3.));
#117 = LINE('',#118,#119);
#118 = CARTESIAN_POINT('',(259.,3.,3.));
#119 = VECTOR('',#120,1.);
#120 = DIRECTION('',(0.,1.,0.));
#121 = ORIENTED_EDGE('',*,*,#122,.F.);
#122 = EDGE_CURVE('',#123,#115,#125,.T.);
#123 = VERTEX_POINT('',#124);
#124 = CARTESIAN_POINT('',(250.68337520964,247.,3.));
#125 = CIRCLE('',#126,6.);
#126 = AXIS2_PLACEMENT_3D('',#127,#128,#129);
#127 = CARTESIAN_POINT('',(254.,242.,3.));
#128 = DIRECTION('',(0.,0.,1.));
#129 = DIRECTION('',(1.,0.,0.));
#130 = ORIENTED_EDGE('',*,*,#131,.F.);
#131 = EDGE_CURVE('',#132,#123,#134,.T.);
#132 = VERTEX_POINT('',#133);
#133 = CARTESIAN_POINT('',(11.316624790355,247.,3.));
#134 = LINE('',#135,#136);
#135 = CARTESIAN_POINT('',(3.,247.,3.));
#136 = VECTOR('',#137,1.);
#137 = DIRECTION('',(1.,0.,0.));
#138 = ORIENTED_EDGE('',*,*,#139,.F.);
#139 = EDGE_CURVE('',#140,#132,#142,.T.);
#140 = VERTEX_POINT('',#141);
#141 = CARTESIAN_POINT('',(14.,242.,3.));
#142 = CIRCLE('',#143,6.);
#143 = AXIS2_PLACEMENT_3D('',#144,#145,#146);
#144 = CARTESIAN_POINT('',(8.,242.,3.));
#145 = DIRECTION('',(0.,0.,1.));
#146 = DIRECTION('',(1.,0.,0.));
#147 = ORIENTED_EDGE('',*,*,#148,.F.);
#148 = EDGE_CURVE('',#149,#140,#151,.T.);
#149 = VERTEX_POINT('',#150);
#150 = CARTESIAN_POINT('',(3.,238.68337520964,3.));
#151 = CIRCLE('',#152,6.);
#152 = AXIS2_PLACEMENT_3D('',#153,#154,#155);
#153 = CARTESIAN_POINT('',(8.,242.,3.));
#154 = DIRECTION('',(0.,0.,1.));
#155 = DIRECTION('',(1.,0.,0.));
#156 = ORIENTED_EDGE('',*,*,#157,.F.);
#157 = EDGE_CURVE('',#158,#149,#160,.T.);
#158 = VERTEX_POINT('',#159);
#159 = CARTESIAN_POINT('',(3.,184.31662479035,3.));
#160 = LINE('',#161,#162);
#161 = CARTESIAN_POINT('',(3.,3.,3.));
#162 = VECTOR('',#163,1.);
#163 = DIRECTION('',(0.,1.,0.));
#164 = ORIENTED_EDGE('',*,*,#165,.F.);
#165 = EDGE_CURVE('',#166,#158,#168,.T.);
#166 = VERTEX_POINT('',#167);
#167 = CARTESIAN_POINT('',(14.,181.,3.));
#168 = CIRCLE('',#169,6.);
#169 = AXIS2_PLACEMENT_3D('',#170,#171,#172);
#170 = CARTESIAN_POINT('',(8.,181.,3.));
#171 = DIRECTION('',(0.,0.,1.));
#172 = DIRECTION('',(1.,0.,0.));
#173 = ORIENTED_EDGE('',*,*,#174,.F.);
#174 = EDGE_CURVE('',#32,#166,#175,.T.);
#175 = CIRCLE('',#176,6.);
#176 = AXIS2_PLACEMENT_3D('',#177,#178,#179);
#177 = CARTESIAN_POINT('',(8.,181.,3.));
#178 = DIRECTION('',(0.,0.,1.));
#179 = DIRECTION('',(1.,0.,0.));
#180 = FACE_BOUND('',#181,.T.);
#181 = EDGE_LOOP('',(#182));
#182 = ORIENTED_EDGE('',*,*,#183,.F.);
#183 = EDGE_CURVE('',#184,#184,#186,.T.);
#184 = VERTEX_POINT('',#185);
#185 = CARTESIAN_POINT('',(13.1,45.,3.));
#186 = CIRCLE('',#187,4.1);
#187 = AXIS2_PLACEMENT_3D('',#188,#189,#190);
#188 = CARTESIAN_POINT('',(9.,45.,3.));
#189 = DIRECTION('',(0.,0.,1.));
#190 = DIRECTION('',(1.,0.,0.));
#191 = FACE_BOUND('',#192,.T.);
#192 = EDGE_LOOP('',(#193));
#193 = ORIENTED_EDGE('',*,*,#194,.F.);
#194 = EDGE_CURVE('',#195,#195,#197,.T.);
#195 = VERTEX_POINT('',#196);
#196 = CARTESIAN_POINT('',(257.1,45.,3.));
#197 = CIRCLE('',#198,4.1);
#198 = AXIS2_PLACEMENT_3D('',#199,#200,#201);
#199 = CARTESIAN_POINT('',(253.,45.,3.));
#200 = DIRECTION('',(0.,0.,1.));
#201 = DIRECTION('',(1.,0.,0.));
#202 = FACE_BOUND('',#203,.T.);
#203 = EDGE_LOOP('',(#204));
#204 = ORIENTED_EDGE('',*,*,#205,.F.);
#205 = EDGE_CURVE('',#206,#206,#208,.T.);
#206 = VERTEX_POINT('',#207);
#207 = CARTESIAN_POINT('',(13.1,145.,3.));
#208 = CIRCLE('',#209,4.1);
#209 = AXIS2_PLACEMENT_3D('',#210,#211,#212);
#210 = CARTESIAN_POINT('',(9.,145.,3.));
#211 = DIRECTION('',(0.,0.,1.));
#212 = DIRECTION('',(1.,0.,0.));
#213 = FACE_BOUND('',#214,.T.);
#214 = EDGE_LOOP('',(#215));
#215 = ORIENTED_EDGE('',*,*,#216,.F.);
#216 = EDGE_CURVE('',#217,#217,#219,.T.);
#217 = VERTEX_POINT('',#218);
#218 = CARTESIAN_POINT('',(45.95,191.5,3.));
#219 = CIRCLE('',#220,1.45);
#220 = AXIS2_PLACEMENT_3D('',#221,#222,#223);
#221 = CARTESIAN_POINT('',(44.5,191.5,3.));
#222 = DIRECTION('',(0.,0.,1.));
#223 = DIRECTION('',(1.,0.,0.));
#224 = FACE_BOUND('',#225,.T.);
#225 = EDGE_LOOP('',(#226));
#226 = ORIENTED_EDGE('',*,*,#227,.F.);
#227 = EDGE_CURVE('',#228,#228,#230,.T.);
#228 = VERTEX_POINT('',#229);
#229 = CARTESIAN_POINT('',(103.95,191.5,3.));
#230 = CIRCLE('',#231,1.45);
#231 = AXIS2_PLACEMENT_3D('',#232,#233,#234);
#232 = CARTESIAN_POINT('',(102.5,191.5,3.));
#233 = DIRECTION('',(0.,0.,1.));
#234 = DIRECTION('',(1.,0.,0.));
#235 = FACE_BOUND('',#236,.T.);
#236 = EDGE_LOOP('',(#237,#247,#255,#263));
#237 = ORIENTED_EDGE('',*,*,#238,.T.);
#238 = EDGE_CURVE('',#239,#241,#243,.T.);
#239 = VERTEX_POINT('',#240);
#240 = CARTESIAN_POINT('',(53.,205.,3.));
#241 = VERTEX_POINT('',#242);
#242 = CARTESIAN_POINT('',(50.,205.,3.));
#243 = LINE('',#244,#245);
#244 = CARTESIAN_POINT('',(26.5,205.,3.));
#245 = VECTOR('',#246,1.);
#246 = DIRECTION('',(-1.,0.,0.));
#247 = ORIENTED_EDGE('',*,*,#248,.T.);
#248 = EDGE_CURVE('',#241,#249,#251,.T.);
#249 = VERTEX_POINT('',#250);
#250 = CARTESIAN_POINT('',(50.,232.,3.));
#251 = LINE('',#252,#253);
#252 = CARTESIAN_POINT('',(50.,104.,3.));
#253 = VECTOR('',#254,1.);
#254 = DIRECTION('',(0.,1.,0.));
#255 = ORIENTED_EDGE('',*,*,#256,.F.);
#256 = EDGE_CURVE('',#257,#249,#259,.T.);
#257 = VERTEX_POINT('',#258);
#258 = CARTESIAN_POINT('',(53.,232.,3.));
#259 = LINE('',#260,#261);
#260 = CARTESIAN_POINT('',(26.5,232.,3.));
#261 = VECTOR('',#262,1.);
#262 = DIRECTION('',(-1.,0.,0.));
#263 = ORIENTED_EDGE('',*,*,#264,.F.);
#264 = EDGE_CURVE('',#239,#257,#265,.T.);
#265 = LINE('',#266,#267);
#266 = CARTESIAN_POINT('',(53.,104.,3.));
#267 = VECTOR('',#268,1.);
#268 = DIRECTION('',(0.,1.,0.));
#269 = FACE_BOUND('',#270,.T.);
#270 = EDGE_LOOP('',(#271,#281,#289,#297));
#271 = ORIENTED_EDGE('',*,*,#272,.T.);
#272 = EDGE_CURVE('',#273,#275,#277,.T.);
#273 = VERTEX_POINT('',#274);
#274 = CARTESIAN_POINT('',(60.,205.,3.));
#275 = VERTEX_POINT('',#276);
#276 = CARTESIAN_POINT('',(57.,205.,3.));
#277 = LINE('',#278,#279);
#278 = CARTESIAN_POINT('',(30.,205.,3.));
#279 = VECTOR('',#280,1.);
#280 = DIRECTION('',(-1.,0.,0.));
#281 = ORIENTED_EDGE('',*,*,#282,.T.);
#282 = EDGE_CURVE('',#275,#283,#285,.T.);
#283 = VERTEX_POINT('',#284);
#284 = CARTESIAN_POINT('',(57.,232.,3.));
#285 = LINE('',#286,#287);
#286 = CARTESIAN_POINT('',(57.,104.,3.));
#287 = VECTOR('',#288,1.);
#288 = DIRECTION('',(0.,1.,0.));
#289 = ORIENTED_EDGE('',*,*,#290,.F.);
#290 = EDGE_CURVE('',#291,#283,#293,.T.);
#291 = VERTEX_POINT('',#292);
#292 = CARTESIAN_POINT('',(60.,232.,3.));
#293 = LINE('',#294,#295);
#294 = CARTESIAN_POINT('',(30.,232.,3.));
#295 = VECTOR('',#296,1.);
#296 = DIRECTION('',(-1.,0.,0.));
#297 = ORIENTED_EDGE('',*,*,#298,.F.);
#298 = EDGE_CURVE('',#273,#291,#299,.T.);
#299 = LINE('',#300,#301);
#300 = CARTESIAN_POINT('',(60.,104.,3.));
#301 = VECTOR('',#302,1.);
#302 = DIRECTION('',(0.,1.,0.));
#303 = FACE_BOUND('',#304,.T.);
#304 = EDGE_LOOP('',(#305,#315,#323,#331));
#305 = ORIENTED_EDGE('',*,*,#306,.T.);
#306 = EDGE_CURVE('',#307,#309,#311,.T.);
#307 = VERTEX_POINT('',#308);
#308 = CARTESIAN_POINT('',(67.,205.,3.));
#309 = VERTEX_POINT('',#310);
#310 = CARTESIAN_POINT('',(64.,205.,3.));
#311 = LINE('',#312,#313);
#312 = CARTESIAN_POINT('',(33.5,205.,3.));
#313 = VECTOR('',#314,1.);
#314 = DIRECTION('',(-1.,0.,0.));
#315 = ORIENTED_EDGE('',*,*,#316,.T.);
#316 = EDGE_CURVE('',#309,#317,#319,.T.);
#317 = VERTEX_POINT('',#318);
#318 = CARTESIAN_POINT('',(64.,232.,3.));
#319 = LINE('',#320,#321);
#320 = CARTESIAN_POINT('',(64.,104.,3.));
#321 = VECTOR('',#322,1.);
#322 = DIRECTION('',(0.,1.,0.));
#323 = ORIENTED_EDGE('',*,*,#324,.F.);
#324 = EDGE_CURVE('',#325,#317,#327,.T.);
#325 = VERTEX_POINT('',#326);
#326 = CARTESIAN_POINT('',(67.,232.,3.));
#327 = LINE('',#328,#329);
#328 = CARTESIAN_POINT('',(33.5,232.,3.));
#329 = VECTOR('',#330,1.);
#330 = DIRECTION('',(-1.,0.,0.));
#331 = ORIENTED_EDGE('',*,*,#332,.F.);
#332 = EDGE_CURVE('',#307,#325,#333,.T.);
#333 = LINE('',#334,#335);
#334 = CARTESIAN_POINT('',(67.,104.,3.));
#335 = VECTOR('',#336,1.);
#336 = DIRECTION('',(0.,1.,0.));
#337 = FACE_BOUND('',#338,.T.);
#338 = EDGE_LOOP('',(#339));
#339 = ORIENTED_EDGE('',*,*,#340,.F.);
#340 = EDGE_CURVE('',#341,#341,#343,.T.);
#341 = VERTEX_POINT('',#342);
#342 = CARTESIAN_POINT('',(45.95,240.5,3.));
#343 = CIRCLE('',#344,1.45);
#344 = AXIS2_PLACEMENT_3D('',#345,#346,#347);
#345 = CARTESIAN_POINT('',(44.5,240.5,3.));
#346 = DIRECTION('',(0.,0.,1.));
#347 = DIRECTION('',(1.,0.,0.));
#348 = FACE_BOUND('',#349,.T.);
#349 = EDGE_LOOP('',(#350,#360,#368,#376));
#350 = ORIENTED_EDGE('',*,*,#351,.T.);
#351 = EDGE_CURVE('',#352,#354,#356,.T.);
#352 = VERTEX_POINT('',#353);
#353 = CARTESIAN_POINT('',(74.,205.,3.));
#354 = VERTEX_POINT('',#355);
#355 = CARTESIAN_POINT('',(71.,205.,3.));
#356 = LINE('',#357,#358);
#357 = CARTESIAN_POINT('',(37.,205.,3.));
#358 = VECTOR('',#359,1.);
#359 = DIRECTION('',(-1.,0.,0.));
#360 = ORIENTED_EDGE('',*,*,#361,.T.);
#361 = EDGE_CURVE('',#354,#362,#364,.T.);
#362 = VERTEX_POINT('',#363);
#363 = CARTESIAN_POINT('',(71.,232.,3.));
#364 = LINE('',#365,#366);
#365 = CARTESIAN_POINT('',(71.,104.,3.));
#366 = VECTOR('',#367,1.);
#367 = DIRECTION('',(0.,1.,0.));
#368 = ORIENTED_EDGE('',*,*,#369,.F.);
#369 = EDGE_CURVE('',#370,#362,#372,.T.);
#370 = VERTEX_POINT('',#371);
#371 = CARTESIAN_POINT('',(74.,232.,3.));
#372 = LINE('',#373,#374);
#373 = CARTESIAN_POINT('',(37.,232.,3.));
#374 = VECTOR('',#375,1.);
#375 = DIRECTION('',(-1.,0.,0.));
#376 = ORIENTED_EDGE('',*,*,#377,.F.);
#377 = EDGE_CURVE('',#352,#370,#378,.T.);
#378 = LINE('',#379,#380);
#379 = CARTESIAN_POINT('',(74.,104.,3.));
#380 = VECTOR('',#381,1.);
#381 = DIRECTION('',(0.,1.,0.));
#382 = FACE_BOUND('',#383,.T.);
#383 = EDGE_LOOP('',(#384,#394,#402,#410));
#384 = ORIENTED_EDGE('',*,*,#385,.T.);
#385 = EDGE_CURVE('',#386,#388,#390,.T.);
#386 = VERTEX_POINT('',#387);
#387 = CARTESIAN_POINT('',(81.,205.,3.));
#388 = VERTEX_POINT('',#389);
#389 = CARTESIAN_POINT('',(78.,205.,3.));
#390 = LINE('',#391,#392);
#391 = CARTESIAN_POINT('',(40.5,205.,3.));
#392 = VECTOR('',#393,1.);
#393 = DIRECTION('',(-1.,0.,0.));
#394 = ORIENTED_EDGE('',*,*,#395,.T.);
#395 = EDGE_CURVE('',#388,#396,#398,.T.);
#396 = VERTEX_POINT('',#397);
#397 = CARTESIAN_POINT('',(78.,232.,3.));
#398 = LINE('',#399,#400);
#399 = CARTESIAN_POINT('',(78.,104.,3.));
#400 = VECTOR('',#401,1.);
#401 = DIRECTION('',(0.,1.,0.));
#402 = ORIENTED_EDGE('',*,*,#403,.F.);
#403 = EDGE_CURVE('',#404,#396,#406,.T.);
#404 = VERTEX_POINT('',#405);
#405 = CARTESIAN_POINT('',(81.,232.,3.));
#406 = LINE('',#407,#408);
#407 = CARTESIAN_POINT('',(40.5,232.,3.));
#408 = VECTOR('',#409,1.);
#409 = DIRECTION('',(-1.,0.,0.));
#410 = ORIENTED_EDGE('',*,*,#411,.F.);
#411 = EDGE_CURVE('',#386,#404,#412,.T.);
#412 = LINE('',#413,#414);
#413 = CARTESIAN_POINT('',(81.,104.,3.));
#414 = VECTOR('',#415,1.);
#415 = DIRECTION('',(0.,1.,0.));
#416 = FACE_BOUND('',#417,.T.);
#417 = EDGE_LOOP('',(#418,#428,#436,#444));
#418 = ORIENTED_EDGE('',*,*,#419,.T.);
#419 = EDGE_CURVE('',#420,#422,#424,.T.);
#420 = VERTEX_POINT('',#421);
#421 = CARTESIAN_POINT('',(88.,205.,3.));
#422 = VERTEX_POINT('',#423);
#423 = CARTESIAN_POINT('',(85.,205.,3.));
#424 = LINE('',#425,#426);
#425 = CARTESIAN_POINT('',(44.,205.,3.));
#426 = VECTOR('',#427,1.);
#427 = DIRECTION('',(-1.,0.,0.));
#428 = ORIENTED_EDGE('',*,*,#429,.T.);
#429 = EDGE_CURVE('',#422,#430,#432,.T.);
#430 = VERTEX_POINT('',#431);
#431 = CARTESIAN_POINT('',(85.,232.,3.));
#432 = LINE('',#433,#434);
#433 = CARTESIAN_POINT('',(85.,104.,3.));
#434 = VECTOR('',#435,1.);
#435 = DIRECTION('',(0.,1.,0.));
#436 = ORIENTED_EDGE('',*,*,#437,.F.);
#437 = EDGE_CURVE('',#438,#430,#440,.T.);
#438 = VERTEX_POINT('',#439);
#439 = CARTESIAN_POINT('',(88.,232.,3.));
#440 = LINE('',#441,#442);
#441 = CARTESIAN_POINT('',(44.,232.,3.));
#442 = VECTOR('',#443,1.);
#443 = DIRECTION('',(-1.,0.,0.));
#444 = ORIENTED_EDGE('',*,*,#445,.F.);
#445 = EDGE_CURVE('',#420,#438,#446,.T.);
#446 = LINE('',#447,#448);
#447 = CARTESIAN_POINT('',(88.,104.,3.));
#448 = VECTOR('',#449,1.);
#449 = DIRECTION('',(0.,1.,0.));
#450 = FACE_BOUND('',#451,.T.);
#451 = EDGE_LOOP('',(#452,#462,#470,#478));
#452 = ORIENTED_EDGE('',*,*,#453,.T.);
#453 = EDGE_CURVE('',#454,#456,#458,.T.);
#454 = VERTEX_POINT('',#455);
#455 = CARTESIAN_POINT('',(95.,205.,3.));
#456 = VERTEX_POINT('',#457);
#457 = CARTESIAN_POINT('',(92.,205.,3.));
#458 = LINE('',#459,#460);
#459 = CARTESIAN_POINT('',(47.5,205.,3.));
#460 = VECTOR('',#461,1.);
#461 = DIRECTION('',(-1.,0.,0.));
#462 = ORIENTED_EDGE('',*,*,#463,.T.);
#463 = EDGE_CURVE('',#456,#464,#466,.T.);
#464 = VERTEX_POINT('',#465);
#465 = CARTESIAN_POINT('',(92.,232.,3.));
#466 = LINE('',#467,#468);
#467 = CARTESIAN_POINT('',(92.,104.,3.));
#468 = VECTOR('',#469,1.);
#469 = DIRECTION('',(0.,1.,0.));
#470 = ORIENTED_EDGE('',*,*,#471,.F.);
#471 = EDGE_CURVE('',#472,#464,#474,.T.);
#472 = VERTEX_POINT('',#473);
#473 = CARTESIAN_POINT('',(95.,232.,3.));
#474 = LINE('',#475,#476);
#475 = CARTESIAN_POINT('',(47.5,232.,3.));
#476 = VECTOR('',#477,1.);
#477 = DIRECTION('',(-1.,0.,0.));
#478 = ORIENTED_EDGE('',*,*,#479,.F.);
#479 = EDGE_CURVE('',#454,#472,#480,.T.);
#480 = LINE('',#481,#482);
#481 = CARTESIAN_POINT('',(95.,104.,3.));
#482 = VECTOR('',#483,1.);
#483 = DIRECTION('',(0.,1.,0.));
#484 = FACE_BOUND('',#485,.T.);
#485 = EDGE_LOOP('',(#486));
#486 = ORIENTED_EDGE('',*,*,#487,.F.);
#487 = EDGE_CURVE('',#488,#488,#490,.T.);
#488 = VERTEX_POINT('',#489);
#489 = CARTESIAN_POINT('',(103.95,240.5,3.));
#490 = CIRCLE('',#491,1.45);
#491 = AXIS2_PLACEMENT_3D('',#492,#493,#494);
#492 = CARTESIAN_POINT('',(102.5,240.5,3.));
#493 = DIRECTION('',(0.,0.,1.));
#494 = DIRECTION('',(1.,0.,0.));
#495 = FACE_BOUND('',#496,.T.);
#496 = EDGE_LOOP('',(#497));
#497 = ORIENTED_EDGE('',*,*,#498,.F.);
#498 = EDGE_CURVE('',#499,#499,#501,.T.);
#499 = VERTEX_POINT('',#500);
#500 = CARTESIAN_POINT('',(257.1,145.,3.));
#501 = CIRCLE('',#502,4.1);
#502 = AXIS2_PLACEMENT_3D('',#503,#504,#505);
#503 = CARTESIAN_POINT('',(253.,145.,3.));
#504 = DIRECTION('',(0.,0.,1.));
#505 = DIRECTION('',(1.,0.,0.));
#506 = FACE_BOUND('',#507,.T.);
#507 = EDGE_LOOP('',(#508,#518,#526,#534));
#508 = ORIENTED_EDGE('',*,*,#509,.T.);
#509 = EDGE_CURVE('',#510,#512,#514,.T.);
#510 = VERTEX_POINT('',#511);
#511 = CARTESIAN_POINT('',(161.,199.,3.));
#512 = VERTEX_POINT('',#513);
#513 = CARTESIAN_POINT('',(158.,199.,3.));
#514 = LINE('',#515,#516);
#515 = CARTESIAN_POINT('',(80.5,199.,3.));
#516 = VECTOR('',#517,1.);
#517 = DIRECTION('',(-1.,0.,0.));
#518 = ORIENTED_EDGE('',*,*,#519,.T.);
#519 = EDGE_CURVE('',#512,#520,#522,.T.);
#520 = VERTEX_POINT('',#521);
#521 = CARTESIAN_POINT('',(158.,232.,3.));
#522 = LINE('',#523,#524);
#523 = CARTESIAN_POINT('',(158.,101.,3.));
#524 = VECTOR('',#525,1.);
#525 = DIRECTION('',(0.,1.,0.));
#526 = ORIENTED_EDGE('',*,*,#527,.F.);
#527 = EDGE_CURVE('',#528,#520,#530,.T.);
#528 = VERTEX_POINT('',#529);
#529 = CARTESIAN_POINT('',(161.,232.,3.));
#530 = LINE('',#531,#532);
#531 = CARTESIAN_POINT('',(80.5,232.,3.));
#532 = VECTOR('',#533,1.);
#533 = DIRECTION('',(-1.,0.,0.));
#534 = ORIENTED_EDGE('',*,*,#535,.F.);
#535 = EDGE_CURVE('',#510,#528,#536,.T.);
#536 = LINE('',#537,#538);
#537 = CARTESIAN_POINT('',(161.,101.,3.));
#538 = VECTOR('',#539,1.);
#539 = DIRECTION('',(0.,1.,0.));
#540 = FACE_BOUND('',#541,.T.);
#541 = EDGE_LOOP('',(#542,#552,#560,#568));
#542 = ORIENTED_EDGE('',*,*,#543,.T.);
#543 = EDGE_CURVE('',#544,#546,#548,.T.);
#544 = VERTEX_POINT('',#545);
#545 = CARTESIAN_POINT('',(170.,199.,3.));
#546 = VERTEX_POINT('',#547);
#547 = CARTESIAN_POINT('',(167.,199.,3.));
#548 = LINE('',#549,#550);
#549 = CARTESIAN_POINT('',(85.,199.,3.));
#550 = VECTOR('',#551,1.);
#551 = DIRECTION('',(-1.,0.,0.));
#552 = ORIENTED_EDGE('',*,*,#553,.T.);
#553 = EDGE_CURVE('',#546,#554,#556,.T.);
#554 = VERTEX_POINT('',#555);
#555 = CARTESIAN_POINT('',(167.,232.,3.));
#556 = LINE('',#557,#558);
#557 = CARTESIAN_POINT('',(167.,101.,3.));
#558 = VECTOR('',#559,1.);
#559 = DIRECTION('',(0.,1.,0.));
#560 = ORIENTED_EDGE('',*,*,#561,.F.);
#561 = EDGE_CURVE('',#562,#554,#564,.T.);
#562 = VERTEX_POINT('',#563);
#563 = CARTESIAN_POINT('',(170.,232.,3.));
#564 = LINE('',#565,#566);
#565 = CARTESIAN_POINT('',(85.,232.,3.));
#566 = VECTOR('',#567,1.);
#567 = DIRECTION('',(-1.,0.,0.));
#568 = ORIENTED_EDGE('',*,*,#569,.F.);
#569 = EDGE_CURVE('',#544,#562,#570,.T.);
#570 = LINE('',#571,#572);
#571 = CARTESIAN_POINT('',(170.,101.,3.));
#572 = VECTOR('',#573,1.);
#573 = DIRECTION('',(0.,1.,0.));
#574 = FACE_BOUND('',#575,.T.);
#575 = EDGE_LOOP('',(#576,#586,#594,#602));
#576 = ORIENTED_EDGE('',*,*,#577,.T.);
#577 = EDGE_CURVE('',#578,#580,#582,.T.);
#578 = VERTEX_POINT('',#579);
#579 = CARTESIAN_POINT('',(179.,199.,3.));
#580 = VERTEX_POINT('',#581);
#581 = CARTESIAN_POINT('',(176.,199.,3.));
#582 = LINE('',#583,#584);
#583 = CARTESIAN_POINT('',(89.5,199.,3.));
#584 = VECTOR('',#585,1.);
#585 = DIRECTION('',(-1.,0.,0.));
#586 = ORIENTED_EDGE('',*,*,#587,.T.);
#587 = EDGE_CURVE('',#580,#588,#590,.T.);
#588 = VERTEX_POINT('',#589);
#589 = CARTESIAN_POINT('',(176.,232.,3.));
#590 = LINE('',#591,#592);
#591 = CARTESIAN_POINT('',(176.,101.,3.));
#592 = VECTOR('',#593,1.);
#593 = DIRECTION('',(0.,1.,0.));
#594 = ORIENTED_EDGE('',*,*,#595,.F.);
#595 = EDGE_CURVE('',#596,#588,#598,.T.);
#596 = VERTEX_POINT('',#597);
#597 = CARTESIAN_POINT('',(179.,232.,3.));
#598 = LINE('',#599,#600);
#599 = CARTESIAN_POINT('',(89.5,232.,3.));
#600 = VECTOR('',#601,1.);
#601 = DIRECTION('',(-1.,0.,0.));
#602 = ORIENTED_EDGE('',*,*,#603,.F.);
#603 = EDGE_CURVE('',#578,#596,#604,.T.);
#604 = LINE('',#605,#606);
#605 = CARTESIAN_POINT('',(179.,101.,3.));
#606 = VECTOR('',#607,1.);
#607 = DIRECTION('',(0.,1.,0.));
#608 = FACE_BOUND('',#609,.T.);
#609 = EDGE_LOOP('',(#610,#620,#628,#636));
#610 = ORIENTED_EDGE('',*,*,#611,.T.);
#611 = EDGE_CURVE('',#612,#614,#616,.T.);
#612 = VERTEX_POINT('',#613);
#613 = CARTESIAN_POINT('',(188.,199.,3.));
#614 = VERTEX_POINT('',#615);
#615 = CARTESIAN_POINT('',(185.,199.,3.));
#616 = LINE('',#617,#618);
#617 = CARTESIAN_POINT('',(94.,199.,3.));
#618 = VECTOR('',#619,1.);
#619 = DIRECTION('',(-1.,0.,0.));
#620 = ORIENTED_EDGE('',*,*,#621,.T.);
#621 = EDGE_CURVE('',#614,#622,#624,.T.);
#622 = VERTEX_POINT('',#623);
#623 = CARTESIAN_POINT('',(185.,232.,3.));
#624 = LINE('',#625,#626);
#625 = CARTESIAN_POINT('',(185.,101.,3.));
#626 = VECTOR('',#627,1.);
#627 = DIRECTION('',(0.,1.,0.));
#628 = ORIENTED_EDGE('',*,*,#629,.F.);
#629 = EDGE_CURVE('',#630,#622,#632,.T.);
#630 = VERTEX_POINT('',#631);
#631 = CARTESIAN_POINT('',(188.,232.,3.));
#632 = LINE('',#633,#634);
#633 = CARTESIAN_POINT('',(94.,232.,3.));
#634 = VECTOR('',#635,1.);
#635 = DIRECTION('',(-1.,0.,0.));
#636 = ORIENTED_EDGE('',*,*,#637,.F.);
#637 = EDGE_CURVE('',#612,#630,#638,.T.);
#638 = LINE('',#639,#640);
#639 = CARTESIAN_POINT('',(188.,101.,3.));
#640 = VECTOR('',#641,1.);
#641 = DIRECTION('',(0.,1.,0.));
#642 = FACE_BOUND('',#643,.T.);
#643 = EDGE_LOOP('',(#644,#654,#662,#670));
#644 = ORIENTED_EDGE('',*,*,#645,.T.);
#645 = EDGE_CURVE('',#646,#648,#650,.T.);
#646 = VERTEX_POINT('',#647);
#647 = CARTESIAN_POINT('',(197.,199.,3.));
#648 = VERTEX_POINT('',#649);
#649 = CARTESIAN_POINT('',(194.,199.,3.));
#650 = LINE('',#651,#652);
#651 = CARTESIAN_POINT('',(98.5,199.,3.));
#652 = VECTOR('',#653,1.);
#653 = DIRECTION('',(-1.,0.,0.));
#654 = ORIENTED_EDGE('',*,*,#655,.T.);
#655 = EDGE_CURVE('',#648,#656,#658,.T.);
#656 = VERTEX_POINT('',#657);
#657 = CARTESIAN_POINT('',(194.,232.,3.));
#658 = LINE('',#659,#660);
#659 = CARTESIAN_POINT('',(194.,101.,3.));
#660 = VECTOR('',#661,1.);
#661 = DIRECTION('',(0.,1.,0.));
#662 = ORIENTED_EDGE('',*,*,#663,.F.);
#663 = EDGE_CURVE('',#664,#656,#666,.T.);
#664 = VERTEX_POINT('',#665);
#665 = CARTESIAN_POINT('',(197.,232.,3.));
#666 = LINE('',#667,#668);
#667 = CARTESIAN_POINT('',(98.5,232.,3.));
#668 = VECTOR('',#669,1.);
#669 = DIRECTION('',(-1.,0.,0.));
#670 = ORIENTED_EDGE('',*,*,#671,.F.);
#671 = EDGE_CURVE('',#646,#664,#672,.T.);
#672 = LINE('',#673,#674);
#673 = CARTESIAN_POINT('',(197.,101.,3.));
#674 = VECTOR('',#675,1.);
#675 = DIRECTION('',(0.,1.,0.));
#676 = FACE_BOUND('',#677,.T.);
#677 = EDGE_LOOP('',(#678,#688,#696,#704));
#678 = ORIENTED_EDGE('',*,*,#679,.T.);
#679 = EDGE_CURVE('',#680,#682,#684,.T.);
#680 = VERTEX_POINT('',#681);
#681 = CARTESIAN_POINT('',(206.,199.,3.));
#682 = VERTEX_POINT('',#683);
#683 = CARTESIAN_POINT('',(203.,199.,3.));
#684 = LINE('',#685,#686);
#685 = CARTESIAN_POINT('',(103.,199.,3.));
#686 = VECTOR('',#687,1.);
#687 = DIRECTION('',(-1.,0.,0.));
#688 = ORIENTED_EDGE('',*,*,#689,.T.);
#689 = EDGE_CURVE('',#682,#690,#692,.T.);
#690 = VERTEX_POINT('',#691);
#691 = CARTESIAN_POINT('',(203.,232.,3.));
#692 = LINE('',#693,#694);
#693 = CARTESIAN_POINT('',(203.,101.,3.));
#694 = VECTOR('',#695,1.);
#695 = DIRECTION('',(0.,1.,0.));
#696 = ORIENTED_EDGE('',*,*,#697,.F.);
#697 = EDGE_CURVE('',#698,#690,#700,.T.);
#698 = VERTEX_POINT('',#699);
#699 = CARTESIAN_POINT('',(206.,232.,3.));
#700 = LINE('',#701,#702);
#701 = CARTESIAN_POINT('',(103.,232.,3.));
#702 = VECTOR('',#703,1.);
#703 = DIRECTION('',(-1.,0.,0.));
#704 = ORIENTED_EDGE('',*,*,#705,.F.);
#705 = EDGE_CURVE('',#680,#698,#706,.T.);
#706 = LINE('',#707,#708);
#707 = CARTESIAN_POINT('',(206.,101.,3.));
#708 = VECTOR('',#709,1.);
#709 = DIRECTION('',(0.,1.,0.));
#710 = FACE_BOUND('',#711,.T.);
#711 = EDGE_LOOP('',(#712,#722,#730,#738));
#712 = ORIENTED_EDGE('',*,*,#713,.T.);
#713 = EDGE_CURVE('',#714,#716,#718,.T.);
#714 = VERTEX_POINT('',#715);
#715 = CARTESIAN_POINT('',(215.,199.,3.));
#716 = VERTEX_POINT('',#717);
#717 = CARTESIAN_POINT('',(212.,199.,3.));
#718 = LINE('',#719,#720);
#719 = CARTESIAN_POINT('',(107.5,199.,3.));
#720 = VECTOR('',#721,1.);
#721 = DIRECTION('',(-1.,0.,0.));
#722 = ORIENTED_EDGE('',*,*,#723,.T.);
#723 = EDGE_CURVE('',#716,#724,#726,.T.);
#724 = VERTEX_POINT('',#725);
#725 = CARTESIAN_POINT('',(212.,232.,3.));
#726 = LINE('',#727,#728);
#727 = CARTESIAN_POINT('',(212.,101.,3.));
#728 = VECTOR('',#729,1.);
#729 = DIRECTION('',(0.,1.,0.));
#730 = ORIENTED_EDGE('',*,*,#731,.F.);
#731 = EDGE_CURVE('',#732,#724,#734,.T.);
#732 = VERTEX_POINT('',#733);
#733 = CARTESIAN_POINT('',(215.,232.,3.));
#734 = LINE('',#735,#736);
#735 = CARTESIAN_POINT('',(107.5,232.,3.));
#736 = VECTOR('',#737,1.);
#737 = DIRECTION('',(-1.,0.,0.));
#738 = ORIENTED_EDGE('',*,*,#739,.F.);
#739 = EDGE_CURVE('',#714,#732,#740,.T.);
#740 = LINE('',#741,#742);
#741 = CARTESIAN_POINT('',(215.,101.,3.));
#742 = VECTOR('',#743,1.);
#743 = DIRECTION('',(0.,1.,0.));
#744 = FACE_BOUND('',#745,.T.);
#745 = EDGE_LOOP('',(#746,#756,#764,#772));
#746 = ORIENTED_EDGE('',*,*,#747,.T.);
#747 = EDGE_CURVE('',#748,#750,#752,.T.);
#748 = VERTEX_POINT('',#749);
#749 = CARTESIAN_POINT('',(224.,199.,3.));
#750 = VERTEX_POINT('',#751);
#751 = CARTESIAN_POINT('',(221.,199.,3.));
#752 = LINE('',#753,#754);
#753 = CARTESIAN_POINT('',(112.,199.,3.));
#754 = VECTOR('',#755,1.);
#755 = DIRECTION('',(-1.,0.,0.));
#756 = ORIENTED_EDGE('',*,*,#757,.T.);
#757 = EDGE_CURVE('',#750,#758,#760,.T.);
#758 = VERTEX_POINT('',#759);
#759 = CARTESIAN_POINT('',(221.,232.,3.));
#760 = LINE('',#761,#762);
#761 = CARTESIAN_POINT('',(221.,101.,3.));
#762 = VECTOR('',#763,1.);
#763 = DIRECTION('',(0.,1.,0.));
#764 = ORIENTED_EDGE('',*,*,#765,.F.);
#765 = EDGE_CURVE('',#766,#758,#768,.T.);
#766 = VERTEX_POINT('',#767);
#767 = CARTESIAN_POINT('',(224.,232.,3.));
#768 = LINE('',#769,#770);
#769 = CARTESIAN_POINT('',(112.,232.,3.));
#770 = VECTOR('',#771,1.);
#771 = DIRECTION('',(-1.,0.,0.));
#772 = ORIENTED_EDGE('',*,*,#773,.F.);
#773 = EDGE_CURVE('',#748,#766,#774,.T.);
#774 = LINE('',#775,#776);
#775 = CARTESIAN_POINT('',(224.,101.,3.));
#776 = VECTOR('',#777,1.);
#777 = DIRECTION('',(0.,1.,0.));
#778 = FACE_BOUND('',#779,.T.);
#779 = EDGE_LOOP('',(#780,#790,#798,#806));
#780 = ORIENTED_EDGE('',*,*,#781,.T.);
#781 = EDGE_CURVE('',#782,#784,#786,.T.);
#782 = VERTEX_POINT('',#783);
#783 = CARTESIAN_POINT('',(233.,199.,3.));
#784 = VERTEX_POINT('',#785);
#785 = CARTESIAN_POINT('',(230.,199.,3.));
#786 = LINE('',#787,#788);
#787 = CARTESIAN_POINT('',(116.5,199.,3.));
#788 = VECTOR('',#789,1.);
#789 = DIRECTION('',(-1.,0.,0.));
#790 = ORIENTED_EDGE('',*,*,#791,.T.);
#791 = EDGE_CURVE('',#784,#792,#794,.T.);
#792 = VERTEX_POINT('',#793);
#793 = CARTESIAN_POINT('',(230.,232.,3.));
#794 = LINE('',#795,#796);
#795 = CARTESIAN_POINT('',(230.,101.,3.));
#796 = VECTOR('',#797,1.);
#797 = DIRECTION('',(0.,1.,0.));
#798 = ORIENTED_EDGE('',*,*,#799,.F.);
#799 = EDGE_CURVE('',#800,#792,#802,.T.);
#800 = VERTEX_POINT('',#801);
#801 = CARTESIAN_POINT('',(233.,232.,3.));
#802 = LINE('',#803,#804);
#803 = CARTESIAN_POINT('',(116.5,232.,3.));
#804 = VECTOR('',#805,1.);
#805 = DIRECTION('',(-1.,0.,0.));
#806 = ORIENTED_EDGE('',*,*,#807,.F.);
#807 = EDGE_CURVE('',#782,#800,#808,.T.);
#808 = LINE('',#809,#810);
#809 = CARTESIAN_POINT('',(233.,101.,3.));
#810 = VECTOR('',#811,1.);
#811 = DIRECTION('',(0.,1.,0.));
#812 = PLANE('',#813);
#813 = AXIS2_PLACEMENT_3D('',#814,#815,#816);
#814 = CARTESIAN_POINT('',(3.,3.,3.));
#815 = DIRECTION('',(0.,0.,1.));
#816 = DIRECTION('',(1.,0.,0.));
#817 = ADVANCED_FACE('',(#818),#843,.T.);
#818 = FACE_BOUND('',#819,.T.);
#819 = EDGE_LOOP('',(#820,#828,#829,#837));
#820 = ORIENTED_EDGE('',*,*,#821,.F.);
#821 = EDGE_CURVE('',#81,#822,#824,.T.);
#822 = VERTEX_POINT('',#823);
#823 = CARTESIAN_POINT('',(250.68337520964,3.,39.));
#824 = LINE('',#825,#826);
#825 = CARTESIAN_POINT('',(250.68337520964,3.,0.));
#826 = VECTOR('',#827,1.);
#827 = DIRECTION('',(0.,0.,1.));
#828 = ORIENTED_EDGE('',*,*,#80,.F.);
#829 = ORIENTED_EDGE('',*,*,#830,.T.);
#830 = EDGE_CURVE('',#72,#831,#833,.T.);
#831 = VERTEX_POINT('',#832);
#832 = CARTESIAN_POINT('',(11.316624790355,3.,39.));
#833 = LINE('',#834,#835);
#834 = CARTESIAN_POINT('',(11.316624790355,3.,0.));
#835 = VECTOR('',#836,1.);
#836 = DIRECTION('',(0.,0.,1.));
#837 = ORIENTED_EDGE('',*,*,#838,.F.);
#838 = EDGE_CURVE('',#822,#831,#839,.T.);
#839 = LINE('',#840,#841);
#840 = CARTESIAN_POINT('',(1.5,3.,39.));
#841 = VECTOR('',#842,1.);
#842 = DIRECTION('',(-1.,0.,0.));
#843 = PLANE('',#844);
#844 = AXIS2_PLACEMENT_3D('',#845,#846,#847);
#845 = CARTESIAN_POINT('',(3.,3.,3.));
#846 = DIRECTION('',(0.,1.,0.));
#847 = DIRECTION('',(0.,0.,1.));
#848 = ADVANCED_FACE('',(#849),#874,.F.);
#849 = FACE_BOUND('',#850,.F.);
#850 = EDGE_LOOP('',(#851,#859,#860,#868));
#851 = ORIENTED_EDGE('',*,*,#852,.F.);
#852 = EDGE_CURVE('',#106,#853,#855,.T.);
#853 = VERTEX_POINT('',#854);
#854 = CARTESIAN_POINT('',(259.,184.31662479035,39.));
#855 = LINE('',#856,#857);
#856 = CARTESIAN_POINT('',(259.,184.31662479035,0.));
#857 = VECTOR('',#858,1.);
#858 = DIRECTION('',(0.,0.,1.));
#859 = ORIENTED_EDGE('',*,*,#114,.T.);
#860 = ORIENTED_EDGE('',*,*,#861,.T.);
#861 = EDGE_CURVE('',#115,#862,#864,.T.);
#862 = VERTEX_POINT('',#863);
#863 = CARTESIAN_POINT('',(259.,238.68337520964,39.));
#864 = LINE('',#865,#866);
#865 = CARTESIAN_POINT('',(259.,238.68337520964,0.));
#866 = VECTOR('',#867,1.);
#867 = DIRECTION('',(0.,0.,1.));
#868 = ORIENTED_EDGE('',*,*,#869,.F.);
#869 = EDGE_CURVE('',#853,#862,#870,.T.);
#870 = LINE('',#871,#872);
#871 = CARTESIAN_POINT('',(259.,1.5,39.));
#872 = VECTOR('',#873,1.);
#873 = DIRECTION('',(0.,1.,0.));
#874 = PLANE('',#875);
#875 = AXIS2_PLACEMENT_3D('',#876,#877,#878);
#876 = CARTESIAN_POINT('',(259.,3.,3.));
#877 = DIRECTION('',(1.,0.,0.));
#878 = DIRECTION('',(0.,0.,1.));
#879 = ADVANCED_FACE('',(#880),#899,.T.);
#880 = FACE_BOUND('',#881,.T.);
#881 = EDGE_LOOP('',(#882,#883,#892,#898));
#882 = ORIENTED_EDGE('',*,*,#861,.T.);
#883 = ORIENTED_EDGE('',*,*,#884,.F.);
#884 = EDGE_CURVE('',#885,#862,#887,.T.);
#885 = VERTEX_POINT('',#886);
#886 = CARTESIAN_POINT('',(250.68337520964,247.,39.));
#887 = CIRCLE('',#888,6.);
#888 = AXIS2_PLACEMENT_3D('',#889,#890,#891);
#889 = CARTESIAN_POINT('',(254.,242.,39.));
#890 = DIRECTION('',(0.,0.,1.));
#891 = DIRECTION('',(1.,0.,0.));
#892 = ORIENTED_EDGE('',*,*,#893,.F.);
#893 = EDGE_CURVE('',#123,#885,#894,.T.);
#894 = LINE('',#895,#896);
#895 = CARTESIAN_POINT('',(250.68337520964,247.,0.));
#896 = VECTOR('',#897,1.);
#897 = DIRECTION('',(0.,0.,1.));
#898 = ORIENTED_EDGE('',*,*,#122,.T.);
#899 = CYLINDRICAL_SURFACE('',#900,6.);
#900 = AXIS2_PLACEMENT_3D('',#901,#902,#903);
#901 = CARTESIAN_POINT('',(254.,242.,0.));
#902 = DIRECTION('',(0.,0.,1.));
#903 = DIRECTION('',(1.,0.,0.));
#904 = ADVANCED_FACE('',(#905,#939),#973,.F.);
#905 = FACE_BOUND('',#906,.F.);
#906 = EDGE_LOOP('',(#907,#917,#925,#933));
#907 = ORIENTED_EDGE('',*,*,#908,.F.);
#908 = EDGE_CURVE('',#909,#911,#913,.T.);
#909 = VERTEX_POINT('',#910);
#910 = CARTESIAN_POINT('',(0.,0.,0.));
#911 = VERTEX_POINT('',#912);
#912 = CARTESIAN_POINT('',(0.,0.,39.));
#913 = LINE('',#914,#915);
#914 = CARTESIAN_POINT('',(0.,0.,0.));
#915 = VECTOR('',#916,1.);
#916 = DIRECTION('',(0.,0.,1.));
#917 = ORIENTED_EDGE('',*,*,#918,.T.);
#918 = EDGE_CURVE('',#909,#919,#921,.T.);
#919 = VERTEX_POINT('',#920);
#920 = CARTESIAN_POINT('',(0.,250.,0.));
#921 = LINE('',#922,#923);
#922 = CARTESIAN_POINT('',(0.,0.,0.));
#923 = VECTOR('',#924,1.);
#924 = DIRECTION('',(0.,1.,0.));
#925 = ORIENTED_EDGE('',*,*,#926,.T.);
#926 = EDGE_CURVE('',#919,#927,#929,.T.);
#927 = VERTEX_POINT('',#928);
#928 = CARTESIAN_POINT('',(0.,250.,39.));
#929 = LINE('',#930,#931);
#930 = CARTESIAN_POINT('',(0.,250.,0.));
#931 = VECTOR('',#932,1.);
#932 = DIRECTION('',(0.,0.,1.));
#933 = ORIENTED_EDGE('',*,*,#934,.F.);
#934 = EDGE_CURVE('',#911,#927,#935,.T.);
#935 = LINE('',#936,#937);
#936 = CARTESIAN_POINT('',(0.,0.,39.));
#937 = VECTOR('',#938,1.);
#938 = DIRECTION('',(0.,1.,0.));
#939 = FACE_BOUND('',#940,.F.);
#940 = EDGE_LOOP('',(#941,#951,#959,#967));
#941 = ORIENTED_EDGE('',*,*,#942,.T.);
#942 = EDGE_CURVE('',#943,#945,#947,.T.);
#943 = VERTEX_POINT('',#944);
#944 = CARTESIAN_POINT('',(0.,242.,6.));
#945 = VERTEX_POINT('',#946);
#946 = CARTESIAN_POINT('',(0.,183.,6.));
#947 = LINE('',#948,#949);
#948 = CARTESIAN_POINT('',(0.,91.5,6.));
#949 = VECTOR('',#950,1.);
#950 = DIRECTION('',(0.,-1.,0.));
#951 = ORIENTED_EDGE('',*,*,#952,.T.);
#952 = EDGE_CURVE('',#945,#953,#955,.T.);
#953 = VERTEX_POINT('',#954);
#954 = CARTESIAN_POINT('',(0.,183.,33.));
#955 = LINE('',#956,#957);
#956 = CARTESIAN_POINT('',(0.,183.,3.));
#957 = VECTOR('',#958,1.);
#958 = DIRECTION('',(0.,0.,1.));
#959 = ORIENTED_EDGE('',*,*,#960,.F.);
#960 = EDGE_CURVE('',#961,#953,#963,.T.);
#961 = VERTEX_POINT('',#962);
#962 = CARTESIAN_POINT('',(0.,242.,33.));
#963 = LINE('',#964,#965);
#964 = CARTESIAN_POINT('',(0.,91.5,33.));
#965 = VECTOR('',#966,1.);
#966 = DIRECTION('',(0.,-1.,0.));
#967 = ORIENTED_EDGE('',*,*,#968,.F.);
#968 = EDGE_CURVE('',#943,#961,#969,.T.);
#969 = LINE('',#970,#971);
#970 = CARTESIAN_POINT('',(0.,242.,3.));
#971 = VECTOR('',#972,1.);
#972 = DIRECTION('',(0.,0.,1.));
#973 = PLANE('',#974);
#974 = AXIS2_PLACEMENT_3D('',#975,#976,#977);
#975 = CARTESIAN_POINT('',(0.,0.,0.));
#976 = DIRECTION('',(1.,0.,0.));
#977 = DIRECTION('',(0.,0.,1.));
#978 = ADVANCED_FACE('',(#979),#1004,.F.);
#979 = FACE_BOUND('',#980,.F.);
#980 = EDGE_LOOP('',(#981,#989,#990,#998));
#981 = ORIENTED_EDGE('',*,*,#982,.F.);
#982 = EDGE_CURVE('',#909,#983,#985,.T.);
#983 = VERTEX_POINT('',#984);
#984 = CARTESIAN_POINT('',(262.,0.,0.));
#985 = LINE('',#986,#987);
#986 = CARTESIAN_POINT('',(0.,0.,0.));
#987 = VECTOR('',#988,1.);
#988 = DIRECTION('',(1.,0.,0.));
#989 = ORIENTED_EDGE('',*,*,#908,.T.);
#990 = ORIENTED_EDGE('',*,*,#991,.T.);
#991 = EDGE_CURVE('',#911,#992,#994,.T.);
#992 = VERTEX_POINT('',#993);
#993 = CARTESIAN_POINT('',(262.,0.,39.));
#994 = LINE('',#995,#996);
#995 = CARTESIAN_POINT('',(0.,0.,39.));
#996 = VECTOR('',#997,1.);
#997 = DIRECTION('',(1.,0.,0.));
#998 = ORIENTED_EDGE('',*,*,#999,.F.);
#999 = EDGE_CURVE('',#983,#992,#1000,.T.);
#1000 = LINE('',#1001,#1002);
#1001 = CARTESIAN_POINT('',(262.,0.,0.));
#1002 = VECTOR('',#1003,1.);
#1003 = DIRECTION('',(0.,0.,1.));
#1004 = PLANE('',#1005);
#1005 = AXIS2_PLACEMENT_3D('',#1006,#1007,#1008);
#1006 = CARTESIAN_POINT('',(0.,0.,0.));
#1007 = DIRECTION('',(0.,1.,0.));
#1008 = DIRECTION('',(0.,0.,1.));
#1009 = ADVANCED_FACE('',(#1010,#1259),#1293,.T.);
#1010 = FACE_BOUND('',#1011,.T.);
#1011 = EDGE_LOOP('',(#1012,#1022,#1030,#1038,#1046,#1054,#1062,#1070,
    #1078,#1086,#1094,#1102,#1110,#1118,#1126,#1134,#1140,#1141,#1149,
    #1157,#1165,#1173,#1181,#1189,#1197,#1205,#1213,#1221,#1229,#1237,
    #1245,#1253));
#1012 = ORIENTED_EDGE('',*,*,#1013,.F.);
#1013 = EDGE_CURVE('',#1014,#1016,#1018,.T.);
#1014 = VERTEX_POINT('',#1015);
#1015 = CARTESIAN_POINT('',(148.,250.,39.));
#1016 = VERTEX_POINT('',#1017);
#1017 = CARTESIAN_POINT('',(148.,250.,23.));
#1018 = LINE('',#1019,#1020);
#1019 = CARTESIAN_POINT('',(148.,250.,11.5));
#1020 = VECTOR('',#1021,1.);
#1021 = DIRECTION('',(0.,0.,-1.));
#1022 = ORIENTED_EDGE('',*,*,#1023,.T.);
#1023 = EDGE_CURVE('',#1014,#1024,#1026,.T.);
#1024 = VERTEX_POINT('',#1025);
#1025 = CARTESIAN_POINT('',(206.,250.,39.));
#1026 = LINE('',#1027,#1028);
#1027 = CARTESIAN_POINT('',(0.,250.,39.));
#1028 = VECTOR('',#1029,1.);
#1029 = DIRECTION('',(1.,0.,0.));
#1030 = ORIENTED_EDGE('',*,*,#1031,.F.);
#1031 = EDGE_CURVE('',#1032,#1024,#1034,.T.);
#1032 = VERTEX_POINT('',#1033);
#1033 = CARTESIAN_POINT('',(206.,250.,31.));
#1034 = LINE('',#1035,#1036);
#1035 = CARTESIAN_POINT('',(206.,250.,20.314019095735));
#1036 = VECTOR('',#1037,1.);
#1037 = DIRECTION('',(0.,0.,1.));
#1038 = ORIENTED_EDGE('',*,*,#1039,.T.);
#1039 = EDGE_CURVE('',#1032,#1040,#1042,.T.);
#1040 = VERTEX_POINT('',#1041);
#1041 = CARTESIAN_POINT('',(214.,250.,31.));
#1042 = LINE('',#1043,#1044);
#1043 = CARTESIAN_POINT('',(103.,250.,31.));
#1044 = VECTOR('',#1045,1.);
#1045 = DIRECTION('',(1.,0.,0.));
#1046 = ORIENTED_EDGE('',*,*,#1047,.F.);
#1047 = EDGE_CURVE('',#1048,#1040,#1050,.T.);
#1048 = VERTEX_POINT('',#1049);
#1049 = CARTESIAN_POINT('',(214.,250.,39.));
#1050 = LINE('',#1051,#1052);
#1051 = CARTESIAN_POINT('',(214.,250.,20.314019095735));
#1052 = VECTOR('',#1053,1.);
#1053 = DIRECTION('',(0.,0.,-1.));
#1054 = ORIENTED_EDGE('',*,*,#1055,.T.);
#1055 = EDGE_CURVE('',#1048,#1056,#1058,.T.);
#1056 = VERTEX_POINT('',#1057);
#1057 = CARTESIAN_POINT('',(219.,250.,39.));
#1058 = LINE('',#1059,#1060);
#1059 = CARTESIAN_POINT('',(0.,250.,39.));
#1060 = VECTOR('',#1061,1.);
#1061 = DIRECTION('',(1.,0.,0.));
#1062 = ORIENTED_EDGE('',*,*,#1063,.T.);
#1063 = EDGE_CURVE('',#1056,#1064,#1066,.T.);
#1064 = VERTEX_POINT('',#1065);
#1065 = CARTESIAN_POINT('',(219.,250.,34.144184551569));
#1066 = LINE('',#1067,#1068);
#1067 = CARTESIAN_POINT('',(219.,250.,18.234650698434));
#1068 = VECTOR('',#1069,1.);
#1069 = DIRECTION('',(0.,0.,-1.));
#1070 = ORIENTED_EDGE('',*,*,#1071,.T.);
#1071 = EDGE_CURVE('',#1064,#1072,#1074,.T.);
#1072 = VERTEX_POINT('',#1073);
#1073 = CARTESIAN_POINT('',(229.,250.,34.144184551569));
#1074 = LINE('',#1075,#1076);
#1075 = CARTESIAN_POINT('',(109.5,250.,34.144184551569));
#1076 = VECTOR('',#1077,1.);
#1077 = DIRECTION('',(1.,0.,0.));
#1078 = ORIENTED_EDGE('',*,*,#1079,.F.);
#1079 = EDGE_CURVE('',#1080,#1072,#1082,.T.);
#1080 = VERTEX_POINT('',#1081);
#1081 = CARTESIAN_POINT('',(229.,250.,39.));
#1082 = LINE('',#1083,#1084);
#1083 = CARTESIAN_POINT('',(229.,250.,18.234650698434));
#1084 = VECTOR('',#1085,1.);
#1085 = DIRECTION('',(0.,0.,-1.));
#1086 = ORIENTED_EDGE('',*,*,#1087,.T.);
#1087 = EDGE_CURVE('',#1080,#1088,#1090,.T.);
#1088 = VERTEX_POINT('',#1089);
#1089 = CARTESIAN_POINT('',(234.,250.,39.));
#1090 = LINE('',#1091,#1092);
#1091 = CARTESIAN_POINT('',(0.,250.,39.));
#1092 = VECTOR('',#1093,1.);
#1093 = DIRECTION('',(1.,0.,0.));
#1094 = ORIENTED_EDGE('',*,*,#1095,.F.);
#1095 = EDGE_CURVE('',#1096,#1088,#1098,.T.);
#1096 = VERTEX_POINT('',#1097);
#1097 = CARTESIAN_POINT('',(234.,250.,31.));
#1098 = LINE('',#1099,#1100);
#1099 = CARTESIAN_POINT('',(234.,250.,20.314019095735));
#1100 = VECTOR('',#1101,1.);
#1101 = DIRECTION('',(0.,0.,1.));
#1102 = ORIENTED_EDGE('',*,*,#1103,.T.);
#1103 = EDGE_CURVE('',#1096,#1104,#1106,.T.);
#1104 = VERTEX_POINT('',#1105);
#1105 = CARTESIAN_POINT('',(242.,250.,31.));
#1106 = LINE('',#1107,#1108);
#1107 = CARTESIAN_POINT('',(117.,250.,31.));
#1108 = VECTOR('',#1109,1.);
#1109 = DIRECTION('',(1.,0.,0.));
#1110 = ORIENTED_EDGE('',*,*,#1111,.F.);
#1111 = EDGE_CURVE('',#1112,#1104,#1114,.T.);
#1112 = VERTEX_POINT('',#1113);
#1113 = CARTESIAN_POINT('',(242.,250.,39.));
#1114 = LINE('',#1115,#1116);
#1115 = CARTESIAN_POINT('',(242.,250.,20.314019095735));
#1116 = VECTOR('',#1117,1.);
#1117 = DIRECTION('',(0.,0.,-1.));
#1118 = ORIENTED_EDGE('',*,*,#1119,.T.);
#1119 = EDGE_CURVE('',#1112,#1120,#1122,.T.);
#1120 = VERTEX_POINT('',#1121);
#1121 = CARTESIAN_POINT('',(262.,250.,39.));
#1122 = LINE('',#1123,#1124);
#1123 = CARTESIAN_POINT('',(0.,250.,39.));
#1124 = VECTOR('',#1125,1.);
#1125 = DIRECTION('',(1.,0.,0.));
#1126 = ORIENTED_EDGE('',*,*,#1127,.F.);
#1127 = EDGE_CURVE('',#1128,#1120,#1130,.T.);
#1128 = VERTEX_POINT('',#1129);
#1129 = CARTESIAN_POINT('',(262.,250.,0.));
#1130 = LINE('',#1131,#1132);
#1131 = CARTESIAN_POINT('',(262.,250.,0.));
#1132 = VECTOR('',#1133,1.);
#1133 = DIRECTION('',(0.,0.,1.));
#1134 = ORIENTED_EDGE('',*,*,#1135,.F.);
#1135 = EDGE_CURVE('',#919,#1128,#1136,.T.);
#1136 = LINE('',#1137,#1138);
#1137 = CARTESIAN_POINT('',(0.,250.,0.));
#1138 = VECTOR('',#1139,1.);
#1139 = DIRECTION('',(1.,0.,0.));
#1140 = ORIENTED_EDGE('',*,*,#926,.T.);
#1141 = ORIENTED_EDGE('',*,*,#1142,.T.);
#1142 = EDGE_CURVE('',#927,#1143,#1145,.T.);
#1143 = VERTEX_POINT('',#1144);
#1144 = CARTESIAN_POINT('',(20.,250.,39.));
#1145 = LINE('',#1146,#1147);
#1146 = CARTESIAN_POINT('',(0.,250.,39.));
#1147 = VECTOR('',#1148,1.);
#1148 = DIRECTION('',(1.,0.,0.));
#1149 = ORIENTED_EDGE('',*,*,#1150,.F.);
#1150 = EDGE_CURVE('',#1151,#1143,#1153,.T.);
#1151 = VERTEX_POINT('',#1152);
#1152 = CARTESIAN_POINT('',(20.,250.,31.));
#1153 = LINE('',#1154,#1155);
#1154 = CARTESIAN_POINT('',(20.,250.,20.314019095735));
#1155 = VECTOR('',#1156,1.);
#1156 = DIRECTION('',(0.,0.,1.));
#1157 = ORIENTED_EDGE('',*,*,#1158,.T.);
#1158 = EDGE_CURVE('',#1151,#1159,#1161,.T.);
#1159 = VERTEX_POINT('',#1160);
#1160 = CARTESIAN_POINT('',(28.,250.,31.));
#1161 = LINE('',#1162,#1163);
#1162 = CARTESIAN_POINT('',(10.,250.,31.));
#1163 = VECTOR('',#1164,1.);
#1164 = DIRECTION('',(1.,0.,0.));
#1165 = ORIENTED_EDGE('',*,*,#1166,.F.);
#1166 = EDGE_CURVE('',#1167,#1159,#1169,.T.);
#1167 = VERTEX_POINT('',#1168);
#1168 = CARTESIAN_POINT('',(28.,250.,39.));
#1169 = LINE('',#1170,#1171);
#1170 = CARTESIAN_POINT('',(28.,250.,20.314019095735));
#1171 = VECTOR('',#1172,1.);
#1172 = DIRECTION('',(0.,0.,-1.));
#1173 = ORIENTED_EDGE('',*,*,#1174,.T.);
#1174 = EDGE_CURVE('',#1167,#1175,#1177,.T.);
#1175 = VERTEX_POINT('',#1176);
#1176 = CARTESIAN_POINT('',(33.,250.,39.));
#1177 = LINE('',#1178,#1179);
#1178 = CARTESIAN_POINT('',(0.,250.,39.));
#1179 = VECTOR('',#1180,1.);
#1180 = DIRECTION('',(1.,0.,0.));
#1181 = ORIENTED_EDGE('',*,*,#1182,.T.);
#1182 = EDGE_CURVE('',#1175,#1183,#1185,.T.);
#1183 = VERTEX_POINT('',#1184);
#1184 = CARTESIAN_POINT('',(33.,250.,34.144184551569));
#1185 = LINE('',#1186,#1187);
#1186 = CARTESIAN_POINT('',(33.,250.,18.234650698434));
#1187 = VECTOR('',#1188,1.);
#1188 = DIRECTION('',(0.,0.,-1.));
#1189 = ORIENTED_EDGE('',*,*,#1190,.T.);
#1190 = EDGE_CURVE('',#1183,#1191,#1193,.T.);
#1191 = VERTEX_POINT('',#1192);
#1192 = CARTESIAN_POINT('',(43.,250.,34.144184551569));
#1193 = LINE('',#1194,#1195);
#1194 = CARTESIAN_POINT('',(16.5,250.,34.144184551569));
#1195 = VECTOR('',#1196,1.);
#1196 = DIRECTION('',(1.,0.,0.));
#1197 = ORIENTED_EDGE('',*,*,#1198,.F.);
#1198 = EDGE_CURVE('',#1199,#1191,#1201,.T.);
#1199 = VERTEX_POINT('',#1200);
#1200 = CARTESIAN_POINT('',(43.,250.,39.));
#1201 = LINE('',#1202,#1203);
#1202 = CARTESIAN_POINT('',(43.,250.,18.234650698434));
#1203 = VECTOR('',#1204,1.);
#1204 = DIRECTION('',(0.,0.,-1.));
#1205 = ORIENTED_EDGE('',*,*,#1206,.T.);
#1206 = EDGE_CURVE('',#1199,#1207,#1209,.T.);
#1207 = VERTEX_POINT('',#1208);
#1208 = CARTESIAN_POINT('',(48.,250.,39.));
#1209 = LINE('',#1210,#1211);
#1210 = CARTESIAN_POINT('',(0.,250.,39.));
#1211 = VECTOR('',#1212,1.);
#1212 = DIRECTION('',(1.,0.,0.));
#1213 = ORIENTED_EDGE('',*,*,#1214,.F.);
#1214 = EDGE_CURVE('',#1215,#1207,#1217,.T.);
#1215 = VERTEX_POINT('',#1216);
#1216 = CARTESIAN_POINT('',(48.,250.,31.));
#1217 = LINE('',#1218,#1219);
#1218 = CARTESIAN_POINT('',(48.,250.,20.314019095735));
#1219 = VECTOR('',#1220,1.);
#1220 = DIRECTION('',(0.,0.,1.));
#1221 = ORIENTED_EDGE('',*,*,#1222,.T.);
#1222 = EDGE_CURVE('',#1215,#1223,#1225,.T.);
#1223 = VERTEX_POINT('',#1224);
#1224 = CARTESIAN_POINT('',(56.,250.,31.));
#1225 = LINE('',#1226,#1227);
#1226 = CARTESIAN_POINT('',(24.,250.,31.));
#1227 = VECTOR('',#1228,1.);
#1228 = DIRECTION('',(1.,0.,0.));
#1229 = ORIENTED_EDGE('',*,*,#1230,.F.);
#1230 = EDGE_CURVE('',#1231,#1223,#1233,.T.);
#1231 = VERTEX_POINT('',#1232);
#1232 = CARTESIAN_POINT('',(56.,250.,39.));
#1233 = LINE('',#1234,#1235);
#1234 = CARTESIAN_POINT('',(56.,250.,20.314019095735));
#1235 = VECTOR('',#1236,1.);
#1236 = DIRECTION('',(0.,0.,-1.));
#1237 = ORIENTED_EDGE('',*,*,#1238,.T.);
#1238 = EDGE_CURVE('',#1231,#1239,#1241,.T.);
#1239 = VERTEX_POINT('',#1240);
#1240 = CARTESIAN_POINT('',(114.,250.,39.));
#1241 = LINE('',#1242,#1243);
#1242 = CARTESIAN_POINT('',(0.,250.,39.));
#1243 = VECTOR('',#1244,1.);
#1244 = DIRECTION('',(1.,0.,0.));
#1245 = ORIENTED_EDGE('',*,*,#1246,.T.);
#1246 = EDGE_CURVE('',#1239,#1247,#1249,.T.);
#1247 = VERTEX_POINT('',#1248);
#1248 = CARTESIAN_POINT('',(114.,250.,23.));
#1249 = LINE('',#1250,#1251);
#1250 = CARTESIAN_POINT('',(114.,250.,11.5));
#1251 = VECTOR('',#1252,1.);
#1252 = DIRECTION('',(0.,0.,-1.));
#1253 = ORIENTED_EDGE('',*,*,#1254,.T.);
#1254 = EDGE_CURVE('',#1247,#1016,#1255,.T.);
#1255 = LINE('',#1256,#1257);
#1256 = CARTESIAN_POINT('',(57.,250.,23.));
#1257 = VECTOR('',#1258,1.);
#1258 = DIRECTION('',(1.,0.,0.));
#1259 = FACE_BOUND('',#1260,.T.);
#1260 = EDGE_LOOP('',(#1261,#1271,#1279,#1287));
#1261 = ORIENTED_EDGE('',*,*,#1262,.F.);
#1262 = EDGE_CURVE('',#1263,#1265,#1267,.T.);
#1263 = VERTEX_POINT('',#1264);
#1264 = CARTESIAN_POINT('',(55.,250.,27.));
#1265 = VERTEX_POINT('',#1266);
#1266 = CARTESIAN_POINT('',(109.,250.,27.));
#1267 = LINE('',#1268,#1269);
#1268 = CARTESIAN_POINT('',(27.5,250.,27.));
#1269 = VECTOR('',#1270,1.);
#1270 = DIRECTION('',(1.,0.,0.));
#1271 = ORIENTED_EDGE('',*,*,#1272,.T.);
#1272 = EDGE_CURVE('',#1263,#1273,#1275,.T.);
#1273 = VERTEX_POINT('',#1274);
#1274 = CARTESIAN_POINT('',(55.,250.,5.));
#1275 = LINE('',#1276,#1277);
#1276 = CARTESIAN_POINT('',(55.,250.,2.5));
#1277 = VECTOR('',#1278,1.);
#1278 = DIRECTION('',(0.,0.,-1.));
#1279 = ORIENTED_EDGE('',*,*,#1280,.T.);
#1280 = EDGE_CURVE('',#1273,#1281,#1283,.T.);
#1281 = VERTEX_POINT('',#1282);
#1282 = CARTESIAN_POINT('',(109.,250.,5.));
#1283 = LINE('',#1284,#1285);
#1284 = CARTESIAN_POINT('',(27.5,250.,5.));
#1285 = VECTOR('',#1286,1.);
#1286 = DIRECTION('',(1.,0.,0.));
#1287 = ORIENTED_EDGE('',*,*,#1288,.F.);
#1288 = EDGE_CURVE('',#1265,#1281,#1289,.T.);
#1289 = LINE('',#1290,#1291);
#1290 = CARTESIAN_POINT('',(109.,250.,2.5));
#1291 = VECTOR('',#1292,1.);
#1292 = DIRECTION('',(0.,0.,-1.));
#1293 = PLANE('',#1294);
#1294 = AXIS2_PLACEMENT_3D('',#1295,#1296,#1297);
#1295 = CARTESIAN_POINT('',(0.,250.,0.));
#1296 = DIRECTION('',(0.,1.,0.));
#1297 = DIRECTION('',(0.,0.,1.));
#1298 = ADVANCED_FACE('',(#1299),#1367,.T.);
#1299 = FACE_BOUND('',#1300,.T.);
#1300 = EDGE_LOOP('',(#1301,#1309,#1310,#1318,#1326,#1335,#1343,#1352,
    #1360));
#1301 = ORIENTED_EDGE('',*,*,#1302,.F.);
#1302 = EDGE_CURVE('',#943,#1303,#1305,.T.);
#1303 = VERTEX_POINT('',#1304);
#1304 = CARTESIAN_POINT('',(3.9,242.,6.));
#1305 = LINE('',#1306,#1307);
#1306 = CARTESIAN_POINT('',(-1.,242.,6.));
#1307 = VECTOR('',#1308,1.);
#1308 = DIRECTION('',(1.,0.,0.));
#1309 = ORIENTED_EDGE('',*,*,#942,.T.);
#1310 = ORIENTED_EDGE('',*,*,#1311,.T.);
#1311 = EDGE_CURVE('',#945,#1312,#1314,.T.);
#1312 = VERTEX_POINT('',#1313);
#1313 = CARTESIAN_POINT('',(4.,183.,6.));
#1314 = LINE('',#1315,#1316);
#1315 = CARTESIAN_POINT('',(-1.,183.,6.));
#1316 = VECTOR('',#1317,1.);
#1317 = DIRECTION('',(1.,0.,0.));
#1318 = ORIENTED_EDGE('',*,*,#1319,.T.);
#1319 = EDGE_CURVE('',#1312,#1320,#1322,.T.);
#1320 = VERTEX_POINT('',#1321);
#1321 = CARTESIAN_POINT('',(4.,185.472135955,6.));
#1322 = LINE('',#1323,#1324);
#1323 = CARTESIAN_POINT('',(4.,183.,6.));
#1324 = VECTOR('',#1325,1.);
#1325 = DIRECTION('',(0.,1.,0.));
#1326 = ORIENTED_EDGE('',*,*,#1327,.T.);
#1327 = EDGE_CURVE('',#1320,#1328,#1330,.T.);
#1328 = VERTEX_POINT('',#1329);
#1329 = CARTESIAN_POINT('',(3.,184.31662479035,6.));
#1330 = CIRCLE('',#1331,6.);
#1331 = AXIS2_PLACEMENT_3D('',#1332,#1333,#1334);
#1332 = CARTESIAN_POINT('',(8.,181.,6.));
#1333 = DIRECTION('',(0.,0.,1.));
#1334 = DIRECTION('',(1.,0.,0.));
#1335 = ORIENTED_EDGE('',*,*,#1336,.F.);
#1336 = EDGE_CURVE('',#1337,#1328,#1339,.T.);
#1337 = VERTEX_POINT('',#1338);
#1338 = CARTESIAN_POINT('',(3.,238.68337520964,6.));
#1339 = LINE('',#1340,#1341);
#1340 = CARTESIAN_POINT('',(3.,93.,6.));
#1341 = VECTOR('',#1342,1.);
#1342 = DIRECTION('',(0.,-1.,0.));
#1343 = ORIENTED_EDGE('',*,*,#1344,.T.);
#1344 = EDGE_CURVE('',#1337,#1345,#1347,.T.);
#1345 = VERTEX_POINT('',#1346);
#1346 = CARTESIAN_POINT('',(4.,237.527864045,6.));
#1347 = CIRCLE('',#1348,6.);
#1348 = AXIS2_PLACEMENT_3D('',#1349,#1350,#1351);
#1349 = CARTESIAN_POINT('',(8.,242.,6.));
#1350 = DIRECTION('',(0.,0.,1.));
#1351 = DIRECTION('',(1.,0.,0.));
#1352 = ORIENTED_EDGE('',*,*,#1353,.T.);
#1353 = EDGE_CURVE('',#1345,#1354,#1356,.T.);
#1354 = VERTEX_POINT('',#1355);
#1355 = CARTESIAN_POINT('',(4.,241.1,6.));
#1356 = LINE('',#1357,#1358);
#1357 = CARTESIAN_POINT('',(4.,183.,6.));
#1358 = VECTOR('',#1359,1.);
#1359 = DIRECTION('',(0.,1.,0.));
#1360 = ORIENTED_EDGE('',*,*,#1361,.F.);
#1361 = EDGE_CURVE('',#1303,#1354,#1362,.T.);
#1362 = CIRCLE('',#1363,4.1);
#1363 = AXIS2_PLACEMENT_3D('',#1364,#1365,#1366);
#1364 = CARTESIAN_POINT('',(8.,242.,6.));
#1365 = DIRECTION('',(0.,0.,1.));
#1366 = DIRECTION('',(1.,0.,0.));
#1367 = PLANE('',#1368);
#1368 = AXIS2_PLACEMENT_3D('',#1369,#1370,#1371);
#1369 = CARTESIAN_POINT('',(-1.,183.,6.));
#1370 = DIRECTION('',(0.,0.,1.));
#1371 = DIRECTION('',(1.,0.,0.));
#1372 = ADVANCED_FACE('',(#1373),#1407,.F.);
#1373 = FACE_BOUND('',#1374,.F.);
#1374 = EDGE_LOOP('',(#1375,#1376,#1377,#1385,#1393,#1401));
#1375 = ORIENTED_EDGE('',*,*,#1302,.F.);
#1376 = ORIENTED_EDGE('',*,*,#968,.T.);
#1377 = ORIENTED_EDGE('',*,*,#1378,.T.);
#1378 = EDGE_CURVE('',#961,#1379,#1381,.T.);
#1379 = VERTEX_POINT('',#1380);
#1380 = CARTESIAN_POINT('',(4.,242.,33.));
#1381 = LINE('',#1382,#1383);
#1382 = CARTESIAN_POINT('',(-1.,242.,33.));
#1383 = VECTOR('',#1384,1.);
#1384 = DIRECTION('',(1.,0.,0.));
#1385 = ORIENTED_EDGE('',*,*,#1386,.F.);
#1386 = EDGE_CURVE('',#1387,#1379,#1389,.T.);
#1387 = VERTEX_POINT('',#1388);
#1388 = CARTESIAN_POINT('',(4.,242.,30.5));
#1389 = LINE('',#1390,#1391);
#1390 = CARTESIAN_POINT('',(4.,242.,6.));
#1391 = VECTOR('',#1392,1.);
#1392 = DIRECTION('',(0.,0.,1.));
#1393 = ORIENTED_EDGE('',*,*,#1394,.T.);
#1394 = EDGE_CURVE('',#1387,#1395,#1397,.T.);
#1395 = VERTEX_POINT('',#1396);
#1396 = CARTESIAN_POINT('',(3.9,242.,30.5));
#1397 = LINE('',#1398,#1399);
#1398 = CARTESIAN_POINT('',(3.5,242.,30.5));
#1399 = VECTOR('',#1400,1.);
#1400 = DIRECTION('',(-1.,0.,0.));
#1401 = ORIENTED_EDGE('',*,*,#1402,.F.);
#1402 = EDGE_CURVE('',#1303,#1395,#1403,.T.);
#1403 = LINE('',#1404,#1405);
#1404 = CARTESIAN_POINT('',(3.9,242.,-1.));
#1405 = VECTOR('',#1406,1.);
#1406 = DIRECTION('',(0.,0.,1.));
#1407 = PLANE('',#1408);
#1408 = AXIS2_PLACEMENT_3D('',#1409,#1410,#1411);
#1409 = CARTESIAN_POINT('',(-1.,242.,6.));
#1410 = DIRECTION('',(0.,1.,0.));
#1411 = DIRECTION('',(0.,0.,1.));
#1412 = ADVANCED_FACE('',(#1413),#1465,.F.);
#1413 = FACE_BOUND('',#1414,.F.);
#1414 = EDGE_LOOP('',(#1415,#1416,#1417,#1425,#1433,#1442,#1450,#1459));
#1415 = ORIENTED_EDGE('',*,*,#1378,.F.);
#1416 = ORIENTED_EDGE('',*,*,#960,.T.);
#1417 = ORIENTED_EDGE('',*,*,#1418,.T.);
#1418 = EDGE_CURVE('',#953,#1419,#1421,.T.);
#1419 = VERTEX_POINT('',#1420);
#1420 = CARTESIAN_POINT('',(4.,183.,33.));
#1421 = LINE('',#1422,#1423);
#1422 = CARTESIAN_POINT('',(-1.,183.,33.));
#1423 = VECTOR('',#1424,1.);
#1424 = DIRECTION('',(1.,0.,0.));
#1425 = ORIENTED_EDGE('',*,*,#1426,.T.);
#1426 = EDGE_CURVE('',#1419,#1427,#1429,.T.);
#1427 = VERTEX_POINT('',#1428);
#1428 = CARTESIAN_POINT('',(4.,185.472135955,33.));
#1429 = LINE('',#1430,#1431);
#1430 = CARTESIAN_POINT('',(4.,183.,33.));
#1431 = VECTOR('',#1432,1.);
#1432 = DIRECTION('',(0.,1.,0.));
#1433 = ORIENTED_EDGE('',*,*,#1434,.T.);
#1434 = EDGE_CURVE('',#1427,#1435,#1437,.T.);
#1435 = VERTEX_POINT('',#1436);
#1436 = CARTESIAN_POINT('',(3.,184.31662479035,33.));
#1437 = CIRCLE('',#1438,6.);
#1438 = AXIS2_PLACEMENT_3D('',#1439,#1440,#1441);
#1439 = CARTESIAN_POINT('',(8.,181.,33.));
#1440 = DIRECTION('',(0.,0.,1.));
#1441 = DIRECTION('',(1.,0.,0.));
#1442 = ORIENTED_EDGE('',*,*,#1443,.F.);
#1443 = EDGE_CURVE('',#1444,#1435,#1446,.T.);
#1444 = VERTEX_POINT('',#1445);
#1445 = CARTESIAN_POINT('',(3.,238.68337520964,33.));
#1446 = LINE('',#1447,#1448);
#1447 = CARTESIAN_POINT('',(3.,93.,33.));
#1448 = VECTOR('',#1449,1.);
#1449 = DIRECTION('',(0.,-1.,0.));
#1450 = ORIENTED_EDGE('',*,*,#1451,.T.);
#1451 = EDGE_CURVE('',#1444,#1452,#1454,.T.);
#1452 = VERTEX_POINT('',#1453);
#1453 = CARTESIAN_POINT('',(4.,237.527864045,33.));
#1454 = CIRCLE('',#1455,6.);
#1455 = AXIS2_PLACEMENT_3D('',#1456,#1457,#1458);
#1456 = CARTESIAN_POINT('',(8.,242.,33.));
#1457 = DIRECTION('',(0.,0.,1.));
#1458 = DIRECTION('',(1.,0.,0.));
#1459 = ORIENTED_EDGE('',*,*,#1460,.T.);
#1460 = EDGE_CURVE('',#1452,#1379,#1461,.T.);
#1461 = LINE('',#1462,#1463);
#1462 = CARTESIAN_POINT('',(4.,183.,33.));
#1463 = VECTOR('',#1464,1.);
#1464 = DIRECTION('',(0.,1.,0.));
#1465 = PLANE('',#1466);
#1466 = AXIS2_PLACEMENT_3D('',#1467,#1468,#1469);
#1467 = CARTESIAN_POINT('',(-1.,183.,33.));
#1468 = DIRECTION('',(0.,0.,1.));
#1469 = DIRECTION('',(1.,0.,0.));
#1470 = ADVANCED_FACE('',(#1471),#1482,.T.);
#1471 = FACE_BOUND('',#1472,.T.);
#1472 = EDGE_LOOP('',(#1473,#1474,#1475,#1476));
#1473 = ORIENTED_EDGE('',*,*,#1311,.F.);
#1474 = ORIENTED_EDGE('',*,*,#952,.T.);
#1475 = ORIENTED_EDGE('',*,*,#1418,.T.);
#1476 = ORIENTED_EDGE('',*,*,#1477,.F.);
#1477 = EDGE_CURVE('',#1312,#1419,#1478,.T.);
#1478 = LINE('',#1479,#1480);
#1479 = CARTESIAN_POINT('',(4.,183.,6.));
#1480 = VECTOR('',#1481,1.);
#1481 = DIRECTION('',(0.,0.,1.));
#1482 = PLANE('',#1483);
#1483 = AXIS2_PLACEMENT_3D('',#1484,#1485,#1486);
#1484 = CARTESIAN_POINT('',(-1.,183.,6.));
#1485 = DIRECTION('',(0.,1.,0.));
#1486 = DIRECTION('',(0.,0.,1.));
#1487 = ADVANCED_FACE('',(#1488),#1504,.T.);
#1488 = FACE_BOUND('',#1489,.T.);
#1489 = EDGE_LOOP('',(#1490,#1491,#1497,#1498));
#1490 = ORIENTED_EDGE('',*,*,#999,.F.);
#1491 = ORIENTED_EDGE('',*,*,#1492,.T.);
#1492 = EDGE_CURVE('',#983,#1128,#1493,.T.);
#1493 = LINE('',#1494,#1495);
#1494 = CARTESIAN_POINT('',(262.,0.,0.));
#1495 = VECTOR('',#1496,1.);
#1496 = DIRECTION('',(0.,1.,0.));
#1497 = ORIENTED_EDGE('',*,*,#1127,.T.);
#1498 = ORIENTED_EDGE('',*,*,#1499,.F.);
#1499 = EDGE_CURVE('',#992,#1120,#1500,.T.);
#1500 = LINE('',#1501,#1502);
#1501 = CARTESIAN_POINT('',(262.,0.,39.));
#1502 = VECTOR('',#1503,1.);
#1503 = DIRECTION('',(0.,1.,0.));
#1504 = PLANE('',#1505);
#1505 = AXIS2_PLACEMENT_3D('',#1506,#1507,#1508);
#1506 = CARTESIAN_POINT('',(262.,0.,0.));
#1507 = DIRECTION('',(1.,0.,0.));
#1508 = DIRECTION('',(0.,0.,1.));
#1509 = ADVANCED_FACE('',(#1510,#1585),#1596,.T.);
#1510 = FACE_BOUND('',#1511,.T.);
#1511 = EDGE_LOOP('',(#1512,#1522,#1530,#1539,#1548,#1556,#1562,#1563,
    #1571,#1579));
#1512 = ORIENTED_EDGE('',*,*,#1513,.T.);
#1513 = EDGE_CURVE('',#1514,#1516,#1518,.T.);
#1514 = VERTEX_POINT('',#1515);
#1515 = CARTESIAN_POINT('',(20.,244.,31.));
#1516 = VERTEX_POINT('',#1517);
#1517 = CARTESIAN_POINT('',(20.,244.,44.5));
#1518 = LINE('',#1519,#1520);
#1519 = CARTESIAN_POINT('',(20.,244.,31.));
#1520 = VECTOR('',#1521,1.);
#1521 = DIRECTION('',(0.,0.,1.));
#1522 = ORIENTED_EDGE('',*,*,#1523,.T.);
#1523 = EDGE_CURVE('',#1516,#1524,#1526,.T.);
#1524 = VERTEX_POINT('',#1525);
#1525 = CARTESIAN_POINT('',(20.,248.,44.5));
#1526 = LINE('',#1527,#1528);
#1527 = CARTESIAN_POINT('',(20.,244.,44.5));
#1528 = VECTOR('',#1529,1.);
#1529 = DIRECTION('',(0.,1.,0.));
#1530 = ORIENTED_EDGE('',*,*,#1531,.F.);
#1531 = EDGE_CURVE('',#1532,#1524,#1534,.T.);
#1532 = VERTEX_POINT('',#1533);
#1533 = CARTESIAN_POINT('',(20.,255.,51.5));
#1534 = CIRCLE('',#1535,7.);
#1535 = AXIS2_PLACEMENT_3D('',#1536,#1537,#1538);
#1536 = CARTESIAN_POINT('',(20.,255.,44.5));
#1537 = DIRECTION('',(1.,0.,-0.));
#1538 = DIRECTION('',(0.,0.,1.));
#1539 = ORIENTED_EDGE('',*,*,#1540,.F.);
#1540 = EDGE_CURVE('',#1541,#1532,#1543,.T.);
#1541 = VERTEX_POINT('',#1542);
#1542 = CARTESIAN_POINT('',(20.,255.,37.5));
#1543 = CIRCLE('',#1544,7.);
#1544 = AXIS2_PLACEMENT_3D('',#1545,#1546,#1547);
#1545 = CARTESIAN_POINT('',(20.,255.,44.5));
#1546 = DIRECTION('',(1.,0.,-0.));
#1547 = DIRECTION('',(0.,0.,1.));
#1548 = ORIENTED_EDGE('',*,*,#1549,.F.);
#1549 = EDGE_CURVE('',#1550,#1541,#1552,.T.);
#1550 = VERTEX_POINT('',#1551);
#1551 = CARTESIAN_POINT('',(20.,255.,31.));
#1552 = LINE('',#1553,#1554);
#1553 = CARTESIAN_POINT('',(20.,255.,31.));
#1554 = VECTOR('',#1555,1.);
#1555 = DIRECTION('',(0.,0.,1.));
#1556 = ORIENTED_EDGE('',*,*,#1557,.F.);
#1557 = EDGE_CURVE('',#1151,#1550,#1558,.T.);
#1558 = LINE('',#1559,#1560);
#1559 = CARTESIAN_POINT('',(20.,244.,31.));
#1560 = VECTOR('',#1561,1.);
#1561 = DIRECTION('',(0.,1.,0.));
#1562 = ORIENTED_EDGE('',*,*,#1150,.T.);
#1563 = ORIENTED_EDGE('',*,*,#1564,.T.);
#1564 = EDGE_CURVE('',#1143,#1565,#1567,.T.);
#1565 = VERTEX_POINT('',#1566);
#1566 = CARTESIAN_POINT('',(20.,247.,39.));
#1567 = LINE('',#1568,#1569);
#1568 = CARTESIAN_POINT('',(20.,125.94879142157,39.));
#1569 = VECTOR('',#1570,1.);
#1570 = DIRECTION('',(0.,-1.,0.));
#1571 = ORIENTED_EDGE('',*,*,#1572,.F.);
#1572 = EDGE_CURVE('',#1573,#1565,#1575,.T.);
#1573 = VERTEX_POINT('',#1574);
#1574 = CARTESIAN_POINT('',(20.,247.,31.));
#1575 = LINE('',#1576,#1577);
#1576 = CARTESIAN_POINT('',(20.,247.,21.814019095735));
#1577 = VECTOR('',#1578,1.);
#1578 = DIRECTION('',(0.,0.,1.));
#1579 = ORIENTED_EDGE('',*,*,#1580,.F.);
#1580 = EDGE_CURVE('',#1514,#1573,#1581,.T.);
#1581 = LINE('',#1582,#1583);
#1582 = CARTESIAN_POINT('',(20.,244.,31.));
#1583 = VECTOR('',#1584,1.);
#1584 = DIRECTION('',(0.,1.,0.));
#1585 = FACE_BOUND('',#1586,.T.);
#1586 = EDGE_LOOP('',(#1587));
#1587 = ORIENTED_EDGE('',*,*,#1588,.T.);
#1588 = EDGE_CURVE('',#1589,#1589,#1591,.T.);
#1589 = VERTEX_POINT('',#1590);
#1590 = CARTESIAN_POINT('',(20.,255.,46.7));
#1591 = CIRCLE('',#1592,2.2);
#1592 = AXIS2_PLACEMENT_3D('',#1593,#1594,#1595);
#1593 = CARTESIAN_POINT('',(20.,255.,44.5));
#1594 = DIRECTION('',(1.,0.,-0.));
#1595 = DIRECTION('',(0.,0.,1.));
#1596 = PLANE('',#1597);
#1597 = AXIS2_PLACEMENT_3D('',#1598,#1599,#1600);
#1598 = CARTESIAN_POINT('',(20.,251.89758284315,40.628038191471));
#1599 = DIRECTION('',(-1.,-0.,-0.));
#1600 = DIRECTION('',(0.,0.,-1.));
#1601 = ADVANCED_FACE('',(#1602,#1771,#1805,#1839),#1873,.F.);
#1602 = FACE_BOUND('',#1603,.F.);
#1603 = EDGE_LOOP('',(#1604,#1605,#1606,#1614,#1620,#1621,#1629,#1637,
    #1645,#1653,#1661,#1669,#1677,#1685,#1693,#1701,#1709,#1717,#1725,
    #1733,#1741,#1749,#1757,#1765));
#1604 = ORIENTED_EDGE('',*,*,#893,.F.);
#1605 = ORIENTED_EDGE('',*,*,#131,.F.);
#1606 = ORIENTED_EDGE('',*,*,#1607,.T.);
#1607 = EDGE_CURVE('',#132,#1608,#1610,.T.);
#1608 = VERTEX_POINT('',#1609);
#1609 = CARTESIAN_POINT('',(11.316624790355,247.,39.));
#1610 = LINE('',#1611,#1612);
#1611 = CARTESIAN_POINT('',(11.316624790355,247.,0.));
#1612 = VECTOR('',#1613,1.);
#1613 = DIRECTION('',(0.,0.,1.));
#1614 = ORIENTED_EDGE('',*,*,#1615,.F.);
#1615 = EDGE_CURVE('',#1565,#1608,#1616,.T.);
#1616 = LINE('',#1617,#1618);
#1617 = CARTESIAN_POINT('',(1.5,247.,39.));
#1618 = VECTOR('',#1619,1.);
#1619 = DIRECTION('',(-1.,0.,0.));
#1620 = ORIENTED_EDGE('',*,*,#1572,.F.);
#1621 = ORIENTED_EDGE('',*,*,#1622,.T.);
#1622 = EDGE_CURVE('',#1573,#1623,#1625,.T.);
#1623 = VERTEX_POINT('',#1624);
#1624 = CARTESIAN_POINT('',(28.,247.,31.));
#1625 = LINE('',#1626,#1627);
#1626 = CARTESIAN_POINT('',(11.5,247.,31.));
#1627 = VECTOR('',#1628,1.);
#1628 = DIRECTION('',(1.,0.,0.));
#1629 = ORIENTED_EDGE('',*,*,#1630,.F.);
#1630 = EDGE_CURVE('',#1631,#1623,#1633,.T.);
#1631 = VERTEX_POINT('',#1632);
#1632 = CARTESIAN_POINT('',(28.,247.,39.));
#1633 = LINE('',#1634,#1635);
#1634 = CARTESIAN_POINT('',(28.,247.,21.814019095735));
#1635 = VECTOR('',#1636,1.);
#1636 = DIRECTION('',(0.,0.,-1.));
#1637 = ORIENTED_EDGE('',*,*,#1638,.F.);
#1638 = EDGE_CURVE('',#1639,#1631,#1641,.T.);
#1639 = VERTEX_POINT('',#1640);
#1640 = CARTESIAN_POINT('',(48.,247.,39.));
#1641 = LINE('',#1642,#1643);
#1642 = CARTESIAN_POINT('',(1.5,247.,39.));
#1643 = VECTOR('',#1644,1.);
#1644 = DIRECTION('',(-1.,0.,0.));
#1645 = ORIENTED_EDGE('',*,*,#1646,.F.);
#1646 = EDGE_CURVE('',#1647,#1639,#1649,.T.);
#1647 = VERTEX_POINT('',#1648);
#1648 = CARTESIAN_POINT('',(48.,247.,31.));
#1649 = LINE('',#1650,#1651);
#1650 = CARTESIAN_POINT('',(48.,247.,21.814019095735));
#1651 = VECTOR('',#1652,1.);
#1652 = DIRECTION('',(0.,0.,1.));
#1653 = ORIENTED_EDGE('',*,*,#1654,.T.);
#1654 = EDGE_CURVE('',#1647,#1655,#1657,.T.);
#1655 = VERTEX_POINT('',#1656);
#1656 = CARTESIAN_POINT('',(56.,247.,31.));
#1657 = LINE('',#1658,#1659);
#1658 = CARTESIAN_POINT('',(25.5,247.,31.));
#1659 = VECTOR('',#1660,1.);
#1660 = DIRECTION('',(1.,0.,0.));
#1661 = ORIENTED_EDGE('',*,*,#1662,.F.);
#1662 = EDGE_CURVE('',#1663,#1655,#1665,.T.);
#1663 = VERTEX_POINT('',#1664);
#1664 = CARTESIAN_POINT('',(56.,247.,39.));
#1665 = LINE('',#1666,#1667);
#1666 = CARTESIAN_POINT('',(56.,247.,21.814019095735));
#1667 = VECTOR('',#1668,1.);
#1668 = DIRECTION('',(0.,0.,-1.));
#1669 = ORIENTED_EDGE('',*,*,#1670,.F.);
#1670 = EDGE_CURVE('',#1671,#1663,#1673,.T.);
#1671 = VERTEX_POINT('',#1672);
#1672 = CARTESIAN_POINT('',(114.,247.,39.));
#1673 = LINE('',#1674,#1675);
#1674 = CARTESIAN_POINT('',(1.5,247.,39.));
#1675 = VECTOR('',#1676,1.);
#1676 = DIRECTION('',(-1.,0.,0.));
#1677 = ORIENTED_EDGE('',*,*,#1678,.T.);
#1678 = EDGE_CURVE('',#1671,#1679,#1681,.T.);
#1679 = VERTEX_POINT('',#1680);
#1680 = CARTESIAN_POINT('',(114.,247.,23.));
#1681 = LINE('',#1682,#1683);
#1682 = CARTESIAN_POINT('',(114.,247.,13.));
#1683 = VECTOR('',#1684,1.);
#1684 = DIRECTION('',(0.,0.,-1.));
#1685 = ORIENTED_EDGE('',*,*,#1686,.T.);
#1686 = EDGE_CURVE('',#1679,#1687,#1689,.T.);
#1687 = VERTEX_POINT('',#1688);
#1688 = CARTESIAN_POINT('',(148.,247.,23.));
#1689 = LINE('',#1690,#1691);
#1690 = CARTESIAN_POINT('',(58.5,247.,23.));
#1691 = VECTOR('',#1692,1.);
#1692 = DIRECTION('',(1.,0.,0.));
#1693 = ORIENTED_EDGE('',*,*,#1694,.F.);
#1694 = EDGE_CURVE('',#1695,#1687,#1697,.T.);
#1695 = VERTEX_POINT('',#1696);
#1696 = CARTESIAN_POINT('',(148.,247.,39.));
#1697 = LINE('',#1698,#1699);
#1698 = CARTESIAN_POINT('',(148.,247.,13.));
#1699 = VECTOR('',#1700,1.);
#1700 = DIRECTION('',(0.,0.,-1.));
#1701 = ORIENTED_EDGE('',*,*,#1702,.F.);
#1702 = EDGE_CURVE('',#1703,#1695,#1705,.T.);
#1703 = VERTEX_POINT('',#1704);
#1704 = CARTESIAN_POINT('',(206.,247.,39.));
#1705 = LINE('',#1706,#1707);
#1706 = CARTESIAN_POINT('',(1.5,247.,39.));
#1707 = VECTOR('',#1708,1.);
#1708 = DIRECTION('',(-1.,0.,0.));
#1709 = ORIENTED_EDGE('',*,*,#1710,.F.);
#1710 = EDGE_CURVE('',#1711,#1703,#1713,.T.);
#1711 = VERTEX_POINT('',#1712);
#1712 = CARTESIAN_POINT('',(206.,247.,31.));
#1713 = LINE('',#1714,#1715);
#1714 = CARTESIAN_POINT('',(206.,247.,21.814019095735));
#1715 = VECTOR('',#1716,1.);
#1716 = DIRECTION('',(0.,0.,1.));
#1717 = ORIENTED_EDGE('',*,*,#1718,.T.);
#1718 = EDGE_CURVE('',#1711,#1719,#1721,.T.);
#1719 = VERTEX_POINT('',#1720);
#1720 = CARTESIAN_POINT('',(214.,247.,31.));
#1721 = LINE('',#1722,#1723);
#1722 = CARTESIAN_POINT('',(104.5,247.,31.));
#1723 = VECTOR('',#1724,1.);
#1724 = DIRECTION('',(1.,0.,0.));
#1725 = ORIENTED_EDGE('',*,*,#1726,.F.);
#1726 = EDGE_CURVE('',#1727,#1719,#1729,.T.);
#1727 = VERTEX_POINT('',#1728);
#1728 = CARTESIAN_POINT('',(214.,247.,39.));
#1729 = LINE('',#1730,#1731);
#1730 = CARTESIAN_POINT('',(214.,247.,21.814019095735));
#1731 = VECTOR('',#1732,1.);
#1732 = DIRECTION('',(0.,0.,-1.));
#1733 = ORIENTED_EDGE('',*,*,#1734,.F.);
#1734 = EDGE_CURVE('',#1735,#1727,#1737,.T.);
#1735 = VERTEX_POINT('',#1736);
#1736 = CARTESIAN_POINT('',(234.,247.,39.));
#1737 = LINE('',#1738,#1739);
#1738 = CARTESIAN_POINT('',(1.5,247.,39.));
#1739 = VECTOR('',#1740,1.);
#1740 = DIRECTION('',(-1.,0.,0.));
#1741 = ORIENTED_EDGE('',*,*,#1742,.F.);
#1742 = EDGE_CURVE('',#1743,#1735,#1745,.T.);
#1743 = VERTEX_POINT('',#1744);
#1744 = CARTESIAN_POINT('',(234.,247.,31.));
#1745 = LINE('',#1746,#1747);
#1746 = CARTESIAN_POINT('',(234.,247.,21.814019095735));
#1747 = VECTOR('',#1748,1.);
#1748 = DIRECTION('',(0.,0.,1.));
#1749 = ORIENTED_EDGE('',*,*,#1750,.T.);
#1750 = EDGE_CURVE('',#1743,#1751,#1753,.T.);
#1751 = VERTEX_POINT('',#1752);
#1752 = CARTESIAN_POINT('',(242.,247.,31.));
#1753 = LINE('',#1754,#1755);
#1754 = CARTESIAN_POINT('',(118.5,247.,31.));
#1755 = VECTOR('',#1756,1.);
#1756 = DIRECTION('',(1.,0.,0.));
#1757 = ORIENTED_EDGE('',*,*,#1758,.F.);
#1758 = EDGE_CURVE('',#1759,#1751,#1761,.T.);
#1759 = VERTEX_POINT('',#1760);
#1760 = CARTESIAN_POINT('',(242.,247.,39.));
#1761 = LINE('',#1762,#1763);
#1762 = CARTESIAN_POINT('',(242.,247.,21.814019095735));
#1763 = VECTOR('',#1764,1.);
#1764 = DIRECTION('',(0.,0.,-1.));
#1765 = ORIENTED_EDGE('',*,*,#1766,.F.);
#1766 = EDGE_CURVE('',#885,#1759,#1767,.T.);
#1767 = LINE('',#1768,#1769);
#1768 = CARTESIAN_POINT('',(1.5,247.,39.));
#1769 = VECTOR('',#1770,1.);
#1770 = DIRECTION('',(-1.,0.,0.));
#1771 = FACE_BOUND('',#1772,.F.);
#1772 = EDGE_LOOP('',(#1773,#1783,#1791,#1799));
#1773 = ORIENTED_EDGE('',*,*,#1774,.F.);
#1774 = EDGE_CURVE('',#1775,#1777,#1779,.T.);
#1775 = VERTEX_POINT('',#1776);
#1776 = CARTESIAN_POINT('',(55.,247.,27.));
#1777 = VERTEX_POINT('',#1778);
#1778 = CARTESIAN_POINT('',(109.,247.,27.));
#1779 = LINE('',#1780,#1781);
#1780 = CARTESIAN_POINT('',(29.,247.,27.));
#1781 = VECTOR('',#1782,1.);
#1782 = DIRECTION('',(1.,0.,0.));
#1783 = ORIENTED_EDGE('',*,*,#1784,.T.);
#1784 = EDGE_CURVE('',#1775,#1785,#1787,.T.);
#1785 = VERTEX_POINT('',#1786);
#1786 = CARTESIAN_POINT('',(55.,247.,5.));
#1787 = LINE('',#1788,#1789);
#1788 = CARTESIAN_POINT('',(55.,247.,4.));
#1789 = VECTOR('',#1790,1.);
#1790 = DIRECTION('',(0.,0.,-1.));
#1791 = ORIENTED_EDGE('',*,*,#1792,.T.);
#1792 = EDGE_CURVE('',#1785,#1793,#1795,.T.);
#1793 = VERTEX_POINT('',#1794);
#1794 = CARTESIAN_POINT('',(109.,247.,5.));
#1795 = LINE('',#1796,#1797);
#1796 = CARTESIAN_POINT('',(29.,247.,5.));
#1797 = VECTOR('',#1798,1.);
#1798 = DIRECTION('',(1.,0.,0.));
#1799 = ORIENTED_EDGE('',*,*,#1800,.F.);
#1800 = EDGE_CURVE('',#1777,#1793,#1801,.T.);
#1801 = LINE('',#1802,#1803);
#1802 = CARTESIAN_POINT('',(109.,247.,4.));
#1803 = VECTOR('',#1804,1.);
#1804 = DIRECTION('',(0.,0.,-1.));
#1805 = FACE_BOUND('',#1806,.F.);
#1806 = EDGE_LOOP('',(#1807,#1817,#1825,#1833));
#1807 = ORIENTED_EDGE('',*,*,#1808,.T.);
#1808 = EDGE_CURVE('',#1809,#1811,#1813,.T.);
#1809 = VERTEX_POINT('',#1810);
#1810 = CARTESIAN_POINT('',(33.,247.,36.5));
#1811 = VERTEX_POINT('',#1812);
#1812 = CARTESIAN_POINT('',(33.,247.,36.238823287351));
#1813 = LINE('',#1814,#1815);
#1814 = CARTESIAN_POINT('',(33.,247.,19.734650698434));
#1815 = VECTOR('',#1816,1.);
#1816 = DIRECTION('',(0.,0.,-1.));
#1817 = ORIENTED_EDGE('',*,*,#1818,.T.);
#1818 = EDGE_CURVE('',#1811,#1819,#1821,.T.);
#1819 = VERTEX_POINT('',#1820);
#1820 = CARTESIAN_POINT('',(43.,247.,36.238823287351));
#1821 = LINE('',#1822,#1823);
#1822 = CARTESIAN_POINT('',(18.,247.,36.238823287351));
#1823 = VECTOR('',#1824,1.);
#1824 = DIRECTION('',(1.,0.,0.));
#1825 = ORIENTED_EDGE('',*,*,#1826,.F.);
#1826 = EDGE_CURVE('',#1827,#1819,#1829,.T.);
#1827 = VERTEX_POINT('',#1828);
#1828 = CARTESIAN_POINT('',(43.,247.,36.5));
#1829 = LINE('',#1830,#1831);
#1830 = CARTESIAN_POINT('',(43.,247.,19.734650698434));
#1831 = VECTOR('',#1832,1.);
#1832 = DIRECTION('',(0.,0.,-1.));
#1833 = ORIENTED_EDGE('',*,*,#1834,.T.);
#1834 = EDGE_CURVE('',#1827,#1809,#1835,.T.);
#1835 = LINE('',#1836,#1837);
#1836 = CARTESIAN_POINT('',(18.,247.,36.5));
#1837 = VECTOR('',#1838,1.);
#1838 = DIRECTION('',(-1.,0.,0.));
#1839 = FACE_BOUND('',#1840,.F.);
#1840 = EDGE_LOOP('',(#1841,#1851,#1859,#1867));
#1841 = ORIENTED_EDGE('',*,*,#1842,.T.);
#1842 = EDGE_CURVE('',#1843,#1845,#1847,.T.);
#1843 = VERTEX_POINT('',#1844);
#1844 = CARTESIAN_POINT('',(219.,247.,36.5));
#1845 = VERTEX_POINT('',#1846);
#1846 = CARTESIAN_POINT('',(219.,247.,36.238823287351));
#1847 = LINE('',#1848,#1849);
#1848 = CARTESIAN_POINT('',(219.,247.,19.734650698434));
#1849 = VECTOR('',#1850,1.);
#1850 = DIRECTION('',(0.,0.,-1.));
#1851 = ORIENTED_EDGE('',*,*,#1852,.T.);
#1852 = EDGE_CURVE('',#1845,#1853,#1855,.T.);
#1853 = VERTEX_POINT('',#1854);
#1854 = CARTESIAN_POINT('',(229.,247.,36.238823287351));
#1855 = LINE('',#1856,#1857);
#1856 = CARTESIAN_POINT('',(111.,247.,36.238823287351));
#1857 = VECTOR('',#1858,1.);
#1858 = DIRECTION('',(1.,0.,0.));
#1859 = ORIENTED_EDGE('',*,*,#1860,.F.);
#1860 = EDGE_CURVE('',#1861,#1853,#1863,.T.);
#1861 = VERTEX_POINT('',#1862);
#1862 = CARTESIAN_POINT('',(229.,247.,36.5));
#1863 = LINE('',#1864,#1865);
#1864 = CARTESIAN_POINT('',(229.,247.,19.734650698434));
#1865 = VECTOR('',#1866,1.);
#1866 = DIRECTION('',(0.,0.,-1.));
#1867 = ORIENTED_EDGE('',*,*,#1868,.T.);
#1868 = EDGE_CURVE('',#1861,#1843,#1869,.T.);
#1869 = LINE('',#1870,#1871);
#1870 = CARTESIAN_POINT('',(111.,247.,36.5));
#1871 = VECTOR('',#1872,1.);
#1872 = DIRECTION('',(-1.,0.,0.));
#1873 = PLANE('',#1874);
#1874 = AXIS2_PLACEMENT_3D('',#1875,#1876,#1877);
#1875 = CARTESIAN_POINT('',(3.,247.,3.));
#1876 = DIRECTION('',(0.,1.,0.));
#1877 = DIRECTION('',(0.,0.,1.));
#1878 = ADVANCED_FACE('',(#1879),#1904,.T.);
#1879 = FACE_BOUND('',#1880,.T.);
#1880 = EDGE_LOOP('',(#1881,#1889,#1890,#1898));
#1881 = ORIENTED_EDGE('',*,*,#1882,.F.);
#1882 = EDGE_CURVE('',#1435,#1883,#1885,.T.);
#1883 = VERTEX_POINT('',#1884);
#1884 = CARTESIAN_POINT('',(3.,184.31662479035,39.));
#1885 = LINE('',#1886,#1887);
#1886 = CARTESIAN_POINT('',(3.,184.31662479035,0.));
#1887 = VECTOR('',#1888,1.);
#1888 = DIRECTION('',(0.,0.,1.));
#1889 = ORIENTED_EDGE('',*,*,#1443,.F.);
#1890 = ORIENTED_EDGE('',*,*,#1891,.T.);
#1891 = EDGE_CURVE('',#1444,#1892,#1894,.T.);
#1892 = VERTEX_POINT('',#1893);
#1893 = CARTESIAN_POINT('',(3.,238.68337520964,39.));
#1894 = LINE('',#1895,#1896);
#1895 = CARTESIAN_POINT('',(3.,238.68337520964,0.));
#1896 = VECTOR('',#1897,1.);
#1897 = DIRECTION('',(0.,0.,1.));
#1898 = ORIENTED_EDGE('',*,*,#1899,.F.);
#1899 = EDGE_CURVE('',#1883,#1892,#1900,.T.);
#1900 = LINE('',#1901,#1902);
#1901 = CARTESIAN_POINT('',(3.,1.5,39.));
#1902 = VECTOR('',#1903,1.);
#1903 = DIRECTION('',(0.,1.,0.));
#1904 = PLANE('',#1905);
#1905 = AXIS2_PLACEMENT_3D('',#1906,#1907,#1908);
#1906 = CARTESIAN_POINT('',(3.,3.,3.));
#1907 = DIRECTION('',(1.,0.,0.));
#1908 = DIRECTION('',(0.,0.,1.));
#1909 = ADVANCED_FACE('',(#1910,#1976),#1987,.T.);
#1910 = FACE_BOUND('',#1911,.T.);
#1911 = EDGE_LOOP('',(#1912,#1922,#1930,#1936,#1937,#1943,#1944,#1952,
    #1960,#1969));
#1912 = ORIENTED_EDGE('',*,*,#1913,.F.);
#1913 = EDGE_CURVE('',#1914,#1916,#1918,.T.);
#1914 = VERTEX_POINT('',#1915);
#1915 = CARTESIAN_POINT('',(242.,244.,44.5));
#1916 = VERTEX_POINT('',#1917);
#1917 = CARTESIAN_POINT('',(242.,248.,44.5));
#1918 = LINE('',#1919,#1920);
#1919 = CARTESIAN_POINT('',(242.,244.,44.5));
#1920 = VECTOR('',#1921,1.);
#1921 = DIRECTION('',(0.,1.,0.));
#1922 = ORIENTED_EDGE('',*,*,#1923,.F.);
#1923 = EDGE_CURVE('',#1924,#1914,#1926,.T.);
#1924 = VERTEX_POINT('',#1925);
#1925 = CARTESIAN_POINT('',(242.,244.,31.));
#1926 = LINE('',#1927,#1928);
#1927 = CARTESIAN_POINT('',(242.,244.,31.));
#1928 = VECTOR('',#1929,1.);
#1929 = DIRECTION('',(0.,0.,1.));
#1930 = ORIENTED_EDGE('',*,*,#1931,.T.);
#1931 = EDGE_CURVE('',#1924,#1751,#1932,.T.);
#1932 = LINE('',#1933,#1934);
#1933 = CARTESIAN_POINT('',(242.,244.,31.));
#1934 = VECTOR('',#1935,1.);
#1935 = DIRECTION('',(0.,1.,0.));
#1936 = ORIENTED_EDGE('',*,*,#1758,.F.);
#1937 = ORIENTED_EDGE('',*,*,#1938,.T.);
#1938 = EDGE_CURVE('',#1759,#1112,#1939,.T.);
#1939 = LINE('',#1940,#1941);
#1940 = CARTESIAN_POINT('',(242.,125.94879142157,39.));
#1941 = VECTOR('',#1942,1.);
#1942 = DIRECTION('',(0.,1.,0.));
#1943 = ORIENTED_EDGE('',*,*,#1111,.T.);
#1944 = ORIENTED_EDGE('',*,*,#1945,.T.);
#1945 = EDGE_CURVE('',#1104,#1946,#1948,.T.);
#1946 = VERTEX_POINT('',#1947);
#1947 = CARTESIAN_POINT('',(242.,255.,31.));
#1948 = LINE('',#1949,#1950);
#1949 = CARTESIAN_POINT('',(242.,244.,31.));
#1950 = VECTOR('',#1951,1.);
#1951 = DIRECTION('',(0.,1.,0.));
#1952 = ORIENTED_EDGE('',*,*,#1953,.T.);
#1953 = EDGE_CURVE('',#1946,#1954,#1956,.T.);
#1954 = VERTEX_POINT('',#1955);
#1955 = CARTESIAN_POINT('',(242.,255.,37.5));
#1956 = LINE('',#1957,#1958);
#1957 = CARTESIAN_POINT('',(242.,255.,31.));
#1958 = VECTOR('',#1959,1.);
#1959 = DIRECTION('',(0.,0.,1.));
#1960 = ORIENTED_EDGE('',*,*,#1961,.T.);
#1961 = EDGE_CURVE('',#1954,#1962,#1964,.T.);
#1962 = VERTEX_POINT('',#1963);
#1963 = CARTESIAN_POINT('',(242.,255.,51.5));
#1964 = CIRCLE('',#1965,7.);
#1965 = AXIS2_PLACEMENT_3D('',#1966,#1967,#1968);
#1966 = CARTESIAN_POINT('',(242.,255.,44.5));
#1967 = DIRECTION('',(1.,0.,-0.));
#1968 = DIRECTION('',(0.,0.,1.));
#1969 = ORIENTED_EDGE('',*,*,#1970,.T.);
#1970 = EDGE_CURVE('',#1962,#1916,#1971,.T.);
#1971 = CIRCLE('',#1972,7.);
#1972 = AXIS2_PLACEMENT_3D('',#1973,#1974,#1975);
#1973 = CARTESIAN_POINT('',(242.,255.,44.5));
#1974 = DIRECTION('',(1.,0.,-0.));
#1975 = DIRECTION('',(0.,0.,1.));
#1976 = FACE_BOUND('',#1977,.T.);
#1977 = EDGE_LOOP('',(#1978));
#1978 = ORIENTED_EDGE('',*,*,#1979,.F.);
#1979 = EDGE_CURVE('',#1980,#1980,#1982,.T.);
#1980 = VERTEX_POINT('',#1981);
#1981 = CARTESIAN_POINT('',(242.,255.,46.7));
#1982 = CIRCLE('',#1983,2.2);
#1983 = AXIS2_PLACEMENT_3D('',#1984,#1985,#1986);
#1984 = CARTESIAN_POINT('',(242.,255.,44.5));
#1985 = DIRECTION('',(1.,0.,-0.));
#1986 = DIRECTION('',(0.,0.,1.));
#1987 = PLANE('',#1988);
#1988 = AXIS2_PLACEMENT_3D('',#1989,#1990,#1991);
#1989 = CARTESIAN_POINT('',(242.,251.89758284315,40.628038191471));
#1990 = DIRECTION('',(1.,0.,0.));
#1991 = DIRECTION('',(0.,0.,1.));
#1992 = ADVANCED_FACE('',(#1993),#2009,.F.);
#1993 = FACE_BOUND('',#1994,.F.);
#1994 = EDGE_LOOP('',(#1995,#1996,#2002,#2003));
#1995 = ORIENTED_EDGE('',*,*,#1694,.T.);
#1996 = ORIENTED_EDGE('',*,*,#1997,.T.);
#1997 = EDGE_CURVE('',#1687,#1016,#1998,.T.);
#1998 = LINE('',#1999,#2000);
#1999 = CARTESIAN_POINT('',(148.,246.,23.));
#2000 = VECTOR('',#2001,1.);
#2001 = DIRECTION('',(0.,1.,0.));
#2002 = ORIENTED_EDGE('',*,*,#1013,.F.);
#2003 = ORIENTED_EDGE('',*,*,#2004,.F.);
#2004 = EDGE_CURVE('',#1695,#1014,#2005,.T.);
#2005 = LINE('',#2006,#2007);
#2006 = CARTESIAN_POINT('',(148.,123.,39.));
#2007 = VECTOR('',#2008,1.);
#2008 = DIRECTION('',(0.,1.,0.));
#2009 = PLANE('',#2010);
#2010 = AXIS2_PLACEMENT_3D('',#2011,#2012,#2013);
#2011 = CARTESIAN_POINT('',(148.,246.,23.));
#2012 = DIRECTION('',(1.,0.,0.));
#2013 = DIRECTION('',(0.,0.,1.));
#2014 = ADVANCED_FACE('',(#2015),#2026,.T.);
#2015 = FACE_BOUND('',#2016,.T.);
#2016 = EDGE_LOOP('',(#2017,#2023,#2024,#2025));
#2017 = ORIENTED_EDGE('',*,*,#2018,.F.);
#2018 = EDGE_CURVE('',#1679,#1247,#2019,.T.);
#2019 = LINE('',#2020,#2021);
#2020 = CARTESIAN_POINT('',(114.,246.,23.));
#2021 = VECTOR('',#2022,1.);
#2022 = DIRECTION('',(0.,1.,0.));
#2023 = ORIENTED_EDGE('',*,*,#1686,.T.);
#2024 = ORIENTED_EDGE('',*,*,#1997,.T.);
#2025 = ORIENTED_EDGE('',*,*,#1254,.F.);
#2026 = PLANE('',#2027);
#2027 = AXIS2_PLACEMENT_3D('',#2028,#2029,#2030);
#2028 = CARTESIAN_POINT('',(114.,246.,23.));
#2029 = DIRECTION('',(0.,0.,1.));
#2030 = DIRECTION('',(1.,0.,0.));
#2031 = ADVANCED_FACE('',(#2032),#2043,.T.);
#2032 = FACE_BOUND('',#2033,.T.);
#2033 = EDGE_LOOP('',(#2034,#2035,#2036,#2037));
#2034 = ORIENTED_EDGE('',*,*,#1678,.T.);
#2035 = ORIENTED_EDGE('',*,*,#2018,.T.);
#2036 = ORIENTED_EDGE('',*,*,#1246,.F.);
#2037 = ORIENTED_EDGE('',*,*,#2038,.F.);
#2038 = EDGE_CURVE('',#1671,#1239,#2039,.T.);
#2039 = LINE('',#2040,#2041);
#2040 = CARTESIAN_POINT('',(114.,123.,39.));
#2041 = VECTOR('',#2042,1.);
#2042 = DIRECTION('',(0.,1.,0.));
#2043 = PLANE('',#2044);
#2044 = AXIS2_PLACEMENT_3D('',#2045,#2046,#2047);
#2045 = CARTESIAN_POINT('',(114.,246.,23.));
#2046 = DIRECTION('',(1.,0.,0.));
#2047 = DIRECTION('',(0.,0.,1.));
#2048 = ADVANCED_FACE('',(#2049),#2060,.T.);
#2049 = FACE_BOUND('',#2050,.T.);
#2050 = EDGE_LOOP('',(#2051,#2052,#2058,#2059));
#2051 = ORIENTED_EDGE('',*,*,#1238,.F.);
#2052 = ORIENTED_EDGE('',*,*,#2053,.F.);
#2053 = EDGE_CURVE('',#1663,#1231,#2054,.T.);
#2054 = LINE('',#2055,#2056);
#2055 = CARTESIAN_POINT('',(56.,125.94879142157,39.));
#2056 = VECTOR('',#2057,1.);
#2057 = DIRECTION('',(0.,1.,0.));
#2058 = ORIENTED_EDGE('',*,*,#1670,.F.);
#2059 = ORIENTED_EDGE('',*,*,#2038,.T.);
#2060 = PLANE('',#2061);
#2061 = AXIS2_PLACEMENT_3D('',#2062,#2063,#2064);
#2062 = CARTESIAN_POINT('',(0.,0.,39.));
#2063 = DIRECTION('',(0.,0.,1.));
#2064 = DIRECTION('',(1.,0.,0.));
#2065 = ADVANCED_FACE('',(#2066,#2127),#2138,.T.);
#2066 = FACE_BOUND('',#2067,.T.);
#2067 = EDGE_LOOP('',(#2068,#2078,#2086,#2092,#2093,#2094,#2095,#2103,
    #2111,#2120));
#2068 = ORIENTED_EDGE('',*,*,#2069,.F.);
#2069 = EDGE_CURVE('',#2070,#2072,#2074,.T.);
#2070 = VERTEX_POINT('',#2071);
#2071 = CARTESIAN_POINT('',(56.,244.,44.5));
#2072 = VERTEX_POINT('',#2073);
#2073 = CARTESIAN_POINT('',(56.,248.,44.5));
#2074 = LINE('',#2075,#2076);
#2075 = CARTESIAN_POINT('',(56.,244.,44.5));
#2076 = VECTOR('',#2077,1.);
#2077 = DIRECTION('',(0.,1.,0.));
#2078 = ORIENTED_EDGE('',*,*,#2079,.F.);
#2079 = EDGE_CURVE('',#2080,#2070,#2082,.T.);
#2080 = VERTEX_POINT('',#2081);
#2081 = CARTESIAN_POINT('',(56.,244.,31.));
#2082 = LINE('',#2083,#2084);
#2083 = CARTESIAN_POINT('',(56.,244.,31.));
#2084 = VECTOR('',#2085,1.);
#2085 = DIRECTION('',(0.,0.,1.));
#2086 = ORIENTED_EDGE('',*,*,#2087,.T.);
#2087 = EDGE_CURVE('',#2080,#1655,#2088,.T.);
#2088 = LINE('',#2089,#2090);
#2089 = CARTESIAN_POINT('',(56.,244.,31.));
#2090 = VECTOR('',#2091,1.);
#2091 = DIRECTION('',(0.,1.,0.));
#2092 = ORIENTED_EDGE('',*,*,#1662,.F.);
#2093 = ORIENTED_EDGE('',*,*,#2053,.T.);
#2094 = ORIENTED_EDGE('',*,*,#1230,.T.);
#2095 = ORIENTED_EDGE('',*,*,#2096,.T.);
#2096 = EDGE_CURVE('',#1223,#2097,#2099,.T.);
#2097 = VERTEX_POINT('',#2098);
#2098 = CARTESIAN_POINT('',(56.,255.,31.));
#2099 = LINE('',#2100,#2101);
#2100 = CARTESIAN_POINT('',(56.,244.,31.));
#2101 = VECTOR('',#2102,1.);
#2102 = DIRECTION('',(0.,1.,0.));
#2103 = ORIENTED_EDGE('',*,*,#2104,.T.);
#2104 = EDGE_CURVE('',#2097,#2105,#2107,.T.);
#2105 = VERTEX_POINT('',#2106);
#2106 = CARTESIAN_POINT('',(56.,255.,37.5));
#2107 = LINE('',#2108,#2109);
#2108 = CARTESIAN_POINT('',(56.,255.,31.));
#2109 = VECTOR('',#2110,1.);
#2110 = DIRECTION('',(0.,0.,1.));
#2111 = ORIENTED_EDGE('',*,*,#2112,.T.);
#2112 = EDGE_CURVE('',#2105,#2113,#2115,.T.);
#2113 = VERTEX_POINT('',#2114);
#2114 = CARTESIAN_POINT('',(56.,255.,51.5));
#2115 = CIRCLE('',#2116,7.);
#2116 = AXIS2_PLACEMENT_3D('',#2117,#2118,#2119);
#2117 = CARTESIAN_POINT('',(56.,255.,44.5));
#2118 = DIRECTION('',(1.,0.,-0.));
#2119 = DIRECTION('',(0.,0.,1.));
#2120 = ORIENTED_EDGE('',*,*,#2121,.T.);
#2121 = EDGE_CURVE('',#2113,#2072,#2122,.T.);
#2122 = CIRCLE('',#2123,7.);
#2123 = AXIS2_PLACEMENT_3D('',#2124,#2125,#2126);
#2124 = CARTESIAN_POINT('',(56.,255.,44.5));
#2125 = DIRECTION('',(1.,0.,-0.));
#2126 = DIRECTION('',(0.,0.,1.));
#2127 = FACE_BOUND('',#2128,.T.);
#2128 = EDGE_LOOP('',(#2129));
#2129 = ORIENTED_EDGE('',*,*,#2130,.F.);
#2130 = EDGE_CURVE('',#2131,#2131,#2133,.T.);
#2131 = VERTEX_POINT('',#2132);
#2132 = CARTESIAN_POINT('',(56.,255.,46.7));
#2133 = CIRCLE('',#2134,2.2);
#2134 = AXIS2_PLACEMENT_3D('',#2135,#2136,#2137);
#2135 = CARTESIAN_POINT('',(56.,255.,44.5));
#2136 = DIRECTION('',(1.,0.,-0.));
#2137 = DIRECTION('',(0.,0.,1.));
#2138 = PLANE('',#2139);
#2139 = AXIS2_PLACEMENT_3D('',#2140,#2141,#2142);
#2140 = CARTESIAN_POINT('',(56.,251.89758284315,40.628038191471));
#2141 = DIRECTION('',(1.,0.,0.));
#2142 = DIRECTION('',(0.,0.,1.));
#2143 = ADVANCED_FACE('',(#2144),#2162,.F.);
#2144 = FACE_BOUND('',#2145,.F.);
#2145 = EDGE_LOOP('',(#2146,#2154,#2155,#2156));
#2146 = ORIENTED_EDGE('',*,*,#2147,.F.);
#2147 = EDGE_CURVE('',#1215,#2148,#2150,.T.);
#2148 = VERTEX_POINT('',#2149);
#2149 = CARTESIAN_POINT('',(48.,255.,31.));
#2150 = LINE('',#2151,#2152);
#2151 = CARTESIAN_POINT('',(48.,244.,31.));
#2152 = VECTOR('',#2153,1.);
#2153 = DIRECTION('',(0.,1.,0.));
#2154 = ORIENTED_EDGE('',*,*,#1222,.T.);
#2155 = ORIENTED_EDGE('',*,*,#2096,.T.);
#2156 = ORIENTED_EDGE('',*,*,#2157,.F.);
#2157 = EDGE_CURVE('',#2148,#2097,#2158,.T.);
#2158 = LINE('',#2159,#2160);
#2159 = CARTESIAN_POINT('',(48.,255.,31.));
#2160 = VECTOR('',#2161,1.);
#2161 = DIRECTION('',(1.,0.,0.));
#2162 = PLANE('',#2163);
#2163 = AXIS2_PLACEMENT_3D('',#2164,#2165,#2166);
#2164 = CARTESIAN_POINT('',(48.,244.,31.));
#2165 = DIRECTION('',(0.,0.,1.));
#2166 = DIRECTION('',(1.,0.,0.));
#2167 = ADVANCED_FACE('',(#2168,#2227),#2238,.T.);
#2168 = FACE_BOUND('',#2169,.T.);
#2169 = EDGE_LOOP('',(#2170,#2180,#2188,#2197,#2206,#2212,#2213,#2214,
    #2220,#2221));
#2170 = ORIENTED_EDGE('',*,*,#2171,.T.);
#2171 = EDGE_CURVE('',#2172,#2174,#2176,.T.);
#2172 = VERTEX_POINT('',#2173);
#2173 = CARTESIAN_POINT('',(48.,244.,31.));
#2174 = VERTEX_POINT('',#2175);
#2175 = CARTESIAN_POINT('',(48.,244.,44.5));
#2176 = LINE('',#2177,#2178);
#2177 = CARTESIAN_POINT('',(48.,244.,31.));
#2178 = VECTOR('',#2179,1.);
#2179 = DIRECTION('',(0.,0.,1.));
#2180 = ORIENTED_EDGE('',*,*,#2181,.T.);
#2181 = EDGE_CURVE('',#2174,#2182,#2184,.T.);
#2182 = VERTEX_POINT('',#2183);
#2183 = CARTESIAN_POINT('',(48.,248.,44.5));
#2184 = LINE('',#2185,#2186);
#2185 = CARTESIAN_POINT('',(48.,244.,44.5));
#2186 = VECTOR('',#2187,1.);
#2187 = DIRECTION('',(0.,1.,0.));
#2188 = ORIENTED_EDGE('',*,*,#2189,.F.);
#2189 = EDGE_CURVE('',#2190,#2182,#2192,.T.);
#2190 = VERTEX_POINT('',#2191);
#2191 = CARTESIAN_POINT('',(48.,255.,51.5));
#2192 = CIRCLE('',#2193,7.);
#2193 = AXIS2_PLACEMENT_3D('',#2194,#2195,#2196);
#2194 = CARTESIAN_POINT('',(48.,255.,44.5));
#2195 = DIRECTION('',(1.,0.,-0.));
#2196 = DIRECTION('',(0.,0.,1.));
#2197 = ORIENTED_EDGE('',*,*,#2198,.F.);
#2198 = EDGE_CURVE('',#2199,#2190,#2201,.T.);
#2199 = VERTEX_POINT('',#2200);
#2200 = CARTESIAN_POINT('',(48.,255.,37.5));
#2201 = CIRCLE('',#2202,7.);
#2202 = AXIS2_PLACEMENT_3D('',#2203,#2204,#2205);
#2203 = CARTESIAN_POINT('',(48.,255.,44.5));
#2204 = DIRECTION('',(1.,0.,-0.));
#2205 = DIRECTION('',(0.,0.,1.));
#2206 = ORIENTED_EDGE('',*,*,#2207,.F.);
#2207 = EDGE_CURVE('',#2148,#2199,#2208,.T.);
#2208 = LINE('',#2209,#2210);
#2209 = CARTESIAN_POINT('',(48.,255.,31.));
#2210 = VECTOR('',#2211,1.);
#2211 = DIRECTION('',(0.,0.,1.));
#2212 = ORIENTED_EDGE('',*,*,#2147,.F.);
#2213 = ORIENTED_EDGE('',*,*,#1214,.T.);
#2214 = ORIENTED_EDGE('',*,*,#2215,.T.);
#2215 = EDGE_CURVE('',#1207,#1639,#2216,.T.);
#2216 = LINE('',#2217,#2218);
#2217 = CARTESIAN_POINT('',(48.,125.94879142157,39.));
#2218 = VECTOR('',#2219,1.);
#2219 = DIRECTION('',(0.,-1.,0.));
#2220 = ORIENTED_EDGE('',*,*,#1646,.F.);
#2221 = ORIENTED_EDGE('',*,*,#2222,.F.);
#2222 = EDGE_CURVE('',#2172,#1647,#2223,.T.);
#2223 = LINE('',#2224,#2225);
#2224 = CARTESIAN_POINT('',(48.,244.,31.));
#2225 = VECTOR('',#2226,1.);
#2226 = DIRECTION('',(0.,1.,0.));
#2227 = FACE_BOUND('',#2228,.T.);
#2228 = EDGE_LOOP('',(#2229));
#2229 = ORIENTED_EDGE('',*,*,#2230,.T.);
#2230 = EDGE_CURVE('',#2231,#2231,#2233,.T.);
#2231 = VERTEX_POINT('',#2232);
#2232 = CARTESIAN_POINT('',(48.,255.,46.7));
#2233 = CIRCLE('',#2234,2.2);
#2234 = AXIS2_PLACEMENT_3D('',#2235,#2236,#2237);
#2235 = CARTESIAN_POINT('',(48.,255.,44.5));
#2236 = DIRECTION('',(1.,0.,-0.));
#2237 = DIRECTION('',(0.,0.,1.));
#2238 = PLANE('',#2239);
#2239 = AXIS2_PLACEMENT_3D('',#2240,#2241,#2242);
#2240 = CARTESIAN_POINT('',(48.,251.89758284315,40.628038191471));
#2241 = DIRECTION('',(-1.,-0.,-0.));
#2242 = DIRECTION('',(0.,0.,-1.));
#2243 = ADVANCED_FACE('',(#2244),#2278,.T.);
#2244 = FACE_BOUND('',#2245,.T.);
#2245 = EDGE_LOOP('',(#2246,#2247,#2253,#2254,#2255,#2256,#2264,#2272));
#2246 = ORIENTED_EDGE('',*,*,#1174,.F.);
#2247 = ORIENTED_EDGE('',*,*,#2248,.F.);
#2248 = EDGE_CURVE('',#1631,#1167,#2249,.T.);
#2249 = LINE('',#2250,#2251);
#2250 = CARTESIAN_POINT('',(28.,125.94879142157,39.));
#2251 = VECTOR('',#2252,1.);
#2252 = DIRECTION('',(0.,1.,0.));
#2253 = ORIENTED_EDGE('',*,*,#1638,.F.);
#2254 = ORIENTED_EDGE('',*,*,#2215,.F.);
#2255 = ORIENTED_EDGE('',*,*,#1206,.F.);
#2256 = ORIENTED_EDGE('',*,*,#2257,.F.);
#2257 = EDGE_CURVE('',#2258,#1199,#2260,.T.);
#2258 = VERTEX_POINT('',#2259);
#2259 = CARTESIAN_POINT('',(43.,249.5,39.));
#2260 = LINE('',#2261,#2262);
#2261 = CARTESIAN_POINT('',(43.,124.94194037321,39.));
#2262 = VECTOR('',#2263,1.);
#2263 = DIRECTION('',(0.,1.,0.));
#2264 = ORIENTED_EDGE('',*,*,#2265,.T.);
#2265 = EDGE_CURVE('',#2258,#2266,#2268,.T.);
#2266 = VERTEX_POINT('',#2267);
#2267 = CARTESIAN_POINT('',(33.,249.5,39.));
#2268 = LINE('',#2269,#2270);
#2269 = CARTESIAN_POINT('',(16.5,249.5,39.));
#2270 = VECTOR('',#2271,1.);
#2271 = DIRECTION('',(-1.,0.,0.));
#2272 = ORIENTED_EDGE('',*,*,#2273,.T.);
#2273 = EDGE_CURVE('',#2266,#1175,#2274,.T.);
#2274 = LINE('',#2275,#2276);
#2275 = CARTESIAN_POINT('',(33.,124.94194037321,39.));
#2276 = VECTOR('',#2277,1.);
#2277 = DIRECTION('',(0.,1.,0.));
#2278 = PLANE('',#2279);
#2279 = AXIS2_PLACEMENT_3D('',#2280,#2281,#2282);
#2280 = CARTESIAN_POINT('',(0.,0.,39.));
#2281 = DIRECTION('',(0.,0.,1.));
#2282 = DIRECTION('',(1.,0.,0.));
#2283 = ADVANCED_FACE('',(#2284),#2550,.T.);
#2284 = FACE_BOUND('',#2285,.T.);
#2285 = EDGE_LOOP('',(#2286,#2294,#2295,#2296,#2304,#2312,#2320,#2328,
    #2336,#2344,#2352,#2360,#2368,#2376,#2384,#2392,#2400,#2408,#2416,
    #2424,#2432,#2440,#2448,#2456,#2464,#2472,#2480,#2488,#2496,#2504,
    #2512,#2520,#2528,#2536,#2544));
#2286 = ORIENTED_EDGE('',*,*,#2287,.T.);
#2287 = EDGE_CURVE('',#2288,#2258,#2290,.T.);
#2288 = VERTEX_POINT('',#2289);
#2289 = CARTESIAN_POINT('',(43.,249.76740981922,39.26740981922));
#2290 = LINE('',#2291,#2292);
#2291 = CARTESIAN_POINT('',(43.,249.76740981922,39.26740981922));
#2292 = VECTOR('',#2293,1.);
#2293 = DIRECTION('',(0.,-0.707106781187,-0.707106781187));
#2294 = ORIENTED_EDGE('',*,*,#2257,.T.);
#2295 = ORIENTED_EDGE('',*,*,#1198,.T.);
#2296 = ORIENTED_EDGE('',*,*,#2297,.T.);
#2297 = EDGE_CURVE('',#1191,#2298,#2300,.T.);
#2298 = VERTEX_POINT('',#2299);
#2299 = CARTESIAN_POINT('',(43.,250.13988998998,34.077460449079));
#2300 = LINE('',#2301,#2302);
#2301 = CARTESIAN_POINT('',(43.,249.95873181192,34.16386846756));
#2302 = VECTOR('',#2303,1.);
#2303 = DIRECTION('',(0.,0.90258528435,-0.430511096808));
#2304 = ORIENTED_EDGE('',*,*,#2305,.T.);
#2305 = EDGE_CURVE('',#2298,#2306,#2308,.T.);
#2306 = VERTEX_POINT('',#2307);
#2307 = CARTESIAN_POINT('',(43.,250.32252860462,33.99422723711));
#2308 = LINE('',#2309,#2310);
#2309 = CARTESIAN_POINT('',(43.,250.13988998998,34.077460449079));
#2310 = VECTOR('',#2311,1.);
#2311 = DIRECTION('',(0.,0.909961270877,-0.414693242656));
#2312 = ORIENTED_EDGE('',*,*,#2313,.T.);
#2313 = EDGE_CURVE('',#2306,#2314,#2316,.T.);
#2314 = VERTEX_POINT('',#2315);
#2315 = CARTESIAN_POINT('',(43.,250.50659202237,33.914194185297));
#2316 = LINE('',#2317,#2318);
#2317 = CARTESIAN_POINT('',(43.,250.32252860462,33.99422723711));
#2318 = VECTOR('',#2319,1.);
#2319 = DIRECTION('',(0.,0.917060074385,-0.398749068925));
#2320 = ORIENTED_EDGE('',*,*,#2321,.T.);
#2321 = EDGE_CURVE('',#2314,#2322,#2324,.T.);
#2322 = VERTEX_POINT('',#2323);
#2323 = CARTESIAN_POINT('',(43.,250.69202417571,33.837385672482));
#2324 = LINE('',#2325,#2326);
#2325 = CARTESIAN_POINT('',(43.,250.50659202237,33.914194185297));
#2326 = VECTOR('',#2327,1.);
#2327 = DIRECTION('',(0.,0.923879532511,-0.382683432365));
#2328 = ORIENTED_EDGE('',*,*,#2329,.T.);
#2329 = EDGE_CURVE('',#2322,#2330,#2332,.T.);
#2330 = VERTEX_POINT('',#2331);
#2331 = CARTESIAN_POINT('',(43.,250.87876858022,33.763825095282));
#2332 = LINE('',#2333,#2334);
#2333 = CARTESIAN_POINT('',(43.,250.69202417571,33.837385672482));
#2334 = VECTOR('',#2335,1.);
#2335 = DIRECTION('',(0.,0.930417567982,-0.366501226724));
#2336 = ORIENTED_EDGE('',*,*,#2337,.T.);
#2337 = EDGE_CURVE('',#2330,#2338,#2340,.T.);
#2338 = VERTEX_POINT('',#2339);
#2339 = CARTESIAN_POINT('',(43.,251.06676835175,33.693534860962));
#2340 = LINE('',#2341,#2342);
#2341 = CARTESIAN_POINT('',(43.,250.87876858022,33.763825095282));
#2342 = VECTOR('',#2343,1.);
#2343 = DIRECTION('',(0.,0.936672189248,-0.350207381259));
#2344 = ORIENTED_EDGE('',*,*,#2345,.T.);
#2345 = EDGE_CURVE('',#2338,#2346,#2348,.T.);
#2346 = VERTEX_POINT('',#2347);
#2347 = CARTESIAN_POINT('',(43.,252.46905093939,37.546274606184));
#2348 = LINE('',#2349,#2350);
#2349 = CARTESIAN_POINT('',(43.,251.06676835175,33.693534860962));
#2350 = VECTOR('',#2351,1.);
#2351 = DIRECTION('',(0.,0.342020143326,0.939692620786));
#2352 = ORIENTED_EDGE('',*,*,#2353,.T.);
#2353 = EDGE_CURVE('',#2346,#2354,#2356,.T.);
#2354 = VERTEX_POINT('',#2355);
#2355 = CARTESIAN_POINT('',(43.,252.34807717336,37.591504843921));
#2356 = LINE('',#2357,#2358);
#2357 = CARTESIAN_POINT('',(43.,252.46905093939,37.546274606184));
#2358 = VECTOR('',#2359,1.);
#2359 = DIRECTION('',(0.,-0.936672189248,0.350207381259));
#2360 = ORIENTED_EDGE('',*,*,#2361,.T.);
#2361 = EDGE_CURVE('',#2354,#2362,#2364,.T.);
#2362 = VERTEX_POINT('',#2363);
#2363 = CARTESIAN_POINT('',(43.,252.22791120872,37.638839476206));
#2364 = LINE('',#2365,#2366);
#2365 = CARTESIAN_POINT('',(43.,252.34807717336,37.591504843921));
#2366 = VECTOR('',#2367,1.);
#2367 = DIRECTION('',(0.,-0.930417567982,0.366501226724));
#2368 = ORIENTED_EDGE('',*,*,#2369,.T.);
#2369 = EDGE_CURVE('',#2362,#2370,#2372,.T.);
#2370 = VERTEX_POINT('',#2371);
#2371 = CARTESIAN_POINT('',(43.,252.10858964917,37.688264084452));
#2372 = LINE('',#2373,#2374);
#2373 = CARTESIAN_POINT('',(43.,252.22791120872,37.638839476206));
#2374 = VECTOR('',#2375,1.);
#2375 = DIRECTION('',(0.,-0.923879532511,0.382683432365));
#2376 = ORIENTED_EDGE('',*,*,#2377,.T.);
#2377 = EDGE_CURVE('',#2370,#2378,#2380,.T.);
#2378 = VERTEX_POINT('',#2379);
#2379 = CARTESIAN_POINT('',(43.,251.99014884123,37.739763613445));
#2380 = LINE('',#2381,#2382);
#2381 = CARTESIAN_POINT('',(43.,252.10858964917,37.688264084452));
#2382 = VECTOR('',#2383,1.);
#2383 = DIRECTION('',(0.,-0.917060074385,0.398749068925));
#2384 = ORIENTED_EDGE('',*,*,#2385,.T.);
#2385 = EDGE_CURVE('',#2378,#2386,#2388,.T.);
#2386 = VERTEX_POINT('',#2387);
#2387 = CARTESIAN_POINT('',(43.,251.87262486311,37.793322375929));
#2388 = LINE('',#2389,#2390);
#2389 = CARTESIAN_POINT('',(43.,251.99014884123,37.739763613445));
#2390 = VECTOR('',#2391,1.);
#2391 = DIRECTION('',(0.,-0.909961270877,0.414693242656));
#2392 = ORIENTED_EDGE('',*,*,#2393,.T.);
#2393 = EDGE_CURVE('',#2386,#2394,#2396,.T.);
#2394 = VERTEX_POINT('',#2395);
#2395 = CARTESIAN_POINT('',(43.,251.75605351376,37.848924057386));
#2396 = LINE('',#2397,#2398);
#2397 = CARTESIAN_POINT('',(43.,251.87262486311,37.793322375929));
#2398 = VECTOR('',#2399,1.);
#2399 = DIRECTION('',(0.,-0.90258528435,0.430511096808));
#2400 = ORIENTED_EDGE('',*,*,#2401,.T.);
#2401 = EDGE_CURVE('',#2394,#2402,#2404,.T.);
#2402 = VERTEX_POINT('',#2403);
#2403 = CARTESIAN_POINT('',(43.,251.64047030192,37.906551721006));
#2404 = LINE('',#2405,#2406);
#2405 = CARTESIAN_POINT('',(43.,251.75605351376,37.848924057386));
#2406 = VECTOR('',#2407,1.);
#2407 = DIRECTION('',(0.,-0.894934361602,0.44619781311));
#2408 = ORIENTED_EDGE('',*,*,#2409,.T.);
#2409 = EDGE_CURVE('',#2402,#2410,#2412,.T.);
#2410 = VERTEX_POINT('',#2411);
#2411 = CARTESIAN_POINT('',(43.,251.52591043538,37.966187812844));
#2412 = LINE('',#2413,#2414);
#2413 = CARTESIAN_POINT('',(43.,251.64047030192,37.906551721006));
#2414 = VECTOR('',#2415,1.);
#2415 = DIRECTION('',(0.,-0.887010833178,0.461748613235));
#2416 = ORIENTED_EDGE('',*,*,#2417,.T.);
#2417 = EDGE_CURVE('',#2410,#2418,#2420,.T.);
#2418 = VERTEX_POINT('',#2419);
#2419 = CARTESIAN_POINT('',(43.,251.41240881017,38.027814167168));
#2420 = LINE('',#2421,#2422);
#2421 = CARTESIAN_POINT('',(43.,251.52591043538,37.966187812844));
#2422 = VECTOR('',#2423,1.);
#2423 = DIRECTION('',(0.,-0.878817112662,0.47715876026));
#2424 = ORIENTED_EDGE('',*,*,#2425,.T.);
#2425 = EDGE_CURVE('',#2418,#2426,#2428,.T.);
#2426 = VERTEX_POINT('',#2427);
#2427 = CARTESIAN_POINT('',(43.,251.3,38.091412011995));
#2428 = LINE('',#2429,#2430);
#2429 = CARTESIAN_POINT('',(43.,251.41240881017,38.027814167168));
#2430 = VECTOR('',#2431,1.);
#2431 = DIRECTION('',(0.,-0.87035569594,0.492423560103));
#2432 = ORIENTED_EDGE('',*,*,#2433,.T.);
#2433 = EDGE_CURVE('',#2426,#2434,#2436,.T.);
#2434 = VERTEX_POINT('',#2435);
#2435 = CARTESIAN_POINT('',(43.,251.18871824566,38.156961974804));
#2436 = LINE('',#2437,#2438);
#2437 = CARTESIAN_POINT('',(43.,251.3,38.091412011995));
#2438 = VECTOR('',#2439,1.);
#2439 = DIRECTION('',(0.,-0.861629160442,0.507538362961));
#2440 = ORIENTED_EDGE('',*,*,#2441,.T.);
#2441 = EDGE_CURVE('',#2434,#2442,#2444,.T.);
#2442 = VERTEX_POINT('',#2443);
#2443 = CARTESIAN_POINT('',(43.,251.07859744467,38.224444088442));
#2444 = LINE('',#2445,#2446);
#2445 = CARTESIAN_POINT('',(43.,251.18871824566,38.156961974804));
#2446 = VECTOR('',#2447,1.);
#2447 = DIRECTION('',(0.,-0.852640164354,0.522498564716));
#2448 = ORIENTED_EDGE('',*,*,#2449,.T.);
#2449 = EDGE_CURVE('',#2442,#2450,#2452,.T.);
#2450 = VERTEX_POINT('',#2451);
#2451 = CARTESIAN_POINT('',(43.,250.96967114088,38.293837797204));
#2452 = LINE('',#2453,#2454);
#2453 = CARTESIAN_POINT('',(43.,251.07859744467,38.224444088442));
#2454 = VECTOR('',#2455,1.);
#2455 = DIRECTION('',(0.,-0.843391445813,0.537299608347));
#2456 = ORIENTED_EDGE('',*,*,#2457,.T.);
#2457 = EDGE_CURVE('',#2450,#2458,#2460,.T.);
#2458 = VERTEX_POINT('',#2459);
#2459 = CARTESIAN_POINT('',(43.,250.86197251431,38.365121963093));
#2460 = LINE('',#2461,#2462);
#2461 = CARTESIAN_POINT('',(43.,250.96967114088,38.293837797204));
#2462 = VECTOR('',#2463,1.);
#2463 = DIRECTION('',(0.,-0.833885822067,0.551936985312));
#2464 = ORIENTED_EDGE('',*,*,#2465,.T.);
#2465 = EDGE_CURVE('',#2458,#2466,#2468,.T.);
#2466 = VERTEX_POINT('',#2467);
#2467 = CARTESIAN_POINT('',(43.,250.755534371,38.438274872261));
#2468 = LINE('',#2469,#2470);
#2469 = CARTESIAN_POINT('',(43.,250.86197251431,38.365121963093));
#2470 = VECTOR('',#2471,1.);
#2471 = DIRECTION('',(0.,-0.824126188622,0.566406236925));
#2472 = ORIENTED_EDGE('',*,*,#2473,.T.);
#2473 = EDGE_CURVE('',#2466,#2474,#2476,.T.);
#2474 = VERTEX_POINT('',#2475);
#2475 = CARTESIAN_POINT('',(43.,250.65038913303,38.513274241625));
#2476 = LINE('',#2477,#2478);
#2477 = CARTESIAN_POINT('',(43.,250.755534371,38.438274872261));
#2478 = VECTOR('',#2479,1.);
#2479 = DIRECTION('',(0.,-0.814115518356,0.580702955711));
#2480 = ORIENTED_EDGE('',*,*,#2481,.T.);
#2481 = EDGE_CURVE('',#2474,#2482,#2484,.T.);
#2482 = VERTEX_POINT('',#2483);
#2483 = CARTESIAN_POINT('',(43.,250.54656882867,38.59009722565));
#2484 = LINE('',#2485,#2486);
#2485 = CARTESIAN_POINT('',(43.,250.65038913303,38.513274241625));
#2486 = VECTOR('',#2487,1.);
#2487 = DIRECTION('',(0.,-0.803856860617,0.594822786751));
#2488 = ORIENTED_EDGE('',*,*,#2489,.T.);
#2489 = EDGE_CURVE('',#2482,#2490,#2492,.T.);
#2490 = VERTEX_POINT('',#2491);
#2491 = CARTESIAN_POINT('',(43.,250.44410508259,38.66872042331));
#2492 = LINE('',#2493,#2494);
#2493 = CARTESIAN_POINT('',(43.,250.54656882867,38.59009722565));
#2494 = VECTOR('',#2495,1.);
#2495 = DIRECTION('',(0.,-0.793353340291,0.608761429009));
#2496 = ORIENTED_EDGE('',*,*,#2497,.T.);
#2497 = EDGE_CURVE('',#2490,#2498,#2500,.T.);
#2498 = VERTEX_POINT('',#2499);
#2499 = CARTESIAN_POINT('',(43.,250.34302910623,38.749119885218));
#2500 = LINE('',#2501,#2502);
#2501 = CARTESIAN_POINT('',(43.,250.44410508259,38.66872042331));
#2502 = VECTOR('',#2503,1.);
#2503 = DIRECTION('',(0.,-0.782608156852,0.622514636638));
#2504 = ORIENTED_EDGE('',*,*,#2505,.T.);
#2505 = EDGE_CURVE('',#2498,#2506,#2508,.T.);
#2506 = VERTEX_POINT('',#2507);
#2507 = CARTESIAN_POINT('',(43.,250.24337168832,38.83127112092));
#2508 = LINE('',#2509,#2510);
#2509 = CARTESIAN_POINT('',(43.,250.34302910623,38.749119885218));
#2510 = VECTOR('',#2511,1.);
#2511 = DIRECTION('',(0.,-0.771624583388,0.636078220278));
#2512 = ORIENTED_EDGE('',*,*,#2513,.T.);
#2513 = EDGE_CURVE('',#2506,#2514,#2516,.T.);
#2514 = VERTEX_POINT('',#2515);
#2515 = CARTESIAN_POINT('',(43.,250.14516318547,38.915149106351));
#2516 = LINE('',#2517,#2518);
#2517 = CARTESIAN_POINT('',(43.,250.24337168832,38.83127112092));
#2518 = VECTOR('',#2519,1.);
#2519 = DIRECTION('',(0.,-0.7604059656,0.64944804833));
#2520 = ORIENTED_EDGE('',*,*,#2521,.T.);
#2521 = EDGE_CURVE('',#2514,#2522,#2524,.T.);
#2522 = VERTEX_POINT('',#2523);
#2523 = CARTESIAN_POINT('',(43.,250.04843351294,39.000728291467));
#2524 = LINE('',#2525,#2526);
#2525 = CARTESIAN_POINT('',(43.,250.14516318547,38.915149106351));
#2526 = VECTOR('',#2527,1.);
#2527 = DIRECTION('',(0.,-0.748955720789,0.662620048216));
#2528 = ORIENTED_EDGE('',*,*,#2529,.T.);
#2529 = EDGE_CURVE('',#2522,#2530,#2532,.T.);
#2530 = VERTEX_POINT('',#2531);
#2531 = CARTESIAN_POINT('',(43.,249.95321213553,39.087982608018));
#2532 = LINE('',#2533,#2534);
#2533 = CARTESIAN_POINT('',(43.,250.04843351294,39.000728291467));
#2534 = VECTOR('',#2535,1.);
#2535 = DIRECTION('',(0.,-0.73727733681,0.675590207616));
#2536 = ORIENTED_EDGE('',*,*,#2537,.T.);
#2537 = EDGE_CURVE('',#2530,#2538,#2540,.T.);
#2538 = VERTEX_POINT('',#2539);
#2539 = CARTESIAN_POINT('',(43.,249.8595280586,39.176885477494));
#2540 = LINE('',#2541,#2542);
#2541 = CARTESIAN_POINT('',(43.,249.95321213553,39.087982608018));
#2542 = VECTOR('',#2543,1.);
#2543 = DIRECTION('',(0.,-0.725374371012,0.688354575694));
#2544 = ORIENTED_EDGE('',*,*,#2545,.T.);
#2545 = EDGE_CURVE('',#2538,#2288,#2546,.T.);
#2546 = LINE('',#2547,#2548);
#2547 = CARTESIAN_POINT('',(43.,249.8595280586,39.176885477494));
#2548 = VECTOR('',#2549,1.);
#2549 = DIRECTION('',(0.,-0.713250449154,0.7009092643));
#2550 = PLANE('',#2551);
#2551 = AXIS2_PLACEMENT_3D('',#2552,#2553,#2554);
#2552 = CARTESIAN_POINT('',(43.,249.88388074643,36.469301396868));
#2553 = DIRECTION('',(1.,0.,0.));
#2554 = DIRECTION('',(0.,0.,1.));
#2555 = ADVANCED_FACE('',(#2556),#2574,.F.);
#2556 = FACE_BOUND('',#2557,.F.);
#2557 = EDGE_LOOP('',(#2558,#2566,#2567,#2568));
#2558 = ORIENTED_EDGE('',*,*,#2559,.F.);
#2559 = EDGE_CURVE('',#1183,#2560,#2562,.T.);
#2560 = VERTEX_POINT('',#2561);
#2561 = CARTESIAN_POINT('',(33.,250.13988998998,34.077460449079));
#2562 = LINE('',#2563,#2564);
#2563 = CARTESIAN_POINT('',(33.,249.95873181192,34.16386846756));
#2564 = VECTOR('',#2565,1.);
#2565 = DIRECTION('',(0.,0.90258528435,-0.430511096808));
#2566 = ORIENTED_EDGE('',*,*,#1190,.T.);
#2567 = ORIENTED_EDGE('',*,*,#2297,.T.);
#2568 = ORIENTED_EDGE('',*,*,#2569,.F.);
#2569 = EDGE_CURVE('',#2560,#2298,#2570,.T.);
#2570 = LINE('',#2571,#2572);
#2571 = CARTESIAN_POINT('',(33.,250.13988998998,34.077460449079));
#2572 = VECTOR('',#2573,1.);
#2573 = DIRECTION('',(1.,0.,0.));
#2574 = PLANE('',#2575);
#2575 = AXIS2_PLACEMENT_3D('',#2576,#2577,#2578);
#2576 = CARTESIAN_POINT('',(33.,249.95873181192,34.16386846756));
#2577 = DIRECTION('',(0.,0.430511096808,0.90258528435));
#2578 = DIRECTION('',(0.,0.90258528435,-0.430511096808));
#2579 = ADVANCED_FACE('',(#2580),#2839,.F.);
#2580 = FACE_BOUND('',#2581,.F.);
#2581 = EDGE_LOOP('',(#2582,#2590,#2591,#2592,#2593,#2601,#2609,#2617,
    #2625,#2633,#2641,#2649,#2657,#2665,#2673,#2681,#2689,#2697,#2705,
    #2713,#2721,#2729,#2737,#2745,#2753,#2761,#2769,#2777,#2785,#2793,
    #2801,#2809,#2817,#2825,#2833));
#2582 = ORIENTED_EDGE('',*,*,#2583,.T.);
#2583 = EDGE_CURVE('',#2584,#2266,#2586,.T.);
#2584 = VERTEX_POINT('',#2585);
#2585 = CARTESIAN_POINT('',(33.,249.76740981922,39.26740981922));
#2586 = LINE('',#2587,#2588);
#2587 = CARTESIAN_POINT('',(33.,249.76740981922,39.26740981922));
#2588 = VECTOR('',#2589,1.);
#2589 = DIRECTION('',(0.,-0.707106781187,-0.707106781187));
#2590 = ORIENTED_EDGE('',*,*,#2273,.T.);
#2591 = ORIENTED_EDGE('',*,*,#1182,.T.);
#2592 = ORIENTED_EDGE('',*,*,#2559,.T.);
#2593 = ORIENTED_EDGE('',*,*,#2594,.T.);
#2594 = EDGE_CURVE('',#2560,#2595,#2597,.T.);
#2595 = VERTEX_POINT('',#2596);
#2596 = CARTESIAN_POINT('',(33.,250.32252860462,33.99422723711));
#2597 = LINE('',#2598,#2599);
#2598 = CARTESIAN_POINT('',(33.,250.13988998998,34.077460449079));
#2599 = VECTOR('',#2600,1.);
#2600 = DIRECTION('',(0.,0.909961270877,-0.414693242656));
#2601 = ORIENTED_EDGE('',*,*,#2602,.T.);
#2602 = EDGE_CURVE('',#2595,#2603,#2605,.T.);
#2603 = VERTEX_POINT('',#2604);
#2604 = CARTESIAN_POINT('',(33.,250.50659202237,33.914194185297));
#2605 = LINE('',#2606,#2607);
#2606 = CARTESIAN_POINT('',(33.,250.32252860462,33.99422723711));
#2607 = VECTOR('',#2608,1.);
#2608 = DIRECTION('',(0.,0.917060074385,-0.398749068925));
#2609 = ORIENTED_EDGE('',*,*,#2610,.T.);
#2610 = EDGE_CURVE('',#2603,#2611,#2613,.T.);
#2611 = VERTEX_POINT('',#2612);
#2612 = CARTESIAN_POINT('',(33.,250.69202417571,33.837385672482));
#2613 = LINE('',#2614,#2615);
#2614 = CARTESIAN_POINT('',(33.,250.50659202237,33.914194185297));
#2615 = VECTOR('',#2616,1.);
#2616 = DIRECTION('',(0.,0.923879532511,-0.382683432365));
#2617 = ORIENTED_EDGE('',*,*,#2618,.T.);
#2618 = EDGE_CURVE('',#2611,#2619,#2621,.T.);
#2619 = VERTEX_POINT('',#2620);
#2620 = CARTESIAN_POINT('',(33.,250.87876858022,33.763825095282));
#2621 = LINE('',#2622,#2623);
#2622 = CARTESIAN_POINT('',(33.,250.69202417571,33.837385672482));
#2623 = VECTOR('',#2624,1.);
#2624 = DIRECTION('',(0.,0.930417567982,-0.366501226724));
#2625 = ORIENTED_EDGE('',*,*,#2626,.T.);
#2626 = EDGE_CURVE('',#2619,#2627,#2629,.T.);
#2627 = VERTEX_POINT('',#2628);
#2628 = CARTESIAN_POINT('',(33.,251.06676835175,33.693534860962));
#2629 = LINE('',#2630,#2631);
#2630 = CARTESIAN_POINT('',(33.,250.87876858022,33.763825095282));
#2631 = VECTOR('',#2632,1.);
#2632 = DIRECTION('',(0.,0.936672189248,-0.350207381259));
#2633 = ORIENTED_EDGE('',*,*,#2634,.T.);
#2634 = EDGE_CURVE('',#2627,#2635,#2637,.T.);
#2635 = VERTEX_POINT('',#2636);
#2636 = CARTESIAN_POINT('',(33.,252.46905093939,37.546274606184));
#2637 = LINE('',#2638,#2639);
#2638 = CARTESIAN_POINT('',(33.,251.06676835175,33.693534860962));
#2639 = VECTOR('',#2640,1.);
#2640 = DIRECTION('',(0.,0.342020143326,0.939692620786));
#2641 = ORIENTED_EDGE('',*,*,#2642,.T.);
#2642 = EDGE_CURVE('',#2635,#2643,#2645,.T.);
#2643 = VERTEX_POINT('',#2644);
#2644 = CARTESIAN_POINT('',(33.,252.34807717336,37.591504843921));
#2645 = LINE('',#2646,#2647);
#2646 = CARTESIAN_POINT('',(33.,252.46905093939,37.546274606184));
#2647 = VECTOR('',#2648,1.);
#2648 = DIRECTION('',(0.,-0.936672189248,0.350207381259));
#2649 = ORIENTED_EDGE('',*,*,#2650,.T.);
#2650 = EDGE_CURVE('',#2643,#2651,#2653,.T.);
#2651 = VERTEX_POINT('',#2652);
#2652 = CARTESIAN_POINT('',(33.,252.22791120872,37.638839476206));
#2653 = LINE('',#2654,#2655);
#2654 = CARTESIAN_POINT('',(33.,252.34807717336,37.591504843921));
#2655 = VECTOR('',#2656,1.);
#2656 = DIRECTION('',(0.,-0.930417567982,0.366501226724));
#2657 = ORIENTED_EDGE('',*,*,#2658,.T.);
#2658 = EDGE_CURVE('',#2651,#2659,#2661,.T.);
#2659 = VERTEX_POINT('',#2660);
#2660 = CARTESIAN_POINT('',(33.,252.10858964917,37.688264084452));
#2661 = LINE('',#2662,#2663);
#2662 = CARTESIAN_POINT('',(33.,252.22791120872,37.638839476206));
#2663 = VECTOR('',#2664,1.);
#2664 = DIRECTION('',(0.,-0.923879532511,0.382683432365));
#2665 = ORIENTED_EDGE('',*,*,#2666,.T.);
#2666 = EDGE_CURVE('',#2659,#2667,#2669,.T.);
#2667 = VERTEX_POINT('',#2668);
#2668 = CARTESIAN_POINT('',(33.,251.99014884123,37.739763613445));
#2669 = LINE('',#2670,#2671);
#2670 = CARTESIAN_POINT('',(33.,252.10858964917,37.688264084452));
#2671 = VECTOR('',#2672,1.);
#2672 = DIRECTION('',(0.,-0.917060074385,0.398749068925));
#2673 = ORIENTED_EDGE('',*,*,#2674,.T.);
#2674 = EDGE_CURVE('',#2667,#2675,#2677,.T.);
#2675 = VERTEX_POINT('',#2676);
#2676 = CARTESIAN_POINT('',(33.,251.87262486311,37.793322375929));
#2677 = LINE('',#2678,#2679);
#2678 = CARTESIAN_POINT('',(33.,251.99014884123,37.739763613445));
#2679 = VECTOR('',#2680,1.);
#2680 = DIRECTION('',(0.,-0.909961270877,0.414693242656));
#2681 = ORIENTED_EDGE('',*,*,#2682,.T.);
#2682 = EDGE_CURVE('',#2675,#2683,#2685,.T.);
#2683 = VERTEX_POINT('',#2684);
#2684 = CARTESIAN_POINT('',(33.,251.75605351376,37.848924057386));
#2685 = LINE('',#2686,#2687);
#2686 = CARTESIAN_POINT('',(33.,251.87262486311,37.793322375929));
#2687 = VECTOR('',#2688,1.);
#2688 = DIRECTION('',(0.,-0.90258528435,0.430511096808));
#2689 = ORIENTED_EDGE('',*,*,#2690,.T.);
#2690 = EDGE_CURVE('',#2683,#2691,#2693,.T.);
#2691 = VERTEX_POINT('',#2692);
#2692 = CARTESIAN_POINT('',(33.,251.64047030192,37.906551721006));
#2693 = LINE('',#2694,#2695);
#2694 = CARTESIAN_POINT('',(33.,251.75605351376,37.848924057386));
#2695 = VECTOR('',#2696,1.);
#2696 = DIRECTION('',(0.,-0.894934361602,0.44619781311));
#2697 = ORIENTED_EDGE('',*,*,#2698,.T.);
#2698 = EDGE_CURVE('',#2691,#2699,#2701,.T.);
#2699 = VERTEX_POINT('',#2700);
#2700 = CARTESIAN_POINT('',(33.,251.52591043538,37.966187812844));
#2701 = LINE('',#2702,#2703);
#2702 = CARTESIAN_POINT('',(33.,251.64047030192,37.906551721006));
#2703 = VECTOR('',#2704,1.);
#2704 = DIRECTION('',(0.,-0.887010833178,0.461748613235));
#2705 = ORIENTED_EDGE('',*,*,#2706,.T.);
#2706 = EDGE_CURVE('',#2699,#2707,#2709,.T.);
#2707 = VERTEX_POINT('',#2708);
#2708 = CARTESIAN_POINT('',(33.,251.41240881017,38.027814167168));
#2709 = LINE('',#2710,#2711);
#2710 = CARTESIAN_POINT('',(33.,251.52591043538,37.966187812844));
#2711 = VECTOR('',#2712,1.);
#2712 = DIRECTION('',(0.,-0.878817112662,0.47715876026));
#2713 = ORIENTED_EDGE('',*,*,#2714,.T.);
#2714 = EDGE_CURVE('',#2707,#2715,#2717,.T.);
#2715 = VERTEX_POINT('',#2716);
#2716 = CARTESIAN_POINT('',(33.,251.3,38.091412011995));
#2717 = LINE('',#2718,#2719);
#2718 = CARTESIAN_POINT('',(33.,251.41240881017,38.027814167168));
#2719 = VECTOR('',#2720,1.);
#2720 = DIRECTION('',(0.,-0.87035569594,0.492423560103));
#2721 = ORIENTED_EDGE('',*,*,#2722,.T.);
#2722 = EDGE_CURVE('',#2715,#2723,#2725,.T.);
#2723 = VERTEX_POINT('',#2724);
#2724 = CARTESIAN_POINT('',(33.,251.18871824566,38.156961974804));
#2725 = LINE('',#2726,#2727);
#2726 = CARTESIAN_POINT('',(33.,251.3,38.091412011995));
#2727 = VECTOR('',#2728,1.);
#2728 = DIRECTION('',(0.,-0.861629160442,0.507538362961));
#2729 = ORIENTED_EDGE('',*,*,#2730,.T.);
#2730 = EDGE_CURVE('',#2723,#2731,#2733,.T.);
#2731 = VERTEX_POINT('',#2732);
#2732 = CARTESIAN_POINT('',(33.,251.07859744467,38.224444088442));
#2733 = LINE('',#2734,#2735);
#2734 = CARTESIAN_POINT('',(33.,251.18871824566,38.156961974804));
#2735 = VECTOR('',#2736,1.);
#2736 = DIRECTION('',(0.,-0.852640164354,0.522498564716));
#2737 = ORIENTED_EDGE('',*,*,#2738,.T.);
#2738 = EDGE_CURVE('',#2731,#2739,#2741,.T.);
#2739 = VERTEX_POINT('',#2740);
#2740 = CARTESIAN_POINT('',(33.,250.96967114088,38.293837797204));
#2741 = LINE('',#2742,#2743);
#2742 = CARTESIAN_POINT('',(33.,251.07859744467,38.224444088442));
#2743 = VECTOR('',#2744,1.);
#2744 = DIRECTION('',(0.,-0.843391445813,0.537299608347));
#2745 = ORIENTED_EDGE('',*,*,#2746,.T.);
#2746 = EDGE_CURVE('',#2739,#2747,#2749,.T.);
#2747 = VERTEX_POINT('',#2748);
#2748 = CARTESIAN_POINT('',(33.,250.86197251431,38.365121963093));
#2749 = LINE('',#2750,#2751);
#2750 = CARTESIAN_POINT('',(33.,250.96967114088,38.293837797204));
#2751 = VECTOR('',#2752,1.);
#2752 = DIRECTION('',(0.,-0.833885822067,0.551936985312));
#2753 = ORIENTED_EDGE('',*,*,#2754,.T.);
#2754 = EDGE_CURVE('',#2747,#2755,#2757,.T.);
#2755 = VERTEX_POINT('',#2756);
#2756 = CARTESIAN_POINT('',(33.,250.755534371,38.438274872261));
#2757 = LINE('',#2758,#2759);
#2758 = CARTESIAN_POINT('',(33.,250.86197251431,38.365121963093));
#2759 = VECTOR('',#2760,1.);
#2760 = DIRECTION('',(0.,-0.824126188622,0.566406236925));
#2761 = ORIENTED_EDGE('',*,*,#2762,.T.);
#2762 = EDGE_CURVE('',#2755,#2763,#2765,.T.);
#2763 = VERTEX_POINT('',#2764);
#2764 = CARTESIAN_POINT('',(33.,250.65038913303,38.513274241625));
#2765 = LINE('',#2766,#2767);
#2766 = CARTESIAN_POINT('',(33.,250.755534371,38.438274872261));
#2767 = VECTOR('',#2768,1.);
#2768 = DIRECTION('',(0.,-0.814115518356,0.580702955711));
#2769 = ORIENTED_EDGE('',*,*,#2770,.T.);
#2770 = EDGE_CURVE('',#2763,#2771,#2773,.T.);
#2771 = VERTEX_POINT('',#2772);
#2772 = CARTESIAN_POINT('',(33.,250.54656882867,38.59009722565));
#2773 = LINE('',#2774,#2775);
#2774 = CARTESIAN_POINT('',(33.,250.65038913303,38.513274241625));
#2775 = VECTOR('',#2776,1.);
#2776 = DIRECTION('',(0.,-0.803856860617,0.594822786751));
#2777 = ORIENTED_EDGE('',*,*,#2778,.T.);
#2778 = EDGE_CURVE('',#2771,#2779,#2781,.T.);
#2779 = VERTEX_POINT('',#2780);
#2780 = CARTESIAN_POINT('',(33.,250.44410508259,38.66872042331));
#2781 = LINE('',#2782,#2783);
#2782 = CARTESIAN_POINT('',(33.,250.54656882867,38.59009722565));
#2783 = VECTOR('',#2784,1.);
#2784 = DIRECTION('',(0.,-0.793353340291,0.608761429009));
#2785 = ORIENTED_EDGE('',*,*,#2786,.T.);
#2786 = EDGE_CURVE('',#2779,#2787,#2789,.T.);
#2787 = VERTEX_POINT('',#2788);
#2788 = CARTESIAN_POINT('',(33.,250.34302910623,38.749119885218));
#2789 = LINE('',#2790,#2791);
#2790 = CARTESIAN_POINT('',(33.,250.44410508259,38.66872042331));
#2791 = VECTOR('',#2792,1.);
#2792 = DIRECTION('',(0.,-0.782608156852,0.622514636638));
#2793 = ORIENTED_EDGE('',*,*,#2794,.T.);
#2794 = EDGE_CURVE('',#2787,#2795,#2797,.T.);
#2795 = VERTEX_POINT('',#2796);
#2796 = CARTESIAN_POINT('',(33.,250.24337168832,38.83127112092));
#2797 = LINE('',#2798,#2799);
#2798 = CARTESIAN_POINT('',(33.,250.34302910623,38.749119885218));
#2799 = VECTOR('',#2800,1.);
#2800 = DIRECTION('',(0.,-0.771624583388,0.636078220278));
#2801 = ORIENTED_EDGE('',*,*,#2802,.T.);
#2802 = EDGE_CURVE('',#2795,#2803,#2805,.T.);
#2803 = VERTEX_POINT('',#2804);
#2804 = CARTESIAN_POINT('',(33.,250.14516318547,38.915149106351));
#2805 = LINE('',#2806,#2807);
#2806 = CARTESIAN_POINT('',(33.,250.24337168832,38.83127112092));
#2807 = VECTOR('',#2808,1.);
#2808 = DIRECTION('',(0.,-0.7604059656,0.64944804833));
#2809 = ORIENTED_EDGE('',*,*,#2810,.T.);
#2810 = EDGE_CURVE('',#2803,#2811,#2813,.T.);
#2811 = VERTEX_POINT('',#2812);
#2812 = CARTESIAN_POINT('',(33.,250.04843351294,39.000728291467));
#2813 = LINE('',#2814,#2815);
#2814 = CARTESIAN_POINT('',(33.,250.14516318547,38.915149106351));
#2815 = VECTOR('',#2816,1.);
#2816 = DIRECTION('',(0.,-0.748955720789,0.662620048216));
#2817 = ORIENTED_EDGE('',*,*,#2818,.T.);
#2818 = EDGE_CURVE('',#2811,#2819,#2821,.T.);
#2819 = VERTEX_POINT('',#2820);
#2820 = CARTESIAN_POINT('',(33.,249.95321213553,39.087982608018));
#2821 = LINE('',#2822,#2823);
#2822 = CARTESIAN_POINT('',(33.,250.04843351294,39.000728291467));
#2823 = VECTOR('',#2824,1.);
#2824 = DIRECTION('',(0.,-0.73727733681,0.675590207616));
#2825 = ORIENTED_EDGE('',*,*,#2826,.T.);
#2826 = EDGE_CURVE('',#2819,#2827,#2829,.T.);
#2827 = VERTEX_POINT('',#2828);
#2828 = CARTESIAN_POINT('',(33.,249.8595280586,39.176885477494));
#2829 = LINE('',#2830,#2831);
#2830 = CARTESIAN_POINT('',(33.,249.95321213553,39.087982608018));
#2831 = VECTOR('',#2832,1.);
#2832 = DIRECTION('',(0.,-0.725374371012,0.688354575694));
#2833 = ORIENTED_EDGE('',*,*,#2834,.T.);
#2834 = EDGE_CURVE('',#2827,#2584,#2835,.T.);
#2835 = LINE('',#2836,#2837);
#2836 = CARTESIAN_POINT('',(33.,249.8595280586,39.176885477494));
#2837 = VECTOR('',#2838,1.);
#2838 = DIRECTION('',(0.,-0.713250449154,0.7009092643));
#2839 = PLANE('',#2840);
#2840 = AXIS2_PLACEMENT_3D('',#2841,#2842,#2843);
#2841 = CARTESIAN_POINT('',(33.,249.88388074643,36.469301396868));
#2842 = DIRECTION('',(1.,0.,0.));
#2843 = DIRECTION('',(0.,0.,1.));
#2844 = ADVANCED_FACE('',(#2845,#2906),#2917,.T.);
#2845 = FACE_BOUND('',#2846,.T.);
#2846 = EDGE_LOOP('',(#2847,#2857,#2865,#2871,#2872,#2873,#2874,#2882,
    #2890,#2899));
#2847 = ORIENTED_EDGE('',*,*,#2848,.F.);
#2848 = EDGE_CURVE('',#2849,#2851,#2853,.T.);
#2849 = VERTEX_POINT('',#2850);
#2850 = CARTESIAN_POINT('',(28.,244.,44.5));
#2851 = VERTEX_POINT('',#2852);
#2852 = CARTESIAN_POINT('',(28.,248.,44.5));
#2853 = LINE('',#2854,#2855);
#2854 = CARTESIAN_POINT('',(28.,244.,44.5));
#2855 = VECTOR('',#2856,1.);
#2856 = DIRECTION('',(0.,1.,0.));
#2857 = ORIENTED_EDGE('',*,*,#2858,.F.);
#2858 = EDGE_CURVE('',#2859,#2849,#2861,.T.);
#2859 = VERTEX_POINT('',#2860);
#2860 = CARTESIAN_POINT('',(28.,244.,31.));
#2861 = LINE('',#2862,#2863);
#2862 = CARTESIAN_POINT('',(28.,244.,31.));
#2863 = VECTOR('',#2864,1.);
#2864 = DIRECTION('',(0.,0.,1.));
#2865 = ORIENTED_EDGE('',*,*,#2866,.T.);
#2866 = EDGE_CURVE('',#2859,#1623,#2867,.T.);
#2867 = LINE('',#2868,#2869);
#2868 = CARTESIAN_POINT('',(28.,244.,31.));
#2869 = VECTOR('',#2870,1.);
#2870 = DIRECTION('',(0.,1.,0.));
#2871 = ORIENTED_EDGE('',*,*,#1630,.F.);
#2872 = ORIENTED_EDGE('',*,*,#2248,.T.);
#2873 = ORIENTED_EDGE('',*,*,#1166,.T.);
#2874 = ORIENTED_EDGE('',*,*,#2875,.T.);
#2875 = EDGE_CURVE('',#1159,#2876,#2878,.T.);
#2876 = VERTEX_POINT('',#2877);
#2877 = CARTESIAN_POINT('',(28.,255.,31.));
#2878 = LINE('',#2879,#2880);
#2879 = CARTESIAN_POINT('',(28.,244.,31.));
#2880 = VECTOR('',#2881,1.);
#2881 = DIRECTION('',(0.,1.,0.));
#2882 = ORIENTED_EDGE('',*,*,#2883,.T.);
#2883 = EDGE_CURVE('',#2876,#2884,#2886,.T.);
#2884 = VERTEX_POINT('',#2885);
#2885 = CARTESIAN_POINT('',(28.,255.,37.5));
#2886 = LINE('',#2887,#2888);
#2887 = CARTESIAN_POINT('',(28.,255.,31.));
#2888 = VECTOR('',#2889,1.);
#2889 = DIRECTION('',(0.,0.,1.));
#2890 = ORIENTED_EDGE('',*,*,#2891,.T.);
#2891 = EDGE_CURVE('',#2884,#2892,#2894,.T.);
#2892 = VERTEX_POINT('',#2893);
#2893 = CARTESIAN_POINT('',(28.,255.,51.5));
#2894 = CIRCLE('',#2895,7.);
#2895 = AXIS2_PLACEMENT_3D('',#2896,#2897,#2898);
#2896 = CARTESIAN_POINT('',(28.,255.,44.5));
#2897 = DIRECTION('',(1.,0.,-0.));
#2898 = DIRECTION('',(0.,0.,1.));
#2899 = ORIENTED_EDGE('',*,*,#2900,.T.);
#2900 = EDGE_CURVE('',#2892,#2851,#2901,.T.);
#2901 = CIRCLE('',#2902,7.);
#2902 = AXIS2_PLACEMENT_3D('',#2903,#2904,#2905);
#2903 = CARTESIAN_POINT('',(28.,255.,44.5));
#2904 = DIRECTION('',(1.,0.,-0.));
#2905 = DIRECTION('',(0.,0.,1.));
#2906 = FACE_BOUND('',#2907,.T.);
#2907 = EDGE_LOOP('',(#2908));
#2908 = ORIENTED_EDGE('',*,*,#2909,.F.);
#2909 = EDGE_CURVE('',#2910,#2910,#2912,.T.);
#2910 = VERTEX_POINT('',#2911);
#2911 = CARTESIAN_POINT('',(28.,255.,46.7));
#2912 = CIRCLE('',#2913,2.2);
#2913 = AXIS2_PLACEMENT_3D('',#2914,#2915,#2916);
#2914 = CARTESIAN_POINT('',(28.,255.,44.5));
#2915 = DIRECTION('',(1.,0.,-0.));
#2916 = DIRECTION('',(0.,0.,1.));
#2917 = PLANE('',#2918);
#2918 = AXIS2_PLACEMENT_3D('',#2919,#2920,#2921);
#2919 = CARTESIAN_POINT('',(28.,251.89758284315,40.628038191471));
#2920 = DIRECTION('',(1.,0.,0.));
#2921 = DIRECTION('',(0.,0.,1.));
#2922 = ADVANCED_FACE('',(#2923),#2934,.F.);
#2923 = FACE_BOUND('',#2924,.F.);
#2924 = EDGE_LOOP('',(#2925,#2926,#2927,#2928));
#2925 = ORIENTED_EDGE('',*,*,#1557,.F.);
#2926 = ORIENTED_EDGE('',*,*,#1158,.T.);
#2927 = ORIENTED_EDGE('',*,*,#2875,.T.);
#2928 = ORIENTED_EDGE('',*,*,#2929,.F.);
#2929 = EDGE_CURVE('',#1550,#2876,#2930,.T.);
#2930 = LINE('',#2931,#2932);
#2931 = CARTESIAN_POINT('',(20.,255.,31.));
#2932 = VECTOR('',#2933,1.);
#2933 = DIRECTION('',(1.,0.,0.));
#2934 = PLANE('',#2935);
#2935 = AXIS2_PLACEMENT_3D('',#2936,#2937,#2938);
#2936 = CARTESIAN_POINT('',(20.,244.,31.));
#2937 = DIRECTION('',(0.,0.,1.));
#2938 = DIRECTION('',(1.,0.,0.));
#2939 = ADVANCED_FACE('',(#2940),#2958,.F.);
#2940 = FACE_BOUND('',#2941,.F.);
#2941 = EDGE_LOOP('',(#2942,#2950,#2951,#2952));
#2942 = ORIENTED_EDGE('',*,*,#2943,.F.);
#2943 = EDGE_CURVE('',#1096,#2944,#2946,.T.);
#2944 = VERTEX_POINT('',#2945);
#2945 = CARTESIAN_POINT('',(234.,255.,31.));
#2946 = LINE('',#2947,#2948);
#2947 = CARTESIAN_POINT('',(234.,244.,31.));
#2948 = VECTOR('',#2949,1.);
#2949 = DIRECTION('',(0.,1.,0.));
#2950 = ORIENTED_EDGE('',*,*,#1103,.T.);
#2951 = ORIENTED_EDGE('',*,*,#1945,.T.);
#2952 = ORIENTED_EDGE('',*,*,#2953,.F.);
#2953 = EDGE_CURVE('',#2944,#1946,#2954,.T.);
#2954 = LINE('',#2955,#2956);
#2955 = CARTESIAN_POINT('',(234.,255.,31.));
#2956 = VECTOR('',#2957,1.);
#2957 = DIRECTION('',(1.,0.,0.));
#2958 = PLANE('',#2959);
#2959 = AXIS2_PLACEMENT_3D('',#2960,#2961,#2962);
#2960 = CARTESIAN_POINT('',(234.,244.,31.));
#2961 = DIRECTION('',(0.,0.,1.));
#2962 = DIRECTION('',(1.,0.,0.));
#2963 = ADVANCED_FACE('',(#2964,#3023),#3034,.T.);
#2964 = FACE_BOUND('',#2965,.T.);
#2965 = EDGE_LOOP('',(#2966,#2976,#2984,#2993,#3002,#3008,#3009,#3010,
    #3016,#3017));
#2966 = ORIENTED_EDGE('',*,*,#2967,.T.);
#2967 = EDGE_CURVE('',#2968,#2970,#2972,.T.);
#2968 = VERTEX_POINT('',#2969);
#2969 = CARTESIAN_POINT('',(234.,244.,31.));
#2970 = VERTEX_POINT('',#2971);
#2971 = CARTESIAN_POINT('',(234.,244.,44.5));
#2972 = LINE('',#2973,#2974);
#2973 = CARTESIAN_POINT('',(234.,244.,31.));
#2974 = VECTOR('',#2975,1.);
#2975 = DIRECTION('',(0.,0.,1.));
#2976 = ORIENTED_EDGE('',*,*,#2977,.T.);
#2977 = EDGE_CURVE('',#2970,#2978,#2980,.T.);
#2978 = VERTEX_POINT('',#2979);
#2979 = CARTESIAN_POINT('',(234.,248.,44.5));
#2980 = LINE('',#2981,#2982);
#2981 = CARTESIAN_POINT('',(234.,244.,44.5));
#2982 = VECTOR('',#2983,1.);
#2983 = DIRECTION('',(0.,1.,0.));
#2984 = ORIENTED_EDGE('',*,*,#2985,.F.);
#2985 = EDGE_CURVE('',#2986,#2978,#2988,.T.);
#2986 = VERTEX_POINT('',#2987);
#2987 = CARTESIAN_POINT('',(234.,255.,51.5));
#2988 = CIRCLE('',#2989,7.);
#2989 = AXIS2_PLACEMENT_3D('',#2990,#2991,#2992);
#2990 = CARTESIAN_POINT('',(234.,255.,44.5));
#2991 = DIRECTION('',(1.,0.,-0.));
#2992 = DIRECTION('',(0.,0.,1.));
#2993 = ORIENTED_EDGE('',*,*,#2994,.F.);
#2994 = EDGE_CURVE('',#2995,#2986,#2997,.T.);
#2995 = VERTEX_POINT('',#2996);
#2996 = CARTESIAN_POINT('',(234.,255.,37.5));
#2997 = CIRCLE('',#2998,7.);
#2998 = AXIS2_PLACEMENT_3D('',#2999,#3000,#3001);
#2999 = CARTESIAN_POINT('',(234.,255.,44.5));
#3000 = DIRECTION('',(1.,0.,-0.));
#3001 = DIRECTION('',(0.,0.,1.));
#3002 = ORIENTED_EDGE('',*,*,#3003,.F.);
#3003 = EDGE_CURVE('',#2944,#2995,#3004,.T.);
#3004 = LINE('',#3005,#3006);
#3005 = CARTESIAN_POINT('',(234.,255.,31.));
#3006 = VECTOR('',#3007,1.);
#3007 = DIRECTION('',(0.,0.,1.));
#3008 = ORIENTED_EDGE('',*,*,#2943,.F.);
#3009 = ORIENTED_EDGE('',*,*,#1095,.T.);
#3010 = ORIENTED_EDGE('',*,*,#3011,.T.);
#3011 = EDGE_CURVE('',#1088,#1735,#3012,.T.);
#3012 = LINE('',#3013,#3014);
#3013 = CARTESIAN_POINT('',(234.,125.94879142157,39.));
#3014 = VECTOR('',#3015,1.);
#3015 = DIRECTION('',(0.,-1.,0.));
#3016 = ORIENTED_EDGE('',*,*,#1742,.F.);
#3017 = ORIENTED_EDGE('',*,*,#3018,.F.);
#3018 = EDGE_CURVE('',#2968,#1743,#3019,.T.);
#3019 = LINE('',#3020,#3021);
#3020 = CARTESIAN_POINT('',(234.,244.,31.));
#3021 = VECTOR('',#3022,1.);
#3022 = DIRECTION('',(0.,1.,0.));
#3023 = FACE_BOUND('',#3024,.T.);
#3024 = EDGE_LOOP('',(#3025));
#3025 = ORIENTED_EDGE('',*,*,#3026,.T.);
#3026 = EDGE_CURVE('',#3027,#3027,#3029,.T.);
#3027 = VERTEX_POINT('',#3028);
#3028 = CARTESIAN_POINT('',(234.,255.,46.7));
#3029 = CIRCLE('',#3030,2.2);
#3030 = AXIS2_PLACEMENT_3D('',#3031,#3032,#3033);
#3031 = CARTESIAN_POINT('',(234.,255.,44.5));
#3032 = DIRECTION('',(1.,0.,-0.));
#3033 = DIRECTION('',(0.,0.,1.));
#3034 = PLANE('',#3035);
#3035 = AXIS2_PLACEMENT_3D('',#3036,#3037,#3038);
#3036 = CARTESIAN_POINT('',(234.,251.89758284315,40.628038191471));
#3037 = DIRECTION('',(-1.,-0.,-0.));
#3038 = DIRECTION('',(0.,0.,-1.));
#3039 = ADVANCED_FACE('',(#3040),#3074,.T.);
#3040 = FACE_BOUND('',#3041,.T.);
#3041 = EDGE_LOOP('',(#3042,#3043,#3044,#3052,#3060,#3066,#3067,#3073));
#3042 = ORIENTED_EDGE('',*,*,#3011,.F.);
#3043 = ORIENTED_EDGE('',*,*,#1087,.F.);
#3044 = ORIENTED_EDGE('',*,*,#3045,.F.);
#3045 = EDGE_CURVE('',#3046,#1080,#3048,.T.);
#3046 = VERTEX_POINT('',#3047);
#3047 = CARTESIAN_POINT('',(229.,249.5,39.));
#3048 = LINE('',#3049,#3050);
#3049 = CARTESIAN_POINT('',(229.,124.94194037321,39.));
#3050 = VECTOR('',#3051,1.);
#3051 = DIRECTION('',(0.,1.,0.));
#3052 = ORIENTED_EDGE('',*,*,#3053,.T.);
#3053 = EDGE_CURVE('',#3046,#3054,#3056,.T.);
#3054 = VERTEX_POINT('',#3055);
#3055 = CARTESIAN_POINT('',(219.,249.5,39.));
#3056 = LINE('',#3057,#3058);
#3057 = CARTESIAN_POINT('',(109.5,249.5,39.));
#3058 = VECTOR('',#3059,1.);
#3059 = DIRECTION('',(-1.,0.,0.));
#3060 = ORIENTED_EDGE('',*,*,#3061,.T.);
#3061 = EDGE_CURVE('',#3054,#1056,#3062,.T.);
#3062 = LINE('',#3063,#3064);
#3063 = CARTESIAN_POINT('',(219.,124.94194037321,39.));
#3064 = VECTOR('',#3065,1.);
#3065 = DIRECTION('',(0.,1.,0.));
#3066 = ORIENTED_EDGE('',*,*,#1055,.F.);
#3067 = ORIENTED_EDGE('',*,*,#3068,.F.);
#3068 = EDGE_CURVE('',#1727,#1048,#3069,.T.);
#3069 = LINE('',#3070,#3071);
#3070 = CARTESIAN_POINT('',(214.,125.94879142157,39.));
#3071 = VECTOR('',#3072,1.);
#3072 = DIRECTION('',(0.,1.,0.));
#3073 = ORIENTED_EDGE('',*,*,#1734,.F.);
#3074 = PLANE('',#3075);
#3075 = AXIS2_PLACEMENT_3D('',#3076,#3077,#3078);
#3076 = CARTESIAN_POINT('',(0.,0.,39.));
#3077 = DIRECTION('',(0.,0.,1.));
#3078 = DIRECTION('',(1.,0.,0.));
#3079 = ADVANCED_FACE('',(#3080),#3346,.T.);
#3080 = FACE_BOUND('',#3081,.T.);
#3081 = EDGE_LOOP('',(#3082,#3090,#3091,#3092,#3100,#3108,#3116,#3124,
    #3132,#3140,#3148,#3156,#3164,#3172,#3180,#3188,#3196,#3204,#3212,
    #3220,#3228,#3236,#3244,#3252,#3260,#3268,#3276,#3284,#3292,#3300,
    #3308,#3316,#3324,#3332,#3340));
#3082 = ORIENTED_EDGE('',*,*,#3083,.T.);
#3083 = EDGE_CURVE('',#3084,#3046,#3086,.T.);
#3084 = VERTEX_POINT('',#3085);
#3085 = CARTESIAN_POINT('',(229.,249.76740981922,39.26740981922));
#3086 = LINE('',#3087,#3088);
#3087 = CARTESIAN_POINT('',(229.,249.76740981922,39.26740981922));
#3088 = VECTOR('',#3089,1.);
#3089 = DIRECTION('',(0.,-0.707106781187,-0.707106781187));
#3090 = ORIENTED_EDGE('',*,*,#3045,.T.);
#3091 = ORIENTED_EDGE('',*,*,#1079,.T.);
#3092 = ORIENTED_EDGE('',*,*,#3093,.T.);
#3093 = EDGE_CURVE('',#1072,#3094,#3096,.T.);
#3094 = VERTEX_POINT('',#3095);
#3095 = CARTESIAN_POINT('',(229.,250.13988998998,34.077460449079));
#3096 = LINE('',#3097,#3098);
#3097 = CARTESIAN_POINT('',(229.,249.95873181192,34.16386846756));
#3098 = VECTOR('',#3099,1.);
#3099 = DIRECTION('',(0.,0.90258528435,-0.430511096808));
#3100 = ORIENTED_EDGE('',*,*,#3101,.T.);
#3101 = EDGE_CURVE('',#3094,#3102,#3104,.T.);
#3102 = VERTEX_POINT('',#3103);
#3103 = CARTESIAN_POINT('',(229.,250.32252860462,33.99422723711));
#3104 = LINE('',#3105,#3106);
#3105 = CARTESIAN_POINT('',(229.,250.13988998998,34.077460449079));
#3106 = VECTOR('',#3107,1.);
#3107 = DIRECTION('',(0.,0.909961270877,-0.414693242656));
#3108 = ORIENTED_EDGE('',*,*,#3109,.T.);
#3109 = EDGE_CURVE('',#3102,#3110,#3112,.T.);
#3110 = VERTEX_POINT('',#3111);
#3111 = CARTESIAN_POINT('',(229.,250.50659202237,33.914194185297));
#3112 = LINE('',#3113,#3114);
#3113 = CARTESIAN_POINT('',(229.,250.32252860462,33.99422723711));
#3114 = VECTOR('',#3115,1.);
#3115 = DIRECTION('',(0.,0.917060074385,-0.398749068925));
#3116 = ORIENTED_EDGE('',*,*,#3117,.T.);
#3117 = EDGE_CURVE('',#3110,#3118,#3120,.T.);
#3118 = VERTEX_POINT('',#3119);
#3119 = CARTESIAN_POINT('',(229.,250.69202417571,33.837385672482));
#3120 = LINE('',#3121,#3122);
#3121 = CARTESIAN_POINT('',(229.,250.50659202237,33.914194185297));
#3122 = VECTOR('',#3123,1.);
#3123 = DIRECTION('',(0.,0.923879532511,-0.382683432365));
#3124 = ORIENTED_EDGE('',*,*,#3125,.T.);
#3125 = EDGE_CURVE('',#3118,#3126,#3128,.T.);
#3126 = VERTEX_POINT('',#3127);
#3127 = CARTESIAN_POINT('',(229.,250.87876858022,33.763825095282));
#3128 = LINE('',#3129,#3130);
#3129 = CARTESIAN_POINT('',(229.,250.69202417571,33.837385672482));
#3130 = VECTOR('',#3131,1.);
#3131 = DIRECTION('',(0.,0.930417567982,-0.366501226724));
#3132 = ORIENTED_EDGE('',*,*,#3133,.T.);
#3133 = EDGE_CURVE('',#3126,#3134,#3136,.T.);
#3134 = VERTEX_POINT('',#3135);
#3135 = CARTESIAN_POINT('',(229.,251.06676835175,33.693534860962));
#3136 = LINE('',#3137,#3138);
#3137 = CARTESIAN_POINT('',(229.,250.87876858022,33.763825095282));
#3138 = VECTOR('',#3139,1.);
#3139 = DIRECTION('',(0.,0.936672189248,-0.350207381259));
#3140 = ORIENTED_EDGE('',*,*,#3141,.T.);
#3141 = EDGE_CURVE('',#3134,#3142,#3144,.T.);
#3142 = VERTEX_POINT('',#3143);
#3143 = CARTESIAN_POINT('',(229.,252.46905093939,37.546274606184));
#3144 = LINE('',#3145,#3146);
#3145 = CARTESIAN_POINT('',(229.,251.06676835175,33.693534860962));
#3146 = VECTOR('',#3147,1.);
#3147 = DIRECTION('',(0.,0.342020143326,0.939692620786));
#3148 = ORIENTED_EDGE('',*,*,#3149,.T.);
#3149 = EDGE_CURVE('',#3142,#3150,#3152,.T.);
#3150 = VERTEX_POINT('',#3151);
#3151 = CARTESIAN_POINT('',(229.,252.34807717336,37.591504843921));
#3152 = LINE('',#3153,#3154);
#3153 = CARTESIAN_POINT('',(229.,252.46905093939,37.546274606184));
#3154 = VECTOR('',#3155,1.);
#3155 = DIRECTION('',(0.,-0.936672189248,0.350207381259));
#3156 = ORIENTED_EDGE('',*,*,#3157,.T.);
#3157 = EDGE_CURVE('',#3150,#3158,#3160,.T.);
#3158 = VERTEX_POINT('',#3159);
#3159 = CARTESIAN_POINT('',(229.,252.22791120872,37.638839476206));
#3160 = LINE('',#3161,#3162);
#3161 = CARTESIAN_POINT('',(229.,252.34807717336,37.591504843921));
#3162 = VECTOR('',#3163,1.);
#3163 = DIRECTION('',(0.,-0.930417567982,0.366501226724));
#3164 = ORIENTED_EDGE('',*,*,#3165,.T.);
#3165 = EDGE_CURVE('',#3158,#3166,#3168,.T.);
#3166 = VERTEX_POINT('',#3167);
#3167 = CARTESIAN_POINT('',(229.,252.10858964917,37.688264084452));
#3168 = LINE('',#3169,#3170);
#3169 = CARTESIAN_POINT('',(229.,252.22791120872,37.638839476206));
#3170 = VECTOR('',#3171,1.);
#3171 = DIRECTION('',(0.,-0.923879532511,0.382683432365));
#3172 = ORIENTED_EDGE('',*,*,#3173,.T.);
#3173 = EDGE_CURVE('',#3166,#3174,#3176,.T.);
#3174 = VERTEX_POINT('',#3175);
#3175 = CARTESIAN_POINT('',(229.,251.99014884123,37.739763613445));
#3176 = LINE('',#3177,#3178);
#3177 = CARTESIAN_POINT('',(229.,252.10858964917,37.688264084452));
#3178 = VECTOR('',#3179,1.);
#3179 = DIRECTION('',(0.,-0.917060074385,0.398749068925));
#3180 = ORIENTED_EDGE('',*,*,#3181,.T.);
#3181 = EDGE_CURVE('',#3174,#3182,#3184,.T.);
#3182 = VERTEX_POINT('',#3183);
#3183 = CARTESIAN_POINT('',(229.,251.87262486311,37.793322375929));
#3184 = LINE('',#3185,#3186);
#3185 = CARTESIAN_POINT('',(229.,251.99014884123,37.739763613445));
#3186 = VECTOR('',#3187,1.);
#3187 = DIRECTION('',(0.,-0.909961270877,0.414693242656));
#3188 = ORIENTED_EDGE('',*,*,#3189,.T.);
#3189 = EDGE_CURVE('',#3182,#3190,#3192,.T.);
#3190 = VERTEX_POINT('',#3191);
#3191 = CARTESIAN_POINT('',(229.,251.75605351376,37.848924057386));
#3192 = LINE('',#3193,#3194);
#3193 = CARTESIAN_POINT('',(229.,251.87262486311,37.793322375929));
#3194 = VECTOR('',#3195,1.);
#3195 = DIRECTION('',(0.,-0.90258528435,0.430511096808));
#3196 = ORIENTED_EDGE('',*,*,#3197,.T.);
#3197 = EDGE_CURVE('',#3190,#3198,#3200,.T.);
#3198 = VERTEX_POINT('',#3199);
#3199 = CARTESIAN_POINT('',(229.,251.64047030192,37.906551721006));
#3200 = LINE('',#3201,#3202);
#3201 = CARTESIAN_POINT('',(229.,251.75605351376,37.848924057386));
#3202 = VECTOR('',#3203,1.);
#3203 = DIRECTION('',(0.,-0.894934361602,0.44619781311));
#3204 = ORIENTED_EDGE('',*,*,#3205,.T.);
#3205 = EDGE_CURVE('',#3198,#3206,#3208,.T.);
#3206 = VERTEX_POINT('',#3207);
#3207 = CARTESIAN_POINT('',(229.,251.52591043538,37.966187812844));
#3208 = LINE('',#3209,#3210);
#3209 = CARTESIAN_POINT('',(229.,251.64047030192,37.906551721006));
#3210 = VECTOR('',#3211,1.);
#3211 = DIRECTION('',(0.,-0.887010833178,0.461748613235));
#3212 = ORIENTED_EDGE('',*,*,#3213,.T.);
#3213 = EDGE_CURVE('',#3206,#3214,#3216,.T.);
#3214 = VERTEX_POINT('',#3215);
#3215 = CARTESIAN_POINT('',(229.,251.41240881017,38.027814167168));
#3216 = LINE('',#3217,#3218);
#3217 = CARTESIAN_POINT('',(229.,251.52591043538,37.966187812844));
#3218 = VECTOR('',#3219,1.);
#3219 = DIRECTION('',(0.,-0.878817112662,0.47715876026));
#3220 = ORIENTED_EDGE('',*,*,#3221,.T.);
#3221 = EDGE_CURVE('',#3214,#3222,#3224,.T.);
#3222 = VERTEX_POINT('',#3223);
#3223 = CARTESIAN_POINT('',(229.,251.3,38.091412011995));
#3224 = LINE('',#3225,#3226);
#3225 = CARTESIAN_POINT('',(229.,251.41240881017,38.027814167168));
#3226 = VECTOR('',#3227,1.);
#3227 = DIRECTION('',(0.,-0.87035569594,0.492423560103));
#3228 = ORIENTED_EDGE('',*,*,#3229,.T.);
#3229 = EDGE_CURVE('',#3222,#3230,#3232,.T.);
#3230 = VERTEX_POINT('',#3231);
#3231 = CARTESIAN_POINT('',(229.,251.18871824566,38.156961974804));
#3232 = LINE('',#3233,#3234);
#3233 = CARTESIAN_POINT('',(229.,251.3,38.091412011995));
#3234 = VECTOR('',#3235,1.);
#3235 = DIRECTION('',(0.,-0.861629160442,0.507538362961));
#3236 = ORIENTED_EDGE('',*,*,#3237,.T.);
#3237 = EDGE_CURVE('',#3230,#3238,#3240,.T.);
#3238 = VERTEX_POINT('',#3239);
#3239 = CARTESIAN_POINT('',(229.,251.07859744467,38.224444088442));
#3240 = LINE('',#3241,#3242);
#3241 = CARTESIAN_POINT('',(229.,251.18871824566,38.156961974804));
#3242 = VECTOR('',#3243,1.);
#3243 = DIRECTION('',(0.,-0.852640164354,0.522498564716));
#3244 = ORIENTED_EDGE('',*,*,#3245,.T.);
#3245 = EDGE_CURVE('',#3238,#3246,#3248,.T.);
#3246 = VERTEX_POINT('',#3247);
#3247 = CARTESIAN_POINT('',(229.,250.96967114088,38.293837797204));
#3248 = LINE('',#3249,#3250);
#3249 = CARTESIAN_POINT('',(229.,251.07859744467,38.224444088442));
#3250 = VECTOR('',#3251,1.);
#3251 = DIRECTION('',(0.,-0.843391445813,0.537299608347));
#3252 = ORIENTED_EDGE('',*,*,#3253,.T.);
#3253 = EDGE_CURVE('',#3246,#3254,#3256,.T.);
#3254 = VERTEX_POINT('',#3255);
#3255 = CARTESIAN_POINT('',(229.,250.86197251431,38.365121963093));
#3256 = LINE('',#3257,#3258);
#3257 = CARTESIAN_POINT('',(229.,250.96967114088,38.293837797204));
#3258 = VECTOR('',#3259,1.);
#3259 = DIRECTION('',(0.,-0.833885822067,0.551936985312));
#3260 = ORIENTED_EDGE('',*,*,#3261,.T.);
#3261 = EDGE_CURVE('',#3254,#3262,#3264,.T.);
#3262 = VERTEX_POINT('',#3263);
#3263 = CARTESIAN_POINT('',(229.,250.755534371,38.438274872261));
#3264 = LINE('',#3265,#3266);
#3265 = CARTESIAN_POINT('',(229.,250.86197251431,38.365121963093));
#3266 = VECTOR('',#3267,1.);
#3267 = DIRECTION('',(0.,-0.824126188622,0.566406236925));
#3268 = ORIENTED_EDGE('',*,*,#3269,.T.);
#3269 = EDGE_CURVE('',#3262,#3270,#3272,.T.);
#3270 = VERTEX_POINT('',#3271);
#3271 = CARTESIAN_POINT('',(229.,250.65038913303,38.513274241625));
#3272 = LINE('',#3273,#3274);
#3273 = CARTESIAN_POINT('',(229.,250.755534371,38.438274872261));
#3274 = VECTOR('',#3275,1.);
#3275 = DIRECTION('',(0.,-0.814115518356,0.580702955711));
#3276 = ORIENTED_EDGE('',*,*,#3277,.T.);
#3277 = EDGE_CURVE('',#3270,#3278,#3280,.T.);
#3278 = VERTEX_POINT('',#3279);
#3279 = CARTESIAN_POINT('',(229.,250.54656882867,38.59009722565));
#3280 = LINE('',#3281,#3282);
#3281 = CARTESIAN_POINT('',(229.,250.65038913303,38.513274241625));
#3282 = VECTOR('',#3283,1.);
#3283 = DIRECTION('',(0.,-0.803856860617,0.594822786751));
#3284 = ORIENTED_EDGE('',*,*,#3285,.T.);
#3285 = EDGE_CURVE('',#3278,#3286,#3288,.T.);
#3286 = VERTEX_POINT('',#3287);
#3287 = CARTESIAN_POINT('',(229.,250.44410508259,38.66872042331));
#3288 = LINE('',#3289,#3290);
#3289 = CARTESIAN_POINT('',(229.,250.54656882867,38.59009722565));
#3290 = VECTOR('',#3291,1.);
#3291 = DIRECTION('',(0.,-0.793353340291,0.608761429009));
#3292 = ORIENTED_EDGE('',*,*,#3293,.T.);
#3293 = EDGE_CURVE('',#3286,#3294,#3296,.T.);
#3294 = VERTEX_POINT('',#3295);
#3295 = CARTESIAN_POINT('',(229.,250.34302910623,38.749119885218));
#3296 = LINE('',#3297,#3298);
#3297 = CARTESIAN_POINT('',(229.,250.44410508259,38.66872042331));
#3298 = VECTOR('',#3299,1.);
#3299 = DIRECTION('',(0.,-0.782608156852,0.622514636638));
#3300 = ORIENTED_EDGE('',*,*,#3301,.T.);
#3301 = EDGE_CURVE('',#3294,#3302,#3304,.T.);
#3302 = VERTEX_POINT('',#3303);
#3303 = CARTESIAN_POINT('',(229.,250.24337168832,38.83127112092));
#3304 = LINE('',#3305,#3306);
#3305 = CARTESIAN_POINT('',(229.,250.34302910623,38.749119885218));
#3306 = VECTOR('',#3307,1.);
#3307 = DIRECTION('',(0.,-0.771624583388,0.636078220278));
#3308 = ORIENTED_EDGE('',*,*,#3309,.T.);
#3309 = EDGE_CURVE('',#3302,#3310,#3312,.T.);
#3310 = VERTEX_POINT('',#3311);
#3311 = CARTESIAN_POINT('',(229.,250.14516318547,38.915149106351));
#3312 = LINE('',#3313,#3314);
#3313 = CARTESIAN_POINT('',(229.,250.24337168832,38.83127112092));
#3314 = VECTOR('',#3315,1.);
#3315 = DIRECTION('',(0.,-0.7604059656,0.64944804833));
#3316 = ORIENTED_EDGE('',*,*,#3317,.T.);
#3317 = EDGE_CURVE('',#3310,#3318,#3320,.T.);
#3318 = VERTEX_POINT('',#3319);
#3319 = CARTESIAN_POINT('',(229.,250.04843351294,39.000728291467));
#3320 = LINE('',#3321,#3322);
#3321 = CARTESIAN_POINT('',(229.,250.14516318547,38.915149106351));
#3322 = VECTOR('',#3323,1.);
#3323 = DIRECTION('',(0.,-0.748955720789,0.662620048216));
#3324 = ORIENTED_EDGE('',*,*,#3325,.T.);
#3325 = EDGE_CURVE('',#3318,#3326,#3328,.T.);
#3326 = VERTEX_POINT('',#3327);
#3327 = CARTESIAN_POINT('',(229.,249.95321213553,39.087982608018));
#3328 = LINE('',#3329,#3330);
#3329 = CARTESIAN_POINT('',(229.,250.04843351294,39.000728291467));
#3330 = VECTOR('',#3331,1.);
#3331 = DIRECTION('',(0.,-0.73727733681,0.675590207616));
#3332 = ORIENTED_EDGE('',*,*,#3333,.T.);
#3333 = EDGE_CURVE('',#3326,#3334,#3336,.T.);
#3334 = VERTEX_POINT('',#3335);
#3335 = CARTESIAN_POINT('',(229.,249.8595280586,39.176885477494));
#3336 = LINE('',#3337,#3338);
#3337 = CARTESIAN_POINT('',(229.,249.95321213553,39.087982608018));
#3338 = VECTOR('',#3339,1.);
#3339 = DIRECTION('',(0.,-0.725374371012,0.688354575694));
#3340 = ORIENTED_EDGE('',*,*,#3341,.T.);
#3341 = EDGE_CURVE('',#3334,#3084,#3342,.T.);
#3342 = LINE('',#3343,#3344);
#3343 = CARTESIAN_POINT('',(229.,249.8595280586,39.176885477494));
#3344 = VECTOR('',#3345,1.);
#3345 = DIRECTION('',(0.,-0.713250449154,0.7009092643));
#3346 = PLANE('',#3347);
#3347 = AXIS2_PLACEMENT_3D('',#3348,#3349,#3350);
#3348 = CARTESIAN_POINT('',(229.,249.88388074643,36.469301396868));
#3349 = DIRECTION('',(1.,0.,0.));
#3350 = DIRECTION('',(0.,0.,1.));
#3351 = ADVANCED_FACE('',(#3352),#3370,.F.);
#3352 = FACE_BOUND('',#3353,.F.);
#3353 = EDGE_LOOP('',(#3354,#3362,#3363,#3364));
#3354 = ORIENTED_EDGE('',*,*,#3355,.F.);
#3355 = EDGE_CURVE('',#1064,#3356,#3358,.T.);
#3356 = VERTEX_POINT('',#3357);
#3357 = CARTESIAN_POINT('',(219.,250.13988998998,34.077460449079));
#3358 = LINE('',#3359,#3360);
#3359 = CARTESIAN_POINT('',(219.,249.95873181192,34.16386846756));
#3360 = VECTOR('',#3361,1.);
#3361 = DIRECTION('',(0.,0.90258528435,-0.430511096808));
#3362 = ORIENTED_EDGE('',*,*,#1071,.T.);
#3363 = ORIENTED_EDGE('',*,*,#3093,.T.);
#3364 = ORIENTED_EDGE('',*,*,#3365,.F.);
#3365 = EDGE_CURVE('',#3356,#3094,#3366,.T.);
#3366 = LINE('',#3367,#3368);
#3367 = CARTESIAN_POINT('',(219.,250.13988998998,34.077460449079));
#3368 = VECTOR('',#3369,1.);
#3369 = DIRECTION('',(1.,0.,0.));
#3370 = PLANE('',#3371);
#3371 = AXIS2_PLACEMENT_3D('',#3372,#3373,#3374);
#3372 = CARTESIAN_POINT('',(219.,249.95873181192,34.16386846756));
#3373 = DIRECTION('',(0.,0.430511096808,0.90258528435));
#3374 = DIRECTION('',(0.,0.90258528435,-0.430511096808));
#3375 = ADVANCED_FACE('',(#3376),#3635,.F.);
#3376 = FACE_BOUND('',#3377,.F.);
#3377 = EDGE_LOOP('',(#3378,#3386,#3387,#3388,#3389,#3397,#3405,#3413,
    #3421,#3429,#3437,#3445,#3453,#3461,#3469,#3477,#3485,#3493,#3501,
    #3509,#3517,#3525,#3533,#3541,#3549,#3557,#3565,#3573,#3581,#3589,
    #3597,#3605,#3613,#3621,#3629));
#3378 = ORIENTED_EDGE('',*,*,#3379,.T.);
#3379 = EDGE_CURVE('',#3380,#3054,#3382,.T.);
#3380 = VERTEX_POINT('',#3381);
#3381 = CARTESIAN_POINT('',(219.,249.76740981922,39.26740981922));
#3382 = LINE('',#3383,#3384);
#3383 = CARTESIAN_POINT('',(219.,249.76740981922,39.26740981922));
#3384 = VECTOR('',#3385,1.);
#3385 = DIRECTION('',(0.,-0.707106781187,-0.707106781187));
#3386 = ORIENTED_EDGE('',*,*,#3061,.T.);
#3387 = ORIENTED_EDGE('',*,*,#1063,.T.);
#3388 = ORIENTED_EDGE('',*,*,#3355,.T.);
#3389 = ORIENTED_EDGE('',*,*,#3390,.T.);
#3390 = EDGE_CURVE('',#3356,#3391,#3393,.T.);
#3391 = VERTEX_POINT('',#3392);
#3392 = CARTESIAN_POINT('',(219.,250.32252860462,33.99422723711));
#3393 = LINE('',#3394,#3395);
#3394 = CARTESIAN_POINT('',(219.,250.13988998998,34.077460449079));
#3395 = VECTOR('',#3396,1.);
#3396 = DIRECTION('',(0.,0.909961270877,-0.414693242656));
#3397 = ORIENTED_EDGE('',*,*,#3398,.T.);
#3398 = EDGE_CURVE('',#3391,#3399,#3401,.T.);
#3399 = VERTEX_POINT('',#3400);
#3400 = CARTESIAN_POINT('',(219.,250.50659202237,33.914194185297));
#3401 = LINE('',#3402,#3403);
#3402 = CARTESIAN_POINT('',(219.,250.32252860462,33.99422723711));
#3403 = VECTOR('',#3404,1.);
#3404 = DIRECTION('',(0.,0.917060074385,-0.398749068925));
#3405 = ORIENTED_EDGE('',*,*,#3406,.T.);
#3406 = EDGE_CURVE('',#3399,#3407,#3409,.T.);
#3407 = VERTEX_POINT('',#3408);
#3408 = CARTESIAN_POINT('',(219.,250.69202417571,33.837385672482));
#3409 = LINE('',#3410,#3411);
#3410 = CARTESIAN_POINT('',(219.,250.50659202237,33.914194185297));
#3411 = VECTOR('',#3412,1.);
#3412 = DIRECTION('',(0.,0.923879532511,-0.382683432365));
#3413 = ORIENTED_EDGE('',*,*,#3414,.T.);
#3414 = EDGE_CURVE('',#3407,#3415,#3417,.T.);
#3415 = VERTEX_POINT('',#3416);
#3416 = CARTESIAN_POINT('',(219.,250.87876858022,33.763825095282));
#3417 = LINE('',#3418,#3419);
#3418 = CARTESIAN_POINT('',(219.,250.69202417571,33.837385672482));
#3419 = VECTOR('',#3420,1.);
#3420 = DIRECTION('',(0.,0.930417567982,-0.366501226724));
#3421 = ORIENTED_EDGE('',*,*,#3422,.T.);
#3422 = EDGE_CURVE('',#3415,#3423,#3425,.T.);
#3423 = VERTEX_POINT('',#3424);
#3424 = CARTESIAN_POINT('',(219.,251.06676835175,33.693534860962));
#3425 = LINE('',#3426,#3427);
#3426 = CARTESIAN_POINT('',(219.,250.87876858022,33.763825095282));
#3427 = VECTOR('',#3428,1.);
#3428 = DIRECTION('',(0.,0.936672189248,-0.350207381259));
#3429 = ORIENTED_EDGE('',*,*,#3430,.T.);
#3430 = EDGE_CURVE('',#3423,#3431,#3433,.T.);
#3431 = VERTEX_POINT('',#3432);
#3432 = CARTESIAN_POINT('',(219.,252.46905093939,37.546274606184));
#3433 = LINE('',#3434,#3435);
#3434 = CARTESIAN_POINT('',(219.,251.06676835175,33.693534860962));
#3435 = VECTOR('',#3436,1.);
#3436 = DIRECTION('',(0.,0.342020143326,0.939692620786));
#3437 = ORIENTED_EDGE('',*,*,#3438,.T.);
#3438 = EDGE_CURVE('',#3431,#3439,#3441,.T.);
#3439 = VERTEX_POINT('',#3440);
#3440 = CARTESIAN_POINT('',(219.,252.34807717336,37.591504843921));
#3441 = LINE('',#3442,#3443);
#3442 = CARTESIAN_POINT('',(219.,252.46905093939,37.546274606184));
#3443 = VECTOR('',#3444,1.);
#3444 = DIRECTION('',(0.,-0.936672189248,0.350207381259));
#3445 = ORIENTED_EDGE('',*,*,#3446,.T.);
#3446 = EDGE_CURVE('',#3439,#3447,#3449,.T.);
#3447 = VERTEX_POINT('',#3448);
#3448 = CARTESIAN_POINT('',(219.,252.22791120872,37.638839476206));
#3449 = LINE('',#3450,#3451);
#3450 = CARTESIAN_POINT('',(219.,252.34807717336,37.591504843921));
#3451 = VECTOR('',#3452,1.);
#3452 = DIRECTION('',(0.,-0.930417567982,0.366501226724));
#3453 = ORIENTED_EDGE('',*,*,#3454,.T.);
#3454 = EDGE_CURVE('',#3447,#3455,#3457,.T.);
#3455 = VERTEX_POINT('',#3456);
#3456 = CARTESIAN_POINT('',(219.,252.10858964917,37.688264084452));
#3457 = LINE('',#3458,#3459);
#3458 = CARTESIAN_POINT('',(219.,252.22791120872,37.638839476206));
#3459 = VECTOR('',#3460,1.);
#3460 = DIRECTION('',(0.,-0.923879532511,0.382683432365));
#3461 = ORIENTED_EDGE('',*,*,#3462,.T.);
#3462 = EDGE_CURVE('',#3455,#3463,#3465,.T.);
#3463 = VERTEX_POINT('',#3464);
#3464 = CARTESIAN_POINT('',(219.,251.99014884123,37.739763613445));
#3465 = LINE('',#3466,#3467);
#3466 = CARTESIAN_POINT('',(219.,252.10858964917,37.688264084452));
#3467 = VECTOR('',#3468,1.);
#3468 = DIRECTION('',(0.,-0.917060074385,0.398749068925));
#3469 = ORIENTED_EDGE('',*,*,#3470,.T.);
#3470 = EDGE_CURVE('',#3463,#3471,#3473,.T.);
#3471 = VERTEX_POINT('',#3472);
#3472 = CARTESIAN_POINT('',(219.,251.87262486311,37.793322375929));
#3473 = LINE('',#3474,#3475);
#3474 = CARTESIAN_POINT('',(219.,251.99014884123,37.739763613445));
#3475 = VECTOR('',#3476,1.);
#3476 = DIRECTION('',(0.,-0.909961270877,0.414693242656));
#3477 = ORIENTED_EDGE('',*,*,#3478,.T.);
#3478 = EDGE_CURVE('',#3471,#3479,#3481,.T.);
#3479 = VERTEX_POINT('',#3480);
#3480 = CARTESIAN_POINT('',(219.,251.75605351376,37.848924057386));
#3481 = LINE('',#3482,#3483);
#3482 = CARTESIAN_POINT('',(219.,251.87262486311,37.793322375929));
#3483 = VECTOR('',#3484,1.);
#3484 = DIRECTION('',(0.,-0.90258528435,0.430511096808));
#3485 = ORIENTED_EDGE('',*,*,#3486,.T.);
#3486 = EDGE_CURVE('',#3479,#3487,#3489,.T.);
#3487 = VERTEX_POINT('',#3488);
#3488 = CARTESIAN_POINT('',(219.,251.64047030192,37.906551721006));
#3489 = LINE('',#3490,#3491);
#3490 = CARTESIAN_POINT('',(219.,251.75605351376,37.848924057386));
#3491 = VECTOR('',#3492,1.);
#3492 = DIRECTION('',(0.,-0.894934361602,0.44619781311));
#3493 = ORIENTED_EDGE('',*,*,#3494,.T.);
#3494 = EDGE_CURVE('',#3487,#3495,#3497,.T.);
#3495 = VERTEX_POINT('',#3496);
#3496 = CARTESIAN_POINT('',(219.,251.52591043538,37.966187812844));
#3497 = LINE('',#3498,#3499);
#3498 = CARTESIAN_POINT('',(219.,251.64047030192,37.906551721006));
#3499 = VECTOR('',#3500,1.);
#3500 = DIRECTION('',(0.,-0.887010833178,0.461748613235));
#3501 = ORIENTED_EDGE('',*,*,#3502,.T.);
#3502 = EDGE_CURVE('',#3495,#3503,#3505,.T.);
#3503 = VERTEX_POINT('',#3504);
#3504 = CARTESIAN_POINT('',(219.,251.41240881017,38.027814167168));
#3505 = LINE('',#3506,#3507);
#3506 = CARTESIAN_POINT('',(219.,251.52591043538,37.966187812844));
#3507 = VECTOR('',#3508,1.);
#3508 = DIRECTION('',(0.,-0.878817112662,0.47715876026));
#3509 = ORIENTED_EDGE('',*,*,#3510,.T.);
#3510 = EDGE_CURVE('',#3503,#3511,#3513,.T.);
#3511 = VERTEX_POINT('',#3512);
#3512 = CARTESIAN_POINT('',(219.,251.3,38.091412011995));
#3513 = LINE('',#3514,#3515);
#3514 = CARTESIAN_POINT('',(219.,251.41240881017,38.027814167168));
#3515 = VECTOR('',#3516,1.);
#3516 = DIRECTION('',(0.,-0.87035569594,0.492423560103));
#3517 = ORIENTED_EDGE('',*,*,#3518,.T.);
#3518 = EDGE_CURVE('',#3511,#3519,#3521,.T.);
#3519 = VERTEX_POINT('',#3520);
#3520 = CARTESIAN_POINT('',(219.,251.18871824566,38.156961974804));
#3521 = LINE('',#3522,#3523);
#3522 = CARTESIAN_POINT('',(219.,251.3,38.091412011995));
#3523 = VECTOR('',#3524,1.);
#3524 = DIRECTION('',(0.,-0.861629160442,0.507538362961));
#3525 = ORIENTED_EDGE('',*,*,#3526,.T.);
#3526 = EDGE_CURVE('',#3519,#3527,#3529,.T.);
#3527 = VERTEX_POINT('',#3528);
#3528 = CARTESIAN_POINT('',(219.,251.07859744467,38.224444088442));
#3529 = LINE('',#3530,#3531);
#3530 = CARTESIAN_POINT('',(219.,251.18871824566,38.156961974804));
#3531 = VECTOR('',#3532,1.);
#3532 = DIRECTION('',(0.,-0.852640164354,0.522498564716));
#3533 = ORIENTED_EDGE('',*,*,#3534,.T.);
#3534 = EDGE_CURVE('',#3527,#3535,#3537,.T.);
#3535 = VERTEX_POINT('',#3536);
#3536 = CARTESIAN_POINT('',(219.,250.96967114088,38.293837797204));
#3537 = LINE('',#3538,#3539);
#3538 = CARTESIAN_POINT('',(219.,251.07859744467,38.224444088442));
#3539 = VECTOR('',#3540,1.);
#3540 = DIRECTION('',(0.,-0.843391445813,0.537299608347));
#3541 = ORIENTED_EDGE('',*,*,#3542,.T.);
#3542 = EDGE_CURVE('',#3535,#3543,#3545,.T.);
#3543 = VERTEX_POINT('',#3544);
#3544 = CARTESIAN_POINT('',(219.,250.86197251431,38.365121963093));
#3545 = LINE('',#3546,#3547);
#3546 = CARTESIAN_POINT('',(219.,250.96967114088,38.293837797204));
#3547 = VECTOR('',#3548,1.);
#3548 = DIRECTION('',(0.,-0.833885822067,0.551936985312));
#3549 = ORIENTED_EDGE('',*,*,#3550,.T.);
#3550 = EDGE_CURVE('',#3543,#3551,#3553,.T.);
#3551 = VERTEX_POINT('',#3552);
#3552 = CARTESIAN_POINT('',(219.,250.755534371,38.438274872261));
#3553 = LINE('',#3554,#3555);
#3554 = CARTESIAN_POINT('',(219.,250.86197251431,38.365121963093));
#3555 = VECTOR('',#3556,1.);
#3556 = DIRECTION('',(0.,-0.824126188622,0.566406236925));
#3557 = ORIENTED_EDGE('',*,*,#3558,.T.);
#3558 = EDGE_CURVE('',#3551,#3559,#3561,.T.);
#3559 = VERTEX_POINT('',#3560);
#3560 = CARTESIAN_POINT('',(219.,250.65038913303,38.513274241625));
#3561 = LINE('',#3562,#3563);
#3562 = CARTESIAN_POINT('',(219.,250.755534371,38.438274872261));
#3563 = VECTOR('',#3564,1.);
#3564 = DIRECTION('',(0.,-0.814115518356,0.580702955711));
#3565 = ORIENTED_EDGE('',*,*,#3566,.T.);
#3566 = EDGE_CURVE('',#3559,#3567,#3569,.T.);
#3567 = VERTEX_POINT('',#3568);
#3568 = CARTESIAN_POINT('',(219.,250.54656882867,38.59009722565));
#3569 = LINE('',#3570,#3571);
#3570 = CARTESIAN_POINT('',(219.,250.65038913303,38.513274241625));
#3571 = VECTOR('',#3572,1.);
#3572 = DIRECTION('',(0.,-0.803856860617,0.594822786751));
#3573 = ORIENTED_EDGE('',*,*,#3574,.T.);
#3574 = EDGE_CURVE('',#3567,#3575,#3577,.T.);
#3575 = VERTEX_POINT('',#3576);
#3576 = CARTESIAN_POINT('',(219.,250.44410508259,38.66872042331));
#3577 = LINE('',#3578,#3579);
#3578 = CARTESIAN_POINT('',(219.,250.54656882867,38.59009722565));
#3579 = VECTOR('',#3580,1.);
#3580 = DIRECTION('',(0.,-0.793353340291,0.608761429009));
#3581 = ORIENTED_EDGE('',*,*,#3582,.T.);
#3582 = EDGE_CURVE('',#3575,#3583,#3585,.T.);
#3583 = VERTEX_POINT('',#3584);
#3584 = CARTESIAN_POINT('',(219.,250.34302910623,38.749119885218));
#3585 = LINE('',#3586,#3587);
#3586 = CARTESIAN_POINT('',(219.,250.44410508259,38.66872042331));
#3587 = VECTOR('',#3588,1.);
#3588 = DIRECTION('',(0.,-0.782608156852,0.622514636638));
#3589 = ORIENTED_EDGE('',*,*,#3590,.T.);
#3590 = EDGE_CURVE('',#3583,#3591,#3593,.T.);
#3591 = VERTEX_POINT('',#3592);
#3592 = CARTESIAN_POINT('',(219.,250.24337168832,38.83127112092));
#3593 = LINE('',#3594,#3595);
#3594 = CARTESIAN_POINT('',(219.,250.34302910623,38.749119885218));
#3595 = VECTOR('',#3596,1.);
#3596 = DIRECTION('',(0.,-0.771624583388,0.636078220278));
#3597 = ORIENTED_EDGE('',*,*,#3598,.T.);
#3598 = EDGE_CURVE('',#3591,#3599,#3601,.T.);
#3599 = VERTEX_POINT('',#3600);
#3600 = CARTESIAN_POINT('',(219.,250.14516318547,38.915149106351));
#3601 = LINE('',#3602,#3603);
#3602 = CARTESIAN_POINT('',(219.,250.24337168832,38.83127112092));
#3603 = VECTOR('',#3604,1.);
#3604 = DIRECTION('',(0.,-0.7604059656,0.64944804833));
#3605 = ORIENTED_EDGE('',*,*,#3606,.T.);
#3606 = EDGE_CURVE('',#3599,#3607,#3609,.T.);
#3607 = VERTEX_POINT('',#3608);
#3608 = CARTESIAN_POINT('',(219.,250.04843351294,39.000728291467));
#3609 = LINE('',#3610,#3611);
#3610 = CARTESIAN_POINT('',(219.,250.14516318547,38.915149106351));
#3611 = VECTOR('',#3612,1.);
#3612 = DIRECTION('',(0.,-0.748955720789,0.662620048216));
#3613 = ORIENTED_EDGE('',*,*,#3614,.T.);
#3614 = EDGE_CURVE('',#3607,#3615,#3617,.T.);
#3615 = VERTEX_POINT('',#3616);
#3616 = CARTESIAN_POINT('',(219.,249.95321213553,39.087982608018));
#3617 = LINE('',#3618,#3619);
#3618 = CARTESIAN_POINT('',(219.,250.04843351294,39.000728291467));
#3619 = VECTOR('',#3620,1.);
#3620 = DIRECTION('',(0.,-0.73727733681,0.675590207616));
#3621 = ORIENTED_EDGE('',*,*,#3622,.T.);
#3622 = EDGE_CURVE('',#3615,#3623,#3625,.T.);
#3623 = VERTEX_POINT('',#3624);
#3624 = CARTESIAN_POINT('',(219.,249.8595280586,39.176885477494));
#3625 = LINE('',#3626,#3627);
#3626 = CARTESIAN_POINT('',(219.,249.95321213553,39.087982608018));
#3627 = VECTOR('',#3628,1.);
#3628 = DIRECTION('',(0.,-0.725374371012,0.688354575694));
#3629 = ORIENTED_EDGE('',*,*,#3630,.T.);
#3630 = EDGE_CURVE('',#3623,#3380,#3631,.T.);
#3631 = LINE('',#3632,#3633);
#3632 = CARTESIAN_POINT('',(219.,249.8595280586,39.176885477494));
#3633 = VECTOR('',#3634,1.);
#3634 = DIRECTION('',(0.,-0.713250449154,0.7009092643));
#3635 = PLANE('',#3636);
#3636 = AXIS2_PLACEMENT_3D('',#3637,#3638,#3639);
#3637 = CARTESIAN_POINT('',(219.,249.88388074643,36.469301396868));
#3638 = DIRECTION('',(1.,0.,0.));
#3639 = DIRECTION('',(0.,0.,1.));
#3640 = ADVANCED_FACE('',(#3641,#3702),#3713,.T.);
#3641 = FACE_BOUND('',#3642,.T.);
#3642 = EDGE_LOOP('',(#3643,#3653,#3661,#3667,#3668,#3669,#3670,#3678,
    #3686,#3695));
#3643 = ORIENTED_EDGE('',*,*,#3644,.F.);
#3644 = EDGE_CURVE('',#3645,#3647,#3649,.T.);
#3645 = VERTEX_POINT('',#3646);
#3646 = CARTESIAN_POINT('',(214.,244.,44.5));
#3647 = VERTEX_POINT('',#3648);
#3648 = CARTESIAN_POINT('',(214.,248.,44.5));
#3649 = LINE('',#3650,#3651);
#3650 = CARTESIAN_POINT('',(214.,244.,44.5));
#3651 = VECTOR('',#3652,1.);
#3652 = DIRECTION('',(0.,1.,0.));
#3653 = ORIENTED_EDGE('',*,*,#3654,.F.);
#3654 = EDGE_CURVE('',#3655,#3645,#3657,.T.);
#3655 = VERTEX_POINT('',#3656);
#3656 = CARTESIAN_POINT('',(214.,244.,31.));
#3657 = LINE('',#3658,#3659);
#3658 = CARTESIAN_POINT('',(214.,244.,31.));
#3659 = VECTOR('',#3660,1.);
#3660 = DIRECTION('',(0.,0.,1.));
#3661 = ORIENTED_EDGE('',*,*,#3662,.T.);
#3662 = EDGE_CURVE('',#3655,#1719,#3663,.T.);
#3663 = LINE('',#3664,#3665);
#3664 = CARTESIAN_POINT('',(214.,244.,31.));
#3665 = VECTOR('',#3666,1.);
#3666 = DIRECTION('',(0.,1.,0.));
#3667 = ORIENTED_EDGE('',*,*,#1726,.F.);
#3668 = ORIENTED_EDGE('',*,*,#3068,.T.);
#3669 = ORIENTED_EDGE('',*,*,#1047,.T.);
#3670 = ORIENTED_EDGE('',*,*,#3671,.T.);
#3671 = EDGE_CURVE('',#1040,#3672,#3674,.T.);
#3672 = VERTEX_POINT('',#3673);
#3673 = CARTESIAN_POINT('',(214.,255.,31.));
#3674 = LINE('',#3675,#3676);
#3675 = CARTESIAN_POINT('',(214.,244.,31.));
#3676 = VECTOR('',#3677,1.);
#3677 = DIRECTION('',(0.,1.,0.));
#3678 = ORIENTED_EDGE('',*,*,#3679,.T.);
#3679 = EDGE_CURVE('',#3672,#3680,#3682,.T.);
#3680 = VERTEX_POINT('',#3681);
#3681 = CARTESIAN_POINT('',(214.,255.,37.5));
#3682 = LINE('',#3683,#3684);
#3683 = CARTESIAN_POINT('',(214.,255.,31.));
#3684 = VECTOR('',#3685,1.);
#3685 = DIRECTION('',(0.,0.,1.));
#3686 = ORIENTED_EDGE('',*,*,#3687,.T.);
#3687 = EDGE_CURVE('',#3680,#3688,#3690,.T.);
#3688 = VERTEX_POINT('',#3689);
#3689 = CARTESIAN_POINT('',(214.,255.,51.5));
#3690 = CIRCLE('',#3691,7.);
#3691 = AXIS2_PLACEMENT_3D('',#3692,#3693,#3694);
#3692 = CARTESIAN_POINT('',(214.,255.,44.5));
#3693 = DIRECTION('',(1.,0.,-0.));
#3694 = DIRECTION('',(0.,0.,1.));
#3695 = ORIENTED_EDGE('',*,*,#3696,.T.);
#3696 = EDGE_CURVE('',#3688,#3647,#3697,.T.);
#3697 = CIRCLE('',#3698,7.);
#3698 = AXIS2_PLACEMENT_3D('',#3699,#3700,#3701);
#3699 = CARTESIAN_POINT('',(214.,255.,44.5));
#3700 = DIRECTION('',(1.,0.,-0.));
#3701 = DIRECTION('',(0.,0.,1.));
#3702 = FACE_BOUND('',#3703,.T.);
#3703 = EDGE_LOOP('',(#3704));
#3704 = ORIENTED_EDGE('',*,*,#3705,.F.);
#3705 = EDGE_CURVE('',#3706,#3706,#3708,.T.);
#3706 = VERTEX_POINT('',#3707);
#3707 = CARTESIAN_POINT('',(214.,255.,46.7));
#3708 = CIRCLE('',#3709,2.2);
#3709 = AXIS2_PLACEMENT_3D('',#3710,#3711,#3712);
#3710 = CARTESIAN_POINT('',(214.,255.,44.5));
#3711 = DIRECTION('',(1.,0.,-0.));
#3712 = DIRECTION('',(0.,0.,1.));
#3713 = PLANE('',#3714);
#3714 = AXIS2_PLACEMENT_3D('',#3715,#3716,#3717);
#3715 = CARTESIAN_POINT('',(214.,251.89758284315,40.628038191471));
#3716 = DIRECTION('',(1.,0.,0.));
#3717 = DIRECTION('',(0.,0.,1.));
#3718 = ADVANCED_FACE('',(#3719),#3737,.F.);
#3719 = FACE_BOUND('',#3720,.F.);
#3720 = EDGE_LOOP('',(#3721,#3729,#3730,#3731));
#3721 = ORIENTED_EDGE('',*,*,#3722,.F.);
#3722 = EDGE_CURVE('',#1032,#3723,#3725,.T.);
#3723 = VERTEX_POINT('',#3724);
#3724 = CARTESIAN_POINT('',(206.,255.,31.));
#3725 = LINE('',#3726,#3727);
#3726 = CARTESIAN_POINT('',(206.,244.,31.));
#3727 = VECTOR('',#3728,1.);
#3728 = DIRECTION('',(0.,1.,0.));
#3729 = ORIENTED_EDGE('',*,*,#1039,.T.);
#3730 = ORIENTED_EDGE('',*,*,#3671,.T.);
#3731 = ORIENTED_EDGE('',*,*,#3732,.F.);
#3732 = EDGE_CURVE('',#3723,#3672,#3733,.T.);
#3733 = LINE('',#3734,#3735);
#3734 = CARTESIAN_POINT('',(206.,255.,31.));
#3735 = VECTOR('',#3736,1.);
#3736 = DIRECTION('',(1.,0.,0.));
#3737 = PLANE('',#3738);
#3738 = AXIS2_PLACEMENT_3D('',#3739,#3740,#3741);
#3739 = CARTESIAN_POINT('',(206.,244.,31.));
#3740 = DIRECTION('',(0.,0.,1.));
#3741 = DIRECTION('',(1.,0.,0.));
#3742 = ADVANCED_FACE('',(#3743,#3802),#3813,.T.);
#3743 = FACE_BOUND('',#3744,.T.);
#3744 = EDGE_LOOP('',(#3745,#3755,#3763,#3772,#3781,#3787,#3788,#3789,
    #3795,#3796));
#3745 = ORIENTED_EDGE('',*,*,#3746,.T.);
#3746 = EDGE_CURVE('',#3747,#3749,#3751,.T.);
#3747 = VERTEX_POINT('',#3748);
#3748 = CARTESIAN_POINT('',(206.,244.,31.));
#3749 = VERTEX_POINT('',#3750);
#3750 = CARTESIAN_POINT('',(206.,244.,44.5));
#3751 = LINE('',#3752,#3753);
#3752 = CARTESIAN_POINT('',(206.,244.,31.));
#3753 = VECTOR('',#3754,1.);
#3754 = DIRECTION('',(0.,0.,1.));
#3755 = ORIENTED_EDGE('',*,*,#3756,.T.);
#3756 = EDGE_CURVE('',#3749,#3757,#3759,.T.);
#3757 = VERTEX_POINT('',#3758);
#3758 = CARTESIAN_POINT('',(206.,248.,44.5));
#3759 = LINE('',#3760,#3761);
#3760 = CARTESIAN_POINT('',(206.,244.,44.5));
#3761 = VECTOR('',#3762,1.);
#3762 = DIRECTION('',(0.,1.,0.));
#3763 = ORIENTED_EDGE('',*,*,#3764,.F.);
#3764 = EDGE_CURVE('',#3765,#3757,#3767,.T.);
#3765 = VERTEX_POINT('',#3766);
#3766 = CARTESIAN_POINT('',(206.,255.,51.5));
#3767 = CIRCLE('',#3768,7.);
#3768 = AXIS2_PLACEMENT_3D('',#3769,#3770,#3771);
#3769 = CARTESIAN_POINT('',(206.,255.,44.5));
#3770 = DIRECTION('',(1.,0.,-0.));
#3771 = DIRECTION('',(0.,0.,1.));
#3772 = ORIENTED_EDGE('',*,*,#3773,.F.);
#3773 = EDGE_CURVE('',#3774,#3765,#3776,.T.);
#3774 = VERTEX_POINT('',#3775);
#3775 = CARTESIAN_POINT('',(206.,255.,37.5));
#3776 = CIRCLE('',#3777,7.);
#3777 = AXIS2_PLACEMENT_3D('',#3778,#3779,#3780);
#3778 = CARTESIAN_POINT('',(206.,255.,44.5));
#3779 = DIRECTION('',(1.,0.,-0.));
#3780 = DIRECTION('',(0.,0.,1.));
#3781 = ORIENTED_EDGE('',*,*,#3782,.F.);
#3782 = EDGE_CURVE('',#3723,#3774,#3783,.T.);
#3783 = LINE('',#3784,#3785);
#3784 = CARTESIAN_POINT('',(206.,255.,31.));
#3785 = VECTOR('',#3786,1.);
#3786 = DIRECTION('',(0.,0.,1.));
#3787 = ORIENTED_EDGE('',*,*,#3722,.F.);
#3788 = ORIENTED_EDGE('',*,*,#1031,.T.);
#3789 = ORIENTED_EDGE('',*,*,#3790,.T.);
#3790 = EDGE_CURVE('',#1024,#1703,#3791,.T.);
#3791 = LINE('',#3792,#3793);
#3792 = CARTESIAN_POINT('',(206.,125.94879142157,39.));
#3793 = VECTOR('',#3794,1.);
#3794 = DIRECTION('',(0.,-1.,0.));
#3795 = ORIENTED_EDGE('',*,*,#1710,.F.);
#3796 = ORIENTED_EDGE('',*,*,#3797,.F.);
#3797 = EDGE_CURVE('',#3747,#1711,#3798,.T.);
#3798 = LINE('',#3799,#3800);
#3799 = CARTESIAN_POINT('',(206.,244.,31.));
#3800 = VECTOR('',#3801,1.);
#3801 = DIRECTION('',(0.,1.,0.));
#3802 = FACE_BOUND('',#3803,.T.);
#3803 = EDGE_LOOP('',(#3804));
#3804 = ORIENTED_EDGE('',*,*,#3805,.T.);
#3805 = EDGE_CURVE('',#3806,#3806,#3808,.T.);
#3806 = VERTEX_POINT('',#3807);
#3807 = CARTESIAN_POINT('',(206.,255.,46.7));
#3808 = CIRCLE('',#3809,2.2);
#3809 = AXIS2_PLACEMENT_3D('',#3810,#3811,#3812);
#3810 = CARTESIAN_POINT('',(206.,255.,44.5));
#3811 = DIRECTION('',(1.,0.,-0.));
#3812 = DIRECTION('',(0.,0.,1.));
#3813 = PLANE('',#3814);
#3814 = AXIS2_PLACEMENT_3D('',#3815,#3816,#3817);
#3815 = CARTESIAN_POINT('',(206.,251.89758284315,40.628038191471));
#3816 = DIRECTION('',(-1.,-0.,-0.));
#3817 = DIRECTION('',(0.,0.,-1.));
#3818 = ADVANCED_FACE('',(#3819),#3825,.T.);
#3819 = FACE_BOUND('',#3820,.T.);
#3820 = EDGE_LOOP('',(#3821,#3822,#3823,#3824));
#3821 = ORIENTED_EDGE('',*,*,#3790,.F.);
#3822 = ORIENTED_EDGE('',*,*,#1023,.F.);
#3823 = ORIENTED_EDGE('',*,*,#2004,.F.);
#3824 = ORIENTED_EDGE('',*,*,#1702,.F.);
#3825 = PLANE('',#3826);
#3826 = AXIS2_PLACEMENT_3D('',#3827,#3828,#3829);
#3827 = CARTESIAN_POINT('',(0.,0.,39.));
#3828 = DIRECTION('',(0.,0.,1.));
#3829 = DIRECTION('',(1.,0.,0.));
#3830 = ADVANCED_FACE('',(#3831),#3847,.F.);
#3831 = FACE_BOUND('',#3832,.F.);
#3832 = EDGE_LOOP('',(#3833,#3839,#3840,#3846));
#3833 = ORIENTED_EDGE('',*,*,#3834,.F.);
#3834 = EDGE_CURVE('',#1775,#1263,#3835,.T.);
#3835 = LINE('',#3836,#3837);
#3836 = CARTESIAN_POINT('',(55.,246.,27.));
#3837 = VECTOR('',#3838,1.);
#3838 = DIRECTION('',(0.,1.,0.));
#3839 = ORIENTED_EDGE('',*,*,#1774,.T.);
#3840 = ORIENTED_EDGE('',*,*,#3841,.T.);
#3841 = EDGE_CURVE('',#1777,#1265,#3842,.T.);
#3842 = LINE('',#3843,#3844);
#3843 = CARTESIAN_POINT('',(109.,246.,27.));
#3844 = VECTOR('',#3845,1.);
#3845 = DIRECTION('',(0.,1.,0.));
#3846 = ORIENTED_EDGE('',*,*,#1262,.F.);
#3847 = PLANE('',#3848);
#3848 = AXIS2_PLACEMENT_3D('',#3849,#3850,#3851);
#3849 = CARTESIAN_POINT('',(55.,246.,27.));
#3850 = DIRECTION('',(0.,0.,1.));
#3851 = DIRECTION('',(1.,0.,0.));
#3852 = ADVANCED_FACE('',(#3853),#3864,.T.);
#3853 = FACE_BOUND('',#3854,.T.);
#3854 = EDGE_LOOP('',(#3855,#3856,#3857,#3863));
#3855 = ORIENTED_EDGE('',*,*,#3834,.F.);
#3856 = ORIENTED_EDGE('',*,*,#1784,.T.);
#3857 = ORIENTED_EDGE('',*,*,#3858,.T.);
#3858 = EDGE_CURVE('',#1785,#1273,#3859,.T.);
#3859 = LINE('',#3860,#3861);
#3860 = CARTESIAN_POINT('',(55.,246.,5.));
#3861 = VECTOR('',#3862,1.);
#3862 = DIRECTION('',(0.,1.,0.));
#3863 = ORIENTED_EDGE('',*,*,#1272,.F.);
#3864 = PLANE('',#3865);
#3865 = AXIS2_PLACEMENT_3D('',#3866,#3867,#3868);
#3866 = CARTESIAN_POINT('',(55.,246.,5.));
#3867 = DIRECTION('',(1.,0.,0.));
#3868 = DIRECTION('',(0.,0.,1.));
#3869 = ADVANCED_FACE('',(#3870),#3881,.F.);
#3870 = FACE_BOUND('',#3871,.F.);
#3871 = EDGE_LOOP('',(#3872,#3873,#3874,#3880));
#3872 = ORIENTED_EDGE('',*,*,#3841,.F.);
#3873 = ORIENTED_EDGE('',*,*,#1800,.T.);
#3874 = ORIENTED_EDGE('',*,*,#3875,.T.);
#3875 = EDGE_CURVE('',#1793,#1281,#3876,.T.);
#3876 = LINE('',#3877,#3878);
#3877 = CARTESIAN_POINT('',(109.,246.,5.));
#3878 = VECTOR('',#3879,1.);
#3879 = DIRECTION('',(0.,1.,0.));
#3880 = ORIENTED_EDGE('',*,*,#1288,.F.);
#3881 = PLANE('',#3882);
#3882 = AXIS2_PLACEMENT_3D('',#3883,#3884,#3885);
#3883 = CARTESIAN_POINT('',(109.,246.,5.));
#3884 = DIRECTION('',(1.,0.,0.));
#3885 = DIRECTION('',(0.,0.,1.));
#3886 = ADVANCED_FACE('',(#3887),#3893,.T.);
#3887 = FACE_BOUND('',#3888,.T.);
#3888 = EDGE_LOOP('',(#3889,#3890,#3891,#3892));
#3889 = ORIENTED_EDGE('',*,*,#3858,.F.);
#3890 = ORIENTED_EDGE('',*,*,#1792,.T.);
#3891 = ORIENTED_EDGE('',*,*,#3875,.T.);
#3892 = ORIENTED_EDGE('',*,*,#1280,.F.);
#3893 = PLANE('',#3894);
#3894 = AXIS2_PLACEMENT_3D('',#3895,#3896,#3897);
#3895 = CARTESIAN_POINT('',(55.,246.,5.));
#3896 = DIRECTION('',(0.,0.,1.));
#3897 = DIRECTION('',(1.,0.,0.));
#3898 = ADVANCED_FACE('',(#3899),#3943,.F.);
#3899 = FACE_BOUND('',#3900,.F.);
#3900 = EDGE_LOOP('',(#3901,#3910,#3918,#3927,#3933,#3934,#3935,#3942));
#3901 = ORIENTED_EDGE('',*,*,#3902,.T.);
#3902 = EDGE_CURVE('',#3903,#3903,#3905,.T.);
#3903 = VERTEX_POINT('',#3904);
#3904 = CARTESIAN_POINT('',(12.1,242.,0.));
#3905 = CIRCLE('',#3906,4.1);
#3906 = AXIS2_PLACEMENT_3D('',#3907,#3908,#3909);
#3907 = CARTESIAN_POINT('',(8.,242.,0.));
#3908 = DIRECTION('',(0.,0.,1.));
#3909 = DIRECTION('',(1.,0.,0.));
#3910 = ORIENTED_EDGE('',*,*,#3911,.T.);
#3911 = EDGE_CURVE('',#3903,#3912,#3914,.T.);
#3912 = VERTEX_POINT('',#3913);
#3913 = CARTESIAN_POINT('',(12.1,242.,30.5));
#3914 = LINE('',#3915,#3916);
#3915 = CARTESIAN_POINT('',(12.1,242.,-1.));
#3916 = VECTOR('',#3917,1.);
#3917 = DIRECTION('',(0.,0.,1.));
#3918 = ORIENTED_EDGE('',*,*,#3919,.F.);
#3919 = EDGE_CURVE('',#3920,#3912,#3922,.T.);
#3920 = VERTEX_POINT('',#3921);
#3921 = CARTESIAN_POINT('',(4.,241.1,30.5));
#3922 = CIRCLE('',#3923,4.1);
#3923 = AXIS2_PLACEMENT_3D('',#3924,#3925,#3926);
#3924 = CARTESIAN_POINT('',(8.,242.,30.5));
#3925 = DIRECTION('',(0.,0.,1.));
#3926 = DIRECTION('',(1.,0.,0.));
#3927 = ORIENTED_EDGE('',*,*,#3928,.F.);
#3928 = EDGE_CURVE('',#1354,#3920,#3929,.T.);
#3929 = LINE('',#3930,#3931);
#3930 = CARTESIAN_POINT('',(4.,241.1,-1.));
#3931 = VECTOR('',#3932,1.);
#3932 = DIRECTION('',(0.,0.,1.));
#3933 = ORIENTED_EDGE('',*,*,#1361,.F.);
#3934 = ORIENTED_EDGE('',*,*,#1402,.T.);
#3935 = ORIENTED_EDGE('',*,*,#3936,.F.);
#3936 = EDGE_CURVE('',#3912,#1395,#3937,.T.);
#3937 = CIRCLE('',#3938,4.1);
#3938 = AXIS2_PLACEMENT_3D('',#3939,#3940,#3941);
#3939 = CARTESIAN_POINT('',(8.,242.,30.5));
#3940 = DIRECTION('',(0.,0.,1.));
#3941 = DIRECTION('',(1.,0.,0.));
#3942 = ORIENTED_EDGE('',*,*,#3911,.F.);
#3943 = CYLINDRICAL_SURFACE('',#3944,4.1);
#3944 = AXIS2_PLACEMENT_3D('',#3945,#3946,#3947);
#3945 = CARTESIAN_POINT('',(8.,242.,-1.));
#3946 = DIRECTION('',(0.,0.,1.));
#3947 = DIRECTION('',(1.,0.,0.));
#3948 = ADVANCED_FACE('',(#3949),#3967,.F.);
#3949 = FACE_BOUND('',#3950,.F.);
#3950 = EDGE_LOOP('',(#3951,#3952,#3958,#3959,#3960,#3966));
#3951 = ORIENTED_EDGE('',*,*,#1460,.F.);
#3952 = ORIENTED_EDGE('',*,*,#3953,.F.);
#3953 = EDGE_CURVE('',#1345,#1452,#3954,.T.);
#3954 = LINE('',#3955,#3956);
#3955 = CARTESIAN_POINT('',(4.,237.527864045,0.));
#3956 = VECTOR('',#3957,1.);
#3957 = DIRECTION('',(0.,0.,1.));
#3958 = ORIENTED_EDGE('',*,*,#1353,.T.);
#3959 = ORIENTED_EDGE('',*,*,#3928,.T.);
#3960 = ORIENTED_EDGE('',*,*,#3961,.T.);
#3961 = EDGE_CURVE('',#3920,#1387,#3962,.T.);
#3962 = LINE('',#3963,#3964);
#3963 = CARTESIAN_POINT('',(4.,212.5,30.5));
#3964 = VECTOR('',#3965,1.);
#3965 = DIRECTION('',(0.,1.,0.));
#3966 = ORIENTED_EDGE('',*,*,#1386,.T.);
#3967 = PLANE('',#3968);
#3968 = AXIS2_PLACEMENT_3D('',#3969,#3970,#3971);
#3969 = CARTESIAN_POINT('',(4.,183.,6.));
#3970 = DIRECTION('',(1.,0.,0.));
#3971 = DIRECTION('',(0.,0.,1.));
#3972 = ADVANCED_FACE('',(#3973),#3989,.T.);
#3973 = FACE_BOUND('',#3974,.T.);
#3974 = EDGE_LOOP('',(#3975,#3981,#3982,#3988));
#3975 = ORIENTED_EDGE('',*,*,#3976,.F.);
#3976 = EDGE_CURVE('',#158,#1328,#3977,.T.);
#3977 = LINE('',#3978,#3979);
#3978 = CARTESIAN_POINT('',(3.,184.31662479035,0.));
#3979 = VECTOR('',#3980,1.);
#3980 = DIRECTION('',(0.,0.,1.));
#3981 = ORIENTED_EDGE('',*,*,#157,.T.);
#3982 = ORIENTED_EDGE('',*,*,#3983,.T.);
#3983 = EDGE_CURVE('',#149,#1337,#3984,.T.);
#3984 = LINE('',#3985,#3986);
#3985 = CARTESIAN_POINT('',(3.,238.68337520964,0.));
#3986 = VECTOR('',#3987,1.);
#3987 = DIRECTION('',(0.,0.,1.));
#3988 = ORIENTED_EDGE('',*,*,#1336,.T.);
#3989 = PLANE('',#3990);
#3990 = AXIS2_PLACEMENT_3D('',#3991,#3992,#3993);
#3991 = CARTESIAN_POINT('',(3.,3.,3.));
#3992 = DIRECTION('',(1.,0.,0.));
#3993 = DIRECTION('',(0.,0.,1.));
#3994 = ADVANCED_FACE('',(#3995),#4006,.F.);
#3995 = FACE_BOUND('',#3996,.F.);
#3996 = EDGE_LOOP('',(#3997,#3998,#3999,#4000));
#3997 = ORIENTED_EDGE('',*,*,#1426,.F.);
#3998 = ORIENTED_EDGE('',*,*,#1477,.F.);
#3999 = ORIENTED_EDGE('',*,*,#1319,.T.);
#4000 = ORIENTED_EDGE('',*,*,#4001,.T.);
#4001 = EDGE_CURVE('',#1320,#1427,#4002,.T.);
#4002 = LINE('',#4003,#4004);
#4003 = CARTESIAN_POINT('',(4.,185.472135955,0.));
#4004 = VECTOR('',#4005,1.);
#4005 = DIRECTION('',(0.,0.,1.));
#4006 = PLANE('',#4007);
#4007 = AXIS2_PLACEMENT_3D('',#4008,#4009,#4010);
#4008 = CARTESIAN_POINT('',(4.,183.,6.));
#4009 = DIRECTION('',(1.,0.,0.));
#4010 = DIRECTION('',(0.,0.,1.));
#4011 = ADVANCED_FACE('',(#4012,#4018),#4029,.F.);
#4012 = FACE_BOUND('',#4013,.F.);
#4013 = EDGE_LOOP('',(#4014,#4015,#4016,#4017));
#4014 = ORIENTED_EDGE('',*,*,#3919,.T.);
#4015 = ORIENTED_EDGE('',*,*,#3936,.T.);
#4016 = ORIENTED_EDGE('',*,*,#1394,.F.);
#4017 = ORIENTED_EDGE('',*,*,#3961,.F.);
#4018 = FACE_BOUND('',#4019,.F.);
#4019 = EDGE_LOOP('',(#4020));
#4020 = ORIENTED_EDGE('',*,*,#4021,.F.);
#4021 = EDGE_CURVE('',#4022,#4022,#4024,.T.);
#4022 = VERTEX_POINT('',#4023);
#4023 = CARTESIAN_POINT('',(9.7,242.,30.5));
#4024 = CIRCLE('',#4025,1.7);
#4025 = AXIS2_PLACEMENT_3D('',#4026,#4027,#4028);
#4026 = CARTESIAN_POINT('',(8.,242.,30.5));
#4027 = DIRECTION('',(0.,0.,1.));
#4028 = DIRECTION('',(1.,0.,0.));
#4029 = PLANE('',#4030);
#4030 = AXIS2_PLACEMENT_3D('',#4031,#4032,#4033);
#4031 = CARTESIAN_POINT('',(8.,242.,30.5));
#4032 = DIRECTION('',(0.,0.,1.));
#4033 = DIRECTION('',(1.,0.,0.));
#4034 = ADVANCED_FACE('',(#4035),#4051,.F.);
#4035 = FACE_BOUND('',#4036,.F.);
#4036 = EDGE_LOOP('',(#4037,#4043,#4044,#4050));
#4037 = ORIENTED_EDGE('',*,*,#4038,.F.);
#4038 = EDGE_CURVE('',#1514,#2859,#4039,.T.);
#4039 = LINE('',#4040,#4041);
#4040 = CARTESIAN_POINT('',(20.,244.,31.));
#4041 = VECTOR('',#4042,1.);
#4042 = DIRECTION('',(1.,0.,0.));
#4043 = ORIENTED_EDGE('',*,*,#1513,.T.);
#4044 = ORIENTED_EDGE('',*,*,#4045,.T.);
#4045 = EDGE_CURVE('',#1516,#2849,#4046,.T.);
#4046 = LINE('',#4047,#4048);
#4047 = CARTESIAN_POINT('',(20.,244.,44.5));
#4048 = VECTOR('',#4049,1.);
#4049 = DIRECTION('',(1.,0.,0.));
#4050 = ORIENTED_EDGE('',*,*,#2858,.F.);
#4051 = PLANE('',#4052);
#4052 = AXIS2_PLACEMENT_3D('',#4053,#4054,#4055);
#4053 = CARTESIAN_POINT('',(20.,244.,31.));
#4054 = DIRECTION('',(0.,1.,0.));
#4055 = DIRECTION('',(0.,0.,1.));
#4056 = ADVANCED_FACE('',(#4057),#4063,.F.);
#4057 = FACE_BOUND('',#4058,.F.);
#4058 = EDGE_LOOP('',(#4059,#4060,#4061,#4062));
#4059 = ORIENTED_EDGE('',*,*,#1580,.F.);
#4060 = ORIENTED_EDGE('',*,*,#4038,.T.);
#4061 = ORIENTED_EDGE('',*,*,#2866,.T.);
#4062 = ORIENTED_EDGE('',*,*,#1622,.F.);
#4063 = PLANE('',#4064);
#4064 = AXIS2_PLACEMENT_3D('',#4065,#4066,#4067);
#4065 = CARTESIAN_POINT('',(20.,244.,31.));
#4066 = DIRECTION('',(0.,0.,1.));
#4067 = DIRECTION('',(1.,0.,0.));
#4068 = ADVANCED_FACE('',(#4069),#4080,.T.);
#4069 = FACE_BOUND('',#4070,.T.);
#4070 = EDGE_LOOP('',(#4071,#4072,#4073,#4074));
#4071 = ORIENTED_EDGE('',*,*,#2883,.F.);
#4072 = ORIENTED_EDGE('',*,*,#2929,.F.);
#4073 = ORIENTED_EDGE('',*,*,#1549,.T.);
#4074 = ORIENTED_EDGE('',*,*,#4075,.T.);
#4075 = EDGE_CURVE('',#1541,#2884,#4076,.T.);
#4076 = LINE('',#4077,#4078);
#4077 = CARTESIAN_POINT('',(20.,255.,37.5));
#4078 = VECTOR('',#4079,1.);
#4079 = DIRECTION('',(1.,0.,0.));
#4080 = PLANE('',#4081);
#4081 = AXIS2_PLACEMENT_3D('',#4082,#4083,#4084);
#4082 = CARTESIAN_POINT('',(20.,255.,31.));
#4083 = DIRECTION('',(0.,1.,0.));
#4084 = DIRECTION('',(0.,0.,1.));
#4085 = ADVANCED_FACE('',(#4086),#4099,.T.);
#4086 = FACE_BOUND('',#4087,.T.);
#4087 = EDGE_LOOP('',(#4088,#4089,#4090,#4091,#4092,#4098));
#4088 = ORIENTED_EDGE('',*,*,#2891,.F.);
#4089 = ORIENTED_EDGE('',*,*,#4075,.F.);
#4090 = ORIENTED_EDGE('',*,*,#1540,.T.);
#4091 = ORIENTED_EDGE('',*,*,#1531,.T.);
#4092 = ORIENTED_EDGE('',*,*,#4093,.T.);
#4093 = EDGE_CURVE('',#1524,#2851,#4094,.T.);
#4094 = LINE('',#4095,#4096);
#4095 = CARTESIAN_POINT('',(20.,248.,44.5));
#4096 = VECTOR('',#4097,1.);
#4097 = DIRECTION('',(1.,0.,0.));
#4098 = ORIENTED_EDGE('',*,*,#2900,.F.);
#4099 = CYLINDRICAL_SURFACE('',#4100,7.);
#4100 = AXIS2_PLACEMENT_3D('',#4101,#4102,#4103);
#4101 = CARTESIAN_POINT('',(20.,255.,44.5));
#4102 = DIRECTION('',(1.,0.,0.));
#4103 = DIRECTION('',(0.,0.,1.));
#4104 = ADVANCED_FACE('',(#4105),#4111,.T.);
#4105 = FACE_BOUND('',#4106,.T.);
#4106 = EDGE_LOOP('',(#4107,#4108,#4109,#4110));
#4107 = ORIENTED_EDGE('',*,*,#1523,.F.);
#4108 = ORIENTED_EDGE('',*,*,#4045,.T.);
#4109 = ORIENTED_EDGE('',*,*,#2848,.T.);
#4110 = ORIENTED_EDGE('',*,*,#4093,.F.);
#4111 = PLANE('',#4112);
#4112 = AXIS2_PLACEMENT_3D('',#4113,#4114,#4115);
#4113 = CARTESIAN_POINT('',(20.,244.,44.5));
#4114 = DIRECTION('',(0.,0.,1.));
#4115 = DIRECTION('',(1.,0.,0.));
#4116 = ADVANCED_FACE('',(#4117),#4128,.F.);
#4117 = FACE_BOUND('',#4118,.F.);
#4118 = EDGE_LOOP('',(#4119,#4120,#4126,#4127));
#4119 = ORIENTED_EDGE('',*,*,#2909,.F.);
#4120 = ORIENTED_EDGE('',*,*,#4121,.F.);
#4121 = EDGE_CURVE('',#1589,#2910,#4122,.T.);
#4122 = LINE('',#4123,#4124);
#4123 = CARTESIAN_POINT('',(19.,255.,46.7));
#4124 = VECTOR('',#4125,1.);
#4125 = DIRECTION('',(1.,0.,0.));
#4126 = ORIENTED_EDGE('',*,*,#1588,.T.);
#4127 = ORIENTED_EDGE('',*,*,#4121,.T.);
#4128 = CYLINDRICAL_SURFACE('',#4129,2.2);
#4129 = AXIS2_PLACEMENT_3D('',#4130,#4131,#4132);
#4130 = CARTESIAN_POINT('',(19.,255.,44.5));
#4131 = DIRECTION('',(1.,0.,0.));
#4132 = DIRECTION('',(0.,0.,1.));
#4133 = ADVANCED_FACE('',(#4134),#4159,.F.);
#4134 = FACE_BOUND('',#4135,.F.);
#4135 = EDGE_LOOP('',(#4136,#4144,#4145,#4153));
#4136 = ORIENTED_EDGE('',*,*,#4137,.F.);
#4137 = EDGE_CURVE('',#89,#4138,#4140,.T.);
#4138 = VERTEX_POINT('',#4139);
#4139 = CARTESIAN_POINT('',(259.,11.316624790355,39.));
#4140 = LINE('',#4141,#4142);
#4141 = CARTESIAN_POINT('',(259.,11.316624790355,0.));
#4142 = VECTOR('',#4143,1.);
#4143 = DIRECTION('',(0.,0.,1.));
#4144 = ORIENTED_EDGE('',*,*,#97,.T.);
#4145 = ORIENTED_EDGE('',*,*,#4146,.T.);
#4146 = EDGE_CURVE('',#98,#4147,#4149,.T.);
#4147 = VERTEX_POINT('',#4148);
#4148 = CARTESIAN_POINT('',(259.,177.68337520964,39.));
#4149 = LINE('',#4150,#4151);
#4150 = CARTESIAN_POINT('',(259.,177.68337520964,0.));
#4151 = VECTOR('',#4152,1.);
#4152 = DIRECTION('',(0.,0.,1.));
#4153 = ORIENTED_EDGE('',*,*,#4154,.F.);
#4154 = EDGE_CURVE('',#4138,#4147,#4155,.T.);
#4155 = LINE('',#4156,#4157);
#4156 = CARTESIAN_POINT('',(259.,1.5,39.));
#4157 = VECTOR('',#4158,1.);
#4158 = DIRECTION('',(0.,1.,0.));
#4159 = PLANE('',#4160);
#4160 = AXIS2_PLACEMENT_3D('',#4161,#4162,#4163);
#4161 = CARTESIAN_POINT('',(259.,3.,3.));
#4162 = DIRECTION('',(1.,0.,0.));
#4163 = DIRECTION('',(0.,0.,1.));
#4164 = ADVANCED_FACE('',(#4165),#4184,.F.);
#4165 = FACE_BOUND('',#4166,.F.);
#4166 = EDGE_LOOP('',(#4167,#4168,#4176,#4183));
#4167 = ORIENTED_EDGE('',*,*,#183,.F.);
#4168 = ORIENTED_EDGE('',*,*,#4169,.F.);
#4169 = EDGE_CURVE('',#4170,#184,#4172,.T.);
#4170 = VERTEX_POINT('',#4171);
#4171 = CARTESIAN_POINT('',(13.1,45.,0.));
#4172 = LINE('',#4173,#4174);
#4173 = CARTESIAN_POINT('',(13.1,45.,-1.));
#4174 = VECTOR('',#4175,1.);
#4175 = DIRECTION('',(0.,0.,1.));
#4176 = ORIENTED_EDGE('',*,*,#4177,.T.);
#4177 = EDGE_CURVE('',#4170,#4170,#4178,.T.);
#4178 = CIRCLE('',#4179,4.1);
#4179 = AXIS2_PLACEMENT_3D('',#4180,#4181,#4182);
#4180 = CARTESIAN_POINT('',(9.,45.,0.));
#4181 = DIRECTION('',(0.,0.,1.));
#4182 = DIRECTION('',(1.,0.,0.));
#4183 = ORIENTED_EDGE('',*,*,#4169,.T.);
#4184 = CYLINDRICAL_SURFACE('',#4185,4.1);
#4185 = AXIS2_PLACEMENT_3D('',#4186,#4187,#4188);
#4186 = CARTESIAN_POINT('',(9.,45.,-1.));
#4187 = DIRECTION('',(0.,0.,1.));
#4188 = DIRECTION('',(1.,0.,0.));
#4189 = ADVANCED_FACE('',(#4190),#4209,.F.);
#4190 = FACE_BOUND('',#4191,.F.);
#4191 = EDGE_LOOP('',(#4192,#4193,#4201,#4208));
#4192 = ORIENTED_EDGE('',*,*,#194,.F.);
#4193 = ORIENTED_EDGE('',*,*,#4194,.F.);
#4194 = EDGE_CURVE('',#4195,#195,#4197,.T.);
#4195 = VERTEX_POINT('',#4196);
#4196 = CARTESIAN_POINT('',(257.1,45.,0.));
#4197 = LINE('',#4198,#4199);
#4198 = CARTESIAN_POINT('',(257.1,45.,-1.));
#4199 = VECTOR('',#4200,1.);
#4200 = DIRECTION('',(0.,0.,1.));
#4201 = ORIENTED_EDGE('',*,*,#4202,.T.);
#4202 = EDGE_CURVE('',#4195,#4195,#4203,.T.);
#4203 = CIRCLE('',#4204,4.1);
#4204 = AXIS2_PLACEMENT_3D('',#4205,#4206,#4207);
#4205 = CARTESIAN_POINT('',(253.,45.,0.));
#4206 = DIRECTION('',(0.,0.,1.));
#4207 = DIRECTION('',(1.,0.,0.));
#4208 = ORIENTED_EDGE('',*,*,#4194,.T.);
#4209 = CYLINDRICAL_SURFACE('',#4210,4.1);
#4210 = AXIS2_PLACEMENT_3D('',#4211,#4212,#4213);
#4211 = CARTESIAN_POINT('',(253.,45.,-1.));
#4212 = DIRECTION('',(0.,0.,1.));
#4213 = DIRECTION('',(1.,0.,0.));
#4214 = ADVANCED_FACE('',(#4215),#4234,.F.);
#4215 = FACE_BOUND('',#4216,.F.);
#4216 = EDGE_LOOP('',(#4217,#4218,#4226,#4233));
#4217 = ORIENTED_EDGE('',*,*,#205,.F.);
#4218 = ORIENTED_EDGE('',*,*,#4219,.F.);
#4219 = EDGE_CURVE('',#4220,#206,#4222,.T.);
#4220 = VERTEX_POINT('',#4221);
#4221 = CARTESIAN_POINT('',(13.1,145.,0.));
#4222 = LINE('',#4223,#4224);
#4223 = CARTESIAN_POINT('',(13.1,145.,-1.));
#4224 = VECTOR('',#4225,1.);
#4225 = DIRECTION('',(0.,0.,1.));
#4226 = ORIENTED_EDGE('',*,*,#4227,.T.);
#4227 = EDGE_CURVE('',#4220,#4220,#4228,.T.);
#4228 = CIRCLE('',#4229,4.1);
#4229 = AXIS2_PLACEMENT_3D('',#4230,#4231,#4232);
#4230 = CARTESIAN_POINT('',(9.,145.,0.));
#4231 = DIRECTION('',(0.,0.,1.));
#4232 = DIRECTION('',(1.,0.,0.));
#4233 = ORIENTED_EDGE('',*,*,#4219,.T.);
#4234 = CYLINDRICAL_SURFACE('',#4235,4.1);
#4235 = AXIS2_PLACEMENT_3D('',#4236,#4237,#4238);
#4236 = CARTESIAN_POINT('',(9.,145.,-1.));
#4237 = DIRECTION('',(0.,0.,1.));
#4238 = DIRECTION('',(1.,0.,0.));
#4239 = ADVANCED_FACE('',(#4240),#4259,.F.);
#4240 = FACE_BOUND('',#4241,.F.);
#4241 = EDGE_LOOP('',(#4242,#4243,#4251,#4258));
#4242 = ORIENTED_EDGE('',*,*,#216,.F.);
#4243 = ORIENTED_EDGE('',*,*,#4244,.F.);
#4244 = EDGE_CURVE('',#4245,#217,#4247,.T.);
#4245 = VERTEX_POINT('',#4246);
#4246 = CARTESIAN_POINT('',(45.95,191.5,0.));
#4247 = LINE('',#4248,#4249);
#4248 = CARTESIAN_POINT('',(45.95,191.5,-1.));
#4249 = VECTOR('',#4250,1.);
#4250 = DIRECTION('',(0.,0.,1.));
#4251 = ORIENTED_EDGE('',*,*,#4252,.T.);
#4252 = EDGE_CURVE('',#4245,#4245,#4253,.T.);
#4253 = CIRCLE('',#4254,1.45);
#4254 = AXIS2_PLACEMENT_3D('',#4255,#4256,#4257);
#4255 = CARTESIAN_POINT('',(44.5,191.5,0.));
#4256 = DIRECTION('',(0.,0.,1.));
#4257 = DIRECTION('',(1.,0.,0.));
#4258 = ORIENTED_EDGE('',*,*,#4244,.T.);
#4259 = CYLINDRICAL_SURFACE('',#4260,1.45);
#4260 = AXIS2_PLACEMENT_3D('',#4261,#4262,#4263);
#4261 = CARTESIAN_POINT('',(44.5,191.5,-1.));
#4262 = DIRECTION('',(0.,0.,1.));
#4263 = DIRECTION('',(1.,0.,0.));
#4264 = ADVANCED_FACE('',(#4265),#4284,.F.);
#4265 = FACE_BOUND('',#4266,.F.);
#4266 = EDGE_LOOP('',(#4267,#4268,#4276,#4283));
#4267 = ORIENTED_EDGE('',*,*,#227,.F.);
#4268 = ORIENTED_EDGE('',*,*,#4269,.F.);
#4269 = EDGE_CURVE('',#4270,#228,#4272,.T.);
#4270 = VERTEX_POINT('',#4271);
#4271 = CARTESIAN_POINT('',(103.95,191.5,0.));
#4272 = LINE('',#4273,#4274);
#4273 = CARTESIAN_POINT('',(103.95,191.5,-1.));
#4274 = VECTOR('',#4275,1.);
#4275 = DIRECTION('',(0.,0.,1.));
#4276 = ORIENTED_EDGE('',*,*,#4277,.T.);
#4277 = EDGE_CURVE('',#4270,#4270,#4278,.T.);
#4278 = CIRCLE('',#4279,1.45);
#4279 = AXIS2_PLACEMENT_3D('',#4280,#4281,#4282);
#4280 = CARTESIAN_POINT('',(102.5,191.5,0.));
#4281 = DIRECTION('',(0.,0.,1.));
#4282 = DIRECTION('',(1.,0.,0.));
#4283 = ORIENTED_EDGE('',*,*,#4269,.T.);
#4284 = CYLINDRICAL_SURFACE('',#4285,1.45);
#4285 = AXIS2_PLACEMENT_3D('',#4286,#4287,#4288);
#4286 = CARTESIAN_POINT('',(102.5,191.5,-1.));
#4287 = DIRECTION('',(0.,0.,1.));
#4288 = DIRECTION('',(1.,0.,0.));
#4289 = ADVANCED_FACE('',(#4290),#4315,.T.);
#4290 = FACE_BOUND('',#4291,.T.);
#4291 = EDGE_LOOP('',(#4292,#4300,#4308,#4314));
#4292 = ORIENTED_EDGE('',*,*,#4293,.F.);
#4293 = EDGE_CURVE('',#4294,#239,#4296,.T.);
#4294 = VERTEX_POINT('',#4295);
#4295 = CARTESIAN_POINT('',(53.,205.,0.));
#4296 = LINE('',#4297,#4298);
#4297 = CARTESIAN_POINT('',(53.,205.,-1.));
#4298 = VECTOR('',#4299,1.);
#4299 = DIRECTION('',(0.,0.,1.));
#4300 = ORIENTED_EDGE('',*,*,#4301,.T.);
#4301 = EDGE_CURVE('',#4294,#4302,#4304,.T.);
#4302 = VERTEX_POINT('',#4303);
#4303 = CARTESIAN_POINT('',(50.,205.,0.));
#4304 = LINE('',#4305,#4306);
#4305 = CARTESIAN_POINT('',(25.,205.,0.));
#4306 = VECTOR('',#4307,1.);
#4307 = DIRECTION('',(-1.,0.,0.));
#4308 = ORIENTED_EDGE('',*,*,#4309,.T.);
#4309 = EDGE_CURVE('',#4302,#241,#4310,.T.);
#4310 = LINE('',#4311,#4312);
#4311 = CARTESIAN_POINT('',(50.,205.,-1.));
#4312 = VECTOR('',#4313,1.);
#4313 = DIRECTION('',(0.,0.,1.));
#4314 = ORIENTED_EDGE('',*,*,#238,.F.);
#4315 = PLANE('',#4316);
#4316 = AXIS2_PLACEMENT_3D('',#4317,#4318,#4319);
#4317 = CARTESIAN_POINT('',(50.,205.,-1.));
#4318 = DIRECTION('',(0.,1.,0.));
#4319 = DIRECTION('',(0.,0.,1.));
#4320 = ADVANCED_FACE('',(#4321),#4339,.F.);
#4321 = FACE_BOUND('',#4322,.F.);
#4322 = EDGE_LOOP('',(#4323,#4324,#4332,#4338));
#4323 = ORIENTED_EDGE('',*,*,#4293,.F.);
#4324 = ORIENTED_EDGE('',*,*,#4325,.T.);
#4325 = EDGE_CURVE('',#4294,#4326,#4328,.T.);
#4326 = VERTEX_POINT('',#4327);
#4327 = CARTESIAN_POINT('',(53.,232.,0.));
#4328 = LINE('',#4329,#4330);
#4329 = CARTESIAN_POINT('',(53.,102.5,0.));
#4330 = VECTOR('',#4331,1.);
#4331 = DIRECTION('',(0.,1.,0.));
#4332 = ORIENTED_EDGE('',*,*,#4333,.T.);
#4333 = EDGE_CURVE('',#4326,#257,#4334,.T.);
#4334 = LINE('',#4335,#4336);
#4335 = CARTESIAN_POINT('',(53.,232.,-1.));
#4336 = VECTOR('',#4337,1.);
#4337 = DIRECTION('',(0.,0.,1.));
#4338 = ORIENTED_EDGE('',*,*,#264,.F.);
#4339 = PLANE('',#4340);
#4340 = AXIS2_PLACEMENT_3D('',#4341,#4342,#4343);
#4341 = CARTESIAN_POINT('',(53.,205.,-1.));
#4342 = DIRECTION('',(1.,0.,0.));
#4343 = DIRECTION('',(0.,0.,1.));
#4344 = ADVANCED_FACE('',(#4345),#4363,.T.);
#4345 = FACE_BOUND('',#4346,.T.);
#4346 = EDGE_LOOP('',(#4347,#4348,#4356,#4362));
#4347 = ORIENTED_EDGE('',*,*,#4309,.F.);
#4348 = ORIENTED_EDGE('',*,*,#4349,.T.);
#4349 = EDGE_CURVE('',#4302,#4350,#4352,.T.);
#4350 = VERTEX_POINT('',#4351);
#4351 = CARTESIAN_POINT('',(50.,232.,0.));
#4352 = LINE('',#4353,#4354);
#4353 = CARTESIAN_POINT('',(50.,102.5,0.));
#4354 = VECTOR('',#4355,1.);
#4355 = DIRECTION('',(0.,1.,0.));
#4356 = ORIENTED_EDGE('',*,*,#4357,.T.);
#4357 = EDGE_CURVE('',#4350,#249,#4358,.T.);
#4358 = LINE('',#4359,#4360);
#4359 = CARTESIAN_POINT('',(50.,232.,-1.));
#4360 = VECTOR('',#4361,1.);
#4361 = DIRECTION('',(0.,0.,1.));
#4362 = ORIENTED_EDGE('',*,*,#248,.F.);
#4363 = PLANE('',#4364);
#4364 = AXIS2_PLACEMENT_3D('',#4365,#4366,#4367);
#4365 = CARTESIAN_POINT('',(50.,205.,-1.));
#4366 = DIRECTION('',(1.,0.,0.));
#4367 = DIRECTION('',(0.,0.,1.));
#4368 = ADVANCED_FACE('',(#4369),#4380,.F.);
#4369 = FACE_BOUND('',#4370,.F.);
#4370 = EDGE_LOOP('',(#4371,#4372,#4378,#4379));
#4371 = ORIENTED_EDGE('',*,*,#4333,.F.);
#4372 = ORIENTED_EDGE('',*,*,#4373,.T.);
#4373 = EDGE_CURVE('',#4326,#4350,#4374,.T.);
#4374 = LINE('',#4375,#4376);
#4375 = CARTESIAN_POINT('',(25.,232.,0.));
#4376 = VECTOR('',#4377,1.);
#4377 = DIRECTION('',(-1.,0.,0.));
#4378 = ORIENTED_EDGE('',*,*,#4357,.T.);
#4379 = ORIENTED_EDGE('',*,*,#256,.F.);
#4380 = PLANE('',#4381);
#4381 = AXIS2_PLACEMENT_3D('',#4382,#4383,#4384);
#4382 = CARTESIAN_POINT('',(50.,232.,-1.));
#4383 = DIRECTION('',(0.,1.,0.));
#4384 = DIRECTION('',(0.,0.,1.));
#4385 = ADVANCED_FACE('',(#4386),#4411,.T.);
#4386 = FACE_BOUND('',#4387,.T.);
#4387 = EDGE_LOOP('',(#4388,#4396,#4404,#4410));
#4388 = ORIENTED_EDGE('',*,*,#4389,.F.);
#4389 = EDGE_CURVE('',#4390,#273,#4392,.T.);
#4390 = VERTEX_POINT('',#4391);
#4391 = CARTESIAN_POINT('',(60.,205.,0.));
#4392 = LINE('',#4393,#4394);
#4393 = CARTESIAN_POINT('',(60.,205.,-1.));
#4394 = VECTOR('',#4395,1.);
#4395 = DIRECTION('',(0.,0.,1.));
#4396 = ORIENTED_EDGE('',*,*,#4397,.T.);
#4397 = EDGE_CURVE('',#4390,#4398,#4400,.T.);
#4398 = VERTEX_POINT('',#4399);
#4399 = CARTESIAN_POINT('',(57.,205.,0.));
#4400 = LINE('',#4401,#4402);
#4401 = CARTESIAN_POINT('',(28.5,205.,0.));
#4402 = VECTOR('',#4403,1.);
#4403 = DIRECTION('',(-1.,0.,0.));
#4404 = ORIENTED_EDGE('',*,*,#4405,.T.);
#4405 = EDGE_CURVE('',#4398,#275,#4406,.T.);
#4406 = LINE('',#4407,#4408);
#4407 = CARTESIAN_POINT('',(57.,205.,-1.));
#4408 = VECTOR('',#4409,1.);
#4409 = DIRECTION('',(0.,0.,1.));
#4410 = ORIENTED_EDGE('',*,*,#272,.F.);
#4411 = PLANE('',#4412);
#4412 = AXIS2_PLACEMENT_3D('',#4413,#4414,#4415);
#4413 = CARTESIAN_POINT('',(57.,205.,-1.));
#4414 = DIRECTION('',(0.,1.,0.));
#4415 = DIRECTION('',(0.,0.,1.));
#4416 = ADVANCED_FACE('',(#4417),#4435,.F.);
#4417 = FACE_BOUND('',#4418,.F.);
#4418 = EDGE_LOOP('',(#4419,#4420,#4428,#4434));
#4419 = ORIENTED_EDGE('',*,*,#4389,.F.);
#4420 = ORIENTED_EDGE('',*,*,#4421,.T.);
#4421 = EDGE_CURVE('',#4390,#4422,#4424,.T.);
#4422 = VERTEX_POINT('',#4423);
#4423 = CARTESIAN_POINT('',(60.,232.,0.));
#4424 = LINE('',#4425,#4426);
#4425 = CARTESIAN_POINT('',(60.,102.5,0.));
#4426 = VECTOR('',#4427,1.);
#4427 = DIRECTION('',(0.,1.,0.));
#4428 = ORIENTED_EDGE('',*,*,#4429,.T.);
#4429 = EDGE_CURVE('',#4422,#291,#4430,.T.);
#4430 = LINE('',#4431,#4432);
#4431 = CARTESIAN_POINT('',(60.,232.,-1.));
#4432 = VECTOR('',#4433,1.);
#4433 = DIRECTION('',(0.,0.,1.));
#4434 = ORIENTED_EDGE('',*,*,#298,.F.);
#4435 = PLANE('',#4436);
#4436 = AXIS2_PLACEMENT_3D('',#4437,#4438,#4439);
#4437 = CARTESIAN_POINT('',(60.,205.,-1.));
#4438 = DIRECTION('',(1.,0.,0.));
#4439 = DIRECTION('',(0.,0.,1.));
#4440 = ADVANCED_FACE('',(#4441),#4459,.T.);
#4441 = FACE_BOUND('',#4442,.T.);
#4442 = EDGE_LOOP('',(#4443,#4444,#4452,#4458));
#4443 = ORIENTED_EDGE('',*,*,#4405,.F.);
#4444 = ORIENTED_EDGE('',*,*,#4445,.T.);
#4445 = EDGE_CURVE('',#4398,#4446,#4448,.T.);
#4446 = VERTEX_POINT('',#4447);
#4447 = CARTESIAN_POINT('',(57.,232.,0.));
#4448 = LINE('',#4449,#4450);
#4449 = CARTESIAN_POINT('',(57.,102.5,0.));
#4450 = VECTOR('',#4451,1.);
#4451 = DIRECTION('',(0.,1.,0.));
#4452 = ORIENTED_EDGE('',*,*,#4453,.T.);
#4453 = EDGE_CURVE('',#4446,#283,#4454,.T.);
#4454 = LINE('',#4455,#4456);
#4455 = CARTESIAN_POINT('',(57.,232.,-1.));
#4456 = VECTOR('',#4457,1.);
#4457 = DIRECTION('',(0.,0.,1.));
#4458 = ORIENTED_EDGE('',*,*,#282,.F.);
#4459 = PLANE('',#4460);
#4460 = AXIS2_PLACEMENT_3D('',#4461,#4462,#4463);
#4461 = CARTESIAN_POINT('',(57.,205.,-1.));
#4462 = DIRECTION('',(1.,0.,0.));
#4463 = DIRECTION('',(0.,0.,1.));
#4464 = ADVANCED_FACE('',(#4465),#4476,.F.);
#4465 = FACE_BOUND('',#4466,.F.);
#4466 = EDGE_LOOP('',(#4467,#4468,#4474,#4475));
#4467 = ORIENTED_EDGE('',*,*,#4429,.F.);
#4468 = ORIENTED_EDGE('',*,*,#4469,.T.);
#4469 = EDGE_CURVE('',#4422,#4446,#4470,.T.);
#4470 = LINE('',#4471,#4472);
#4471 = CARTESIAN_POINT('',(28.5,232.,0.));
#4472 = VECTOR('',#4473,1.);
#4473 = DIRECTION('',(-1.,0.,0.));
#4474 = ORIENTED_EDGE('',*,*,#4453,.T.);
#4475 = ORIENTED_EDGE('',*,*,#290,.F.);
#4476 = PLANE('',#4477);
#4477 = AXIS2_PLACEMENT_3D('',#4478,#4479,#4480);
#4478 = CARTESIAN_POINT('',(57.,232.,-1.));
#4479 = DIRECTION('',(0.,1.,0.));
#4480 = DIRECTION('',(0.,0.,1.));
#4481 = ADVANCED_FACE('',(#4482),#4507,.T.);
#4482 = FACE_BOUND('',#4483,.T.);
#4483 = EDGE_LOOP('',(#4484,#4492,#4500,#4506));
#4484 = ORIENTED_EDGE('',*,*,#4485,.F.);
#4485 = EDGE_CURVE('',#4486,#307,#4488,.T.);
#4486 = VERTEX_POINT('',#4487);
#4487 = CARTESIAN_POINT('',(67.,205.,0.));
#4488 = LINE('',#4489,#4490);
#4489 = CARTESIAN_POINT('',(67.,205.,-1.));
#4490 = VECTOR('',#4491,1.);
#4491 = DIRECTION('',(0.,0.,1.));
#4492 = ORIENTED_EDGE('',*,*,#4493,.T.);
#4493 = EDGE_CURVE('',#4486,#4494,#4496,.T.);
#4494 = VERTEX_POINT('',#4495);
#4495 = CARTESIAN_POINT('',(64.,205.,0.));
#4496 = LINE('',#4497,#4498);
#4497 = CARTESIAN_POINT('',(32.,205.,0.));
#4498 = VECTOR('',#4499,1.);
#4499 = DIRECTION('',(-1.,0.,0.));
#4500 = ORIENTED_EDGE('',*,*,#4501,.T.);
#4501 = EDGE_CURVE('',#4494,#309,#4502,.T.);
#4502 = LINE('',#4503,#4504);
#4503 = CARTESIAN_POINT('',(64.,205.,-1.));
#4504 = VECTOR('',#4505,1.);
#4505 = DIRECTION('',(0.,0.,1.));
#4506 = ORIENTED_EDGE('',*,*,#306,.F.);
#4507 = PLANE('',#4508);
#4508 = AXIS2_PLACEMENT_3D('',#4509,#4510,#4511);
#4509 = CARTESIAN_POINT('',(64.,205.,-1.));
#4510 = DIRECTION('',(0.,1.,0.));
#4511 = DIRECTION('',(0.,0.,1.));
#4512 = ADVANCED_FACE('',(#4513),#4531,.F.);
#4513 = FACE_BOUND('',#4514,.F.);
#4514 = EDGE_LOOP('',(#4515,#4516,#4524,#4530));
#4515 = ORIENTED_EDGE('',*,*,#4485,.F.);
#4516 = ORIENTED_EDGE('',*,*,#4517,.T.);
#4517 = EDGE_CURVE('',#4486,#4518,#4520,.T.);
#4518 = VERTEX_POINT('',#4519);
#4519 = CARTESIAN_POINT('',(67.,232.,0.));
#4520 = LINE('',#4521,#4522);
#4521 = CARTESIAN_POINT('',(67.,102.5,0.));
#4522 = VECTOR('',#4523,1.);
#4523 = DIRECTION('',(0.,1.,0.));
#4524 = ORIENTED_EDGE('',*,*,#4525,.T.);
#4525 = EDGE_CURVE('',#4518,#325,#4526,.T.);
#4526 = LINE('',#4527,#4528);
#4527 = CARTESIAN_POINT('',(67.,232.,-1.));
#4528 = VECTOR('',#4529,1.);
#4529 = DIRECTION('',(0.,0.,1.));
#4530 = ORIENTED_EDGE('',*,*,#332,.F.);
#4531 = PLANE('',#4532);
#4532 = AXIS2_PLACEMENT_3D('',#4533,#4534,#4535);
#4533 = CARTESIAN_POINT('',(67.,205.,-1.));
#4534 = DIRECTION('',(1.,0.,0.));
#4535 = DIRECTION('',(0.,0.,1.));
#4536 = ADVANCED_FACE('',(#4537),#4555,.T.);
#4537 = FACE_BOUND('',#4538,.T.);
#4538 = EDGE_LOOP('',(#4539,#4540,#4548,#4554));
#4539 = ORIENTED_EDGE('',*,*,#4501,.F.);
#4540 = ORIENTED_EDGE('',*,*,#4541,.T.);
#4541 = EDGE_CURVE('',#4494,#4542,#4544,.T.);
#4542 = VERTEX_POINT('',#4543);
#4543 = CARTESIAN_POINT('',(64.,232.,0.));
#4544 = LINE('',#4545,#4546);
#4545 = CARTESIAN_POINT('',(64.,102.5,0.));
#4546 = VECTOR('',#4547,1.);
#4547 = DIRECTION('',(0.,1.,0.));
#4548 = ORIENTED_EDGE('',*,*,#4549,.T.);
#4549 = EDGE_CURVE('',#4542,#317,#4550,.T.);
#4550 = LINE('',#4551,#4552);
#4551 = CARTESIAN_POINT('',(64.,232.,-1.));
#4552 = VECTOR('',#4553,1.);
#4553 = DIRECTION('',(0.,0.,1.));
#4554 = ORIENTED_EDGE('',*,*,#316,.F.);
#4555 = PLANE('',#4556);
#4556 = AXIS2_PLACEMENT_3D('',#4557,#4558,#4559);
#4557 = CARTESIAN_POINT('',(64.,205.,-1.));
#4558 = DIRECTION('',(1.,0.,0.));
#4559 = DIRECTION('',(0.,0.,1.));
#4560 = ADVANCED_FACE('',(#4561),#4572,.F.);
#4561 = FACE_BOUND('',#4562,.F.);
#4562 = EDGE_LOOP('',(#4563,#4564,#4570,#4571));
#4563 = ORIENTED_EDGE('',*,*,#4525,.F.);
#4564 = ORIENTED_EDGE('',*,*,#4565,.T.);
#4565 = EDGE_CURVE('',#4518,#4542,#4566,.T.);
#4566 = LINE('',#4567,#4568);
#4567 = CARTESIAN_POINT('',(32.,232.,0.));
#4568 = VECTOR('',#4569,1.);
#4569 = DIRECTION('',(-1.,0.,0.));
#4570 = ORIENTED_EDGE('',*,*,#4549,.T.);
#4571 = ORIENTED_EDGE('',*,*,#324,.F.);
#4572 = PLANE('',#4573);
#4573 = AXIS2_PLACEMENT_3D('',#4574,#4575,#4576);
#4574 = CARTESIAN_POINT('',(64.,232.,-1.));
#4575 = DIRECTION('',(0.,1.,0.));
#4576 = DIRECTION('',(0.,0.,1.));
#4577 = ADVANCED_FACE('',(#4578),#4597,.F.);
#4578 = FACE_BOUND('',#4579,.F.);
#4579 = EDGE_LOOP('',(#4580,#4581,#4589,#4596));
#4580 = ORIENTED_EDGE('',*,*,#340,.F.);
#4581 = ORIENTED_EDGE('',*,*,#4582,.F.);
#4582 = EDGE_CURVE('',#4583,#341,#4585,.T.);
#4583 = VERTEX_POINT('',#4584);
#4584 = CARTESIAN_POINT('',(45.95,240.5,0.));
#4585 = LINE('',#4586,#4587);
#4586 = CARTESIAN_POINT('',(45.95,240.5,-1.));
#4587 = VECTOR('',#4588,1.);
#4588 = DIRECTION('',(0.,0.,1.));
#4589 = ORIENTED_EDGE('',*,*,#4590,.T.);
#4590 = EDGE_CURVE('',#4583,#4583,#4591,.T.);
#4591 = CIRCLE('',#4592,1.45);
#4592 = AXIS2_PLACEMENT_3D('',#4593,#4594,#4595);
#4593 = CARTESIAN_POINT('',(44.5,240.5,0.));
#4594 = DIRECTION('',(0.,0.,1.));
#4595 = DIRECTION('',(1.,0.,0.));
#4596 = ORIENTED_EDGE('',*,*,#4582,.T.);
#4597 = CYLINDRICAL_SURFACE('',#4598,1.45);
#4598 = AXIS2_PLACEMENT_3D('',#4599,#4600,#4601);
#4599 = CARTESIAN_POINT('',(44.5,240.5,-1.));
#4600 = DIRECTION('',(0.,0.,1.));
#4601 = DIRECTION('',(1.,0.,0.));
#4602 = ADVANCED_FACE('',(#4603),#4628,.T.);
#4603 = FACE_BOUND('',#4604,.T.);
#4604 = EDGE_LOOP('',(#4605,#4613,#4621,#4627));
#4605 = ORIENTED_EDGE('',*,*,#4606,.F.);
#4606 = EDGE_CURVE('',#4607,#352,#4609,.T.);
#4607 = VERTEX_POINT('',#4608);
#4608 = CARTESIAN_POINT('',(74.,205.,0.));
#4609 = LINE('',#4610,#4611);
#4610 = CARTESIAN_POINT('',(74.,205.,-1.));
#4611 = VECTOR('',#4612,1.);
#4612 = DIRECTION('',(0.,0.,1.));
#4613 = ORIENTED_EDGE('',*,*,#4614,.T.);
#4614 = EDGE_CURVE('',#4607,#4615,#4617,.T.);
#4615 = VERTEX_POINT('',#4616);
#4616 = CARTESIAN_POINT('',(71.,205.,0.));
#4617 = LINE('',#4618,#4619);
#4618 = CARTESIAN_POINT('',(35.5,205.,0.));
#4619 = VECTOR('',#4620,1.);
#4620 = DIRECTION('',(-1.,0.,0.));
#4621 = ORIENTED_EDGE('',*,*,#4622,.T.);
#4622 = EDGE_CURVE('',#4615,#354,#4623,.T.);
#4623 = LINE('',#4624,#4625);
#4624 = CARTESIAN_POINT('',(71.,205.,-1.));
#4625 = VECTOR('',#4626,1.);
#4626 = DIRECTION('',(0.,0.,1.));
#4627 = ORIENTED_EDGE('',*,*,#351,.F.);
#4628 = PLANE('',#4629);
#4629 = AXIS2_PLACEMENT_3D('',#4630,#4631,#4632);
#4630 = CARTESIAN_POINT('',(71.,205.,-1.));
#4631 = DIRECTION('',(0.,1.,0.));
#4632 = DIRECTION('',(0.,0.,1.));
#4633 = ADVANCED_FACE('',(#4634),#4652,.F.);
#4634 = FACE_BOUND('',#4635,.F.);
#4635 = EDGE_LOOP('',(#4636,#4637,#4645,#4651));
#4636 = ORIENTED_EDGE('',*,*,#4606,.F.);
#4637 = ORIENTED_EDGE('',*,*,#4638,.T.);
#4638 = EDGE_CURVE('',#4607,#4639,#4641,.T.);
#4639 = VERTEX_POINT('',#4640);
#4640 = CARTESIAN_POINT('',(74.,232.,0.));
#4641 = LINE('',#4642,#4643);
#4642 = CARTESIAN_POINT('',(74.,102.5,0.));
#4643 = VECTOR('',#4644,1.);
#4644 = DIRECTION('',(0.,1.,0.));
#4645 = ORIENTED_EDGE('',*,*,#4646,.T.);
#4646 = EDGE_CURVE('',#4639,#370,#4647,.T.);
#4647 = LINE('',#4648,#4649);
#4648 = CARTESIAN_POINT('',(74.,232.,-1.));
#4649 = VECTOR('',#4650,1.);
#4650 = DIRECTION('',(0.,0.,1.));
#4651 = ORIENTED_EDGE('',*,*,#377,.F.);
#4652 = PLANE('',#4653);
#4653 = AXIS2_PLACEMENT_3D('',#4654,#4655,#4656);
#4654 = CARTESIAN_POINT('',(74.,205.,-1.));
#4655 = DIRECTION('',(1.,0.,0.));
#4656 = DIRECTION('',(0.,0.,1.));
#4657 = ADVANCED_FACE('',(#4658),#4676,.T.);
#4658 = FACE_BOUND('',#4659,.T.);
#4659 = EDGE_LOOP('',(#4660,#4661,#4669,#4675));
#4660 = ORIENTED_EDGE('',*,*,#4622,.F.);
#4661 = ORIENTED_EDGE('',*,*,#4662,.T.);
#4662 = EDGE_CURVE('',#4615,#4663,#4665,.T.);
#4663 = VERTEX_POINT('',#4664);
#4664 = CARTESIAN_POINT('',(71.,232.,0.));
#4665 = LINE('',#4666,#4667);
#4666 = CARTESIAN_POINT('',(71.,102.5,0.));
#4667 = VECTOR('',#4668,1.);
#4668 = DIRECTION('',(0.,1.,0.));
#4669 = ORIENTED_EDGE('',*,*,#4670,.T.);
#4670 = EDGE_CURVE('',#4663,#362,#4671,.T.);
#4671 = LINE('',#4672,#4673);
#4672 = CARTESIAN_POINT('',(71.,232.,-1.));
#4673 = VECTOR('',#4674,1.);
#4674 = DIRECTION('',(0.,0.,1.));
#4675 = ORIENTED_EDGE('',*,*,#361,.F.);
#4676 = PLANE('',#4677);
#4677 = AXIS2_PLACEMENT_3D('',#4678,#4679,#4680);
#4678 = CARTESIAN_POINT('',(71.,205.,-1.));
#4679 = DIRECTION('',(1.,0.,0.));
#4680 = DIRECTION('',(0.,0.,1.));
#4681 = ADVANCED_FACE('',(#4682),#4693,.F.);
#4682 = FACE_BOUND('',#4683,.F.);
#4683 = EDGE_LOOP('',(#4684,#4685,#4691,#4692));
#4684 = ORIENTED_EDGE('',*,*,#4646,.F.);
#4685 = ORIENTED_EDGE('',*,*,#4686,.T.);
#4686 = EDGE_CURVE('',#4639,#4663,#4687,.T.);
#4687 = LINE('',#4688,#4689);
#4688 = CARTESIAN_POINT('',(35.5,232.,0.));
#4689 = VECTOR('',#4690,1.);
#4690 = DIRECTION('',(-1.,0.,0.));
#4691 = ORIENTED_EDGE('',*,*,#4670,.T.);
#4692 = ORIENTED_EDGE('',*,*,#369,.F.);
#4693 = PLANE('',#4694);
#4694 = AXIS2_PLACEMENT_3D('',#4695,#4696,#4697);
#4695 = CARTESIAN_POINT('',(71.,232.,-1.));
#4696 = DIRECTION('',(0.,1.,0.));
#4697 = DIRECTION('',(0.,0.,1.));
#4698 = ADVANCED_FACE('',(#4699),#4724,.T.);
#4699 = FACE_BOUND('',#4700,.T.);
#4700 = EDGE_LOOP('',(#4701,#4709,#4717,#4723));
#4701 = ORIENTED_EDGE('',*,*,#4702,.F.);
#4702 = EDGE_CURVE('',#4703,#386,#4705,.T.);
#4703 = VERTEX_POINT('',#4704);
#4704 = CARTESIAN_POINT('',(81.,205.,0.));
#4705 = LINE('',#4706,#4707);
#4706 = CARTESIAN_POINT('',(81.,205.,-1.));
#4707 = VECTOR('',#4708,1.);
#4708 = DIRECTION('',(0.,0.,1.));
#4709 = ORIENTED_EDGE('',*,*,#4710,.T.);
#4710 = EDGE_CURVE('',#4703,#4711,#4713,.T.);
#4711 = VERTEX_POINT('',#4712);
#4712 = CARTESIAN_POINT('',(78.,205.,0.));
#4713 = LINE('',#4714,#4715);
#4714 = CARTESIAN_POINT('',(39.,205.,0.));
#4715 = VECTOR('',#4716,1.);
#4716 = DIRECTION('',(-1.,0.,0.));
#4717 = ORIENTED_EDGE('',*,*,#4718,.T.);
#4718 = EDGE_CURVE('',#4711,#388,#4719,.T.);
#4719 = LINE('',#4720,#4721);
#4720 = CARTESIAN_POINT('',(78.,205.,-1.));
#4721 = VECTOR('',#4722,1.);
#4722 = DIRECTION('',(0.,0.,1.));
#4723 = ORIENTED_EDGE('',*,*,#385,.F.);
#4724 = PLANE('',#4725);
#4725 = AXIS2_PLACEMENT_3D('',#4726,#4727,#4728);
#4726 = CARTESIAN_POINT('',(78.,205.,-1.));
#4727 = DIRECTION('',(0.,1.,0.));
#4728 = DIRECTION('',(0.,0.,1.));
#4729 = ADVANCED_FACE('',(#4730),#4748,.F.);
#4730 = FACE_BOUND('',#4731,.F.);
#4731 = EDGE_LOOP('',(#4732,#4733,#4741,#4747));
#4732 = ORIENTED_EDGE('',*,*,#4702,.F.);
#4733 = ORIENTED_EDGE('',*,*,#4734,.T.);
#4734 = EDGE_CURVE('',#4703,#4735,#4737,.T.);
#4735 = VERTEX_POINT('',#4736);
#4736 = CARTESIAN_POINT('',(81.,232.,0.));
#4737 = LINE('',#4738,#4739);
#4738 = CARTESIAN_POINT('',(81.,102.5,0.));
#4739 = VECTOR('',#4740,1.);
#4740 = DIRECTION('',(0.,1.,0.));
#4741 = ORIENTED_EDGE('',*,*,#4742,.T.);
#4742 = EDGE_CURVE('',#4735,#404,#4743,.T.);
#4743 = LINE('',#4744,#4745);
#4744 = CARTESIAN_POINT('',(81.,232.,-1.));
#4745 = VECTOR('',#4746,1.);
#4746 = DIRECTION('',(0.,0.,1.));
#4747 = ORIENTED_EDGE('',*,*,#411,.F.);
#4748 = PLANE('',#4749);
#4749 = AXIS2_PLACEMENT_3D('',#4750,#4751,#4752);
#4750 = CARTESIAN_POINT('',(81.,205.,-1.));
#4751 = DIRECTION('',(1.,0.,0.));
#4752 = DIRECTION('',(0.,0.,1.));
#4753 = ADVANCED_FACE('',(#4754),#4772,.T.);
#4754 = FACE_BOUND('',#4755,.T.);
#4755 = EDGE_LOOP('',(#4756,#4757,#4765,#4771));
#4756 = ORIENTED_EDGE('',*,*,#4718,.F.);
#4757 = ORIENTED_EDGE('',*,*,#4758,.T.);
#4758 = EDGE_CURVE('',#4711,#4759,#4761,.T.);
#4759 = VERTEX_POINT('',#4760);
#4760 = CARTESIAN_POINT('',(78.,232.,0.));
#4761 = LINE('',#4762,#4763);
#4762 = CARTESIAN_POINT('',(78.,102.5,0.));
#4763 = VECTOR('',#4764,1.);
#4764 = DIRECTION('',(0.,1.,0.));
#4765 = ORIENTED_EDGE('',*,*,#4766,.T.);
#4766 = EDGE_CURVE('',#4759,#396,#4767,.T.);
#4767 = LINE('',#4768,#4769);
#4768 = CARTESIAN_POINT('',(78.,232.,-1.));
#4769 = VECTOR('',#4770,1.);
#4770 = DIRECTION('',(0.,0.,1.));
#4771 = ORIENTED_EDGE('',*,*,#395,.F.);
#4772 = PLANE('',#4773);
#4773 = AXIS2_PLACEMENT_3D('',#4774,#4775,#4776);
#4774 = CARTESIAN_POINT('',(78.,205.,-1.));
#4775 = DIRECTION('',(1.,0.,0.));
#4776 = DIRECTION('',(0.,0.,1.));
#4777 = ADVANCED_FACE('',(#4778),#4789,.F.);
#4778 = FACE_BOUND('',#4779,.F.);
#4779 = EDGE_LOOP('',(#4780,#4781,#4787,#4788));
#4780 = ORIENTED_EDGE('',*,*,#4742,.F.);
#4781 = ORIENTED_EDGE('',*,*,#4782,.T.);
#4782 = EDGE_CURVE('',#4735,#4759,#4783,.T.);
#4783 = LINE('',#4784,#4785);
#4784 = CARTESIAN_POINT('',(39.,232.,0.));
#4785 = VECTOR('',#4786,1.);
#4786 = DIRECTION('',(-1.,0.,0.));
#4787 = ORIENTED_EDGE('',*,*,#4766,.T.);
#4788 = ORIENTED_EDGE('',*,*,#403,.F.);
#4789 = PLANE('',#4790);
#4790 = AXIS2_PLACEMENT_3D('',#4791,#4792,#4793);
#4791 = CARTESIAN_POINT('',(78.,232.,-1.));
#4792 = DIRECTION('',(0.,1.,0.));
#4793 = DIRECTION('',(0.,0.,1.));
#4794 = ADVANCED_FACE('',(#4795),#4820,.T.);
#4795 = FACE_BOUND('',#4796,.T.);
#4796 = EDGE_LOOP('',(#4797,#4805,#4813,#4819));
#4797 = ORIENTED_EDGE('',*,*,#4798,.F.);
#4798 = EDGE_CURVE('',#4799,#420,#4801,.T.);
#4799 = VERTEX_POINT('',#4800);
#4800 = CARTESIAN_POINT('',(88.,205.,0.));
#4801 = LINE('',#4802,#4803);
#4802 = CARTESIAN_POINT('',(88.,205.,-1.));
#4803 = VECTOR('',#4804,1.);
#4804 = DIRECTION('',(0.,0.,1.));
#4805 = ORIENTED_EDGE('',*,*,#4806,.T.);
#4806 = EDGE_CURVE('',#4799,#4807,#4809,.T.);
#4807 = VERTEX_POINT('',#4808);
#4808 = CARTESIAN_POINT('',(85.,205.,0.));
#4809 = LINE('',#4810,#4811);
#4810 = CARTESIAN_POINT('',(42.5,205.,0.));
#4811 = VECTOR('',#4812,1.);
#4812 = DIRECTION('',(-1.,0.,0.));
#4813 = ORIENTED_EDGE('',*,*,#4814,.T.);
#4814 = EDGE_CURVE('',#4807,#422,#4815,.T.);
#4815 = LINE('',#4816,#4817);
#4816 = CARTESIAN_POINT('',(85.,205.,-1.));
#4817 = VECTOR('',#4818,1.);
#4818 = DIRECTION('',(0.,0.,1.));
#4819 = ORIENTED_EDGE('',*,*,#419,.F.);
#4820 = PLANE('',#4821);
#4821 = AXIS2_PLACEMENT_3D('',#4822,#4823,#4824);
#4822 = CARTESIAN_POINT('',(85.,205.,-1.));
#4823 = DIRECTION('',(0.,1.,0.));
#4824 = DIRECTION('',(0.,0.,1.));
#4825 = ADVANCED_FACE('',(#4826),#4844,.F.);
#4826 = FACE_BOUND('',#4827,.F.);
#4827 = EDGE_LOOP('',(#4828,#4829,#4837,#4843));
#4828 = ORIENTED_EDGE('',*,*,#4798,.F.);
#4829 = ORIENTED_EDGE('',*,*,#4830,.T.);
#4830 = EDGE_CURVE('',#4799,#4831,#4833,.T.);
#4831 = VERTEX_POINT('',#4832);
#4832 = CARTESIAN_POINT('',(88.,232.,0.));
#4833 = LINE('',#4834,#4835);
#4834 = CARTESIAN_POINT('',(88.,102.5,0.));
#4835 = VECTOR('',#4836,1.);
#4836 = DIRECTION('',(0.,1.,0.));
#4837 = ORIENTED_EDGE('',*,*,#4838,.T.);
#4838 = EDGE_CURVE('',#4831,#438,#4839,.T.);
#4839 = LINE('',#4840,#4841);
#4840 = CARTESIAN_POINT('',(88.,232.,-1.));
#4841 = VECTOR('',#4842,1.);
#4842 = DIRECTION('',(0.,0.,1.));
#4843 = ORIENTED_EDGE('',*,*,#445,.F.);
#4844 = PLANE('',#4845);
#4845 = AXIS2_PLACEMENT_3D('',#4846,#4847,#4848);
#4846 = CARTESIAN_POINT('',(88.,205.,-1.));
#4847 = DIRECTION('',(1.,0.,0.));
#4848 = DIRECTION('',(0.,0.,1.));
#4849 = ADVANCED_FACE('',(#4850),#4868,.T.);
#4850 = FACE_BOUND('',#4851,.T.);
#4851 = EDGE_LOOP('',(#4852,#4853,#4861,#4867));
#4852 = ORIENTED_EDGE('',*,*,#4814,.F.);
#4853 = ORIENTED_EDGE('',*,*,#4854,.T.);
#4854 = EDGE_CURVE('',#4807,#4855,#4857,.T.);
#4855 = VERTEX_POINT('',#4856);
#4856 = CARTESIAN_POINT('',(85.,232.,0.));
#4857 = LINE('',#4858,#4859);
#4858 = CARTESIAN_POINT('',(85.,102.5,0.));
#4859 = VECTOR('',#4860,1.);
#4860 = DIRECTION('',(0.,1.,0.));
#4861 = ORIENTED_EDGE('',*,*,#4862,.T.);
#4862 = EDGE_CURVE('',#4855,#430,#4863,.T.);
#4863 = LINE('',#4864,#4865);
#4864 = CARTESIAN_POINT('',(85.,232.,-1.));
#4865 = VECTOR('',#4866,1.);
#4866 = DIRECTION('',(0.,0.,1.));
#4867 = ORIENTED_EDGE('',*,*,#429,.F.);
#4868 = PLANE('',#4869);
#4869 = AXIS2_PLACEMENT_3D('',#4870,#4871,#4872);
#4870 = CARTESIAN_POINT('',(85.,205.,-1.));
#4871 = DIRECTION('',(1.,0.,0.));
#4872 = DIRECTION('',(0.,0.,1.));
#4873 = ADVANCED_FACE('',(#4874),#4885,.F.);
#4874 = FACE_BOUND('',#4875,.F.);
#4875 = EDGE_LOOP('',(#4876,#4877,#4883,#4884));
#4876 = ORIENTED_EDGE('',*,*,#4838,.F.);
#4877 = ORIENTED_EDGE('',*,*,#4878,.T.);
#4878 = EDGE_CURVE('',#4831,#4855,#4879,.T.);
#4879 = LINE('',#4880,#4881);
#4880 = CARTESIAN_POINT('',(42.5,232.,0.));
#4881 = VECTOR('',#4882,1.);
#4882 = DIRECTION('',(-1.,0.,0.));
#4883 = ORIENTED_EDGE('',*,*,#4862,.T.);
#4884 = ORIENTED_EDGE('',*,*,#437,.F.);
#4885 = PLANE('',#4886);
#4886 = AXIS2_PLACEMENT_3D('',#4887,#4888,#4889);
#4887 = CARTESIAN_POINT('',(85.,232.,-1.));
#4888 = DIRECTION('',(0.,1.,0.));
#4889 = DIRECTION('',(0.,0.,1.));
#4890 = ADVANCED_FACE('',(#4891),#4916,.T.);
#4891 = FACE_BOUND('',#4892,.T.);
#4892 = EDGE_LOOP('',(#4893,#4901,#4909,#4915));
#4893 = ORIENTED_EDGE('',*,*,#4894,.F.);
#4894 = EDGE_CURVE('',#4895,#454,#4897,.T.);
#4895 = VERTEX_POINT('',#4896);
#4896 = CARTESIAN_POINT('',(95.,205.,0.));
#4897 = LINE('',#4898,#4899);
#4898 = CARTESIAN_POINT('',(95.,205.,-1.));
#4899 = VECTOR('',#4900,1.);
#4900 = DIRECTION('',(0.,0.,1.));
#4901 = ORIENTED_EDGE('',*,*,#4902,.T.);
#4902 = EDGE_CURVE('',#4895,#4903,#4905,.T.);
#4903 = VERTEX_POINT('',#4904);
#4904 = CARTESIAN_POINT('',(92.,205.,0.));
#4905 = LINE('',#4906,#4907);
#4906 = CARTESIAN_POINT('',(46.,205.,0.));
#4907 = VECTOR('',#4908,1.);
#4908 = DIRECTION('',(-1.,0.,0.));
#4909 = ORIENTED_EDGE('',*,*,#4910,.T.);
#4910 = EDGE_CURVE('',#4903,#456,#4911,.T.);
#4911 = LINE('',#4912,#4913);
#4912 = CARTESIAN_POINT('',(92.,205.,-1.));
#4913 = VECTOR('',#4914,1.);
#4914 = DIRECTION('',(0.,0.,1.));
#4915 = ORIENTED_EDGE('',*,*,#453,.F.);
#4916 = PLANE('',#4917);
#4917 = AXIS2_PLACEMENT_3D('',#4918,#4919,#4920);
#4918 = CARTESIAN_POINT('',(92.,205.,-1.));
#4919 = DIRECTION('',(0.,1.,0.));
#4920 = DIRECTION('',(0.,0.,1.));
#4921 = ADVANCED_FACE('',(#4922),#4940,.F.);
#4922 = FACE_BOUND('',#4923,.F.);
#4923 = EDGE_LOOP('',(#4924,#4925,#4933,#4939));
#4924 = ORIENTED_EDGE('',*,*,#4894,.F.);
#4925 = ORIENTED_EDGE('',*,*,#4926,.T.);
#4926 = EDGE_CURVE('',#4895,#4927,#4929,.T.);
#4927 = VERTEX_POINT('',#4928);
#4928 = CARTESIAN_POINT('',(95.,232.,0.));
#4929 = LINE('',#4930,#4931);
#4930 = CARTESIAN_POINT('',(95.,102.5,0.));
#4931 = VECTOR('',#4932,1.);
#4932 = DIRECTION('',(0.,1.,0.));
#4933 = ORIENTED_EDGE('',*,*,#4934,.T.);
#4934 = EDGE_CURVE('',#4927,#472,#4935,.T.);
#4935 = LINE('',#4936,#4937);
#4936 = CARTESIAN_POINT('',(95.,232.,-1.));
#4937 = VECTOR('',#4938,1.);
#4938 = DIRECTION('',(0.,0.,1.));
#4939 = ORIENTED_EDGE('',*,*,#479,.F.);
#4940 = PLANE('',#4941);
#4941 = AXIS2_PLACEMENT_3D('',#4942,#4943,#4944);
#4942 = CARTESIAN_POINT('',(95.,205.,-1.));
#4943 = DIRECTION('',(1.,0.,0.));
#4944 = DIRECTION('',(0.,0.,1.));
#4945 = ADVANCED_FACE('',(#4946),#4964,.T.);
#4946 = FACE_BOUND('',#4947,.T.);
#4947 = EDGE_LOOP('',(#4948,#4949,#4957,#4963));
#4948 = ORIENTED_EDGE('',*,*,#4910,.F.);
#4949 = ORIENTED_EDGE('',*,*,#4950,.T.);
#4950 = EDGE_CURVE('',#4903,#4951,#4953,.T.);
#4951 = VERTEX_POINT('',#4952);
#4952 = CARTESIAN_POINT('',(92.,232.,0.));
#4953 = LINE('',#4954,#4955);
#4954 = CARTESIAN_POINT('',(92.,102.5,0.));
#4955 = VECTOR('',#4956,1.);
#4956 = DIRECTION('',(0.,1.,0.));
#4957 = ORIENTED_EDGE('',*,*,#4958,.T.);
#4958 = EDGE_CURVE('',#4951,#464,#4959,.T.);
#4959 = LINE('',#4960,#4961);
#4960 = CARTESIAN_POINT('',(92.,232.,-1.));
#4961 = VECTOR('',#4962,1.);
#4962 = DIRECTION('',(0.,0.,1.));
#4963 = ORIENTED_EDGE('',*,*,#463,.F.);
#4964 = PLANE('',#4965);
#4965 = AXIS2_PLACEMENT_3D('',#4966,#4967,#4968);
#4966 = CARTESIAN_POINT('',(92.,205.,-1.));
#4967 = DIRECTION('',(1.,0.,0.));
#4968 = DIRECTION('',(0.,0.,1.));
#4969 = ADVANCED_FACE('',(#4970),#4981,.F.);
#4970 = FACE_BOUND('',#4971,.F.);
#4971 = EDGE_LOOP('',(#4972,#4973,#4979,#4980));
#4972 = ORIENTED_EDGE('',*,*,#4934,.F.);
#4973 = ORIENTED_EDGE('',*,*,#4974,.T.);
#4974 = EDGE_CURVE('',#4927,#4951,#4975,.T.);
#4975 = LINE('',#4976,#4977);
#4976 = CARTESIAN_POINT('',(46.,232.,0.));
#4977 = VECTOR('',#4978,1.);
#4978 = DIRECTION('',(-1.,0.,0.));
#4979 = ORIENTED_EDGE('',*,*,#4958,.T.);
#4980 = ORIENTED_EDGE('',*,*,#471,.F.);
#4981 = PLANE('',#4982);
#4982 = AXIS2_PLACEMENT_3D('',#4983,#4984,#4985);
#4983 = CARTESIAN_POINT('',(92.,232.,-1.));
#4984 = DIRECTION('',(0.,1.,0.));
#4985 = DIRECTION('',(0.,0.,1.));
#4986 = ADVANCED_FACE('',(#4987),#5006,.F.);
#4987 = FACE_BOUND('',#4988,.F.);
#4988 = EDGE_LOOP('',(#4989,#4990,#4998,#5005));
#4989 = ORIENTED_EDGE('',*,*,#487,.F.);
#4990 = ORIENTED_EDGE('',*,*,#4991,.F.);
#4991 = EDGE_CURVE('',#4992,#488,#4994,.T.);
#4992 = VERTEX_POINT('',#4993);
#4993 = CARTESIAN_POINT('',(103.95,240.5,0.));
#4994 = LINE('',#4995,#4996);
#4995 = CARTESIAN_POINT('',(103.95,240.5,-1.));
#4996 = VECTOR('',#4997,1.);
#4997 = DIRECTION('',(0.,0.,1.));
#4998 = ORIENTED_EDGE('',*,*,#4999,.T.);
#4999 = EDGE_CURVE('',#4992,#4992,#5000,.T.);
#5000 = CIRCLE('',#5001,1.45);
#5001 = AXIS2_PLACEMENT_3D('',#5002,#5003,#5004);
#5002 = CARTESIAN_POINT('',(102.5,240.5,0.));
#5003 = DIRECTION('',(0.,0.,1.));
#5004 = DIRECTION('',(1.,0.,0.));
#5005 = ORIENTED_EDGE('',*,*,#4991,.T.);
#5006 = CYLINDRICAL_SURFACE('',#5007,1.45);
#5007 = AXIS2_PLACEMENT_3D('',#5008,#5009,#5010);
#5008 = CARTESIAN_POINT('',(102.5,240.5,-1.));
#5009 = DIRECTION('',(0.,0.,1.));
#5010 = DIRECTION('',(1.,0.,0.));
#5011 = ADVANCED_FACE('',(#5012),#5031,.F.);
#5012 = FACE_BOUND('',#5013,.F.);
#5013 = EDGE_LOOP('',(#5014,#5015,#5023,#5030));
#5014 = ORIENTED_EDGE('',*,*,#498,.F.);
#5015 = ORIENTED_EDGE('',*,*,#5016,.F.);
#5016 = EDGE_CURVE('',#5017,#499,#5019,.T.);
#5017 = VERTEX_POINT('',#5018);
#5018 = CARTESIAN_POINT('',(257.1,145.,0.));
#5019 = LINE('',#5020,#5021);
#5020 = CARTESIAN_POINT('',(257.1,145.,-1.));
#5021 = VECTOR('',#5022,1.);
#5022 = DIRECTION('',(0.,0.,1.));
#5023 = ORIENTED_EDGE('',*,*,#5024,.T.);
#5024 = EDGE_CURVE('',#5017,#5017,#5025,.T.);
#5025 = CIRCLE('',#5026,4.1);
#5026 = AXIS2_PLACEMENT_3D('',#5027,#5028,#5029);
#5027 = CARTESIAN_POINT('',(253.,145.,0.));
#5028 = DIRECTION('',(0.,0.,1.));
#5029 = DIRECTION('',(1.,0.,0.));
#5030 = ORIENTED_EDGE('',*,*,#5016,.T.);
#5031 = CYLINDRICAL_SURFACE('',#5032,4.1);
#5032 = AXIS2_PLACEMENT_3D('',#5033,#5034,#5035);
#5033 = CARTESIAN_POINT('',(253.,145.,-1.));
#5034 = DIRECTION('',(0.,0.,1.));
#5035 = DIRECTION('',(1.,0.,0.));
#5036 = ADVANCED_FACE('',(#5037),#5062,.T.);
#5037 = FACE_BOUND('',#5038,.T.);
#5038 = EDGE_LOOP('',(#5039,#5047,#5055,#5061));
#5039 = ORIENTED_EDGE('',*,*,#5040,.F.);
#5040 = EDGE_CURVE('',#5041,#510,#5043,.T.);
#5041 = VERTEX_POINT('',#5042);
#5042 = CARTESIAN_POINT('',(161.,199.,0.));
#5043 = LINE('',#5044,#5045);
#5044 = CARTESIAN_POINT('',(161.,199.,-1.));
#5045 = VECTOR('',#5046,1.);
#5046 = DIRECTION('',(0.,0.,1.));
#5047 = ORIENTED_EDGE('',*,*,#5048,.T.);
#5048 = EDGE_CURVE('',#5041,#5049,#5051,.T.);
#5049 = VERTEX_POINT('',#5050);
#5050 = CARTESIAN_POINT('',(158.,199.,0.));
#5051 = LINE('',#5052,#5053);
#5052 = CARTESIAN_POINT('',(79.,199.,0.));
#5053 = VECTOR('',#5054,1.);
#5054 = DIRECTION('',(-1.,0.,0.));
#5055 = ORIENTED_EDGE('',*,*,#5056,.T.);
#5056 = EDGE_CURVE('',#5049,#512,#5057,.T.);
#5057 = LINE('',#5058,#5059);
#5058 = CARTESIAN_POINT('',(158.,199.,-1.));
#5059 = VECTOR('',#5060,1.);
#5060 = DIRECTION('',(0.,0.,1.));
#5061 = ORIENTED_EDGE('',*,*,#509,.F.);
#5062 = PLANE('',#5063);
#5063 = AXIS2_PLACEMENT_3D('',#5064,#5065,#5066);
#5064 = CARTESIAN_POINT('',(158.,199.,-1.));
#5065 = DIRECTION('',(0.,1.,0.));
#5066 = DIRECTION('',(0.,0.,1.));
#5067 = ADVANCED_FACE('',(#5068),#5086,.F.);
#5068 = FACE_BOUND('',#5069,.F.);
#5069 = EDGE_LOOP('',(#5070,#5071,#5079,#5085));
#5070 = ORIENTED_EDGE('',*,*,#5040,.F.);
#5071 = ORIENTED_EDGE('',*,*,#5072,.T.);
#5072 = EDGE_CURVE('',#5041,#5073,#5075,.T.);
#5073 = VERTEX_POINT('',#5074);
#5074 = CARTESIAN_POINT('',(161.,232.,0.));
#5075 = LINE('',#5076,#5077);
#5076 = CARTESIAN_POINT('',(161.,99.5,0.));
#5077 = VECTOR('',#5078,1.);
#5078 = DIRECTION('',(0.,1.,0.));
#5079 = ORIENTED_EDGE('',*,*,#5080,.T.);
#5080 = EDGE_CURVE('',#5073,#528,#5081,.T.);
#5081 = LINE('',#5082,#5083);
#5082 = CARTESIAN_POINT('',(161.,232.,-1.));
#5083 = VECTOR('',#5084,1.);
#5084 = DIRECTION('',(0.,0.,1.));
#5085 = ORIENTED_EDGE('',*,*,#535,.F.);
#5086 = PLANE('',#5087);
#5087 = AXIS2_PLACEMENT_3D('',#5088,#5089,#5090);
#5088 = CARTESIAN_POINT('',(161.,199.,-1.));
#5089 = DIRECTION('',(1.,0.,0.));
#5090 = DIRECTION('',(0.,0.,1.));
#5091 = ADVANCED_FACE('',(#5092),#5110,.T.);
#5092 = FACE_BOUND('',#5093,.T.);
#5093 = EDGE_LOOP('',(#5094,#5095,#5103,#5109));
#5094 = ORIENTED_EDGE('',*,*,#5056,.F.);
#5095 = ORIENTED_EDGE('',*,*,#5096,.T.);
#5096 = EDGE_CURVE('',#5049,#5097,#5099,.T.);
#5097 = VERTEX_POINT('',#5098);
#5098 = CARTESIAN_POINT('',(158.,232.,0.));
#5099 = LINE('',#5100,#5101);
#5100 = CARTESIAN_POINT('',(158.,99.5,0.));
#5101 = VECTOR('',#5102,1.);
#5102 = DIRECTION('',(0.,1.,0.));
#5103 = ORIENTED_EDGE('',*,*,#5104,.T.);
#5104 = EDGE_CURVE('',#5097,#520,#5105,.T.);
#5105 = LINE('',#5106,#5107);
#5106 = CARTESIAN_POINT('',(158.,232.,-1.));
#5107 = VECTOR('',#5108,1.);
#5108 = DIRECTION('',(0.,0.,1.));
#5109 = ORIENTED_EDGE('',*,*,#519,.F.);
#5110 = PLANE('',#5111);
#5111 = AXIS2_PLACEMENT_3D('',#5112,#5113,#5114);
#5112 = CARTESIAN_POINT('',(158.,199.,-1.));
#5113 = DIRECTION('',(1.,0.,0.));
#5114 = DIRECTION('',(0.,0.,1.));
#5115 = ADVANCED_FACE('',(#5116),#5127,.F.);
#5116 = FACE_BOUND('',#5117,.F.);
#5117 = EDGE_LOOP('',(#5118,#5119,#5125,#5126));
#5118 = ORIENTED_EDGE('',*,*,#5080,.F.);
#5119 = ORIENTED_EDGE('',*,*,#5120,.T.);
#5120 = EDGE_CURVE('',#5073,#5097,#5121,.T.);
#5121 = LINE('',#5122,#5123);
#5122 = CARTESIAN_POINT('',(79.,232.,0.));
#5123 = VECTOR('',#5124,1.);
#5124 = DIRECTION('',(-1.,0.,0.));
#5125 = ORIENTED_EDGE('',*,*,#5104,.T.);
#5126 = ORIENTED_EDGE('',*,*,#527,.F.);
#5127 = PLANE('',#5128);
#5128 = AXIS2_PLACEMENT_3D('',#5129,#5130,#5131);
#5129 = CARTESIAN_POINT('',(158.,232.,-1.));
#5130 = DIRECTION('',(0.,1.,0.));
#5131 = DIRECTION('',(0.,0.,1.));
#5132 = ADVANCED_FACE('',(#5133),#5158,.T.);
#5133 = FACE_BOUND('',#5134,.T.);
#5134 = EDGE_LOOP('',(#5135,#5143,#5151,#5157));
#5135 = ORIENTED_EDGE('',*,*,#5136,.F.);
#5136 = EDGE_CURVE('',#5137,#544,#5139,.T.);
#5137 = VERTEX_POINT('',#5138);
#5138 = CARTESIAN_POINT('',(170.,199.,0.));
#5139 = LINE('',#5140,#5141);
#5140 = CARTESIAN_POINT('',(170.,199.,-1.));
#5141 = VECTOR('',#5142,1.);
#5142 = DIRECTION('',(0.,0.,1.));
#5143 = ORIENTED_EDGE('',*,*,#5144,.T.);
#5144 = EDGE_CURVE('',#5137,#5145,#5147,.T.);
#5145 = VERTEX_POINT('',#5146);
#5146 = CARTESIAN_POINT('',(167.,199.,0.));
#5147 = LINE('',#5148,#5149);
#5148 = CARTESIAN_POINT('',(83.5,199.,0.));
#5149 = VECTOR('',#5150,1.);
#5150 = DIRECTION('',(-1.,0.,0.));
#5151 = ORIENTED_EDGE('',*,*,#5152,.T.);
#5152 = EDGE_CURVE('',#5145,#546,#5153,.T.);
#5153 = LINE('',#5154,#5155);
#5154 = CARTESIAN_POINT('',(167.,199.,-1.));
#5155 = VECTOR('',#5156,1.);
#5156 = DIRECTION('',(0.,0.,1.));
#5157 = ORIENTED_EDGE('',*,*,#543,.F.);
#5158 = PLANE('',#5159);
#5159 = AXIS2_PLACEMENT_3D('',#5160,#5161,#5162);
#5160 = CARTESIAN_POINT('',(167.,199.,-1.));
#5161 = DIRECTION('',(0.,1.,0.));
#5162 = DIRECTION('',(0.,0.,1.));
#5163 = ADVANCED_FACE('',(#5164),#5182,.F.);
#5164 = FACE_BOUND('',#5165,.F.);
#5165 = EDGE_LOOP('',(#5166,#5167,#5175,#5181));
#5166 = ORIENTED_EDGE('',*,*,#5136,.F.);
#5167 = ORIENTED_EDGE('',*,*,#5168,.T.);
#5168 = EDGE_CURVE('',#5137,#5169,#5171,.T.);
#5169 = VERTEX_POINT('',#5170);
#5170 = CARTESIAN_POINT('',(170.,232.,0.));
#5171 = LINE('',#5172,#5173);
#5172 = CARTESIAN_POINT('',(170.,99.5,0.));
#5173 = VECTOR('',#5174,1.);
#5174 = DIRECTION('',(0.,1.,0.));
#5175 = ORIENTED_EDGE('',*,*,#5176,.T.);
#5176 = EDGE_CURVE('',#5169,#562,#5177,.T.);
#5177 = LINE('',#5178,#5179);
#5178 = CARTESIAN_POINT('',(170.,232.,-1.));
#5179 = VECTOR('',#5180,1.);
#5180 = DIRECTION('',(0.,0.,1.));
#5181 = ORIENTED_EDGE('',*,*,#569,.F.);
#5182 = PLANE('',#5183);
#5183 = AXIS2_PLACEMENT_3D('',#5184,#5185,#5186);
#5184 = CARTESIAN_POINT('',(170.,199.,-1.));
#5185 = DIRECTION('',(1.,0.,0.));
#5186 = DIRECTION('',(0.,0.,1.));
#5187 = ADVANCED_FACE('',(#5188),#5206,.T.);
#5188 = FACE_BOUND('',#5189,.T.);
#5189 = EDGE_LOOP('',(#5190,#5191,#5199,#5205));
#5190 = ORIENTED_EDGE('',*,*,#5152,.F.);
#5191 = ORIENTED_EDGE('',*,*,#5192,.T.);
#5192 = EDGE_CURVE('',#5145,#5193,#5195,.T.);
#5193 = VERTEX_POINT('',#5194);
#5194 = CARTESIAN_POINT('',(167.,232.,0.));
#5195 = LINE('',#5196,#5197);
#5196 = CARTESIAN_POINT('',(167.,99.5,0.));
#5197 = VECTOR('',#5198,1.);
#5198 = DIRECTION('',(0.,1.,0.));
#5199 = ORIENTED_EDGE('',*,*,#5200,.T.);
#5200 = EDGE_CURVE('',#5193,#554,#5201,.T.);
#5201 = LINE('',#5202,#5203);
#5202 = CARTESIAN_POINT('',(167.,232.,-1.));
#5203 = VECTOR('',#5204,1.);
#5204 = DIRECTION('',(0.,0.,1.));
#5205 = ORIENTED_EDGE('',*,*,#553,.F.);
#5206 = PLANE('',#5207);
#5207 = AXIS2_PLACEMENT_3D('',#5208,#5209,#5210);
#5208 = CARTESIAN_POINT('',(167.,199.,-1.));
#5209 = DIRECTION('',(1.,0.,0.));
#5210 = DIRECTION('',(0.,0.,1.));
#5211 = ADVANCED_FACE('',(#5212),#5223,.F.);
#5212 = FACE_BOUND('',#5213,.F.);
#5213 = EDGE_LOOP('',(#5214,#5215,#5221,#5222));
#5214 = ORIENTED_EDGE('',*,*,#5176,.F.);
#5215 = ORIENTED_EDGE('',*,*,#5216,.T.);
#5216 = EDGE_CURVE('',#5169,#5193,#5217,.T.);
#5217 = LINE('',#5218,#5219);
#5218 = CARTESIAN_POINT('',(83.5,232.,0.));
#5219 = VECTOR('',#5220,1.);
#5220 = DIRECTION('',(-1.,0.,0.));
#5221 = ORIENTED_EDGE('',*,*,#5200,.T.);
#5222 = ORIENTED_EDGE('',*,*,#561,.F.);
#5223 = PLANE('',#5224);
#5224 = AXIS2_PLACEMENT_3D('',#5225,#5226,#5227);
#5225 = CARTESIAN_POINT('',(167.,232.,-1.));
#5226 = DIRECTION('',(0.,1.,0.));
#5227 = DIRECTION('',(0.,0.,1.));
#5228 = ADVANCED_FACE('',(#5229),#5254,.T.);
#5229 = FACE_BOUND('',#5230,.T.);
#5230 = EDGE_LOOP('',(#5231,#5239,#5247,#5253));
#5231 = ORIENTED_EDGE('',*,*,#5232,.F.);
#5232 = EDGE_CURVE('',#5233,#578,#5235,.T.);
#5233 = VERTEX_POINT('',#5234);
#5234 = CARTESIAN_POINT('',(179.,199.,0.));
#5235 = LINE('',#5236,#5237);
#5236 = CARTESIAN_POINT('',(179.,199.,-1.));
#5237 = VECTOR('',#5238,1.);
#5238 = DIRECTION('',(0.,0.,1.));
#5239 = ORIENTED_EDGE('',*,*,#5240,.T.);
#5240 = EDGE_CURVE('',#5233,#5241,#5243,.T.);
#5241 = VERTEX_POINT('',#5242);
#5242 = CARTESIAN_POINT('',(176.,199.,0.));
#5243 = LINE('',#5244,#5245);
#5244 = CARTESIAN_POINT('',(88.,199.,0.));
#5245 = VECTOR('',#5246,1.);
#5246 = DIRECTION('',(-1.,0.,0.));
#5247 = ORIENTED_EDGE('',*,*,#5248,.T.);
#5248 = EDGE_CURVE('',#5241,#580,#5249,.T.);
#5249 = LINE('',#5250,#5251);
#5250 = CARTESIAN_POINT('',(176.,199.,-1.));
#5251 = VECTOR('',#5252,1.);
#5252 = DIRECTION('',(0.,0.,1.));
#5253 = ORIENTED_EDGE('',*,*,#577,.F.);
#5254 = PLANE('',#5255);
#5255 = AXIS2_PLACEMENT_3D('',#5256,#5257,#5258);
#5256 = CARTESIAN_POINT('',(176.,199.,-1.));
#5257 = DIRECTION('',(0.,1.,0.));
#5258 = DIRECTION('',(0.,0.,1.));
#5259 = ADVANCED_FACE('',(#5260),#5278,.F.);
#5260 = FACE_BOUND('',#5261,.F.);
#5261 = EDGE_LOOP('',(#5262,#5263,#5271,#5277));
#5262 = ORIENTED_EDGE('',*,*,#5232,.F.);
#5263 = ORIENTED_EDGE('',*,*,#5264,.T.);
#5264 = EDGE_CURVE('',#5233,#5265,#5267,.T.);
#5265 = VERTEX_POINT('',#5266);
#5266 = CARTESIAN_POINT('',(179.,232.,0.));
#5267 = LINE('',#5268,#5269);
#5268 = CARTESIAN_POINT('',(179.,99.5,0.));
#5269 = VECTOR('',#5270,1.);
#5270 = DIRECTION('',(0.,1.,0.));
#5271 = ORIENTED_EDGE('',*,*,#5272,.T.);
#5272 = EDGE_CURVE('',#5265,#596,#5273,.T.);
#5273 = LINE('',#5274,#5275);
#5274 = CARTESIAN_POINT('',(179.,232.,-1.));
#5275 = VECTOR('',#5276,1.);
#5276 = DIRECTION('',(0.,0.,1.));
#5277 = ORIENTED_EDGE('',*,*,#603,.F.);
#5278 = PLANE('',#5279);
#5279 = AXIS2_PLACEMENT_3D('',#5280,#5281,#5282);
#5280 = CARTESIAN_POINT('',(179.,199.,-1.));
#5281 = DIRECTION('',(1.,0.,0.));
#5282 = DIRECTION('',(0.,0.,1.));
#5283 = ADVANCED_FACE('',(#5284),#5302,.T.);
#5284 = FACE_BOUND('',#5285,.T.);
#5285 = EDGE_LOOP('',(#5286,#5287,#5295,#5301));
#5286 = ORIENTED_EDGE('',*,*,#5248,.F.);
#5287 = ORIENTED_EDGE('',*,*,#5288,.T.);
#5288 = EDGE_CURVE('',#5241,#5289,#5291,.T.);
#5289 = VERTEX_POINT('',#5290);
#5290 = CARTESIAN_POINT('',(176.,232.,0.));
#5291 = LINE('',#5292,#5293);
#5292 = CARTESIAN_POINT('',(176.,99.5,0.));
#5293 = VECTOR('',#5294,1.);
#5294 = DIRECTION('',(0.,1.,0.));
#5295 = ORIENTED_EDGE('',*,*,#5296,.T.);
#5296 = EDGE_CURVE('',#5289,#588,#5297,.T.);
#5297 = LINE('',#5298,#5299);
#5298 = CARTESIAN_POINT('',(176.,232.,-1.));
#5299 = VECTOR('',#5300,1.);
#5300 = DIRECTION('',(0.,0.,1.));
#5301 = ORIENTED_EDGE('',*,*,#587,.F.);
#5302 = PLANE('',#5303);
#5303 = AXIS2_PLACEMENT_3D('',#5304,#5305,#5306);
#5304 = CARTESIAN_POINT('',(176.,199.,-1.));
#5305 = DIRECTION('',(1.,0.,0.));
#5306 = DIRECTION('',(0.,0.,1.));
#5307 = ADVANCED_FACE('',(#5308),#5319,.F.);
#5308 = FACE_BOUND('',#5309,.F.);
#5309 = EDGE_LOOP('',(#5310,#5311,#5317,#5318));
#5310 = ORIENTED_EDGE('',*,*,#5272,.F.);
#5311 = ORIENTED_EDGE('',*,*,#5312,.T.);
#5312 = EDGE_CURVE('',#5265,#5289,#5313,.T.);
#5313 = LINE('',#5314,#5315);
#5314 = CARTESIAN_POINT('',(88.,232.,0.));
#5315 = VECTOR('',#5316,1.);
#5316 = DIRECTION('',(-1.,0.,0.));
#5317 = ORIENTED_EDGE('',*,*,#5296,.T.);
#5318 = ORIENTED_EDGE('',*,*,#595,.F.);
#5319 = PLANE('',#5320);
#5320 = AXIS2_PLACEMENT_3D('',#5321,#5322,#5323);
#5321 = CARTESIAN_POINT('',(176.,232.,-1.));
#5322 = DIRECTION('',(0.,1.,0.));
#5323 = DIRECTION('',(0.,0.,1.));
#5324 = ADVANCED_FACE('',(#5325),#5350,.T.);
#5325 = FACE_BOUND('',#5326,.T.);
#5326 = EDGE_LOOP('',(#5327,#5335,#5343,#5349));
#5327 = ORIENTED_EDGE('',*,*,#5328,.F.);
#5328 = EDGE_CURVE('',#5329,#612,#5331,.T.);
#5329 = VERTEX_POINT('',#5330);
#5330 = CARTESIAN_POINT('',(188.,199.,0.));
#5331 = LINE('',#5332,#5333);
#5332 = CARTESIAN_POINT('',(188.,199.,-1.));
#5333 = VECTOR('',#5334,1.);
#5334 = DIRECTION('',(0.,0.,1.));
#5335 = ORIENTED_EDGE('',*,*,#5336,.T.);
#5336 = EDGE_CURVE('',#5329,#5337,#5339,.T.);
#5337 = VERTEX_POINT('',#5338);
#5338 = CARTESIAN_POINT('',(185.,199.,0.));
#5339 = LINE('',#5340,#5341);
#5340 = CARTESIAN_POINT('',(92.5,199.,0.));
#5341 = VECTOR('',#5342,1.);
#5342 = DIRECTION('',(-1.,0.,0.));
#5343 = ORIENTED_EDGE('',*,*,#5344,.T.);
#5344 = EDGE_CURVE('',#5337,#614,#5345,.T.);
#5345 = LINE('',#5346,#5347);
#5346 = CARTESIAN_POINT('',(185.,199.,-1.));
#5347 = VECTOR('',#5348,1.);
#5348 = DIRECTION('',(0.,0.,1.));
#5349 = ORIENTED_EDGE('',*,*,#611,.F.);
#5350 = PLANE('',#5351);
#5351 = AXIS2_PLACEMENT_3D('',#5352,#5353,#5354);
#5352 = CARTESIAN_POINT('',(185.,199.,-1.));
#5353 = DIRECTION('',(0.,1.,0.));
#5354 = DIRECTION('',(0.,0.,1.));
#5355 = ADVANCED_FACE('',(#5356),#5374,.F.);
#5356 = FACE_BOUND('',#5357,.F.);
#5357 = EDGE_LOOP('',(#5358,#5359,#5367,#5373));
#5358 = ORIENTED_EDGE('',*,*,#5328,.F.);
#5359 = ORIENTED_EDGE('',*,*,#5360,.T.);
#5360 = EDGE_CURVE('',#5329,#5361,#5363,.T.);
#5361 = VERTEX_POINT('',#5362);
#5362 = CARTESIAN_POINT('',(188.,232.,0.));
#5363 = LINE('',#5364,#5365);
#5364 = CARTESIAN_POINT('',(188.,99.5,0.));
#5365 = VECTOR('',#5366,1.);
#5366 = DIRECTION('',(0.,1.,0.));
#5367 = ORIENTED_EDGE('',*,*,#5368,.T.);
#5368 = EDGE_CURVE('',#5361,#630,#5369,.T.);
#5369 = LINE('',#5370,#5371);
#5370 = CARTESIAN_POINT('',(188.,232.,-1.));
#5371 = VECTOR('',#5372,1.);
#5372 = DIRECTION('',(0.,0.,1.));
#5373 = ORIENTED_EDGE('',*,*,#637,.F.);
#5374 = PLANE('',#5375);
#5375 = AXIS2_PLACEMENT_3D('',#5376,#5377,#5378);
#5376 = CARTESIAN_POINT('',(188.,199.,-1.));
#5377 = DIRECTION('',(1.,0.,0.));
#5378 = DIRECTION('',(0.,0.,1.));
#5379 = ADVANCED_FACE('',(#5380),#5398,.T.);
#5380 = FACE_BOUND('',#5381,.T.);
#5381 = EDGE_LOOP('',(#5382,#5383,#5391,#5397));
#5382 = ORIENTED_EDGE('',*,*,#5344,.F.);
#5383 = ORIENTED_EDGE('',*,*,#5384,.T.);
#5384 = EDGE_CURVE('',#5337,#5385,#5387,.T.);
#5385 = VERTEX_POINT('',#5386);
#5386 = CARTESIAN_POINT('',(185.,232.,0.));
#5387 = LINE('',#5388,#5389);
#5388 = CARTESIAN_POINT('',(185.,99.5,0.));
#5389 = VECTOR('',#5390,1.);
#5390 = DIRECTION('',(0.,1.,0.));
#5391 = ORIENTED_EDGE('',*,*,#5392,.T.);
#5392 = EDGE_CURVE('',#5385,#622,#5393,.T.);
#5393 = LINE('',#5394,#5395);
#5394 = CARTESIAN_POINT('',(185.,232.,-1.));
#5395 = VECTOR('',#5396,1.);
#5396 = DIRECTION('',(0.,0.,1.));
#5397 = ORIENTED_EDGE('',*,*,#621,.F.);
#5398 = PLANE('',#5399);
#5399 = AXIS2_PLACEMENT_3D('',#5400,#5401,#5402);
#5400 = CARTESIAN_POINT('',(185.,199.,-1.));
#5401 = DIRECTION('',(1.,0.,0.));
#5402 = DIRECTION('',(0.,0.,1.));
#5403 = ADVANCED_FACE('',(#5404),#5415,.F.);
#5404 = FACE_BOUND('',#5405,.F.);
#5405 = EDGE_LOOP('',(#5406,#5407,#5413,#5414));
#5406 = ORIENTED_EDGE('',*,*,#5368,.F.);
#5407 = ORIENTED_EDGE('',*,*,#5408,.T.);
#5408 = EDGE_CURVE('',#5361,#5385,#5409,.T.);
#5409 = LINE('',#5410,#5411);
#5410 = CARTESIAN_POINT('',(92.5,232.,0.));
#5411 = VECTOR('',#5412,1.);
#5412 = DIRECTION('',(-1.,0.,0.));
#5413 = ORIENTED_EDGE('',*,*,#5392,.T.);
#5414 = ORIENTED_EDGE('',*,*,#629,.F.);
#5415 = PLANE('',#5416);
#5416 = AXIS2_PLACEMENT_3D('',#5417,#5418,#5419);
#5417 = CARTESIAN_POINT('',(185.,232.,-1.));
#5418 = DIRECTION('',(0.,1.,0.));
#5419 = DIRECTION('',(0.,0.,1.));
#5420 = ADVANCED_FACE('',(#5421),#5446,.T.);
#5421 = FACE_BOUND('',#5422,.T.);
#5422 = EDGE_LOOP('',(#5423,#5431,#5439,#5445));
#5423 = ORIENTED_EDGE('',*,*,#5424,.F.);
#5424 = EDGE_CURVE('',#5425,#646,#5427,.T.);
#5425 = VERTEX_POINT('',#5426);
#5426 = CARTESIAN_POINT('',(197.,199.,0.));
#5427 = LINE('',#5428,#5429);
#5428 = CARTESIAN_POINT('',(197.,199.,-1.));
#5429 = VECTOR('',#5430,1.);
#5430 = DIRECTION('',(0.,0.,1.));
#5431 = ORIENTED_EDGE('',*,*,#5432,.T.);
#5432 = EDGE_CURVE('',#5425,#5433,#5435,.T.);
#5433 = VERTEX_POINT('',#5434);
#5434 = CARTESIAN_POINT('',(194.,199.,0.));
#5435 = LINE('',#5436,#5437);
#5436 = CARTESIAN_POINT('',(97.,199.,0.));
#5437 = VECTOR('',#5438,1.);
#5438 = DIRECTION('',(-1.,0.,0.));
#5439 = ORIENTED_EDGE('',*,*,#5440,.T.);
#5440 = EDGE_CURVE('',#5433,#648,#5441,.T.);
#5441 = LINE('',#5442,#5443);
#5442 = CARTESIAN_POINT('',(194.,199.,-1.));
#5443 = VECTOR('',#5444,1.);
#5444 = DIRECTION('',(0.,0.,1.));
#5445 = ORIENTED_EDGE('',*,*,#645,.F.);
#5446 = PLANE('',#5447);
#5447 = AXIS2_PLACEMENT_3D('',#5448,#5449,#5450);
#5448 = CARTESIAN_POINT('',(194.,199.,-1.));
#5449 = DIRECTION('',(0.,1.,0.));
#5450 = DIRECTION('',(0.,0.,1.));
#5451 = ADVANCED_FACE('',(#5452),#5470,.F.);
#5452 = FACE_BOUND('',#5453,.F.);
#5453 = EDGE_LOOP('',(#5454,#5455,#5463,#5469));
#5454 = ORIENTED_EDGE('',*,*,#5424,.F.);
#5455 = ORIENTED_EDGE('',*,*,#5456,.T.);
#5456 = EDGE_CURVE('',#5425,#5457,#5459,.T.);
#5457 = VERTEX_POINT('',#5458);
#5458 = CARTESIAN_POINT('',(197.,232.,0.));
#5459 = LINE('',#5460,#5461);
#5460 = CARTESIAN_POINT('',(197.,99.5,0.));
#5461 = VECTOR('',#5462,1.);
#5462 = DIRECTION('',(0.,1.,0.));
#5463 = ORIENTED_EDGE('',*,*,#5464,.T.);
#5464 = EDGE_CURVE('',#5457,#664,#5465,.T.);
#5465 = LINE('',#5466,#5467);
#5466 = CARTESIAN_POINT('',(197.,232.,-1.));
#5467 = VECTOR('',#5468,1.);
#5468 = DIRECTION('',(0.,0.,1.));
#5469 = ORIENTED_EDGE('',*,*,#671,.F.);
#5470 = PLANE('',#5471);
#5471 = AXIS2_PLACEMENT_3D('',#5472,#5473,#5474);
#5472 = CARTESIAN_POINT('',(197.,199.,-1.));
#5473 = DIRECTION('',(1.,0.,0.));
#5474 = DIRECTION('',(0.,0.,1.));
#5475 = ADVANCED_FACE('',(#5476),#5494,.T.);
#5476 = FACE_BOUND('',#5477,.T.);
#5477 = EDGE_LOOP('',(#5478,#5479,#5487,#5493));
#5478 = ORIENTED_EDGE('',*,*,#5440,.F.);
#5479 = ORIENTED_EDGE('',*,*,#5480,.T.);
#5480 = EDGE_CURVE('',#5433,#5481,#5483,.T.);
#5481 = VERTEX_POINT('',#5482);
#5482 = CARTESIAN_POINT('',(194.,232.,0.));
#5483 = LINE('',#5484,#5485);
#5484 = CARTESIAN_POINT('',(194.,99.5,0.));
#5485 = VECTOR('',#5486,1.);
#5486 = DIRECTION('',(0.,1.,0.));
#5487 = ORIENTED_EDGE('',*,*,#5488,.T.);
#5488 = EDGE_CURVE('',#5481,#656,#5489,.T.);
#5489 = LINE('',#5490,#5491);
#5490 = CARTESIAN_POINT('',(194.,232.,-1.));
#5491 = VECTOR('',#5492,1.);
#5492 = DIRECTION('',(0.,0.,1.));
#5493 = ORIENTED_EDGE('',*,*,#655,.F.);
#5494 = PLANE('',#5495);
#5495 = AXIS2_PLACEMENT_3D('',#5496,#5497,#5498);
#5496 = CARTESIAN_POINT('',(194.,199.,-1.));
#5497 = DIRECTION('',(1.,0.,0.));
#5498 = DIRECTION('',(0.,0.,1.));
#5499 = ADVANCED_FACE('',(#5500),#5511,.F.);
#5500 = FACE_BOUND('',#5501,.F.);
#5501 = EDGE_LOOP('',(#5502,#5503,#5509,#5510));
#5502 = ORIENTED_EDGE('',*,*,#5464,.F.);
#5503 = ORIENTED_EDGE('',*,*,#5504,.T.);
#5504 = EDGE_CURVE('',#5457,#5481,#5505,.T.);
#5505 = LINE('',#5506,#5507);
#5506 = CARTESIAN_POINT('',(97.,232.,0.));
#5507 = VECTOR('',#5508,1.);
#5508 = DIRECTION('',(-1.,0.,0.));
#5509 = ORIENTED_EDGE('',*,*,#5488,.T.);
#5510 = ORIENTED_EDGE('',*,*,#663,.F.);
#5511 = PLANE('',#5512);
#5512 = AXIS2_PLACEMENT_3D('',#5513,#5514,#5515);
#5513 = CARTESIAN_POINT('',(194.,232.,-1.));
#5514 = DIRECTION('',(0.,1.,0.));
#5515 = DIRECTION('',(0.,0.,1.));
#5516 = ADVANCED_FACE('',(#5517),#5542,.T.);
#5517 = FACE_BOUND('',#5518,.T.);
#5518 = EDGE_LOOP('',(#5519,#5527,#5535,#5541));
#5519 = ORIENTED_EDGE('',*,*,#5520,.F.);
#5520 = EDGE_CURVE('',#5521,#680,#5523,.T.);
#5521 = VERTEX_POINT('',#5522);
#5522 = CARTESIAN_POINT('',(206.,199.,0.));
#5523 = LINE('',#5524,#5525);
#5524 = CARTESIAN_POINT('',(206.,199.,-1.));
#5525 = VECTOR('',#5526,1.);
#5526 = DIRECTION('',(0.,0.,1.));
#5527 = ORIENTED_EDGE('',*,*,#5528,.T.);
#5528 = EDGE_CURVE('',#5521,#5529,#5531,.T.);
#5529 = VERTEX_POINT('',#5530);
#5530 = CARTESIAN_POINT('',(203.,199.,0.));
#5531 = LINE('',#5532,#5533);
#5532 = CARTESIAN_POINT('',(101.5,199.,0.));
#5533 = VECTOR('',#5534,1.);
#5534 = DIRECTION('',(-1.,0.,0.));
#5535 = ORIENTED_EDGE('',*,*,#5536,.T.);
#5536 = EDGE_CURVE('',#5529,#682,#5537,.T.);
#5537 = LINE('',#5538,#5539);
#5538 = CARTESIAN_POINT('',(203.,199.,-1.));
#5539 = VECTOR('',#5540,1.);
#5540 = DIRECTION('',(0.,0.,1.));
#5541 = ORIENTED_EDGE('',*,*,#679,.F.);
#5542 = PLANE('',#5543);
#5543 = AXIS2_PLACEMENT_3D('',#5544,#5545,#5546);
#5544 = CARTESIAN_POINT('',(203.,199.,-1.));
#5545 = DIRECTION('',(0.,1.,0.));
#5546 = DIRECTION('',(0.,0.,1.));
#5547 = ADVANCED_FACE('',(#5548),#5566,.F.);
#5548 = FACE_BOUND('',#5549,.F.);
#5549 = EDGE_LOOP('',(#5550,#5551,#5559,#5565));
#5550 = ORIENTED_EDGE('',*,*,#5520,.F.);
#5551 = ORIENTED_EDGE('',*,*,#5552,.T.);
#5552 = EDGE_CURVE('',#5521,#5553,#5555,.T.);
#5553 = VERTEX_POINT('',#5554);
#5554 = CARTESIAN_POINT('',(206.,232.,0.));
#5555 = LINE('',#5556,#5557);
#5556 = CARTESIAN_POINT('',(206.,99.5,0.));
#5557 = VECTOR('',#5558,1.);
#5558 = DIRECTION('',(0.,1.,0.));
#5559 = ORIENTED_EDGE('',*,*,#5560,.T.);
#5560 = EDGE_CURVE('',#5553,#698,#5561,.T.);
#5561 = LINE('',#5562,#5563);
#5562 = CARTESIAN_POINT('',(206.,232.,-1.));
#5563 = VECTOR('',#5564,1.);
#5564 = DIRECTION('',(0.,0.,1.));
#5565 = ORIENTED_EDGE('',*,*,#705,.F.);
#5566 = PLANE('',#5567);
#5567 = AXIS2_PLACEMENT_3D('',#5568,#5569,#5570);
#5568 = CARTESIAN_POINT('',(206.,199.,-1.));
#5569 = DIRECTION('',(1.,0.,0.));
#5570 = DIRECTION('',(0.,0.,1.));
#5571 = ADVANCED_FACE('',(#5572),#5590,.T.);
#5572 = FACE_BOUND('',#5573,.T.);
#5573 = EDGE_LOOP('',(#5574,#5575,#5583,#5589));
#5574 = ORIENTED_EDGE('',*,*,#5536,.F.);
#5575 = ORIENTED_EDGE('',*,*,#5576,.T.);
#5576 = EDGE_CURVE('',#5529,#5577,#5579,.T.);
#5577 = VERTEX_POINT('',#5578);
#5578 = CARTESIAN_POINT('',(203.,232.,0.));
#5579 = LINE('',#5580,#5581);
#5580 = CARTESIAN_POINT('',(203.,99.5,0.));
#5581 = VECTOR('',#5582,1.);
#5582 = DIRECTION('',(0.,1.,0.));
#5583 = ORIENTED_EDGE('',*,*,#5584,.T.);
#5584 = EDGE_CURVE('',#5577,#690,#5585,.T.);
#5585 = LINE('',#5586,#5587);
#5586 = CARTESIAN_POINT('',(203.,232.,-1.));
#5587 = VECTOR('',#5588,1.);
#5588 = DIRECTION('',(0.,0.,1.));
#5589 = ORIENTED_EDGE('',*,*,#689,.F.);
#5590 = PLANE('',#5591);
#5591 = AXIS2_PLACEMENT_3D('',#5592,#5593,#5594);
#5592 = CARTESIAN_POINT('',(203.,199.,-1.));
#5593 = DIRECTION('',(1.,0.,0.));
#5594 = DIRECTION('',(0.,0.,1.));
#5595 = ADVANCED_FACE('',(#5596),#5607,.F.);
#5596 = FACE_BOUND('',#5597,.F.);
#5597 = EDGE_LOOP('',(#5598,#5599,#5605,#5606));
#5598 = ORIENTED_EDGE('',*,*,#5560,.F.);
#5599 = ORIENTED_EDGE('',*,*,#5600,.T.);
#5600 = EDGE_CURVE('',#5553,#5577,#5601,.T.);
#5601 = LINE('',#5602,#5603);
#5602 = CARTESIAN_POINT('',(101.5,232.,0.));
#5603 = VECTOR('',#5604,1.);
#5604 = DIRECTION('',(-1.,0.,0.));
#5605 = ORIENTED_EDGE('',*,*,#5584,.T.);
#5606 = ORIENTED_EDGE('',*,*,#697,.F.);
#5607 = PLANE('',#5608);
#5608 = AXIS2_PLACEMENT_3D('',#5609,#5610,#5611);
#5609 = CARTESIAN_POINT('',(203.,232.,-1.));
#5610 = DIRECTION('',(0.,1.,0.));
#5611 = DIRECTION('',(0.,0.,1.));
#5612 = ADVANCED_FACE('',(#5613),#5638,.T.);
#5613 = FACE_BOUND('',#5614,.T.);
#5614 = EDGE_LOOP('',(#5615,#5623,#5631,#5637));
#5615 = ORIENTED_EDGE('',*,*,#5616,.F.);
#5616 = EDGE_CURVE('',#5617,#714,#5619,.T.);
#5617 = VERTEX_POINT('',#5618);
#5618 = CARTESIAN_POINT('',(215.,199.,0.));
#5619 = LINE('',#5620,#5621);
#5620 = CARTESIAN_POINT('',(215.,199.,-1.));
#5621 = VECTOR('',#5622,1.);
#5622 = DIRECTION('',(0.,0.,1.));
#5623 = ORIENTED_EDGE('',*,*,#5624,.T.);
#5624 = EDGE_CURVE('',#5617,#5625,#5627,.T.);
#5625 = VERTEX_POINT('',#5626);
#5626 = CARTESIAN_POINT('',(212.,199.,0.));
#5627 = LINE('',#5628,#5629);
#5628 = CARTESIAN_POINT('',(106.,199.,0.));
#5629 = VECTOR('',#5630,1.);
#5630 = DIRECTION('',(-1.,0.,0.));
#5631 = ORIENTED_EDGE('',*,*,#5632,.T.);
#5632 = EDGE_CURVE('',#5625,#716,#5633,.T.);
#5633 = LINE('',#5634,#5635);
#5634 = CARTESIAN_POINT('',(212.,199.,-1.));
#5635 = VECTOR('',#5636,1.);
#5636 = DIRECTION('',(0.,0.,1.));
#5637 = ORIENTED_EDGE('',*,*,#713,.F.);
#5638 = PLANE('',#5639);
#5639 = AXIS2_PLACEMENT_3D('',#5640,#5641,#5642);
#5640 = CARTESIAN_POINT('',(212.,199.,-1.));
#5641 = DIRECTION('',(0.,1.,0.));
#5642 = DIRECTION('',(0.,0.,1.));
#5643 = ADVANCED_FACE('',(#5644),#5662,.F.);
#5644 = FACE_BOUND('',#5645,.F.);
#5645 = EDGE_LOOP('',(#5646,#5647,#5655,#5661));
#5646 = ORIENTED_EDGE('',*,*,#5616,.F.);
#5647 = ORIENTED_EDGE('',*,*,#5648,.T.);
#5648 = EDGE_CURVE('',#5617,#5649,#5651,.T.);
#5649 = VERTEX_POINT('',#5650);
#5650 = CARTESIAN_POINT('',(215.,232.,0.));
#5651 = LINE('',#5652,#5653);
#5652 = CARTESIAN_POINT('',(215.,99.5,0.));
#5653 = VECTOR('',#5654,1.);
#5654 = DIRECTION('',(0.,1.,0.));
#5655 = ORIENTED_EDGE('',*,*,#5656,.T.);
#5656 = EDGE_CURVE('',#5649,#732,#5657,.T.);
#5657 = LINE('',#5658,#5659);
#5658 = CARTESIAN_POINT('',(215.,232.,-1.));
#5659 = VECTOR('',#5660,1.);
#5660 = DIRECTION('',(0.,0.,1.));
#5661 = ORIENTED_EDGE('',*,*,#739,.F.);
#5662 = PLANE('',#5663);
#5663 = AXIS2_PLACEMENT_3D('',#5664,#5665,#5666);
#5664 = CARTESIAN_POINT('',(215.,199.,-1.));
#5665 = DIRECTION('',(1.,0.,0.));
#5666 = DIRECTION('',(0.,0.,1.));
#5667 = ADVANCED_FACE('',(#5668),#5686,.T.);
#5668 = FACE_BOUND('',#5669,.T.);
#5669 = EDGE_LOOP('',(#5670,#5671,#5679,#5685));
#5670 = ORIENTED_EDGE('',*,*,#5632,.F.);
#5671 = ORIENTED_EDGE('',*,*,#5672,.T.);
#5672 = EDGE_CURVE('',#5625,#5673,#5675,.T.);
#5673 = VERTEX_POINT('',#5674);
#5674 = CARTESIAN_POINT('',(212.,232.,0.));
#5675 = LINE('',#5676,#5677);
#5676 = CARTESIAN_POINT('',(212.,99.5,0.));
#5677 = VECTOR('',#5678,1.);
#5678 = DIRECTION('',(0.,1.,0.));
#5679 = ORIENTED_EDGE('',*,*,#5680,.T.);
#5680 = EDGE_CURVE('',#5673,#724,#5681,.T.);
#5681 = LINE('',#5682,#5683);
#5682 = CARTESIAN_POINT('',(212.,232.,-1.));
#5683 = VECTOR('',#5684,1.);
#5684 = DIRECTION('',(0.,0.,1.));
#5685 = ORIENTED_EDGE('',*,*,#723,.F.);
#5686 = PLANE('',#5687);
#5687 = AXIS2_PLACEMENT_3D('',#5688,#5689,#5690);
#5688 = CARTESIAN_POINT('',(212.,199.,-1.));
#5689 = DIRECTION('',(1.,0.,0.));
#5690 = DIRECTION('',(0.,0.,1.));
#5691 = ADVANCED_FACE('',(#5692),#5703,.F.);
#5692 = FACE_BOUND('',#5693,.F.);
#5693 = EDGE_LOOP('',(#5694,#5695,#5701,#5702));
#5694 = ORIENTED_EDGE('',*,*,#5656,.F.);
#5695 = ORIENTED_EDGE('',*,*,#5696,.T.);
#5696 = EDGE_CURVE('',#5649,#5673,#5697,.T.);
#5697 = LINE('',#5698,#5699);
#5698 = CARTESIAN_POINT('',(106.,232.,0.));
#5699 = VECTOR('',#5700,1.);
#5700 = DIRECTION('',(-1.,0.,0.));
#5701 = ORIENTED_EDGE('',*,*,#5680,.T.);
#5702 = ORIENTED_EDGE('',*,*,#731,.F.);
#5703 = PLANE('',#5704);
#5704 = AXIS2_PLACEMENT_3D('',#5705,#5706,#5707);
#5705 = CARTESIAN_POINT('',(212.,232.,-1.));
#5706 = DIRECTION('',(0.,1.,0.));
#5707 = DIRECTION('',(0.,0.,1.));
#5708 = ADVANCED_FACE('',(#5709),#5734,.T.);
#5709 = FACE_BOUND('',#5710,.T.);
#5710 = EDGE_LOOP('',(#5711,#5719,#5727,#5733));
#5711 = ORIENTED_EDGE('',*,*,#5712,.F.);
#5712 = EDGE_CURVE('',#5713,#748,#5715,.T.);
#5713 = VERTEX_POINT('',#5714);
#5714 = CARTESIAN_POINT('',(224.,199.,0.));
#5715 = LINE('',#5716,#5717);
#5716 = CARTESIAN_POINT('',(224.,199.,-1.));
#5717 = VECTOR('',#5718,1.);
#5718 = DIRECTION('',(0.,0.,1.));
#5719 = ORIENTED_EDGE('',*,*,#5720,.T.);
#5720 = EDGE_CURVE('',#5713,#5721,#5723,.T.);
#5721 = VERTEX_POINT('',#5722);
#5722 = CARTESIAN_POINT('',(221.,199.,0.));
#5723 = LINE('',#5724,#5725);
#5724 = CARTESIAN_POINT('',(110.5,199.,0.));
#5725 = VECTOR('',#5726,1.);
#5726 = DIRECTION('',(-1.,0.,0.));
#5727 = ORIENTED_EDGE('',*,*,#5728,.T.);
#5728 = EDGE_CURVE('',#5721,#750,#5729,.T.);
#5729 = LINE('',#5730,#5731);
#5730 = CARTESIAN_POINT('',(221.,199.,-1.));
#5731 = VECTOR('',#5732,1.);
#5732 = DIRECTION('',(0.,0.,1.));
#5733 = ORIENTED_EDGE('',*,*,#747,.F.);
#5734 = PLANE('',#5735);
#5735 = AXIS2_PLACEMENT_3D('',#5736,#5737,#5738);
#5736 = CARTESIAN_POINT('',(221.,199.,-1.));
#5737 = DIRECTION('',(0.,1.,0.));
#5738 = DIRECTION('',(0.,0.,1.));
#5739 = ADVANCED_FACE('',(#5740),#5758,.F.);
#5740 = FACE_BOUND('',#5741,.F.);
#5741 = EDGE_LOOP('',(#5742,#5743,#5751,#5757));
#5742 = ORIENTED_EDGE('',*,*,#5712,.F.);
#5743 = ORIENTED_EDGE('',*,*,#5744,.T.);
#5744 = EDGE_CURVE('',#5713,#5745,#5747,.T.);
#5745 = VERTEX_POINT('',#5746);
#5746 = CARTESIAN_POINT('',(224.,232.,0.));
#5747 = LINE('',#5748,#5749);
#5748 = CARTESIAN_POINT('',(224.,99.5,0.));
#5749 = VECTOR('',#5750,1.);
#5750 = DIRECTION('',(0.,1.,0.));
#5751 = ORIENTED_EDGE('',*,*,#5752,.T.);
#5752 = EDGE_CURVE('',#5745,#766,#5753,.T.);
#5753 = LINE('',#5754,#5755);
#5754 = CARTESIAN_POINT('',(224.,232.,-1.));
#5755 = VECTOR('',#5756,1.);
#5756 = DIRECTION('',(0.,0.,1.));
#5757 = ORIENTED_EDGE('',*,*,#773,.F.);
#5758 = PLANE('',#5759);
#5759 = AXIS2_PLACEMENT_3D('',#5760,#5761,#5762);
#5760 = CARTESIAN_POINT('',(224.,199.,-1.));
#5761 = DIRECTION('',(1.,0.,0.));
#5762 = DIRECTION('',(0.,0.,1.));
#5763 = ADVANCED_FACE('',(#5764),#5782,.T.);
#5764 = FACE_BOUND('',#5765,.T.);
#5765 = EDGE_LOOP('',(#5766,#5767,#5775,#5781));
#5766 = ORIENTED_EDGE('',*,*,#5728,.F.);
#5767 = ORIENTED_EDGE('',*,*,#5768,.T.);
#5768 = EDGE_CURVE('',#5721,#5769,#5771,.T.);
#5769 = VERTEX_POINT('',#5770);
#5770 = CARTESIAN_POINT('',(221.,232.,0.));
#5771 = LINE('',#5772,#5773);
#5772 = CARTESIAN_POINT('',(221.,99.5,0.));
#5773 = VECTOR('',#5774,1.);
#5774 = DIRECTION('',(0.,1.,0.));
#5775 = ORIENTED_EDGE('',*,*,#5776,.T.);
#5776 = EDGE_CURVE('',#5769,#758,#5777,.T.);
#5777 = LINE('',#5778,#5779);
#5778 = CARTESIAN_POINT('',(221.,232.,-1.));
#5779 = VECTOR('',#5780,1.);
#5780 = DIRECTION('',(0.,0.,1.));
#5781 = ORIENTED_EDGE('',*,*,#757,.F.);
#5782 = PLANE('',#5783);
#5783 = AXIS2_PLACEMENT_3D('',#5784,#5785,#5786);
#5784 = CARTESIAN_POINT('',(221.,199.,-1.));
#5785 = DIRECTION('',(1.,0.,0.));
#5786 = DIRECTION('',(0.,0.,1.));
#5787 = ADVANCED_FACE('',(#5788),#5799,.F.);
#5788 = FACE_BOUND('',#5789,.F.);
#5789 = EDGE_LOOP('',(#5790,#5791,#5797,#5798));
#5790 = ORIENTED_EDGE('',*,*,#5752,.F.);
#5791 = ORIENTED_EDGE('',*,*,#5792,.T.);
#5792 = EDGE_CURVE('',#5745,#5769,#5793,.T.);
#5793 = LINE('',#5794,#5795);
#5794 = CARTESIAN_POINT('',(110.5,232.,0.));
#5795 = VECTOR('',#5796,1.);
#5796 = DIRECTION('',(-1.,0.,0.));
#5797 = ORIENTED_EDGE('',*,*,#5776,.T.);
#5798 = ORIENTED_EDGE('',*,*,#765,.F.);
#5799 = PLANE('',#5800);
#5800 = AXIS2_PLACEMENT_3D('',#5801,#5802,#5803);
#5801 = CARTESIAN_POINT('',(221.,232.,-1.));
#5802 = DIRECTION('',(0.,1.,0.));
#5803 = DIRECTION('',(0.,0.,1.));
#5804 = ADVANCED_FACE('',(#5805),#5830,.T.);
#5805 = FACE_BOUND('',#5806,.T.);
#5806 = EDGE_LOOP('',(#5807,#5815,#5823,#5829));
#5807 = ORIENTED_EDGE('',*,*,#5808,.F.);
#5808 = EDGE_CURVE('',#5809,#782,#5811,.T.);
#5809 = VERTEX_POINT('',#5810);
#5810 = CARTESIAN_POINT('',(233.,199.,0.));
#5811 = LINE('',#5812,#5813);
#5812 = CARTESIAN_POINT('',(233.,199.,-1.));
#5813 = VECTOR('',#5814,1.);
#5814 = DIRECTION('',(0.,0.,1.));
#5815 = ORIENTED_EDGE('',*,*,#5816,.T.);
#5816 = EDGE_CURVE('',#5809,#5817,#5819,.T.);
#5817 = VERTEX_POINT('',#5818);
#5818 = CARTESIAN_POINT('',(230.,199.,0.));
#5819 = LINE('',#5820,#5821);
#5820 = CARTESIAN_POINT('',(115.,199.,0.));
#5821 = VECTOR('',#5822,1.);
#5822 = DIRECTION('',(-1.,0.,0.));
#5823 = ORIENTED_EDGE('',*,*,#5824,.T.);
#5824 = EDGE_CURVE('',#5817,#784,#5825,.T.);
#5825 = LINE('',#5826,#5827);
#5826 = CARTESIAN_POINT('',(230.,199.,-1.));
#5827 = VECTOR('',#5828,1.);
#5828 = DIRECTION('',(0.,0.,1.));
#5829 = ORIENTED_EDGE('',*,*,#781,.F.);
#5830 = PLANE('',#5831);
#5831 = AXIS2_PLACEMENT_3D('',#5832,#5833,#5834);
#5832 = CARTESIAN_POINT('',(230.,199.,-1.));
#5833 = DIRECTION('',(0.,1.,0.));
#5834 = DIRECTION('',(0.,0.,1.));
#5835 = ADVANCED_FACE('',(#5836),#5854,.F.);
#5836 = FACE_BOUND('',#5837,.F.);
#5837 = EDGE_LOOP('',(#5838,#5839,#5847,#5853));
#5838 = ORIENTED_EDGE('',*,*,#5808,.F.);
#5839 = ORIENTED_EDGE('',*,*,#5840,.T.);
#5840 = EDGE_CURVE('',#5809,#5841,#5843,.T.);
#5841 = VERTEX_POINT('',#5842);
#5842 = CARTESIAN_POINT('',(233.,232.,0.));
#5843 = LINE('',#5844,#5845);
#5844 = CARTESIAN_POINT('',(233.,99.5,0.));
#5845 = VECTOR('',#5846,1.);
#5846 = DIRECTION('',(0.,1.,0.));
#5847 = ORIENTED_EDGE('',*,*,#5848,.T.);
#5848 = EDGE_CURVE('',#5841,#800,#5849,.T.);
#5849 = LINE('',#5850,#5851);
#5850 = CARTESIAN_POINT('',(233.,232.,-1.));
#5851 = VECTOR('',#5852,1.);
#5852 = DIRECTION('',(0.,0.,1.));
#5853 = ORIENTED_EDGE('',*,*,#807,.F.);
#5854 = PLANE('',#5855);
#5855 = AXIS2_PLACEMENT_3D('',#5856,#5857,#5858);
#5856 = CARTESIAN_POINT('',(233.,199.,-1.));
#5857 = DIRECTION('',(1.,0.,0.));
#5858 = DIRECTION('',(0.,0.,1.));
#5859 = ADVANCED_FACE('',(#5860),#5878,.F.);
#5860 = FACE_BOUND('',#5861,.F.);
#5861 = EDGE_LOOP('',(#5862,#5863,#5871,#5877));
#5862 = ORIENTED_EDGE('',*,*,#5848,.F.);
#5863 = ORIENTED_EDGE('',*,*,#5864,.T.);
#5864 = EDGE_CURVE('',#5841,#5865,#5867,.T.);
#5865 = VERTEX_POINT('',#5866);
#5866 = CARTESIAN_POINT('',(230.,232.,0.));
#5867 = LINE('',#5868,#5869);
#5868 = CARTESIAN_POINT('',(115.,232.,0.));
#5869 = VECTOR('',#5870,1.);
#5870 = DIRECTION('',(-1.,0.,0.));
#5871 = ORIENTED_EDGE('',*,*,#5872,.T.);
#5872 = EDGE_CURVE('',#5865,#792,#5873,.T.);
#5873 = LINE('',#5874,#5875);
#5874 = CARTESIAN_POINT('',(230.,232.,-1.));
#5875 = VECTOR('',#5876,1.);
#5876 = DIRECTION('',(0.,0.,1.));
#5877 = ORIENTED_EDGE('',*,*,#799,.F.);
#5878 = PLANE('',#5879);
#5879 = AXIS2_PLACEMENT_3D('',#5880,#5881,#5882);
#5880 = CARTESIAN_POINT('',(230.,232.,-1.));
#5881 = DIRECTION('',(0.,1.,0.));
#5882 = DIRECTION('',(0.,0.,1.));
#5883 = ADVANCED_FACE('',(#5884),#5895,.T.);
#5884 = FACE_BOUND('',#5885,.T.);
#5885 = EDGE_LOOP('',(#5886,#5887,#5893,#5894));
#5886 = ORIENTED_EDGE('',*,*,#5824,.F.);
#5887 = ORIENTED_EDGE('',*,*,#5888,.T.);
#5888 = EDGE_CURVE('',#5817,#5865,#5889,.T.);
#5889 = LINE('',#5890,#5891);
#5890 = CARTESIAN_POINT('',(230.,99.5,0.));
#5891 = VECTOR('',#5892,1.);
#5892 = DIRECTION('',(0.,1.,0.));
#5893 = ORIENTED_EDGE('',*,*,#5872,.T.);
#5894 = ORIENTED_EDGE('',*,*,#791,.F.);
#5895 = PLANE('',#5896);
#5896 = AXIS2_PLACEMENT_3D('',#5897,#5898,#5899);
#5897 = CARTESIAN_POINT('',(230.,199.,-1.));
#5898 = DIRECTION('',(1.,0.,0.));
#5899 = DIRECTION('',(0.,0.,1.));
#5900 = ADVANCED_FACE('',(#5901),#5912,.F.);
#5901 = FACE_BOUND('',#5902,.F.);
#5902 = EDGE_LOOP('',(#5903,#5904,#5910,#5911));
#5903 = ORIENTED_EDGE('',*,*,#3018,.F.);
#5904 = ORIENTED_EDGE('',*,*,#5905,.T.);
#5905 = EDGE_CURVE('',#2968,#1924,#5906,.T.);
#5906 = LINE('',#5907,#5908);
#5907 = CARTESIAN_POINT('',(234.,244.,31.));
#5908 = VECTOR('',#5909,1.);
#5909 = DIRECTION('',(1.,0.,0.));
#5910 = ORIENTED_EDGE('',*,*,#1931,.T.);
#5911 = ORIENTED_EDGE('',*,*,#1750,.F.);
#5912 = PLANE('',#5913);
#5913 = AXIS2_PLACEMENT_3D('',#5914,#5915,#5916);
#5914 = CARTESIAN_POINT('',(234.,244.,31.));
#5915 = DIRECTION('',(0.,0.,1.));
#5916 = DIRECTION('',(1.,0.,0.));
#5917 = ADVANCED_FACE('',(#5918),#5929,.F.);
#5918 = FACE_BOUND('',#5919,.F.);
#5919 = EDGE_LOOP('',(#5920,#5921,#5927,#5928));
#5920 = ORIENTED_EDGE('',*,*,#3797,.F.);
#5921 = ORIENTED_EDGE('',*,*,#5922,.T.);
#5922 = EDGE_CURVE('',#3747,#3655,#5923,.T.);
#5923 = LINE('',#5924,#5925);
#5924 = CARTESIAN_POINT('',(206.,244.,31.));
#5925 = VECTOR('',#5926,1.);
#5926 = DIRECTION('',(1.,0.,0.));
#5927 = ORIENTED_EDGE('',*,*,#3662,.T.);
#5928 = ORIENTED_EDGE('',*,*,#1718,.F.);
#5929 = PLANE('',#5930);
#5930 = AXIS2_PLACEMENT_3D('',#5931,#5932,#5933);
#5931 = CARTESIAN_POINT('',(206.,244.,31.));
#5932 = DIRECTION('',(0.,0.,1.));
#5933 = DIRECTION('',(1.,0.,0.));
#5934 = ADVANCED_FACE('',(#5935),#5946,.F.);
#5935 = FACE_BOUND('',#5936,.F.);
#5936 = EDGE_LOOP('',(#5937,#5938,#5944,#5945));
#5937 = ORIENTED_EDGE('',*,*,#2222,.F.);
#5938 = ORIENTED_EDGE('',*,*,#5939,.T.);
#5939 = EDGE_CURVE('',#2172,#2080,#5940,.T.);
#5940 = LINE('',#5941,#5942);
#5941 = CARTESIAN_POINT('',(48.,244.,31.));
#5942 = VECTOR('',#5943,1.);
#5943 = DIRECTION('',(1.,0.,0.));
#5944 = ORIENTED_EDGE('',*,*,#2087,.T.);
#5945 = ORIENTED_EDGE('',*,*,#1654,.F.);
#5946 = PLANE('',#5947);
#5947 = AXIS2_PLACEMENT_3D('',#5948,#5949,#5950);
#5948 = CARTESIAN_POINT('',(48.,244.,31.));
#5949 = DIRECTION('',(0.,0.,1.));
#5950 = DIRECTION('',(1.,0.,0.));
#5951 = ADVANCED_FACE('',(#5952),#5969,.F.);
#5952 = FACE_BOUND('',#5953,.F.);
#5953 = EDGE_LOOP('',(#5954,#5962,#5968));
#5954 = ORIENTED_EDGE('',*,*,#5955,.T.);
#5955 = EDGE_CURVE('',#1809,#5956,#5958,.T.);
#5956 = VERTEX_POINT('',#5957);
#5957 = CARTESIAN_POINT('',(33.,246.86827201635,36.368272016355));
#5958 = LINE('',#5959,#5960);
#5959 = CARTESIAN_POINT('',(33.,249.76740981922,39.26740981922));
#5960 = VECTOR('',#5961,1.);
#5961 = DIRECTION('',(0.,-0.707106781187,-0.707106781187));
#5962 = ORIENTED_EDGE('',*,*,#5963,.T.);
#5963 = EDGE_CURVE('',#5956,#1811,#5964,.T.);
#5964 = LINE('',#5965,#5966);
#5965 = CARTESIAN_POINT('',(33.,246.86827201635,36.368272016355));
#5966 = VECTOR('',#5967,1.);
#5967 = DIRECTION('',(0.,0.713250449154,-0.7009092643));
#5968 = ORIENTED_EDGE('',*,*,#1808,.F.);
#5969 = PLANE('',#5970);
#5970 = AXIS2_PLACEMENT_3D('',#5971,#5972,#5973);
#5971 = CARTESIAN_POINT('',(33.,249.88388074643,36.469301396868));
#5972 = DIRECTION('',(1.,0.,0.));
#5973 = DIRECTION('',(0.,0.,1.));
#5974 = ADVANCED_FACE('',(#5975),#5993,.F.);
#5975 = FACE_BOUND('',#5976,.F.);
#5976 = EDGE_LOOP('',(#5977,#5978,#5979,#5987));
#5977 = ORIENTED_EDGE('',*,*,#5955,.F.);
#5978 = ORIENTED_EDGE('',*,*,#1834,.F.);
#5979 = ORIENTED_EDGE('',*,*,#5980,.T.);
#5980 = EDGE_CURVE('',#1827,#5981,#5983,.T.);
#5981 = VERTEX_POINT('',#5982);
#5982 = CARTESIAN_POINT('',(43.,246.86827201635,36.368272016355));
#5983 = LINE('',#5984,#5985);
#5984 = CARTESIAN_POINT('',(43.,249.76740981922,39.26740981922));
#5985 = VECTOR('',#5986,1.);
#5986 = DIRECTION('',(0.,-0.707106781187,-0.707106781187));
#5987 = ORIENTED_EDGE('',*,*,#5988,.F.);
#5988 = EDGE_CURVE('',#5956,#5981,#5989,.T.);
#5989 = LINE('',#5990,#5991);
#5990 = CARTESIAN_POINT('',(33.,246.86827201635,36.368272016355));
#5991 = VECTOR('',#5992,1.);
#5992 = DIRECTION('',(1.,0.,0.));
#5993 = PLANE('',#5994);
#5994 = AXIS2_PLACEMENT_3D('',#5995,#5996,#5997);
#5995 = CARTESIAN_POINT('',(33.,249.76740981922,39.26740981922));
#5996 = DIRECTION('',(0.,0.707106781187,-0.707106781187));
#5997 = DIRECTION('',(0.,-0.707106781187,-0.707106781187));
#5998 = ADVANCED_FACE('',(#5999),#6010,.F.);
#5999 = FACE_BOUND('',#6000,.F.);
#6000 = EDGE_LOOP('',(#6001,#6002,#6003,#6009));
#6001 = ORIENTED_EDGE('',*,*,#5963,.F.);
#6002 = ORIENTED_EDGE('',*,*,#5988,.T.);
#6003 = ORIENTED_EDGE('',*,*,#6004,.T.);
#6004 = EDGE_CURVE('',#5981,#1819,#6005,.T.);
#6005 = LINE('',#6006,#6007);
#6006 = CARTESIAN_POINT('',(43.,246.86827201635,36.368272016355));
#6007 = VECTOR('',#6008,1.);
#6008 = DIRECTION('',(0.,0.713250449154,-0.7009092643));
#6009 = ORIENTED_EDGE('',*,*,#1818,.F.);
#6010 = PLANE('',#6011);
#6011 = AXIS2_PLACEMENT_3D('',#6012,#6013,#6014);
#6012 = CARTESIAN_POINT('',(33.,246.86827201635,36.368272016355));
#6013 = DIRECTION('',(0.,0.7009092643,0.713250449154));
#6014 = DIRECTION('',(0.,0.713250449154,-0.7009092643));
#6015 = ADVANCED_FACE('',(#6016),#6021,.T.);
#6016 = FACE_BOUND('',#6017,.T.);
#6017 = EDGE_LOOP('',(#6018,#6019,#6020));
#6018 = ORIENTED_EDGE('',*,*,#5980,.T.);
#6019 = ORIENTED_EDGE('',*,*,#6004,.T.);
#6020 = ORIENTED_EDGE('',*,*,#1826,.F.);
#6021 = PLANE('',#6022);
#6022 = AXIS2_PLACEMENT_3D('',#6023,#6024,#6025);
#6023 = CARTESIAN_POINT('',(43.,249.88388074643,36.469301396868));
#6024 = DIRECTION('',(1.,0.,0.));
#6025 = DIRECTION('',(0.,0.,1.));
#6026 = ADVANCED_FACE('',(#6027),#6044,.F.);
#6027 = FACE_BOUND('',#6028,.F.);
#6028 = EDGE_LOOP('',(#6029,#6037,#6043));
#6029 = ORIENTED_EDGE('',*,*,#6030,.T.);
#6030 = EDGE_CURVE('',#1843,#6031,#6033,.T.);
#6031 = VERTEX_POINT('',#6032);
#6032 = CARTESIAN_POINT('',(219.,246.86827201635,36.368272016355));
#6033 = LINE('',#6034,#6035);
#6034 = CARTESIAN_POINT('',(219.,249.76740981922,39.26740981922));
#6035 = VECTOR('',#6036,1.);
#6036 = DIRECTION('',(0.,-0.707106781187,-0.707106781187));
#6037 = ORIENTED_EDGE('',*,*,#6038,.T.);
#6038 = EDGE_CURVE('',#6031,#1845,#6039,.T.);
#6039 = LINE('',#6040,#6041);
#6040 = CARTESIAN_POINT('',(219.,246.86827201635,36.368272016355));
#6041 = VECTOR('',#6042,1.);
#6042 = DIRECTION('',(0.,0.713250449154,-0.7009092643));
#6043 = ORIENTED_EDGE('',*,*,#1842,.F.);
#6044 = PLANE('',#6045);
#6045 = AXIS2_PLACEMENT_3D('',#6046,#6047,#6048);
#6046 = CARTESIAN_POINT('',(219.,249.88388074643,36.469301396868));
#6047 = DIRECTION('',(1.,0.,0.));
#6048 = DIRECTION('',(0.,0.,1.));
#6049 = ADVANCED_FACE('',(#6050),#6068,.F.);
#6050 = FACE_BOUND('',#6051,.F.);
#6051 = EDGE_LOOP('',(#6052,#6053,#6054,#6062));
#6052 = ORIENTED_EDGE('',*,*,#6030,.F.);
#6053 = ORIENTED_EDGE('',*,*,#1868,.F.);
#6054 = ORIENTED_EDGE('',*,*,#6055,.T.);
#6055 = EDGE_CURVE('',#1861,#6056,#6058,.T.);
#6056 = VERTEX_POINT('',#6057);
#6057 = CARTESIAN_POINT('',(229.,246.86827201635,36.368272016355));
#6058 = LINE('',#6059,#6060);
#6059 = CARTESIAN_POINT('',(229.,249.76740981922,39.26740981922));
#6060 = VECTOR('',#6061,1.);
#6061 = DIRECTION('',(0.,-0.707106781187,-0.707106781187));
#6062 = ORIENTED_EDGE('',*,*,#6063,.F.);
#6063 = EDGE_CURVE('',#6031,#6056,#6064,.T.);
#6064 = LINE('',#6065,#6066);
#6065 = CARTESIAN_POINT('',(219.,246.86827201635,36.368272016355));
#6066 = VECTOR('',#6067,1.);
#6067 = DIRECTION('',(1.,0.,0.));
#6068 = PLANE('',#6069);
#6069 = AXIS2_PLACEMENT_3D('',#6070,#6071,#6072);
#6070 = CARTESIAN_POINT('',(219.,249.76740981922,39.26740981922));
#6071 = DIRECTION('',(0.,0.707106781187,-0.707106781187));
#6072 = DIRECTION('',(0.,-0.707106781187,-0.707106781187));
#6073 = ADVANCED_FACE('',(#6074),#6084,.T.);
#6074 = FACE_BOUND('',#6075,.T.);
#6075 = EDGE_LOOP('',(#6076,#6077,#6083));
#6076 = ORIENTED_EDGE('',*,*,#6055,.T.);
#6077 = ORIENTED_EDGE('',*,*,#6078,.T.);
#6078 = EDGE_CURVE('',#6056,#1853,#6079,.T.);
#6079 = LINE('',#6080,#6081);
#6080 = CARTESIAN_POINT('',(229.,246.86827201635,36.368272016355));
#6081 = VECTOR('',#6082,1.);
#6082 = DIRECTION('',(0.,0.713250449154,-0.7009092643));
#6083 = ORIENTED_EDGE('',*,*,#1860,.F.);
#6084 = PLANE('',#6085);
#6085 = AXIS2_PLACEMENT_3D('',#6086,#6087,#6088);
#6086 = CARTESIAN_POINT('',(229.,249.88388074643,36.469301396868));
#6087 = DIRECTION('',(1.,0.,0.));
#6088 = DIRECTION('',(0.,0.,1.));
#6089 = ADVANCED_FACE('',(#6090),#6096,.F.);
#6090 = FACE_BOUND('',#6091,.F.);
#6091 = EDGE_LOOP('',(#6092,#6093,#6094,#6095));
#6092 = ORIENTED_EDGE('',*,*,#6038,.F.);
#6093 = ORIENTED_EDGE('',*,*,#6063,.T.);
#6094 = ORIENTED_EDGE('',*,*,#6078,.T.);
#6095 = ORIENTED_EDGE('',*,*,#1852,.F.);
#6096 = PLANE('',#6097);
#6097 = AXIS2_PLACEMENT_3D('',#6098,#6099,#6100);
#6098 = CARTESIAN_POINT('',(219.,246.86827201635,36.368272016355));
#6099 = DIRECTION('',(0.,0.7009092643,0.713250449154));
#6100 = DIRECTION('',(0.,0.713250449154,-0.7009092643));
#6101 = ADVANCED_FACE('',(#6102),#6114,.T.);
#6102 = FACE_BOUND('',#6103,.T.);
#6103 = EDGE_LOOP('',(#6104,#6111,#6112,#6113));
#6104 = ORIENTED_EDGE('',*,*,#6105,.F.);
#6105 = EDGE_CURVE('',#4138,#822,#6106,.T.);
#6106 = CIRCLE('',#6107,6.);
#6107 = AXIS2_PLACEMENT_3D('',#6108,#6109,#6110);
#6108 = CARTESIAN_POINT('',(254.,8.,39.));
#6109 = DIRECTION('',(0.,0.,1.));
#6110 = DIRECTION('',(1.,0.,0.));
#6111 = ORIENTED_EDGE('',*,*,#4137,.F.);
#6112 = ORIENTED_EDGE('',*,*,#88,.T.);
#6113 = ORIENTED_EDGE('',*,*,#821,.T.);
#6114 = CYLINDRICAL_SURFACE('',#6115,6.);
#6115 = AXIS2_PLACEMENT_3D('',#6116,#6117,#6118);
#6116 = CARTESIAN_POINT('',(254.,8.,0.));
#6117 = DIRECTION('',(0.,0.,1.));
#6118 = DIRECTION('',(1.,0.,0.));
#6119 = ADVANCED_FACE('',(#6120),#6132,.T.);
#6120 = FACE_BOUND('',#6121,.T.);
#6121 = EDGE_LOOP('',(#6122,#6129,#6130,#6131));
#6122 = ORIENTED_EDGE('',*,*,#6123,.F.);
#6123 = EDGE_CURVE('',#853,#4147,#6124,.T.);
#6124 = CIRCLE('',#6125,6.);
#6125 = AXIS2_PLACEMENT_3D('',#6126,#6127,#6128);
#6126 = CARTESIAN_POINT('',(254.,181.,39.));
#6127 = DIRECTION('',(0.,0.,1.));
#6128 = DIRECTION('',(1.,0.,0.));
#6129 = ORIENTED_EDGE('',*,*,#852,.F.);
#6130 = ORIENTED_EDGE('',*,*,#105,.T.);
#6131 = ORIENTED_EDGE('',*,*,#4146,.T.);
#6132 = CYLINDRICAL_SURFACE('',#6133,6.);
#6133 = AXIS2_PLACEMENT_3D('',#6134,#6135,#6136);
#6134 = CARTESIAN_POINT('',(254.,181.,0.));
#6135 = DIRECTION('',(0.,0.,1.));
#6136 = DIRECTION('',(1.,0.,0.));
#6137 = ADVANCED_FACE('',(#6138),#6154,.T.);
#6138 = FACE_BOUND('',#6139,.T.);
#6139 = EDGE_LOOP('',(#6140,#6141,#6147,#6148));
#6140 = ORIENTED_EDGE('',*,*,#2977,.F.);
#6141 = ORIENTED_EDGE('',*,*,#6142,.T.);
#6142 = EDGE_CURVE('',#2970,#1914,#6143,.T.);
#6143 = LINE('',#6144,#6145);
#6144 = CARTESIAN_POINT('',(234.,244.,44.5));
#6145 = VECTOR('',#6146,1.);
#6146 = DIRECTION('',(1.,0.,0.));
#6147 = ORIENTED_EDGE('',*,*,#1913,.T.);
#6148 = ORIENTED_EDGE('',*,*,#6149,.F.);
#6149 = EDGE_CURVE('',#2978,#1916,#6150,.T.);
#6150 = LINE('',#6151,#6152);
#6151 = CARTESIAN_POINT('',(234.,248.,44.5));
#6152 = VECTOR('',#6153,1.);
#6153 = DIRECTION('',(1.,0.,0.));
#6154 = PLANE('',#6155);
#6155 = AXIS2_PLACEMENT_3D('',#6156,#6157,#6158);
#6156 = CARTESIAN_POINT('',(234.,244.,44.5));
#6157 = DIRECTION('',(0.,0.,1.));
#6158 = DIRECTION('',(1.,0.,0.));
#6159 = ADVANCED_FACE('',(#6160),#6173,.T.);
#6160 = FACE_BOUND('',#6161,.T.);
#6161 = EDGE_LOOP('',(#6162,#6163,#6169,#6170,#6171,#6172));
#6162 = ORIENTED_EDGE('',*,*,#1961,.F.);
#6163 = ORIENTED_EDGE('',*,*,#6164,.F.);
#6164 = EDGE_CURVE('',#2995,#1954,#6165,.T.);
#6165 = LINE('',#6166,#6167);
#6166 = CARTESIAN_POINT('',(234.,255.,37.5));
#6167 = VECTOR('',#6168,1.);
#6168 = DIRECTION('',(1.,0.,0.));
#6169 = ORIENTED_EDGE('',*,*,#2994,.T.);
#6170 = ORIENTED_EDGE('',*,*,#2985,.T.);
#6171 = ORIENTED_EDGE('',*,*,#6149,.T.);
#6172 = ORIENTED_EDGE('',*,*,#1970,.F.);
#6173 = CYLINDRICAL_SURFACE('',#6174,7.);
#6174 = AXIS2_PLACEMENT_3D('',#6175,#6176,#6177);
#6175 = CARTESIAN_POINT('',(234.,255.,44.5));
#6176 = DIRECTION('',(1.,0.,0.));
#6177 = DIRECTION('',(0.,0.,1.));
#6178 = ADVANCED_FACE('',(#6179),#6185,.T.);
#6179 = FACE_BOUND('',#6180,.T.);
#6180 = EDGE_LOOP('',(#6181,#6182,#6183,#6184));
#6181 = ORIENTED_EDGE('',*,*,#1953,.F.);
#6182 = ORIENTED_EDGE('',*,*,#2953,.F.);
#6183 = ORIENTED_EDGE('',*,*,#3003,.T.);
#6184 = ORIENTED_EDGE('',*,*,#6164,.T.);
#6185 = PLANE('',#6186);
#6186 = AXIS2_PLACEMENT_3D('',#6187,#6188,#6189);
#6187 = CARTESIAN_POINT('',(234.,255.,31.));
#6188 = DIRECTION('',(0.,1.,0.));
#6189 = DIRECTION('',(0.,0.,1.));
#6190 = ADVANCED_FACE('',(#6191),#6197,.F.);
#6191 = FACE_BOUND('',#6192,.F.);
#6192 = EDGE_LOOP('',(#6193,#6194,#6195,#6196));
#6193 = ORIENTED_EDGE('',*,*,#5905,.F.);
#6194 = ORIENTED_EDGE('',*,*,#2967,.T.);
#6195 = ORIENTED_EDGE('',*,*,#6142,.T.);
#6196 = ORIENTED_EDGE('',*,*,#1923,.F.);
#6197 = PLANE('',#6198);
#6198 = AXIS2_PLACEMENT_3D('',#6199,#6200,#6201);
#6199 = CARTESIAN_POINT('',(234.,244.,31.));
#6200 = DIRECTION('',(0.,1.,0.));
#6201 = DIRECTION('',(0.,0.,1.));
#6202 = ADVANCED_FACE('',(#6203),#6214,.F.);
#6203 = FACE_BOUND('',#6204,.F.);
#6204 = EDGE_LOOP('',(#6205,#6206,#6212,#6213));
#6205 = ORIENTED_EDGE('',*,*,#1979,.F.);
#6206 = ORIENTED_EDGE('',*,*,#6207,.F.);
#6207 = EDGE_CURVE('',#3027,#1980,#6208,.T.);
#6208 = LINE('',#6209,#6210);
#6209 = CARTESIAN_POINT('',(233.,255.,46.7));
#6210 = VECTOR('',#6211,1.);
#6211 = DIRECTION('',(1.,0.,0.));
#6212 = ORIENTED_EDGE('',*,*,#3026,.T.);
#6213 = ORIENTED_EDGE('',*,*,#6207,.T.);
#6214 = CYLINDRICAL_SURFACE('',#6215,2.2);
#6215 = AXIS2_PLACEMENT_3D('',#6216,#6217,#6218);
#6216 = CARTESIAN_POINT('',(233.,255.,44.5));
#6217 = DIRECTION('',(1.,0.,0.));
#6218 = DIRECTION('',(0.,0.,1.));
#6219 = ADVANCED_FACE('',(#6220),#6236,.T.);
#6220 = FACE_BOUND('',#6221,.T.);
#6221 = EDGE_LOOP('',(#6222,#6223,#6229,#6230));
#6222 = ORIENTED_EDGE('',*,*,#2181,.F.);
#6223 = ORIENTED_EDGE('',*,*,#6224,.T.);
#6224 = EDGE_CURVE('',#2174,#2070,#6225,.T.);
#6225 = LINE('',#6226,#6227);
#6226 = CARTESIAN_POINT('',(48.,244.,44.5));
#6227 = VECTOR('',#6228,1.);
#6228 = DIRECTION('',(1.,0.,0.));
#6229 = ORIENTED_EDGE('',*,*,#2069,.T.);
#6230 = ORIENTED_EDGE('',*,*,#6231,.F.);
#6231 = EDGE_CURVE('',#2182,#2072,#6232,.T.);
#6232 = LINE('',#6233,#6234);
#6233 = CARTESIAN_POINT('',(48.,248.,44.5));
#6234 = VECTOR('',#6235,1.);
#6235 = DIRECTION('',(1.,0.,0.));
#6236 = PLANE('',#6237);
#6237 = AXIS2_PLACEMENT_3D('',#6238,#6239,#6240);
#6238 = CARTESIAN_POINT('',(48.,244.,44.5));
#6239 = DIRECTION('',(0.,0.,1.));
#6240 = DIRECTION('',(1.,0.,0.));
#6241 = ADVANCED_FACE('',(#6242),#6255,.T.);
#6242 = FACE_BOUND('',#6243,.T.);
#6243 = EDGE_LOOP('',(#6244,#6245,#6251,#6252,#6253,#6254));
#6244 = ORIENTED_EDGE('',*,*,#2112,.F.);
#6245 = ORIENTED_EDGE('',*,*,#6246,.F.);
#6246 = EDGE_CURVE('',#2199,#2105,#6247,.T.);
#6247 = LINE('',#6248,#6249);
#6248 = CARTESIAN_POINT('',(48.,255.,37.5));
#6249 = VECTOR('',#6250,1.);
#6250 = DIRECTION('',(1.,0.,0.));
#6251 = ORIENTED_EDGE('',*,*,#2198,.T.);
#6252 = ORIENTED_EDGE('',*,*,#2189,.T.);
#6253 = ORIENTED_EDGE('',*,*,#6231,.T.);
#6254 = ORIENTED_EDGE('',*,*,#2121,.F.);
#6255 = CYLINDRICAL_SURFACE('',#6256,7.);
#6256 = AXIS2_PLACEMENT_3D('',#6257,#6258,#6259);
#6257 = CARTESIAN_POINT('',(48.,255.,44.5));
#6258 = DIRECTION('',(1.,0.,0.));
#6259 = DIRECTION('',(0.,0.,1.));
#6260 = ADVANCED_FACE('',(#6261),#6267,.T.);
#6261 = FACE_BOUND('',#6262,.T.);
#6262 = EDGE_LOOP('',(#6263,#6264,#6265,#6266));
#6263 = ORIENTED_EDGE('',*,*,#2104,.F.);
#6264 = ORIENTED_EDGE('',*,*,#2157,.F.);
#6265 = ORIENTED_EDGE('',*,*,#2207,.T.);
#6266 = ORIENTED_EDGE('',*,*,#6246,.T.);
#6267 = PLANE('',#6268);
#6268 = AXIS2_PLACEMENT_3D('',#6269,#6270,#6271);
#6269 = CARTESIAN_POINT('',(48.,255.,31.));
#6270 = DIRECTION('',(0.,1.,0.));
#6271 = DIRECTION('',(0.,0.,1.));
#6272 = ADVANCED_FACE('',(#6273),#6279,.F.);
#6273 = FACE_BOUND('',#6274,.F.);
#6274 = EDGE_LOOP('',(#6275,#6276,#6277,#6278));
#6275 = ORIENTED_EDGE('',*,*,#5939,.F.);
#6276 = ORIENTED_EDGE('',*,*,#2171,.T.);
#6277 = ORIENTED_EDGE('',*,*,#6224,.T.);
#6278 = ORIENTED_EDGE('',*,*,#2079,.F.);
#6279 = PLANE('',#6280);
#6280 = AXIS2_PLACEMENT_3D('',#6281,#6282,#6283);
#6281 = CARTESIAN_POINT('',(48.,244.,31.));
#6282 = DIRECTION('',(0.,1.,0.));
#6283 = DIRECTION('',(0.,0.,1.));
#6284 = ADVANCED_FACE('',(#6285),#6296,.F.);
#6285 = FACE_BOUND('',#6286,.F.);
#6286 = EDGE_LOOP('',(#6287,#6288,#6294,#6295));
#6287 = ORIENTED_EDGE('',*,*,#2130,.F.);
#6288 = ORIENTED_EDGE('',*,*,#6289,.F.);
#6289 = EDGE_CURVE('',#2231,#2131,#6290,.T.);
#6290 = LINE('',#6291,#6292);
#6291 = CARTESIAN_POINT('',(47.,255.,46.7));
#6292 = VECTOR('',#6293,1.);
#6293 = DIRECTION('',(1.,0.,0.));
#6294 = ORIENTED_EDGE('',*,*,#2230,.T.);
#6295 = ORIENTED_EDGE('',*,*,#6289,.T.);
#6296 = CYLINDRICAL_SURFACE('',#6297,2.2);
#6297 = AXIS2_PLACEMENT_3D('',#6298,#6299,#6300);
#6298 = CARTESIAN_POINT('',(47.,255.,44.5));
#6299 = DIRECTION('',(1.,0.,0.));
#6300 = DIRECTION('',(0.,0.,1.));
#6301 = ADVANCED_FACE('',(#6302),#6313,.F.);
#6302 = FACE_BOUND('',#6303,.F.);
#6303 = EDGE_LOOP('',(#6304,#6305,#6311,#6312));
#6304 = ORIENTED_EDGE('',*,*,#2583,.F.);
#6305 = ORIENTED_EDGE('',*,*,#6306,.T.);
#6306 = EDGE_CURVE('',#2584,#2288,#6307,.T.);
#6307 = LINE('',#6308,#6309);
#6308 = CARTESIAN_POINT('',(33.,249.76740981922,39.26740981922));
#6309 = VECTOR('',#6310,1.);
#6310 = DIRECTION('',(1.,0.,0.));
#6311 = ORIENTED_EDGE('',*,*,#2287,.T.);
#6312 = ORIENTED_EDGE('',*,*,#2265,.T.);
#6313 = PLANE('',#6314);
#6314 = AXIS2_PLACEMENT_3D('',#6315,#6316,#6317);
#6315 = CARTESIAN_POINT('',(33.,249.76740981922,39.26740981922));
#6316 = DIRECTION('',(0.,0.707106781187,-0.707106781187));
#6317 = DIRECTION('',(0.,-0.707106781187,-0.707106781187));
#6318 = ADVANCED_FACE('',(#6319),#6330,.F.);
#6319 = FACE_BOUND('',#6320,.F.);
#6320 = EDGE_LOOP('',(#6321,#6327,#6328,#6329));
#6321 = ORIENTED_EDGE('',*,*,#6322,.T.);
#6322 = EDGE_CURVE('',#2827,#2538,#6323,.T.);
#6323 = LINE('',#6324,#6325);
#6324 = CARTESIAN_POINT('',(33.,249.8595280586,39.176885477494));
#6325 = VECTOR('',#6326,1.);
#6326 = DIRECTION('',(1.,0.,0.));
#6327 = ORIENTED_EDGE('',*,*,#2545,.T.);
#6328 = ORIENTED_EDGE('',*,*,#6306,.F.);
#6329 = ORIENTED_EDGE('',*,*,#2834,.F.);
#6330 = PLANE('',#6331);
#6331 = AXIS2_PLACEMENT_3D('',#6332,#6333,#6334);
#6332 = CARTESIAN_POINT('',(33.,249.8595280586,39.176885477494));
#6333 = DIRECTION('',(0.,-0.7009092643,-0.713250449154));
#6334 = DIRECTION('',(0.,-0.713250449154,0.7009092643));
#6335 = ADVANCED_FACE('',(#6336),#6347,.F.);
#6336 = FACE_BOUND('',#6337,.F.);
#6337 = EDGE_LOOP('',(#6338,#6344,#6345,#6346));
#6338 = ORIENTED_EDGE('',*,*,#6339,.T.);
#6339 = EDGE_CURVE('',#2819,#2530,#6340,.T.);
#6340 = LINE('',#6341,#6342);
#6341 = CARTESIAN_POINT('',(33.,249.95321213553,39.087982608018));
#6342 = VECTOR('',#6343,1.);
#6343 = DIRECTION('',(1.,0.,0.));
#6344 = ORIENTED_EDGE('',*,*,#2537,.T.);
#6345 = ORIENTED_EDGE('',*,*,#6322,.F.);
#6346 = ORIENTED_EDGE('',*,*,#2826,.F.);
#6347 = PLANE('',#6348);
#6348 = AXIS2_PLACEMENT_3D('',#6349,#6350,#6351);
#6349 = CARTESIAN_POINT('',(33.,249.95321213553,39.087982608018));
#6350 = DIRECTION('',(0.,-0.688354575694,-0.725374371012));
#6351 = DIRECTION('',(0.,-0.725374371012,0.688354575694));
#6352 = ADVANCED_FACE('',(#6353),#6364,.F.);
#6353 = FACE_BOUND('',#6354,.F.);
#6354 = EDGE_LOOP('',(#6355,#6361,#6362,#6363));
#6355 = ORIENTED_EDGE('',*,*,#6356,.T.);
#6356 = EDGE_CURVE('',#2811,#2522,#6357,.T.);
#6357 = LINE('',#6358,#6359);
#6358 = CARTESIAN_POINT('',(33.,250.04843351294,39.000728291467));
#6359 = VECTOR('',#6360,1.);
#6360 = DIRECTION('',(1.,0.,0.));
#6361 = ORIENTED_EDGE('',*,*,#2529,.T.);
#6362 = ORIENTED_EDGE('',*,*,#6339,.F.);
#6363 = ORIENTED_EDGE('',*,*,#2818,.F.);
#6364 = PLANE('',#6365);
#6365 = AXIS2_PLACEMENT_3D('',#6366,#6367,#6368);
#6366 = CARTESIAN_POINT('',(33.,250.04843351294,39.000728291467));
#6367 = DIRECTION('',(0.,-0.675590207616,-0.73727733681));
#6368 = DIRECTION('',(0.,-0.73727733681,0.675590207616));
#6369 = ADVANCED_FACE('',(#6370),#6381,.F.);
#6370 = FACE_BOUND('',#6371,.F.);
#6371 = EDGE_LOOP('',(#6372,#6378,#6379,#6380));
#6372 = ORIENTED_EDGE('',*,*,#6373,.T.);
#6373 = EDGE_CURVE('',#2803,#2514,#6374,.T.);
#6374 = LINE('',#6375,#6376);
#6375 = CARTESIAN_POINT('',(33.,250.14516318547,38.915149106351));
#6376 = VECTOR('',#6377,1.);
#6377 = DIRECTION('',(1.,0.,0.));
#6378 = ORIENTED_EDGE('',*,*,#2521,.T.);
#6379 = ORIENTED_EDGE('',*,*,#6356,.F.);
#6380 = ORIENTED_EDGE('',*,*,#2810,.F.);
#6381 = PLANE('',#6382);
#6382 = AXIS2_PLACEMENT_3D('',#6383,#6384,#6385);
#6383 = CARTESIAN_POINT('',(33.,250.14516318547,38.915149106351));
#6384 = DIRECTION('',(0.,-0.662620048216,-0.748955720789));
#6385 = DIRECTION('',(0.,-0.748955720789,0.662620048216));
#6386 = ADVANCED_FACE('',(#6387),#6398,.F.);
#6387 = FACE_BOUND('',#6388,.F.);
#6388 = EDGE_LOOP('',(#6389,#6395,#6396,#6397));
#6389 = ORIENTED_EDGE('',*,*,#6390,.T.);
#6390 = EDGE_CURVE('',#2795,#2506,#6391,.T.);
#6391 = LINE('',#6392,#6393);
#6392 = CARTESIAN_POINT('',(33.,250.24337168832,38.83127112092));
#6393 = VECTOR('',#6394,1.);
#6394 = DIRECTION('',(1.,0.,0.));
#6395 = ORIENTED_EDGE('',*,*,#2513,.T.);
#6396 = ORIENTED_EDGE('',*,*,#6373,.F.);
#6397 = ORIENTED_EDGE('',*,*,#2802,.F.);
#6398 = PLANE('',#6399);
#6399 = AXIS2_PLACEMENT_3D('',#6400,#6401,#6402);
#6400 = CARTESIAN_POINT('',(33.,250.24337168832,38.83127112092));
#6401 = DIRECTION('',(0.,-0.64944804833,-0.7604059656));
#6402 = DIRECTION('',(0.,-0.7604059656,0.64944804833));
#6403 = ADVANCED_FACE('',(#6404),#6415,.F.);
#6404 = FACE_BOUND('',#6405,.F.);
#6405 = EDGE_LOOP('',(#6406,#6412,#6413,#6414));
#6406 = ORIENTED_EDGE('',*,*,#6407,.T.);
#6407 = EDGE_CURVE('',#2787,#2498,#6408,.T.);
#6408 = LINE('',#6409,#6410);
#6409 = CARTESIAN_POINT('',(33.,250.34302910623,38.749119885218));
#6410 = VECTOR('',#6411,1.);
#6411 = DIRECTION('',(1.,0.,0.));
#6412 = ORIENTED_EDGE('',*,*,#2505,.T.);
#6413 = ORIENTED_EDGE('',*,*,#6390,.F.);
#6414 = ORIENTED_EDGE('',*,*,#2794,.F.);
#6415 = PLANE('',#6416);
#6416 = AXIS2_PLACEMENT_3D('',#6417,#6418,#6419);
#6417 = CARTESIAN_POINT('',(33.,250.34302910623,38.749119885218));
#6418 = DIRECTION('',(0.,-0.636078220278,-0.771624583388));
#6419 = DIRECTION('',(0.,-0.771624583388,0.636078220278));
#6420 = ADVANCED_FACE('',(#6421),#6432,.F.);
#6421 = FACE_BOUND('',#6422,.F.);
#6422 = EDGE_LOOP('',(#6423,#6429,#6430,#6431));
#6423 = ORIENTED_EDGE('',*,*,#6424,.T.);
#6424 = EDGE_CURVE('',#2779,#2490,#6425,.T.);
#6425 = LINE('',#6426,#6427);
#6426 = CARTESIAN_POINT('',(33.,250.44410508259,38.66872042331));
#6427 = VECTOR('',#6428,1.);
#6428 = DIRECTION('',(1.,0.,0.));
#6429 = ORIENTED_EDGE('',*,*,#2497,.T.);
#6430 = ORIENTED_EDGE('',*,*,#6407,.F.);
#6431 = ORIENTED_EDGE('',*,*,#2786,.F.);
#6432 = PLANE('',#6433);
#6433 = AXIS2_PLACEMENT_3D('',#6434,#6435,#6436);
#6434 = CARTESIAN_POINT('',(33.,250.44410508259,38.66872042331));
#6435 = DIRECTION('',(0.,-0.622514636638,-0.782608156852));
#6436 = DIRECTION('',(0.,-0.782608156852,0.622514636638));
#6437 = ADVANCED_FACE('',(#6438),#6449,.F.);
#6438 = FACE_BOUND('',#6439,.F.);
#6439 = EDGE_LOOP('',(#6440,#6446,#6447,#6448));
#6440 = ORIENTED_EDGE('',*,*,#6441,.T.);
#6441 = EDGE_CURVE('',#2771,#2482,#6442,.T.);
#6442 = LINE('',#6443,#6444);
#6443 = CARTESIAN_POINT('',(33.,250.54656882867,38.59009722565));
#6444 = VECTOR('',#6445,1.);
#6445 = DIRECTION('',(1.,0.,0.));
#6446 = ORIENTED_EDGE('',*,*,#2489,.T.);
#6447 = ORIENTED_EDGE('',*,*,#6424,.F.);
#6448 = ORIENTED_EDGE('',*,*,#2778,.F.);
#6449 = PLANE('',#6450);
#6450 = AXIS2_PLACEMENT_3D('',#6451,#6452,#6453);
#6451 = CARTESIAN_POINT('',(33.,250.54656882867,38.59009722565));
#6452 = DIRECTION('',(0.,-0.608761429009,-0.793353340291));
#6453 = DIRECTION('',(0.,-0.793353340291,0.608761429009));
#6454 = ADVANCED_FACE('',(#6455),#6466,.F.);
#6455 = FACE_BOUND('',#6456,.F.);
#6456 = EDGE_LOOP('',(#6457,#6463,#6464,#6465));
#6457 = ORIENTED_EDGE('',*,*,#6458,.T.);
#6458 = EDGE_CURVE('',#2763,#2474,#6459,.T.);
#6459 = LINE('',#6460,#6461);
#6460 = CARTESIAN_POINT('',(33.,250.65038913303,38.513274241625));
#6461 = VECTOR('',#6462,1.);
#6462 = DIRECTION('',(1.,0.,0.));
#6463 = ORIENTED_EDGE('',*,*,#2481,.T.);
#6464 = ORIENTED_EDGE('',*,*,#6441,.F.);
#6465 = ORIENTED_EDGE('',*,*,#2770,.F.);
#6466 = PLANE('',#6467);
#6467 = AXIS2_PLACEMENT_3D('',#6468,#6469,#6470);
#6468 = CARTESIAN_POINT('',(33.,250.65038913303,38.513274241625));
#6469 = DIRECTION('',(0.,-0.594822786751,-0.803856860617));
#6470 = DIRECTION('',(0.,-0.803856860617,0.594822786751));
#6471 = ADVANCED_FACE('',(#6472),#6483,.F.);
#6472 = FACE_BOUND('',#6473,.F.);
#6473 = EDGE_LOOP('',(#6474,#6480,#6481,#6482));
#6474 = ORIENTED_EDGE('',*,*,#6475,.T.);
#6475 = EDGE_CURVE('',#2755,#2466,#6476,.T.);
#6476 = LINE('',#6477,#6478);
#6477 = CARTESIAN_POINT('',(33.,250.755534371,38.438274872261));
#6478 = VECTOR('',#6479,1.);
#6479 = DIRECTION('',(1.,0.,0.));
#6480 = ORIENTED_EDGE('',*,*,#2473,.T.);
#6481 = ORIENTED_EDGE('',*,*,#6458,.F.);
#6482 = ORIENTED_EDGE('',*,*,#2762,.F.);
#6483 = PLANE('',#6484);
#6484 = AXIS2_PLACEMENT_3D('',#6485,#6486,#6487);
#6485 = CARTESIAN_POINT('',(33.,250.755534371,38.438274872261));
#6486 = DIRECTION('',(0.,-0.580702955711,-0.814115518356));
#6487 = DIRECTION('',(0.,-0.814115518356,0.580702955711));
#6488 = ADVANCED_FACE('',(#6489),#6500,.F.);
#6489 = FACE_BOUND('',#6490,.F.);
#6490 = EDGE_LOOP('',(#6491,#6497,#6498,#6499));
#6491 = ORIENTED_EDGE('',*,*,#6492,.T.);
#6492 = EDGE_CURVE('',#2747,#2458,#6493,.T.);
#6493 = LINE('',#6494,#6495);
#6494 = CARTESIAN_POINT('',(33.,250.86197251431,38.365121963093));
#6495 = VECTOR('',#6496,1.);
#6496 = DIRECTION('',(1.,0.,0.));
#6497 = ORIENTED_EDGE('',*,*,#2465,.T.);
#6498 = ORIENTED_EDGE('',*,*,#6475,.F.);
#6499 = ORIENTED_EDGE('',*,*,#2754,.F.);
#6500 = PLANE('',#6501);
#6501 = AXIS2_PLACEMENT_3D('',#6502,#6503,#6504);
#6502 = CARTESIAN_POINT('',(33.,250.86197251431,38.365121963093));
#6503 = DIRECTION('',(0.,-0.566406236925,-0.824126188622));
#6504 = DIRECTION('',(0.,-0.824126188622,0.566406236925));
#6505 = ADVANCED_FACE('',(#6506),#6517,.F.);
#6506 = FACE_BOUND('',#6507,.F.);
#6507 = EDGE_LOOP('',(#6508,#6514,#6515,#6516));
#6508 = ORIENTED_EDGE('',*,*,#6509,.T.);
#6509 = EDGE_CURVE('',#2739,#2450,#6510,.T.);
#6510 = LINE('',#6511,#6512);
#6511 = CARTESIAN_POINT('',(33.,250.96967114088,38.293837797204));
#6512 = VECTOR('',#6513,1.);
#6513 = DIRECTION('',(1.,0.,0.));
#6514 = ORIENTED_EDGE('',*,*,#2457,.T.);
#6515 = ORIENTED_EDGE('',*,*,#6492,.F.);
#6516 = ORIENTED_EDGE('',*,*,#2746,.F.);
#6517 = PLANE('',#6518);
#6518 = AXIS2_PLACEMENT_3D('',#6519,#6520,#6521);
#6519 = CARTESIAN_POINT('',(33.,250.96967114088,38.293837797204));
#6520 = DIRECTION('',(0.,-0.551936985312,-0.833885822067));
#6521 = DIRECTION('',(0.,-0.833885822067,0.551936985312));
#6522 = ADVANCED_FACE('',(#6523),#6534,.F.);
#6523 = FACE_BOUND('',#6524,.F.);
#6524 = EDGE_LOOP('',(#6525,#6531,#6532,#6533));
#6525 = ORIENTED_EDGE('',*,*,#6526,.T.);
#6526 = EDGE_CURVE('',#2731,#2442,#6527,.T.);
#6527 = LINE('',#6528,#6529);
#6528 = CARTESIAN_POINT('',(33.,251.07859744467,38.224444088442));
#6529 = VECTOR('',#6530,1.);
#6530 = DIRECTION('',(1.,0.,0.));
#6531 = ORIENTED_EDGE('',*,*,#2449,.T.);
#6532 = ORIENTED_EDGE('',*,*,#6509,.F.);
#6533 = ORIENTED_EDGE('',*,*,#2738,.F.);
#6534 = PLANE('',#6535);
#6535 = AXIS2_PLACEMENT_3D('',#6536,#6537,#6538);
#6536 = CARTESIAN_POINT('',(33.,251.07859744467,38.224444088442));
#6537 = DIRECTION('',(0.,-0.537299608347,-0.843391445813));
#6538 = DIRECTION('',(0.,-0.843391445813,0.537299608347));
#6539 = ADVANCED_FACE('',(#6540),#6551,.F.);
#6540 = FACE_BOUND('',#6541,.F.);
#6541 = EDGE_LOOP('',(#6542,#6548,#6549,#6550));
#6542 = ORIENTED_EDGE('',*,*,#6543,.T.);
#6543 = EDGE_CURVE('',#2723,#2434,#6544,.T.);
#6544 = LINE('',#6545,#6546);
#6545 = CARTESIAN_POINT('',(33.,251.18871824566,38.156961974804));
#6546 = VECTOR('',#6547,1.);
#6547 = DIRECTION('',(1.,0.,0.));
#6548 = ORIENTED_EDGE('',*,*,#2441,.T.);
#6549 = ORIENTED_EDGE('',*,*,#6526,.F.);
#6550 = ORIENTED_EDGE('',*,*,#2730,.F.);
#6551 = PLANE('',#6552);
#6552 = AXIS2_PLACEMENT_3D('',#6553,#6554,#6555);
#6553 = CARTESIAN_POINT('',(33.,251.18871824566,38.156961974804));
#6554 = DIRECTION('',(0.,-0.522498564716,-0.852640164354));
#6555 = DIRECTION('',(0.,-0.852640164354,0.522498564716));
#6556 = ADVANCED_FACE('',(#6557),#6568,.F.);
#6557 = FACE_BOUND('',#6558,.F.);
#6558 = EDGE_LOOP('',(#6559,#6565,#6566,#6567));
#6559 = ORIENTED_EDGE('',*,*,#6560,.T.);
#6560 = EDGE_CURVE('',#2715,#2426,#6561,.T.);
#6561 = LINE('',#6562,#6563);
#6562 = CARTESIAN_POINT('',(33.,251.3,38.091412011995));
#6563 = VECTOR('',#6564,1.);
#6564 = DIRECTION('',(1.,0.,0.));
#6565 = ORIENTED_EDGE('',*,*,#2433,.T.);
#6566 = ORIENTED_EDGE('',*,*,#6543,.F.);
#6567 = ORIENTED_EDGE('',*,*,#2722,.F.);
#6568 = PLANE('',#6569);
#6569 = AXIS2_PLACEMENT_3D('',#6570,#6571,#6572);
#6570 = CARTESIAN_POINT('',(33.,251.3,38.091412011995));
#6571 = DIRECTION('',(0.,-0.507538362961,-0.861629160442));
#6572 = DIRECTION('',(0.,-0.861629160442,0.507538362961));
#6573 = ADVANCED_FACE('',(#6574),#6585,.F.);
#6574 = FACE_BOUND('',#6575,.F.);
#6575 = EDGE_LOOP('',(#6576,#6582,#6583,#6584));
#6576 = ORIENTED_EDGE('',*,*,#6577,.T.);
#6577 = EDGE_CURVE('',#2707,#2418,#6578,.T.);
#6578 = LINE('',#6579,#6580);
#6579 = CARTESIAN_POINT('',(33.,251.41240881017,38.027814167168));
#6580 = VECTOR('',#6581,1.);
#6581 = DIRECTION('',(1.,0.,0.));
#6582 = ORIENTED_EDGE('',*,*,#2425,.T.);
#6583 = ORIENTED_EDGE('',*,*,#6560,.F.);
#6584 = ORIENTED_EDGE('',*,*,#2714,.F.);
#6585 = PLANE('',#6586);
#6586 = AXIS2_PLACEMENT_3D('',#6587,#6588,#6589);
#6587 = CARTESIAN_POINT('',(33.,251.41240881017,38.027814167168));
#6588 = DIRECTION('',(0.,-0.492423560103,-0.87035569594));
#6589 = DIRECTION('',(0.,-0.87035569594,0.492423560103));
#6590 = ADVANCED_FACE('',(#6591),#6602,.F.);
#6591 = FACE_BOUND('',#6592,.F.);
#6592 = EDGE_LOOP('',(#6593,#6599,#6600,#6601));
#6593 = ORIENTED_EDGE('',*,*,#6594,.T.);
#6594 = EDGE_CURVE('',#2699,#2410,#6595,.T.);
#6595 = LINE('',#6596,#6597);
#6596 = CARTESIAN_POINT('',(33.,251.52591043538,37.966187812844));
#6597 = VECTOR('',#6598,1.);
#6598 = DIRECTION('',(1.,0.,0.));
#6599 = ORIENTED_EDGE('',*,*,#2417,.T.);
#6600 = ORIENTED_EDGE('',*,*,#6577,.F.);
#6601 = ORIENTED_EDGE('',*,*,#2706,.F.);
#6602 = PLANE('',#6603);
#6603 = AXIS2_PLACEMENT_3D('',#6604,#6605,#6606);
#6604 = CARTESIAN_POINT('',(33.,251.52591043538,37.966187812844));
#6605 = DIRECTION('',(0.,-0.47715876026,-0.878817112662));
#6606 = DIRECTION('',(0.,-0.878817112662,0.47715876026));
#6607 = ADVANCED_FACE('',(#6608),#6619,.F.);
#6608 = FACE_BOUND('',#6609,.F.);
#6609 = EDGE_LOOP('',(#6610,#6616,#6617,#6618));
#6610 = ORIENTED_EDGE('',*,*,#6611,.T.);
#6611 = EDGE_CURVE('',#2691,#2402,#6612,.T.);
#6612 = LINE('',#6613,#6614);
#6613 = CARTESIAN_POINT('',(33.,251.64047030192,37.906551721006));
#6614 = VECTOR('',#6615,1.);
#6615 = DIRECTION('',(1.,0.,0.));
#6616 = ORIENTED_EDGE('',*,*,#2409,.T.);
#6617 = ORIENTED_EDGE('',*,*,#6594,.F.);
#6618 = ORIENTED_EDGE('',*,*,#2698,.F.);
#6619 = PLANE('',#6620);
#6620 = AXIS2_PLACEMENT_3D('',#6621,#6622,#6623);
#6621 = CARTESIAN_POINT('',(33.,251.64047030192,37.906551721006));
#6622 = DIRECTION('',(0.,-0.461748613235,-0.887010833178));
#6623 = DIRECTION('',(0.,-0.887010833178,0.461748613235));
#6624 = ADVANCED_FACE('',(#6625),#6636,.F.);
#6625 = FACE_BOUND('',#6626,.F.);
#6626 = EDGE_LOOP('',(#6627,#6633,#6634,#6635));
#6627 = ORIENTED_EDGE('',*,*,#6628,.T.);
#6628 = EDGE_CURVE('',#2683,#2394,#6629,.T.);
#6629 = LINE('',#6630,#6631);
#6630 = CARTESIAN_POINT('',(33.,251.75605351376,37.848924057386));
#6631 = VECTOR('',#6632,1.);
#6632 = DIRECTION('',(1.,0.,0.));
#6633 = ORIENTED_EDGE('',*,*,#2401,.T.);
#6634 = ORIENTED_EDGE('',*,*,#6611,.F.);
#6635 = ORIENTED_EDGE('',*,*,#2690,.F.);
#6636 = PLANE('',#6637);
#6637 = AXIS2_PLACEMENT_3D('',#6638,#6639,#6640);
#6638 = CARTESIAN_POINT('',(33.,251.75605351376,37.848924057386));
#6639 = DIRECTION('',(0.,-0.44619781311,-0.894934361602));
#6640 = DIRECTION('',(0.,-0.894934361602,0.44619781311));
#6641 = ADVANCED_FACE('',(#6642),#6653,.F.);
#6642 = FACE_BOUND('',#6643,.F.);
#6643 = EDGE_LOOP('',(#6644,#6650,#6651,#6652));
#6644 = ORIENTED_EDGE('',*,*,#6645,.T.);
#6645 = EDGE_CURVE('',#2675,#2386,#6646,.T.);
#6646 = LINE('',#6647,#6648);
#6647 = CARTESIAN_POINT('',(33.,251.87262486311,37.793322375929));
#6648 = VECTOR('',#6649,1.);
#6649 = DIRECTION('',(1.,0.,0.));
#6650 = ORIENTED_EDGE('',*,*,#2393,.T.);
#6651 = ORIENTED_EDGE('',*,*,#6628,.F.);
#6652 = ORIENTED_EDGE('',*,*,#2682,.F.);
#6653 = PLANE('',#6654);
#6654 = AXIS2_PLACEMENT_3D('',#6655,#6656,#6657);
#6655 = CARTESIAN_POINT('',(33.,251.87262486311,37.793322375929));
#6656 = DIRECTION('',(0.,-0.430511096808,-0.90258528435));
#6657 = DIRECTION('',(0.,-0.90258528435,0.430511096808));
#6658 = ADVANCED_FACE('',(#6659),#6670,.F.);
#6659 = FACE_BOUND('',#6660,.F.);
#6660 = EDGE_LOOP('',(#6661,#6667,#6668,#6669));
#6661 = ORIENTED_EDGE('',*,*,#6662,.T.);
#6662 = EDGE_CURVE('',#2667,#2378,#6663,.T.);
#6663 = LINE('',#6664,#6665);
#6664 = CARTESIAN_POINT('',(33.,251.99014884123,37.739763613445));
#6665 = VECTOR('',#6666,1.);
#6666 = DIRECTION('',(1.,0.,0.));
#6667 = ORIENTED_EDGE('',*,*,#2385,.T.);
#6668 = ORIENTED_EDGE('',*,*,#6645,.F.);
#6669 = ORIENTED_EDGE('',*,*,#2674,.F.);
#6670 = PLANE('',#6671);
#6671 = AXIS2_PLACEMENT_3D('',#6672,#6673,#6674);
#6672 = CARTESIAN_POINT('',(33.,251.99014884123,37.739763613445));
#6673 = DIRECTION('',(0.,-0.414693242656,-0.909961270877));
#6674 = DIRECTION('',(0.,-0.909961270877,0.414693242656));
#6675 = ADVANCED_FACE('',(#6676),#6687,.F.);
#6676 = FACE_BOUND('',#6677,.F.);
#6677 = EDGE_LOOP('',(#6678,#6684,#6685,#6686));
#6678 = ORIENTED_EDGE('',*,*,#6679,.T.);
#6679 = EDGE_CURVE('',#2659,#2370,#6680,.T.);
#6680 = LINE('',#6681,#6682);
#6681 = CARTESIAN_POINT('',(33.,252.10858964917,37.688264084452));
#6682 = VECTOR('',#6683,1.);
#6683 = DIRECTION('',(1.,0.,0.));
#6684 = ORIENTED_EDGE('',*,*,#2377,.T.);
#6685 = ORIENTED_EDGE('',*,*,#6662,.F.);
#6686 = ORIENTED_EDGE('',*,*,#2666,.F.);
#6687 = PLANE('',#6688);
#6688 = AXIS2_PLACEMENT_3D('',#6689,#6690,#6691);
#6689 = CARTESIAN_POINT('',(33.,252.10858964917,37.688264084452));
#6690 = DIRECTION('',(0.,-0.398749068925,-0.917060074385));
#6691 = DIRECTION('',(0.,-0.917060074385,0.398749068925));
#6692 = ADVANCED_FACE('',(#6693),#6704,.F.);
#6693 = FACE_BOUND('',#6694,.F.);
#6694 = EDGE_LOOP('',(#6695,#6701,#6702,#6703));
#6695 = ORIENTED_EDGE('',*,*,#6696,.T.);
#6696 = EDGE_CURVE('',#2651,#2362,#6697,.T.);
#6697 = LINE('',#6698,#6699);
#6698 = CARTESIAN_POINT('',(33.,252.22791120872,37.638839476206));
#6699 = VECTOR('',#6700,1.);
#6700 = DIRECTION('',(1.,0.,0.));
#6701 = ORIENTED_EDGE('',*,*,#2369,.T.);
#6702 = ORIENTED_EDGE('',*,*,#6679,.F.);
#6703 = ORIENTED_EDGE('',*,*,#2658,.F.);
#6704 = PLANE('',#6705);
#6705 = AXIS2_PLACEMENT_3D('',#6706,#6707,#6708);
#6706 = CARTESIAN_POINT('',(33.,252.22791120872,37.638839476206));
#6707 = DIRECTION('',(0.,-0.382683432365,-0.923879532511));
#6708 = DIRECTION('',(0.,-0.923879532511,0.382683432365));
#6709 = ADVANCED_FACE('',(#6710),#6721,.F.);
#6710 = FACE_BOUND('',#6711,.F.);
#6711 = EDGE_LOOP('',(#6712,#6718,#6719,#6720));
#6712 = ORIENTED_EDGE('',*,*,#6713,.T.);
#6713 = EDGE_CURVE('',#2643,#2354,#6714,.T.);
#6714 = LINE('',#6715,#6716);
#6715 = CARTESIAN_POINT('',(33.,252.34807717336,37.591504843921));
#6716 = VECTOR('',#6717,1.);
#6717 = DIRECTION('',(1.,0.,0.));
#6718 = ORIENTED_EDGE('',*,*,#2361,.T.);
#6719 = ORIENTED_EDGE('',*,*,#6696,.F.);
#6720 = ORIENTED_EDGE('',*,*,#2650,.F.);
#6721 = PLANE('',#6722);
#6722 = AXIS2_PLACEMENT_3D('',#6723,#6724,#6725);
#6723 = CARTESIAN_POINT('',(33.,252.34807717336,37.591504843921));
#6724 = DIRECTION('',(0.,-0.366501226724,-0.930417567982));
#6725 = DIRECTION('',(0.,-0.930417567982,0.366501226724));
#6726 = ADVANCED_FACE('',(#6727),#6738,.F.);
#6727 = FACE_BOUND('',#6728,.F.);
#6728 = EDGE_LOOP('',(#6729,#6735,#6736,#6737));
#6729 = ORIENTED_EDGE('',*,*,#6730,.T.);
#6730 = EDGE_CURVE('',#2635,#2346,#6731,.T.);
#6731 = LINE('',#6732,#6733);
#6732 = CARTESIAN_POINT('',(33.,252.46905093939,37.546274606184));
#6733 = VECTOR('',#6734,1.);
#6734 = DIRECTION('',(1.,0.,0.));
#6735 = ORIENTED_EDGE('',*,*,#2353,.T.);
#6736 = ORIENTED_EDGE('',*,*,#6713,.F.);
#6737 = ORIENTED_EDGE('',*,*,#2642,.F.);
#6738 = PLANE('',#6739);
#6739 = AXIS2_PLACEMENT_3D('',#6740,#6741,#6742);
#6740 = CARTESIAN_POINT('',(33.,252.46905093939,37.546274606184));
#6741 = DIRECTION('',(0.,-0.350207381259,-0.936672189248));
#6742 = DIRECTION('',(0.,-0.936672189248,0.350207381259));
#6743 = ADVANCED_FACE('',(#6744),#6755,.F.);
#6744 = FACE_BOUND('',#6745,.F.);
#6745 = EDGE_LOOP('',(#6746,#6752,#6753,#6754));
#6746 = ORIENTED_EDGE('',*,*,#6747,.T.);
#6747 = EDGE_CURVE('',#2627,#2338,#6748,.T.);
#6748 = LINE('',#6749,#6750);
#6749 = CARTESIAN_POINT('',(33.,251.06676835175,33.693534860962));
#6750 = VECTOR('',#6751,1.);
#6751 = DIRECTION('',(1.,0.,0.));
#6752 = ORIENTED_EDGE('',*,*,#2345,.T.);
#6753 = ORIENTED_EDGE('',*,*,#6730,.F.);
#6754 = ORIENTED_EDGE('',*,*,#2634,.F.);
#6755 = PLANE('',#6756);
#6756 = AXIS2_PLACEMENT_3D('',#6757,#6758,#6759);
#6757 = CARTESIAN_POINT('',(33.,251.06676835175,33.693534860962));
#6758 = DIRECTION('',(0.,-0.939692620786,0.342020143326));
#6759 = DIRECTION('',(0.,0.342020143326,0.939692620786));
#6760 = ADVANCED_FACE('',(#6761),#6772,.F.);
#6761 = FACE_BOUND('',#6762,.F.);
#6762 = EDGE_LOOP('',(#6763,#6769,#6770,#6771));
#6763 = ORIENTED_EDGE('',*,*,#6764,.T.);
#6764 = EDGE_CURVE('',#2619,#2330,#6765,.T.);
#6765 = LINE('',#6766,#6767);
#6766 = CARTESIAN_POINT('',(33.,250.87876858022,33.763825095282));
#6767 = VECTOR('',#6768,1.);
#6768 = DIRECTION('',(1.,0.,0.));
#6769 = ORIENTED_EDGE('',*,*,#2337,.T.);
#6770 = ORIENTED_EDGE('',*,*,#6747,.F.);
#6771 = ORIENTED_EDGE('',*,*,#2626,.F.);
#6772 = PLANE('',#6773);
#6773 = AXIS2_PLACEMENT_3D('',#6774,#6775,#6776);
#6774 = CARTESIAN_POINT('',(33.,250.87876858022,33.763825095282));
#6775 = DIRECTION('',(0.,0.350207381259,0.936672189248));
#6776 = DIRECTION('',(0.,0.936672189248,-0.350207381259));
#6777 = ADVANCED_FACE('',(#6778),#6789,.F.);
#6778 = FACE_BOUND('',#6779,.F.);
#6779 = EDGE_LOOP('',(#6780,#6786,#6787,#6788));
#6780 = ORIENTED_EDGE('',*,*,#6781,.T.);
#6781 = EDGE_CURVE('',#2611,#2322,#6782,.T.);
#6782 = LINE('',#6783,#6784);
#6783 = CARTESIAN_POINT('',(33.,250.69202417571,33.837385672482));
#6784 = VECTOR('',#6785,1.);
#6785 = DIRECTION('',(1.,0.,0.));
#6786 = ORIENTED_EDGE('',*,*,#2329,.T.);
#6787 = ORIENTED_EDGE('',*,*,#6764,.F.);
#6788 = ORIENTED_EDGE('',*,*,#2618,.F.);
#6789 = PLANE('',#6790);
#6790 = AXIS2_PLACEMENT_3D('',#6791,#6792,#6793);
#6791 = CARTESIAN_POINT('',(33.,250.69202417571,33.837385672482));
#6792 = DIRECTION('',(0.,0.366501226724,0.930417567982));
#6793 = DIRECTION('',(0.,0.930417567982,-0.366501226724));
#6794 = ADVANCED_FACE('',(#6795),#6806,.F.);
#6795 = FACE_BOUND('',#6796,.F.);
#6796 = EDGE_LOOP('',(#6797,#6803,#6804,#6805));
#6797 = ORIENTED_EDGE('',*,*,#6798,.T.);
#6798 = EDGE_CURVE('',#2603,#2314,#6799,.T.);
#6799 = LINE('',#6800,#6801);
#6800 = CARTESIAN_POINT('',(33.,250.50659202237,33.914194185297));
#6801 = VECTOR('',#6802,1.);
#6802 = DIRECTION('',(1.,0.,0.));
#6803 = ORIENTED_EDGE('',*,*,#2321,.T.);
#6804 = ORIENTED_EDGE('',*,*,#6781,.F.);
#6805 = ORIENTED_EDGE('',*,*,#2610,.F.);
#6806 = PLANE('',#6807);
#6807 = AXIS2_PLACEMENT_3D('',#6808,#6809,#6810);
#6808 = CARTESIAN_POINT('',(33.,250.50659202237,33.914194185297));
#6809 = DIRECTION('',(0.,0.382683432365,0.923879532511));
#6810 = DIRECTION('',(0.,0.923879532511,-0.382683432365));
#6811 = ADVANCED_FACE('',(#6812),#6823,.F.);
#6812 = FACE_BOUND('',#6813,.F.);
#6813 = EDGE_LOOP('',(#6814,#6820,#6821,#6822));
#6814 = ORIENTED_EDGE('',*,*,#6815,.T.);
#6815 = EDGE_CURVE('',#2595,#2306,#6816,.T.);
#6816 = LINE('',#6817,#6818);
#6817 = CARTESIAN_POINT('',(33.,250.32252860462,33.99422723711));
#6818 = VECTOR('',#6819,1.);
#6819 = DIRECTION('',(1.,0.,0.));
#6820 = ORIENTED_EDGE('',*,*,#2313,.T.);
#6821 = ORIENTED_EDGE('',*,*,#6798,.F.);
#6822 = ORIENTED_EDGE('',*,*,#2602,.F.);
#6823 = PLANE('',#6824);
#6824 = AXIS2_PLACEMENT_3D('',#6825,#6826,#6827);
#6825 = CARTESIAN_POINT('',(33.,250.32252860462,33.99422723711));
#6826 = DIRECTION('',(0.,0.398749068925,0.917060074385));
#6827 = DIRECTION('',(0.,0.917060074385,-0.398749068925));
#6828 = ADVANCED_FACE('',(#6829),#6835,.F.);
#6829 = FACE_BOUND('',#6830,.F.);
#6830 = EDGE_LOOP('',(#6831,#6832,#6833,#6834));
#6831 = ORIENTED_EDGE('',*,*,#2569,.T.);
#6832 = ORIENTED_EDGE('',*,*,#2305,.T.);
#6833 = ORIENTED_EDGE('',*,*,#6815,.F.);
#6834 = ORIENTED_EDGE('',*,*,#2594,.F.);
#6835 = PLANE('',#6836);
#6836 = AXIS2_PLACEMENT_3D('',#6837,#6838,#6839);
#6837 = CARTESIAN_POINT('',(33.,250.13988998998,34.077460449079));
#6838 = DIRECTION('',(0.,0.414693242656,0.909961270877));
#6839 = DIRECTION('',(0.,0.909961270877,-0.414693242656));
#6840 = ADVANCED_FACE('',(#6841),#6852,.F.);
#6841 = FACE_BOUND('',#6842,.F.);
#6842 = EDGE_LOOP('',(#6843,#6844,#6850,#6851));
#6843 = ORIENTED_EDGE('',*,*,#3379,.F.);
#6844 = ORIENTED_EDGE('',*,*,#6845,.T.);
#6845 = EDGE_CURVE('',#3380,#3084,#6846,.T.);
#6846 = LINE('',#6847,#6848);
#6847 = CARTESIAN_POINT('',(219.,249.76740981922,39.26740981922));
#6848 = VECTOR('',#6849,1.);
#6849 = DIRECTION('',(1.,0.,0.));
#6850 = ORIENTED_EDGE('',*,*,#3083,.T.);
#6851 = ORIENTED_EDGE('',*,*,#3053,.T.);
#6852 = PLANE('',#6853);
#6853 = AXIS2_PLACEMENT_3D('',#6854,#6855,#6856);
#6854 = CARTESIAN_POINT('',(219.,249.76740981922,39.26740981922));
#6855 = DIRECTION('',(0.,0.707106781187,-0.707106781187));
#6856 = DIRECTION('',(0.,-0.707106781187,-0.707106781187));
#6857 = ADVANCED_FACE('',(#6858),#6869,.F.);
#6858 = FACE_BOUND('',#6859,.F.);
#6859 = EDGE_LOOP('',(#6860,#6866,#6867,#6868));
#6860 = ORIENTED_EDGE('',*,*,#6861,.T.);
#6861 = EDGE_CURVE('',#3623,#3334,#6862,.T.);
#6862 = LINE('',#6863,#6864);
#6863 = CARTESIAN_POINT('',(219.,249.8595280586,39.176885477494));
#6864 = VECTOR('',#6865,1.);
#6865 = DIRECTION('',(1.,0.,0.));
#6866 = ORIENTED_EDGE('',*,*,#3341,.T.);
#6867 = ORIENTED_EDGE('',*,*,#6845,.F.);
#6868 = ORIENTED_EDGE('',*,*,#3630,.F.);
#6869 = PLANE('',#6870);
#6870 = AXIS2_PLACEMENT_3D('',#6871,#6872,#6873);
#6871 = CARTESIAN_POINT('',(219.,249.8595280586,39.176885477494));
#6872 = DIRECTION('',(0.,-0.7009092643,-0.713250449154));
#6873 = DIRECTION('',(0.,-0.713250449154,0.7009092643));
#6874 = ADVANCED_FACE('',(#6875),#6886,.F.);
#6875 = FACE_BOUND('',#6876,.F.);
#6876 = EDGE_LOOP('',(#6877,#6883,#6884,#6885));
#6877 = ORIENTED_EDGE('',*,*,#6878,.T.);
#6878 = EDGE_CURVE('',#3615,#3326,#6879,.T.);
#6879 = LINE('',#6880,#6881);
#6880 = CARTESIAN_POINT('',(219.,249.95321213553,39.087982608018));
#6881 = VECTOR('',#6882,1.);
#6882 = DIRECTION('',(1.,0.,0.));
#6883 = ORIENTED_EDGE('',*,*,#3333,.T.);
#6884 = ORIENTED_EDGE('',*,*,#6861,.F.);
#6885 = ORIENTED_EDGE('',*,*,#3622,.F.);
#6886 = PLANE('',#6887);
#6887 = AXIS2_PLACEMENT_3D('',#6888,#6889,#6890);
#6888 = CARTESIAN_POINT('',(219.,249.95321213553,39.087982608018));
#6889 = DIRECTION('',(0.,-0.688354575694,-0.725374371012));
#6890 = DIRECTION('',(0.,-0.725374371012,0.688354575694));
#6891 = ADVANCED_FACE('',(#6892),#6903,.F.);
#6892 = FACE_BOUND('',#6893,.F.);
#6893 = EDGE_LOOP('',(#6894,#6900,#6901,#6902));
#6894 = ORIENTED_EDGE('',*,*,#6895,.T.);
#6895 = EDGE_CURVE('',#3607,#3318,#6896,.T.);
#6896 = LINE('',#6897,#6898);
#6897 = CARTESIAN_POINT('',(219.,250.04843351294,39.000728291467));
#6898 = VECTOR('',#6899,1.);
#6899 = DIRECTION('',(1.,0.,0.));
#6900 = ORIENTED_EDGE('',*,*,#3325,.T.);
#6901 = ORIENTED_EDGE('',*,*,#6878,.F.);
#6902 = ORIENTED_EDGE('',*,*,#3614,.F.);
#6903 = PLANE('',#6904);
#6904 = AXIS2_PLACEMENT_3D('',#6905,#6906,#6907);
#6905 = CARTESIAN_POINT('',(219.,250.04843351294,39.000728291467));
#6906 = DIRECTION('',(0.,-0.675590207616,-0.73727733681));
#6907 = DIRECTION('',(0.,-0.73727733681,0.675590207616));
#6908 = ADVANCED_FACE('',(#6909),#6920,.F.);
#6909 = FACE_BOUND('',#6910,.F.);
#6910 = EDGE_LOOP('',(#6911,#6917,#6918,#6919));
#6911 = ORIENTED_EDGE('',*,*,#6912,.T.);
#6912 = EDGE_CURVE('',#3599,#3310,#6913,.T.);
#6913 = LINE('',#6914,#6915);
#6914 = CARTESIAN_POINT('',(219.,250.14516318547,38.915149106351));
#6915 = VECTOR('',#6916,1.);
#6916 = DIRECTION('',(1.,0.,0.));
#6917 = ORIENTED_EDGE('',*,*,#3317,.T.);
#6918 = ORIENTED_EDGE('',*,*,#6895,.F.);
#6919 = ORIENTED_EDGE('',*,*,#3606,.F.);
#6920 = PLANE('',#6921);
#6921 = AXIS2_PLACEMENT_3D('',#6922,#6923,#6924);
#6922 = CARTESIAN_POINT('',(219.,250.14516318547,38.915149106351));
#6923 = DIRECTION('',(0.,-0.662620048216,-0.748955720789));
#6924 = DIRECTION('',(0.,-0.748955720789,0.662620048216));
#6925 = ADVANCED_FACE('',(#6926),#6937,.F.);
#6926 = FACE_BOUND('',#6927,.F.);
#6927 = EDGE_LOOP('',(#6928,#6934,#6935,#6936));
#6928 = ORIENTED_EDGE('',*,*,#6929,.T.);
#6929 = EDGE_CURVE('',#3591,#3302,#6930,.T.);
#6930 = LINE('',#6931,#6932);
#6931 = CARTESIAN_POINT('',(219.,250.24337168832,38.83127112092));
#6932 = VECTOR('',#6933,1.);
#6933 = DIRECTION('',(1.,0.,0.));
#6934 = ORIENTED_EDGE('',*,*,#3309,.T.);
#6935 = ORIENTED_EDGE('',*,*,#6912,.F.);
#6936 = ORIENTED_EDGE('',*,*,#3598,.F.);
#6937 = PLANE('',#6938);
#6938 = AXIS2_PLACEMENT_3D('',#6939,#6940,#6941);
#6939 = CARTESIAN_POINT('',(219.,250.24337168832,38.83127112092));
#6940 = DIRECTION('',(0.,-0.64944804833,-0.7604059656));
#6941 = DIRECTION('',(0.,-0.7604059656,0.64944804833));
#6942 = ADVANCED_FACE('',(#6943),#6954,.F.);
#6943 = FACE_BOUND('',#6944,.F.);
#6944 = EDGE_LOOP('',(#6945,#6951,#6952,#6953));
#6945 = ORIENTED_EDGE('',*,*,#6946,.T.);
#6946 = EDGE_CURVE('',#3583,#3294,#6947,.T.);
#6947 = LINE('',#6948,#6949);
#6948 = CARTESIAN_POINT('',(219.,250.34302910623,38.749119885218));
#6949 = VECTOR('',#6950,1.);
#6950 = DIRECTION('',(1.,0.,0.));
#6951 = ORIENTED_EDGE('',*,*,#3301,.T.);
#6952 = ORIENTED_EDGE('',*,*,#6929,.F.);
#6953 = ORIENTED_EDGE('',*,*,#3590,.F.);
#6954 = PLANE('',#6955);
#6955 = AXIS2_PLACEMENT_3D('',#6956,#6957,#6958);
#6956 = CARTESIAN_POINT('',(219.,250.34302910623,38.749119885218));
#6957 = DIRECTION('',(0.,-0.636078220278,-0.771624583388));
#6958 = DIRECTION('',(0.,-0.771624583388,0.636078220278));
#6959 = ADVANCED_FACE('',(#6960),#6971,.F.);
#6960 = FACE_BOUND('',#6961,.F.);
#6961 = EDGE_LOOP('',(#6962,#6968,#6969,#6970));
#6962 = ORIENTED_EDGE('',*,*,#6963,.T.);
#6963 = EDGE_CURVE('',#3575,#3286,#6964,.T.);
#6964 = LINE('',#6965,#6966);
#6965 = CARTESIAN_POINT('',(219.,250.44410508259,38.66872042331));
#6966 = VECTOR('',#6967,1.);
#6967 = DIRECTION('',(1.,0.,0.));
#6968 = ORIENTED_EDGE('',*,*,#3293,.T.);
#6969 = ORIENTED_EDGE('',*,*,#6946,.F.);
#6970 = ORIENTED_EDGE('',*,*,#3582,.F.);
#6971 = PLANE('',#6972);
#6972 = AXIS2_PLACEMENT_3D('',#6973,#6974,#6975);
#6973 = CARTESIAN_POINT('',(219.,250.44410508259,38.66872042331));
#6974 = DIRECTION('',(0.,-0.622514636638,-0.782608156852));
#6975 = DIRECTION('',(0.,-0.782608156852,0.622514636638));
#6976 = ADVANCED_FACE('',(#6977),#6988,.F.);
#6977 = FACE_BOUND('',#6978,.F.);
#6978 = EDGE_LOOP('',(#6979,#6985,#6986,#6987));
#6979 = ORIENTED_EDGE('',*,*,#6980,.T.);
#6980 = EDGE_CURVE('',#3567,#3278,#6981,.T.);
#6981 = LINE('',#6982,#6983);
#6982 = CARTESIAN_POINT('',(219.,250.54656882867,38.59009722565));
#6983 = VECTOR('',#6984,1.);
#6984 = DIRECTION('',(1.,0.,0.));
#6985 = ORIENTED_EDGE('',*,*,#3285,.T.);
#6986 = ORIENTED_EDGE('',*,*,#6963,.F.);
#6987 = ORIENTED_EDGE('',*,*,#3574,.F.);
#6988 = PLANE('',#6989);
#6989 = AXIS2_PLACEMENT_3D('',#6990,#6991,#6992);
#6990 = CARTESIAN_POINT('',(219.,250.54656882867,38.59009722565));
#6991 = DIRECTION('',(0.,-0.608761429009,-0.793353340291));
#6992 = DIRECTION('',(0.,-0.793353340291,0.608761429009));
#6993 = ADVANCED_FACE('',(#6994),#7005,.F.);
#6994 = FACE_BOUND('',#6995,.F.);
#6995 = EDGE_LOOP('',(#6996,#7002,#7003,#7004));
#6996 = ORIENTED_EDGE('',*,*,#6997,.T.);
#6997 = EDGE_CURVE('',#3559,#3270,#6998,.T.);
#6998 = LINE('',#6999,#7000);
#6999 = CARTESIAN_POINT('',(219.,250.65038913303,38.513274241625));
#7000 = VECTOR('',#7001,1.);
#7001 = DIRECTION('',(1.,0.,0.));
#7002 = ORIENTED_EDGE('',*,*,#3277,.T.);
#7003 = ORIENTED_EDGE('',*,*,#6980,.F.);
#7004 = ORIENTED_EDGE('',*,*,#3566,.F.);
#7005 = PLANE('',#7006);
#7006 = AXIS2_PLACEMENT_3D('',#7007,#7008,#7009);
#7007 = CARTESIAN_POINT('',(219.,250.65038913303,38.513274241625));
#7008 = DIRECTION('',(0.,-0.594822786751,-0.803856860617));
#7009 = DIRECTION('',(0.,-0.803856860617,0.594822786751));
#7010 = ADVANCED_FACE('',(#7011),#7022,.F.);
#7011 = FACE_BOUND('',#7012,.F.);
#7012 = EDGE_LOOP('',(#7013,#7019,#7020,#7021));
#7013 = ORIENTED_EDGE('',*,*,#7014,.T.);
#7014 = EDGE_CURVE('',#3551,#3262,#7015,.T.);
#7015 = LINE('',#7016,#7017);
#7016 = CARTESIAN_POINT('',(219.,250.755534371,38.438274872261));
#7017 = VECTOR('',#7018,1.);
#7018 = DIRECTION('',(1.,0.,0.));
#7019 = ORIENTED_EDGE('',*,*,#3269,.T.);
#7020 = ORIENTED_EDGE('',*,*,#6997,.F.);
#7021 = ORIENTED_EDGE('',*,*,#3558,.F.);
#7022 = PLANE('',#7023);
#7023 = AXIS2_PLACEMENT_3D('',#7024,#7025,#7026);
#7024 = CARTESIAN_POINT('',(219.,250.755534371,38.438274872261));
#7025 = DIRECTION('',(0.,-0.580702955711,-0.814115518356));
#7026 = DIRECTION('',(0.,-0.814115518356,0.580702955711));
#7027 = ADVANCED_FACE('',(#7028),#7039,.F.);
#7028 = FACE_BOUND('',#7029,.F.);
#7029 = EDGE_LOOP('',(#7030,#7036,#7037,#7038));
#7030 = ORIENTED_EDGE('',*,*,#7031,.T.);
#7031 = EDGE_CURVE('',#3543,#3254,#7032,.T.);
#7032 = LINE('',#7033,#7034);
#7033 = CARTESIAN_POINT('',(219.,250.86197251431,38.365121963093));
#7034 = VECTOR('',#7035,1.);
#7035 = DIRECTION('',(1.,0.,0.));
#7036 = ORIENTED_EDGE('',*,*,#3261,.T.);
#7037 = ORIENTED_EDGE('',*,*,#7014,.F.);
#7038 = ORIENTED_EDGE('',*,*,#3550,.F.);
#7039 = PLANE('',#7040);
#7040 = AXIS2_PLACEMENT_3D('',#7041,#7042,#7043);
#7041 = CARTESIAN_POINT('',(219.,250.86197251431,38.365121963093));
#7042 = DIRECTION('',(0.,-0.566406236925,-0.824126188622));
#7043 = DIRECTION('',(0.,-0.824126188622,0.566406236925));
#7044 = ADVANCED_FACE('',(#7045),#7056,.F.);
#7045 = FACE_BOUND('',#7046,.F.);
#7046 = EDGE_LOOP('',(#7047,#7053,#7054,#7055));
#7047 = ORIENTED_EDGE('',*,*,#7048,.T.);
#7048 = EDGE_CURVE('',#3535,#3246,#7049,.T.);
#7049 = LINE('',#7050,#7051);
#7050 = CARTESIAN_POINT('',(219.,250.96967114088,38.293837797204));
#7051 = VECTOR('',#7052,1.);
#7052 = DIRECTION('',(1.,0.,0.));
#7053 = ORIENTED_EDGE('',*,*,#3253,.T.);
#7054 = ORIENTED_EDGE('',*,*,#7031,.F.);
#7055 = ORIENTED_EDGE('',*,*,#3542,.F.);
#7056 = PLANE('',#7057);
#7057 = AXIS2_PLACEMENT_3D('',#7058,#7059,#7060);
#7058 = CARTESIAN_POINT('',(219.,250.96967114088,38.293837797204));
#7059 = DIRECTION('',(0.,-0.551936985312,-0.833885822067));
#7060 = DIRECTION('',(0.,-0.833885822067,0.551936985312));
#7061 = ADVANCED_FACE('',(#7062),#7073,.F.);
#7062 = FACE_BOUND('',#7063,.F.);
#7063 = EDGE_LOOP('',(#7064,#7070,#7071,#7072));
#7064 = ORIENTED_EDGE('',*,*,#7065,.T.);
#7065 = EDGE_CURVE('',#3527,#3238,#7066,.T.);
#7066 = LINE('',#7067,#7068);
#7067 = CARTESIAN_POINT('',(219.,251.07859744467,38.224444088442));
#7068 = VECTOR('',#7069,1.);
#7069 = DIRECTION('',(1.,0.,0.));
#7070 = ORIENTED_EDGE('',*,*,#3245,.T.);
#7071 = ORIENTED_EDGE('',*,*,#7048,.F.);
#7072 = ORIENTED_EDGE('',*,*,#3534,.F.);
#7073 = PLANE('',#7074);
#7074 = AXIS2_PLACEMENT_3D('',#7075,#7076,#7077);
#7075 = CARTESIAN_POINT('',(219.,251.07859744467,38.224444088442));
#7076 = DIRECTION('',(0.,-0.537299608347,-0.843391445813));
#7077 = DIRECTION('',(0.,-0.843391445813,0.537299608347));
#7078 = ADVANCED_FACE('',(#7079),#7090,.F.);
#7079 = FACE_BOUND('',#7080,.F.);
#7080 = EDGE_LOOP('',(#7081,#7087,#7088,#7089));
#7081 = ORIENTED_EDGE('',*,*,#7082,.T.);
#7082 = EDGE_CURVE('',#3519,#3230,#7083,.T.);
#7083 = LINE('',#7084,#7085);
#7084 = CARTESIAN_POINT('',(219.,251.18871824566,38.156961974804));
#7085 = VECTOR('',#7086,1.);
#7086 = DIRECTION('',(1.,0.,0.));
#7087 = ORIENTED_EDGE('',*,*,#3237,.T.);
#7088 = ORIENTED_EDGE('',*,*,#7065,.F.);
#7089 = ORIENTED_EDGE('',*,*,#3526,.F.);
#7090 = PLANE('',#7091);
#7091 = AXIS2_PLACEMENT_3D('',#7092,#7093,#7094);
#7092 = CARTESIAN_POINT('',(219.,251.18871824566,38.156961974804));
#7093 = DIRECTION('',(0.,-0.522498564716,-0.852640164354));
#7094 = DIRECTION('',(0.,-0.852640164354,0.522498564716));
#7095 = ADVANCED_FACE('',(#7096),#7107,.F.);
#7096 = FACE_BOUND('',#7097,.F.);
#7097 = EDGE_LOOP('',(#7098,#7104,#7105,#7106));
#7098 = ORIENTED_EDGE('',*,*,#7099,.T.);
#7099 = EDGE_CURVE('',#3511,#3222,#7100,.T.);
#7100 = LINE('',#7101,#7102);
#7101 = CARTESIAN_POINT('',(219.,251.3,38.091412011995));
#7102 = VECTOR('',#7103,1.);
#7103 = DIRECTION('',(1.,0.,0.));
#7104 = ORIENTED_EDGE('',*,*,#3229,.T.);
#7105 = ORIENTED_EDGE('',*,*,#7082,.F.);
#7106 = ORIENTED_EDGE('',*,*,#3518,.F.);
#7107 = PLANE('',#7108);
#7108 = AXIS2_PLACEMENT_3D('',#7109,#7110,#7111);
#7109 = CARTESIAN_POINT('',(219.,251.3,38.091412011995));
#7110 = DIRECTION('',(0.,-0.507538362961,-0.861629160442));
#7111 = DIRECTION('',(0.,-0.861629160442,0.507538362961));
#7112 = ADVANCED_FACE('',(#7113),#7124,.F.);
#7113 = FACE_BOUND('',#7114,.F.);
#7114 = EDGE_LOOP('',(#7115,#7121,#7122,#7123));
#7115 = ORIENTED_EDGE('',*,*,#7116,.T.);
#7116 = EDGE_CURVE('',#3503,#3214,#7117,.T.);
#7117 = LINE('',#7118,#7119);
#7118 = CARTESIAN_POINT('',(219.,251.41240881017,38.027814167168));
#7119 = VECTOR('',#7120,1.);
#7120 = DIRECTION('',(1.,0.,0.));
#7121 = ORIENTED_EDGE('',*,*,#3221,.T.);
#7122 = ORIENTED_EDGE('',*,*,#7099,.F.);
#7123 = ORIENTED_EDGE('',*,*,#3510,.F.);
#7124 = PLANE('',#7125);
#7125 = AXIS2_PLACEMENT_3D('',#7126,#7127,#7128);
#7126 = CARTESIAN_POINT('',(219.,251.41240881017,38.027814167168));
#7127 = DIRECTION('',(0.,-0.492423560103,-0.87035569594));
#7128 = DIRECTION('',(0.,-0.87035569594,0.492423560103));
#7129 = ADVANCED_FACE('',(#7130),#7141,.F.);
#7130 = FACE_BOUND('',#7131,.F.);
#7131 = EDGE_LOOP('',(#7132,#7138,#7139,#7140));
#7132 = ORIENTED_EDGE('',*,*,#7133,.T.);
#7133 = EDGE_CURVE('',#3495,#3206,#7134,.T.);
#7134 = LINE('',#7135,#7136);
#7135 = CARTESIAN_POINT('',(219.,251.52591043538,37.966187812844));
#7136 = VECTOR('',#7137,1.);
#7137 = DIRECTION('',(1.,0.,0.));
#7138 = ORIENTED_EDGE('',*,*,#3213,.T.);
#7139 = ORIENTED_EDGE('',*,*,#7116,.F.);
#7140 = ORIENTED_EDGE('',*,*,#3502,.F.);
#7141 = PLANE('',#7142);
#7142 = AXIS2_PLACEMENT_3D('',#7143,#7144,#7145);
#7143 = CARTESIAN_POINT('',(219.,251.52591043538,37.966187812844));
#7144 = DIRECTION('',(0.,-0.47715876026,-0.878817112662));
#7145 = DIRECTION('',(0.,-0.878817112662,0.47715876026));
#7146 = ADVANCED_FACE('',(#7147),#7158,.F.);
#7147 = FACE_BOUND('',#7148,.F.);
#7148 = EDGE_LOOP('',(#7149,#7155,#7156,#7157));
#7149 = ORIENTED_EDGE('',*,*,#7150,.T.);
#7150 = EDGE_CURVE('',#3487,#3198,#7151,.T.);
#7151 = LINE('',#7152,#7153);
#7152 = CARTESIAN_POINT('',(219.,251.64047030192,37.906551721006));
#7153 = VECTOR('',#7154,1.);
#7154 = DIRECTION('',(1.,0.,0.));
#7155 = ORIENTED_EDGE('',*,*,#3205,.T.);
#7156 = ORIENTED_EDGE('',*,*,#7133,.F.);
#7157 = ORIENTED_EDGE('',*,*,#3494,.F.);
#7158 = PLANE('',#7159);
#7159 = AXIS2_PLACEMENT_3D('',#7160,#7161,#7162);
#7160 = CARTESIAN_POINT('',(219.,251.64047030192,37.906551721006));
#7161 = DIRECTION('',(0.,-0.461748613235,-0.887010833178));
#7162 = DIRECTION('',(0.,-0.887010833178,0.461748613235));
#7163 = ADVANCED_FACE('',(#7164),#7175,.F.);
#7164 = FACE_BOUND('',#7165,.F.);
#7165 = EDGE_LOOP('',(#7166,#7172,#7173,#7174));
#7166 = ORIENTED_EDGE('',*,*,#7167,.T.);
#7167 = EDGE_CURVE('',#3479,#3190,#7168,.T.);
#7168 = LINE('',#7169,#7170);
#7169 = CARTESIAN_POINT('',(219.,251.75605351376,37.848924057386));
#7170 = VECTOR('',#7171,1.);
#7171 = DIRECTION('',(1.,0.,0.));
#7172 = ORIENTED_EDGE('',*,*,#3197,.T.);
#7173 = ORIENTED_EDGE('',*,*,#7150,.F.);
#7174 = ORIENTED_EDGE('',*,*,#3486,.F.);
#7175 = PLANE('',#7176);
#7176 = AXIS2_PLACEMENT_3D('',#7177,#7178,#7179);
#7177 = CARTESIAN_POINT('',(219.,251.75605351376,37.848924057386));
#7178 = DIRECTION('',(0.,-0.44619781311,-0.894934361602));
#7179 = DIRECTION('',(0.,-0.894934361602,0.44619781311));
#7180 = ADVANCED_FACE('',(#7181),#7192,.F.);
#7181 = FACE_BOUND('',#7182,.F.);
#7182 = EDGE_LOOP('',(#7183,#7189,#7190,#7191));
#7183 = ORIENTED_EDGE('',*,*,#7184,.T.);
#7184 = EDGE_CURVE('',#3471,#3182,#7185,.T.);
#7185 = LINE('',#7186,#7187);
#7186 = CARTESIAN_POINT('',(219.,251.87262486311,37.793322375929));
#7187 = VECTOR('',#7188,1.);
#7188 = DIRECTION('',(1.,0.,0.));
#7189 = ORIENTED_EDGE('',*,*,#3189,.T.);
#7190 = ORIENTED_EDGE('',*,*,#7167,.F.);
#7191 = ORIENTED_EDGE('',*,*,#3478,.F.);
#7192 = PLANE('',#7193);
#7193 = AXIS2_PLACEMENT_3D('',#7194,#7195,#7196);
#7194 = CARTESIAN_POINT('',(219.,251.87262486311,37.793322375929));
#7195 = DIRECTION('',(0.,-0.430511096808,-0.90258528435));
#7196 = DIRECTION('',(0.,-0.90258528435,0.430511096808));
#7197 = ADVANCED_FACE('',(#7198),#7209,.F.);
#7198 = FACE_BOUND('',#7199,.F.);
#7199 = EDGE_LOOP('',(#7200,#7206,#7207,#7208));
#7200 = ORIENTED_EDGE('',*,*,#7201,.T.);
#7201 = EDGE_CURVE('',#3463,#3174,#7202,.T.);
#7202 = LINE('',#7203,#7204);
#7203 = CARTESIAN_POINT('',(219.,251.99014884123,37.739763613445));
#7204 = VECTOR('',#7205,1.);
#7205 = DIRECTION('',(1.,0.,0.));
#7206 = ORIENTED_EDGE('',*,*,#3181,.T.);
#7207 = ORIENTED_EDGE('',*,*,#7184,.F.);
#7208 = ORIENTED_EDGE('',*,*,#3470,.F.);
#7209 = PLANE('',#7210);
#7210 = AXIS2_PLACEMENT_3D('',#7211,#7212,#7213);
#7211 = CARTESIAN_POINT('',(219.,251.99014884123,37.739763613445));
#7212 = DIRECTION('',(0.,-0.414693242656,-0.909961270877));
#7213 = DIRECTION('',(0.,-0.909961270877,0.414693242656));
#7214 = ADVANCED_FACE('',(#7215),#7226,.F.);
#7215 = FACE_BOUND('',#7216,.F.);
#7216 = EDGE_LOOP('',(#7217,#7223,#7224,#7225));
#7217 = ORIENTED_EDGE('',*,*,#7218,.T.);
#7218 = EDGE_CURVE('',#3455,#3166,#7219,.T.);
#7219 = LINE('',#7220,#7221);
#7220 = CARTESIAN_POINT('',(219.,252.10858964917,37.688264084452));
#7221 = VECTOR('',#7222,1.);
#7222 = DIRECTION('',(1.,0.,0.));
#7223 = ORIENTED_EDGE('',*,*,#3173,.T.);
#7224 = ORIENTED_EDGE('',*,*,#7201,.F.);
#7225 = ORIENTED_EDGE('',*,*,#3462,.F.);
#7226 = PLANE('',#7227);
#7227 = AXIS2_PLACEMENT_3D('',#7228,#7229,#7230);
#7228 = CARTESIAN_POINT('',(219.,252.10858964917,37.688264084452));
#7229 = DIRECTION('',(0.,-0.398749068925,-0.917060074385));
#7230 = DIRECTION('',(0.,-0.917060074385,0.398749068925));
#7231 = ADVANCED_FACE('',(#7232),#7243,.F.);
#7232 = FACE_BOUND('',#7233,.F.);
#7233 = EDGE_LOOP('',(#7234,#7240,#7241,#7242));
#7234 = ORIENTED_EDGE('',*,*,#7235,.T.);
#7235 = EDGE_CURVE('',#3447,#3158,#7236,.T.);
#7236 = LINE('',#7237,#7238);
#7237 = CARTESIAN_POINT('',(219.,252.22791120872,37.638839476206));
#7238 = VECTOR('',#7239,1.);
#7239 = DIRECTION('',(1.,0.,0.));
#7240 = ORIENTED_EDGE('',*,*,#3165,.T.);
#7241 = ORIENTED_EDGE('',*,*,#7218,.F.);
#7242 = ORIENTED_EDGE('',*,*,#3454,.F.);
#7243 = PLANE('',#7244);
#7244 = AXIS2_PLACEMENT_3D('',#7245,#7246,#7247);
#7245 = CARTESIAN_POINT('',(219.,252.22791120872,37.638839476206));
#7246 = DIRECTION('',(0.,-0.382683432365,-0.923879532511));
#7247 = DIRECTION('',(0.,-0.923879532511,0.382683432365));
#7248 = ADVANCED_FACE('',(#7249),#7260,.F.);
#7249 = FACE_BOUND('',#7250,.F.);
#7250 = EDGE_LOOP('',(#7251,#7257,#7258,#7259));
#7251 = ORIENTED_EDGE('',*,*,#7252,.T.);
#7252 = EDGE_CURVE('',#3439,#3150,#7253,.T.);
#7253 = LINE('',#7254,#7255);
#7254 = CARTESIAN_POINT('',(219.,252.34807717336,37.591504843921));
#7255 = VECTOR('',#7256,1.);
#7256 = DIRECTION('',(1.,0.,0.));
#7257 = ORIENTED_EDGE('',*,*,#3157,.T.);
#7258 = ORIENTED_EDGE('',*,*,#7235,.F.);
#7259 = ORIENTED_EDGE('',*,*,#3446,.F.);
#7260 = PLANE('',#7261);
#7261 = AXIS2_PLACEMENT_3D('',#7262,#7263,#7264);
#7262 = CARTESIAN_POINT('',(219.,252.34807717336,37.591504843921));
#7263 = DIRECTION('',(0.,-0.366501226724,-0.930417567982));
#7264 = DIRECTION('',(0.,-0.930417567982,0.366501226724));
#7265 = ADVANCED_FACE('',(#7266),#7277,.F.);
#7266 = FACE_BOUND('',#7267,.F.);
#7267 = EDGE_LOOP('',(#7268,#7274,#7275,#7276));
#7268 = ORIENTED_EDGE('',*,*,#7269,.T.);
#7269 = EDGE_CURVE('',#3431,#3142,#7270,.T.);
#7270 = LINE('',#7271,#7272);
#7271 = CARTESIAN_POINT('',(219.,252.46905093939,37.546274606184));
#7272 = VECTOR('',#7273,1.);
#7273 = DIRECTION('',(1.,0.,0.));
#7274 = ORIENTED_EDGE('',*,*,#3149,.T.);
#7275 = ORIENTED_EDGE('',*,*,#7252,.F.);
#7276 = ORIENTED_EDGE('',*,*,#3438,.F.);
#7277 = PLANE('',#7278);
#7278 = AXIS2_PLACEMENT_3D('',#7279,#7280,#7281);
#7279 = CARTESIAN_POINT('',(219.,252.46905093939,37.546274606184));
#7280 = DIRECTION('',(0.,-0.350207381259,-0.936672189248));
#7281 = DIRECTION('',(0.,-0.936672189248,0.350207381259));
#7282 = ADVANCED_FACE('',(#7283),#7294,.F.);
#7283 = FACE_BOUND('',#7284,.F.);
#7284 = EDGE_LOOP('',(#7285,#7291,#7292,#7293));
#7285 = ORIENTED_EDGE('',*,*,#7286,.T.);
#7286 = EDGE_CURVE('',#3423,#3134,#7287,.T.);
#7287 = LINE('',#7288,#7289);
#7288 = CARTESIAN_POINT('',(219.,251.06676835175,33.693534860962));
#7289 = VECTOR('',#7290,1.);
#7290 = DIRECTION('',(1.,0.,0.));
#7291 = ORIENTED_EDGE('',*,*,#3141,.T.);
#7292 = ORIENTED_EDGE('',*,*,#7269,.F.);
#7293 = ORIENTED_EDGE('',*,*,#3430,.F.);
#7294 = PLANE('',#7295);
#7295 = AXIS2_PLACEMENT_3D('',#7296,#7297,#7298);
#7296 = CARTESIAN_POINT('',(219.,251.06676835175,33.693534860962));
#7297 = DIRECTION('',(0.,-0.939692620786,0.342020143326));
#7298 = DIRECTION('',(0.,0.342020143326,0.939692620786));
#7299 = ADVANCED_FACE('',(#7300),#7311,.F.);
#7300 = FACE_BOUND('',#7301,.F.);
#7301 = EDGE_LOOP('',(#7302,#7308,#7309,#7310));
#7302 = ORIENTED_EDGE('',*,*,#7303,.T.);
#7303 = EDGE_CURVE('',#3415,#3126,#7304,.T.);
#7304 = LINE('',#7305,#7306);
#7305 = CARTESIAN_POINT('',(219.,250.87876858022,33.763825095282));
#7306 = VECTOR('',#7307,1.);
#7307 = DIRECTION('',(1.,0.,0.));
#7308 = ORIENTED_EDGE('',*,*,#3133,.T.);
#7309 = ORIENTED_EDGE('',*,*,#7286,.F.);
#7310 = ORIENTED_EDGE('',*,*,#3422,.F.);
#7311 = PLANE('',#7312);
#7312 = AXIS2_PLACEMENT_3D('',#7313,#7314,#7315);
#7313 = CARTESIAN_POINT('',(219.,250.87876858022,33.763825095282));
#7314 = DIRECTION('',(0.,0.350207381259,0.936672189248));
#7315 = DIRECTION('',(0.,0.936672189248,-0.350207381259));
#7316 = ADVANCED_FACE('',(#7317),#7328,.F.);
#7317 = FACE_BOUND('',#7318,.F.);
#7318 = EDGE_LOOP('',(#7319,#7325,#7326,#7327));
#7319 = ORIENTED_EDGE('',*,*,#7320,.T.);
#7320 = EDGE_CURVE('',#3407,#3118,#7321,.T.);
#7321 = LINE('',#7322,#7323);
#7322 = CARTESIAN_POINT('',(219.,250.69202417571,33.837385672482));
#7323 = VECTOR('',#7324,1.);
#7324 = DIRECTION('',(1.,0.,0.));
#7325 = ORIENTED_EDGE('',*,*,#3125,.T.);
#7326 = ORIENTED_EDGE('',*,*,#7303,.F.);
#7327 = ORIENTED_EDGE('',*,*,#3414,.F.);
#7328 = PLANE('',#7329);
#7329 = AXIS2_PLACEMENT_3D('',#7330,#7331,#7332);
#7330 = CARTESIAN_POINT('',(219.,250.69202417571,33.837385672482));
#7331 = DIRECTION('',(0.,0.366501226724,0.930417567982));
#7332 = DIRECTION('',(0.,0.930417567982,-0.366501226724));
#7333 = ADVANCED_FACE('',(#7334),#7345,.F.);
#7334 = FACE_BOUND('',#7335,.F.);
#7335 = EDGE_LOOP('',(#7336,#7342,#7343,#7344));
#7336 = ORIENTED_EDGE('',*,*,#7337,.T.);
#7337 = EDGE_CURVE('',#3399,#3110,#7338,.T.);
#7338 = LINE('',#7339,#7340);
#7339 = CARTESIAN_POINT('',(219.,250.50659202237,33.914194185297));
#7340 = VECTOR('',#7341,1.);
#7341 = DIRECTION('',(1.,0.,0.));
#7342 = ORIENTED_EDGE('',*,*,#3117,.T.);
#7343 = ORIENTED_EDGE('',*,*,#7320,.F.);
#7344 = ORIENTED_EDGE('',*,*,#3406,.F.);
#7345 = PLANE('',#7346);
#7346 = AXIS2_PLACEMENT_3D('',#7347,#7348,#7349);
#7347 = CARTESIAN_POINT('',(219.,250.50659202237,33.914194185297));
#7348 = DIRECTION('',(0.,0.382683432365,0.923879532511));
#7349 = DIRECTION('',(0.,0.923879532511,-0.382683432365));
#7350 = ADVANCED_FACE('',(#7351),#7362,.F.);
#7351 = FACE_BOUND('',#7352,.F.);
#7352 = EDGE_LOOP('',(#7353,#7359,#7360,#7361));
#7353 = ORIENTED_EDGE('',*,*,#7354,.T.);
#7354 = EDGE_CURVE('',#3391,#3102,#7355,.T.);
#7355 = LINE('',#7356,#7357);
#7356 = CARTESIAN_POINT('',(219.,250.32252860462,33.99422723711));
#7357 = VECTOR('',#7358,1.);
#7358 = DIRECTION('',(1.,0.,0.));
#7359 = ORIENTED_EDGE('',*,*,#3109,.T.);
#7360 = ORIENTED_EDGE('',*,*,#7337,.F.);
#7361 = ORIENTED_EDGE('',*,*,#3398,.F.);
#7362 = PLANE('',#7363);
#7363 = AXIS2_PLACEMENT_3D('',#7364,#7365,#7366);
#7364 = CARTESIAN_POINT('',(219.,250.32252860462,33.99422723711));
#7365 = DIRECTION('',(0.,0.398749068925,0.917060074385));
#7366 = DIRECTION('',(0.,0.917060074385,-0.398749068925));
#7367 = ADVANCED_FACE('',(#7368),#7374,.F.);
#7368 = FACE_BOUND('',#7369,.F.);
#7369 = EDGE_LOOP('',(#7370,#7371,#7372,#7373));
#7370 = ORIENTED_EDGE('',*,*,#3365,.T.);
#7371 = ORIENTED_EDGE('',*,*,#3101,.T.);
#7372 = ORIENTED_EDGE('',*,*,#7354,.F.);
#7373 = ORIENTED_EDGE('',*,*,#3390,.F.);
#7374 = PLANE('',#7375);
#7375 = AXIS2_PLACEMENT_3D('',#7376,#7377,#7378);
#7376 = CARTESIAN_POINT('',(219.,250.13988998998,34.077460449079));
#7377 = DIRECTION('',(0.,0.414693242656,0.909961270877));
#7378 = DIRECTION('',(0.,0.909961270877,-0.414693242656));
#7379 = ADVANCED_FACE('',(#7380),#7396,.T.);
#7380 = FACE_BOUND('',#7381,.T.);
#7381 = EDGE_LOOP('',(#7382,#7383,#7389,#7390));
#7382 = ORIENTED_EDGE('',*,*,#3756,.F.);
#7383 = ORIENTED_EDGE('',*,*,#7384,.T.);
#7384 = EDGE_CURVE('',#3749,#3645,#7385,.T.);
#7385 = LINE('',#7386,#7387);
#7386 = CARTESIAN_POINT('',(206.,244.,44.5));
#7387 = VECTOR('',#7388,1.);
#7388 = DIRECTION('',(1.,0.,0.));
#7389 = ORIENTED_EDGE('',*,*,#3644,.T.);
#7390 = ORIENTED_EDGE('',*,*,#7391,.F.);
#7391 = EDGE_CURVE('',#3757,#3647,#7392,.T.);
#7392 = LINE('',#7393,#7394);
#7393 = CARTESIAN_POINT('',(206.,248.,44.5));
#7394 = VECTOR('',#7395,1.);
#7395 = DIRECTION('',(1.,0.,0.));
#7396 = PLANE('',#7397);
#7397 = AXIS2_PLACEMENT_3D('',#7398,#7399,#7400);
#7398 = CARTESIAN_POINT('',(206.,244.,44.5));
#7399 = DIRECTION('',(0.,0.,1.));
#7400 = DIRECTION('',(1.,0.,0.));
#7401 = ADVANCED_FACE('',(#7402),#7415,.T.);
#7402 = FACE_BOUND('',#7403,.T.);
#7403 = EDGE_LOOP('',(#7404,#7405,#7411,#7412,#7413,#7414));
#7404 = ORIENTED_EDGE('',*,*,#3687,.F.);
#7405 = ORIENTED_EDGE('',*,*,#7406,.F.);
#7406 = EDGE_CURVE('',#3774,#3680,#7407,.T.);
#7407 = LINE('',#7408,#7409);
#7408 = CARTESIAN_POINT('',(206.,255.,37.5));
#7409 = VECTOR('',#7410,1.);
#7410 = DIRECTION('',(1.,0.,0.));
#7411 = ORIENTED_EDGE('',*,*,#3773,.T.);
#7412 = ORIENTED_EDGE('',*,*,#3764,.T.);
#7413 = ORIENTED_EDGE('',*,*,#7391,.T.);
#7414 = ORIENTED_EDGE('',*,*,#3696,.F.);
#7415 = CYLINDRICAL_SURFACE('',#7416,7.);
#7416 = AXIS2_PLACEMENT_3D('',#7417,#7418,#7419);
#7417 = CARTESIAN_POINT('',(206.,255.,44.5));
#7418 = DIRECTION('',(1.,0.,0.));
#7419 = DIRECTION('',(0.,0.,1.));
#7420 = ADVANCED_FACE('',(#7421),#7427,.T.);
#7421 = FACE_BOUND('',#7422,.T.);
#7422 = EDGE_LOOP('',(#7423,#7424,#7425,#7426));
#7423 = ORIENTED_EDGE('',*,*,#3679,.F.);
#7424 = ORIENTED_EDGE('',*,*,#3732,.F.);
#7425 = ORIENTED_EDGE('',*,*,#3782,.T.);
#7426 = ORIENTED_EDGE('',*,*,#7406,.T.);
#7427 = PLANE('',#7428);
#7428 = AXIS2_PLACEMENT_3D('',#7429,#7430,#7431);
#7429 = CARTESIAN_POINT('',(206.,255.,31.));
#7430 = DIRECTION('',(0.,1.,0.));
#7431 = DIRECTION('',(0.,0.,1.));
#7432 = ADVANCED_FACE('',(#7433),#7439,.F.);
#7433 = FACE_BOUND('',#7434,.F.);
#7434 = EDGE_LOOP('',(#7435,#7436,#7437,#7438));
#7435 = ORIENTED_EDGE('',*,*,#5922,.F.);
#7436 = ORIENTED_EDGE('',*,*,#3746,.T.);
#7437 = ORIENTED_EDGE('',*,*,#7384,.T.);
#7438 = ORIENTED_EDGE('',*,*,#3654,.F.);
#7439 = PLANE('',#7440);
#7440 = AXIS2_PLACEMENT_3D('',#7441,#7442,#7443);
#7441 = CARTESIAN_POINT('',(206.,244.,31.));
#7442 = DIRECTION('',(0.,1.,0.));
#7443 = DIRECTION('',(0.,0.,1.));
#7444 = ADVANCED_FACE('',(#7445),#7456,.F.);
#7445 = FACE_BOUND('',#7446,.F.);
#7446 = EDGE_LOOP('',(#7447,#7448,#7454,#7455));
#7447 = ORIENTED_EDGE('',*,*,#3705,.F.);
#7448 = ORIENTED_EDGE('',*,*,#7449,.F.);
#7449 = EDGE_CURVE('',#3806,#3706,#7450,.T.);
#7450 = LINE('',#7451,#7452);
#7451 = CARTESIAN_POINT('',(205.,255.,46.7));
#7452 = VECTOR('',#7453,1.);
#7453 = DIRECTION('',(1.,0.,0.));
#7454 = ORIENTED_EDGE('',*,*,#3805,.T.);
#7455 = ORIENTED_EDGE('',*,*,#7449,.T.);
#7456 = CYLINDRICAL_SURFACE('',#7457,2.2);
#7457 = AXIS2_PLACEMENT_3D('',#7458,#7459,#7460);
#7458 = CARTESIAN_POINT('',(205.,255.,44.5));
#7459 = DIRECTION('',(1.,0.,0.));
#7460 = DIRECTION('',(0.,0.,1.));
#7461 = ADVANCED_FACE('',(#7462),#7481,.F.);
#7462 = FACE_BOUND('',#7463,.F.);
#7463 = EDGE_LOOP('',(#7464,#7473,#7479,#7480));
#7464 = ORIENTED_EDGE('',*,*,#7465,.F.);
#7465 = EDGE_CURVE('',#7466,#7466,#7468,.T.);
#7466 = VERTEX_POINT('',#7467);
#7467 = CARTESIAN_POINT('',(9.7,242.,39.));
#7468 = CIRCLE('',#7469,1.7);
#7469 = AXIS2_PLACEMENT_3D('',#7470,#7471,#7472);
#7470 = CARTESIAN_POINT('',(8.,242.,39.));
#7471 = DIRECTION('',(0.,0.,1.));
#7472 = DIRECTION('',(1.,0.,0.));
#7473 = ORIENTED_EDGE('',*,*,#7474,.F.);
#7474 = EDGE_CURVE('',#4022,#7466,#7475,.T.);
#7475 = LINE('',#7476,#7477);
#7476 = CARTESIAN_POINT('',(9.7,242.,30.5));
#7477 = VECTOR('',#7478,1.);
#7478 = DIRECTION('',(0.,0.,1.));
#7479 = ORIENTED_EDGE('',*,*,#4021,.T.);
#7480 = ORIENTED_EDGE('',*,*,#7474,.T.);
#7481 = CYLINDRICAL_SURFACE('',#7482,1.7);
#7482 = AXIS2_PLACEMENT_3D('',#7483,#7484,#7485);
#7483 = CARTESIAN_POINT('',(8.,242.,30.5));
#7484 = DIRECTION('',(0.,0.,1.));
#7485 = DIRECTION('',(1.,0.,0.));
#7486 = ADVANCED_FACE('',(#7487,#7554,#7565,#7568,#7579,#7590,#7601,
    #7612,#7639,#7666,#7693),#7720,.T.);
#7487 = FACE_BOUND('',#7488,.T.);
#7488 = EDGE_LOOP('',(#7489,#7490,#7491,#7492,#7493,#7494,#7495,#7496,
    #7497,#7498,#7499,#7500,#7501,#7502,#7511,#7518,#7519,#7528,#7535,
    #7536,#7545,#7552,#7553));
#7489 = ORIENTED_EDGE('',*,*,#1142,.F.);
#7490 = ORIENTED_EDGE('',*,*,#934,.F.);
#7491 = ORIENTED_EDGE('',*,*,#991,.T.);
#7492 = ORIENTED_EDGE('',*,*,#1499,.T.);
#7493 = ORIENTED_EDGE('',*,*,#1119,.F.);
#7494 = ORIENTED_EDGE('',*,*,#1938,.F.);
#7495 = ORIENTED_EDGE('',*,*,#1766,.F.);
#7496 = ORIENTED_EDGE('',*,*,#884,.T.);
#7497 = ORIENTED_EDGE('',*,*,#869,.F.);
#7498 = ORIENTED_EDGE('',*,*,#6123,.T.);
#7499 = ORIENTED_EDGE('',*,*,#4154,.F.);
#7500 = ORIENTED_EDGE('',*,*,#6105,.T.);
#7501 = ORIENTED_EDGE('',*,*,#838,.T.);
#7502 = ORIENTED_EDGE('',*,*,#7503,.T.);
#7503 = EDGE_CURVE('',#831,#7504,#7506,.T.);
#7504 = VERTEX_POINT('',#7505);
#7505 = CARTESIAN_POINT('',(14.,8.,39.));
#7506 = CIRCLE('',#7507,6.);
#7507 = AXIS2_PLACEMENT_3D('',#7508,#7509,#7510);
#7508 = CARTESIAN_POINT('',(8.,8.,39.));
#7509 = DIRECTION('',(0.,0.,1.));
#7510 = DIRECTION('',(1.,0.,0.));
#7511 = ORIENTED_EDGE('',*,*,#7512,.T.);
#7512 = EDGE_CURVE('',#7504,#24,#7513,.T.);
#7513 = CIRCLE('',#7514,6.);
#7514 = AXIS2_PLACEMENT_3D('',#7515,#7516,#7517);
#7515 = CARTESIAN_POINT('',(8.,8.,39.));
#7516 = DIRECTION('',(0.,0.,1.));
#7517 = DIRECTION('',(1.,0.,0.));
#7518 = ORIENTED_EDGE('',*,*,#47,.T.);
#7519 = ORIENTED_EDGE('',*,*,#7520,.T.);
#7520 = EDGE_CURVE('',#40,#7521,#7523,.T.);
#7521 = VERTEX_POINT('',#7522);
#7522 = CARTESIAN_POINT('',(14.,181.,39.));
#7523 = CIRCLE('',#7524,6.);
#7524 = AXIS2_PLACEMENT_3D('',#7525,#7526,#7527);
#7525 = CARTESIAN_POINT('',(8.,181.,39.));
#7526 = DIRECTION('',(0.,0.,1.));
#7527 = DIRECTION('',(1.,0.,0.));
#7528 = ORIENTED_EDGE('',*,*,#7529,.T.);
#7529 = EDGE_CURVE('',#7521,#1883,#7530,.T.);
#7530 = CIRCLE('',#7531,6.);
#7531 = AXIS2_PLACEMENT_3D('',#7532,#7533,#7534);
#7532 = CARTESIAN_POINT('',(8.,181.,39.));
#7533 = DIRECTION('',(0.,0.,1.));
#7534 = DIRECTION('',(1.,0.,0.));
#7535 = ORIENTED_EDGE('',*,*,#1899,.T.);
#7536 = ORIENTED_EDGE('',*,*,#7537,.T.);
#7537 = EDGE_CURVE('',#1892,#7538,#7540,.T.);
#7538 = VERTEX_POINT('',#7539);
#7539 = CARTESIAN_POINT('',(14.,242.,39.));
#7540 = CIRCLE('',#7541,6.);
#7541 = AXIS2_PLACEMENT_3D('',#7542,#7543,#7544);
#7542 = CARTESIAN_POINT('',(8.,242.,39.));
#7543 = DIRECTION('',(0.,0.,1.));
#7544 = DIRECTION('',(1.,0.,0.));
#7545 = ORIENTED_EDGE('',*,*,#7546,.T.);
#7546 = EDGE_CURVE('',#7538,#1608,#7547,.T.);
#7547 = CIRCLE('',#7548,6.);
#7548 = AXIS2_PLACEMENT_3D('',#7549,#7550,#7551);
#7549 = CARTESIAN_POINT('',(8.,242.,39.));
#7550 = DIRECTION('',(0.,0.,1.));
#7551 = DIRECTION('',(1.,0.,0.));
#7552 = ORIENTED_EDGE('',*,*,#1615,.F.);
#7553 = ORIENTED_EDGE('',*,*,#1564,.F.);
#7554 = FACE_BOUND('',#7555,.T.);
#7555 = EDGE_LOOP('',(#7556));
#7556 = ORIENTED_EDGE('',*,*,#7557,.F.);
#7557 = EDGE_CURVE('',#7558,#7558,#7560,.T.);
#7558 = VERTEX_POINT('',#7559);
#7559 = CARTESIAN_POINT('',(9.7,8.,39.));
#7560 = CIRCLE('',#7561,1.7);
#7561 = AXIS2_PLACEMENT_3D('',#7562,#7563,#7564);
#7562 = CARTESIAN_POINT('',(8.,8.,39.));
#7563 = DIRECTION('',(0.,0.,1.));
#7564 = DIRECTION('',(1.,0.,0.));
#7565 = FACE_BOUND('',#7566,.T.);
#7566 = EDGE_LOOP('',(#7567));
#7567 = ORIENTED_EDGE('',*,*,#7465,.F.);
#7568 = FACE_BOUND('',#7569,.T.);
#7569 = EDGE_LOOP('',(#7570));
#7570 = ORIENTED_EDGE('',*,*,#7571,.F.);
#7571 = EDGE_CURVE('',#7572,#7572,#7574,.T.);
#7572 = VERTEX_POINT('',#7573);
#7573 = CARTESIAN_POINT('',(9.7,181.,39.));
#7574 = CIRCLE('',#7575,1.7);
#7575 = AXIS2_PLACEMENT_3D('',#7576,#7577,#7578);
#7576 = CARTESIAN_POINT('',(8.,181.,39.));
#7577 = DIRECTION('',(0.,0.,1.));
#7578 = DIRECTION('',(1.,0.,0.));
#7579 = FACE_BOUND('',#7580,.T.);
#7580 = EDGE_LOOP('',(#7581));
#7581 = ORIENTED_EDGE('',*,*,#7582,.F.);
#7582 = EDGE_CURVE('',#7583,#7583,#7585,.T.);
#7583 = VERTEX_POINT('',#7584);
#7584 = CARTESIAN_POINT('',(255.7,8.,39.));
#7585 = CIRCLE('',#7586,1.7);
#7586 = AXIS2_PLACEMENT_3D('',#7587,#7588,#7589);
#7587 = CARTESIAN_POINT('',(254.,8.,39.));
#7588 = DIRECTION('',(0.,0.,1.));
#7589 = DIRECTION('',(1.,0.,0.));
#7590 = FACE_BOUND('',#7591,.T.);
#7591 = EDGE_LOOP('',(#7592));
#7592 = ORIENTED_EDGE('',*,*,#7593,.F.);
#7593 = EDGE_CURVE('',#7594,#7594,#7596,.T.);
#7594 = VERTEX_POINT('',#7595);
#7595 = CARTESIAN_POINT('',(255.7,181.,39.));
#7596 = CIRCLE('',#7597,1.7);
#7597 = AXIS2_PLACEMENT_3D('',#7598,#7599,#7600);
#7598 = CARTESIAN_POINT('',(254.,181.,39.));
#7599 = DIRECTION('',(0.,0.,1.));
#7600 = DIRECTION('',(1.,0.,0.));
#7601 = FACE_BOUND('',#7602,.T.);
#7602 = EDGE_LOOP('',(#7603));
#7603 = ORIENTED_EDGE('',*,*,#7604,.F.);
#7604 = EDGE_CURVE('',#7605,#7605,#7607,.T.);
#7605 = VERTEX_POINT('',#7606);
#7606 = CARTESIAN_POINT('',(255.7,242.,39.));
#7607 = CIRCLE('',#7608,1.7);
#7608 = AXIS2_PLACEMENT_3D('',#7609,#7610,#7611);
#7609 = CARTESIAN_POINT('',(254.,242.,39.));
#7610 = DIRECTION('',(0.,0.,1.));
#7611 = DIRECTION('',(1.,0.,0.));
#7612 = FACE_BOUND('',#7613,.T.);
#7613 = EDGE_LOOP('',(#7614,#7624,#7633));
#7614 = ORIENTED_EDGE('',*,*,#7615,.F.);
#7615 = EDGE_CURVE('',#7616,#7618,#7620,.T.);
#7616 = VERTEX_POINT('',#7617);
#7617 = CARTESIAN_POINT('',(259.,245.31662479035,39.));
#7618 = VERTEX_POINT('',#7619);
#7619 = CARTESIAN_POINT('',(259.,247.,39.));
#7620 = LINE('',#7621,#7622);
#7621 = CARTESIAN_POINT('',(259.,1.5,39.));
#7622 = VECTOR('',#7623,1.);
#7623 = DIRECTION('',(0.,1.,0.));
#7624 = ORIENTED_EDGE('',*,*,#7625,.T.);
#7625 = EDGE_CURVE('',#7616,#7626,#7628,.T.);
#7626 = VERTEX_POINT('',#7627);
#7627 = CARTESIAN_POINT('',(257.31662479035,247.,39.));
#7628 = CIRCLE('',#7629,6.);
#7629 = AXIS2_PLACEMENT_3D('',#7630,#7631,#7632);
#7630 = CARTESIAN_POINT('',(254.,242.,39.));
#7631 = DIRECTION('',(0.,0.,1.));
#7632 = DIRECTION('',(1.,0.,0.));
#7633 = ORIENTED_EDGE('',*,*,#7634,.F.);
#7634 = EDGE_CURVE('',#7618,#7626,#7635,.T.);
#7635 = LINE('',#7636,#7637);
#7636 = CARTESIAN_POINT('',(1.5,247.,39.));
#7637 = VECTOR('',#7638,1.);
#7638 = DIRECTION('',(-1.,0.,0.));
#7639 = FACE_BOUND('',#7640,.T.);
#7640 = EDGE_LOOP('',(#7641,#7651,#7660));
#7641 = ORIENTED_EDGE('',*,*,#7642,.T.);
#7642 = EDGE_CURVE('',#7643,#7645,#7647,.T.);
#7643 = VERTEX_POINT('',#7644);
#7644 = CARTESIAN_POINT('',(259.,3.,39.));
#7645 = VERTEX_POINT('',#7646);
#7646 = CARTESIAN_POINT('',(257.31662479035,3.,39.));
#7647 = LINE('',#7648,#7649);
#7648 = CARTESIAN_POINT('',(1.5,3.,39.));
#7649 = VECTOR('',#7650,1.);
#7650 = DIRECTION('',(-1.,0.,0.));
#7651 = ORIENTED_EDGE('',*,*,#7652,.T.);
#7652 = EDGE_CURVE('',#7645,#7653,#7655,.T.);
#7653 = VERTEX_POINT('',#7654);
#7654 = CARTESIAN_POINT('',(259.,4.683375209645,39.));
#7655 = CIRCLE('',#7656,6.);
#7656 = AXIS2_PLACEMENT_3D('',#7657,#7658,#7659);
#7657 = CARTESIAN_POINT('',(254.,8.,39.));
#7658 = DIRECTION('',(0.,0.,1.));
#7659 = DIRECTION('',(1.,0.,0.));
#7660 = ORIENTED_EDGE('',*,*,#7661,.F.);
#7661 = EDGE_CURVE('',#7643,#7653,#7662,.T.);
#7662 = LINE('',#7663,#7664);
#7663 = CARTESIAN_POINT('',(259.,1.5,39.));
#7664 = VECTOR('',#7665,1.);
#7665 = DIRECTION('',(0.,1.,0.));
#7666 = FACE_BOUND('',#7667,.T.);
#7667 = EDGE_LOOP('',(#7668,#7678,#7687));
#7668 = ORIENTED_EDGE('',*,*,#7669,.F.);
#7669 = EDGE_CURVE('',#7670,#7672,#7674,.T.);
#7670 = VERTEX_POINT('',#7671);
#7671 = CARTESIAN_POINT('',(4.683375209645,247.,39.));
#7672 = VERTEX_POINT('',#7673);
#7673 = CARTESIAN_POINT('',(3.,247.,39.));
#7674 = LINE('',#7675,#7676);
#7675 = CARTESIAN_POINT('',(1.5,247.,39.));
#7676 = VECTOR('',#7677,1.);
#7677 = DIRECTION('',(-1.,0.,0.));
#7678 = ORIENTED_EDGE('',*,*,#7679,.T.);
#7679 = EDGE_CURVE('',#7670,#7680,#7682,.T.);
#7680 = VERTEX_POINT('',#7681);
#7681 = CARTESIAN_POINT('',(3.,245.31662479035,39.));
#7682 = CIRCLE('',#7683,6.);
#7683 = AXIS2_PLACEMENT_3D('',#7684,#7685,#7686);
#7684 = CARTESIAN_POINT('',(8.,242.,39.));
#7685 = DIRECTION('',(0.,0.,1.));
#7686 = DIRECTION('',(1.,0.,0.));
#7687 = ORIENTED_EDGE('',*,*,#7688,.T.);
#7688 = EDGE_CURVE('',#7680,#7672,#7689,.T.);
#7689 = LINE('',#7690,#7691);
#7690 = CARTESIAN_POINT('',(3.,1.5,39.));
#7691 = VECTOR('',#7692,1.);
#7692 = DIRECTION('',(0.,1.,0.));
#7693 = FACE_BOUND('',#7694,.T.);
#7694 = EDGE_LOOP('',(#7695,#7705,#7714));
#7695 = ORIENTED_EDGE('',*,*,#7696,.T.);
#7696 = EDGE_CURVE('',#7697,#7699,#7701,.T.);
#7697 = VERTEX_POINT('',#7698);
#7698 = CARTESIAN_POINT('',(3.,3.,39.));
#7699 = VERTEX_POINT('',#7700);
#7700 = CARTESIAN_POINT('',(3.,4.683375209644,39.));
#7701 = LINE('',#7702,#7703);
#7702 = CARTESIAN_POINT('',(3.,1.5,39.));
#7703 = VECTOR('',#7704,1.);
#7704 = DIRECTION('',(0.,1.,0.));
#7705 = ORIENTED_EDGE('',*,*,#7706,.T.);
#7706 = EDGE_CURVE('',#7699,#7707,#7709,.T.);
#7707 = VERTEX_POINT('',#7708);
#7708 = CARTESIAN_POINT('',(4.683375209645,3.,39.));
#7709 = CIRCLE('',#7710,6.);
#7710 = AXIS2_PLACEMENT_3D('',#7711,#7712,#7713);
#7711 = CARTESIAN_POINT('',(8.,8.,39.));
#7712 = DIRECTION('',(0.,0.,1.));
#7713 = DIRECTION('',(1.,0.,0.));
#7714 = ORIENTED_EDGE('',*,*,#7715,.T.);
#7715 = EDGE_CURVE('',#7707,#7697,#7716,.T.);
#7716 = LINE('',#7717,#7718);
#7717 = CARTESIAN_POINT('',(1.5,3.,39.));
#7718 = VECTOR('',#7719,1.);
#7719 = DIRECTION('',(-1.,0.,0.));
#7720 = PLANE('',#7721);
#7721 = AXIS2_PLACEMENT_3D('',#7722,#7723,#7724);
#7722 = CARTESIAN_POINT('',(130.70628290721,93.593217996261,39.));
#7723 = DIRECTION('',(0.,0.,1.));
#7724 = DIRECTION('',(1.,0.,0.));
#7725 = ADVANCED_FACE('',(#7726),#7753,.F.);
#7726 = FACE_BOUND('',#7727,.F.);
#7727 = EDGE_LOOP('',(#7728,#7738,#7745,#7746));
#7728 = ORIENTED_EDGE('',*,*,#7729,.T.);
#7729 = EDGE_CURVE('',#7730,#7732,#7734,.T.);
#7730 = VERTEX_POINT('',#7731);
#7731 = CARTESIAN_POINT('',(12.1,8.,0.));
#7732 = VERTEX_POINT('',#7733);
#7733 = CARTESIAN_POINT('',(12.1,8.,30.5));
#7734 = LINE('',#7735,#7736);
#7735 = CARTESIAN_POINT('',(12.1,8.,-1.));
#7736 = VECTOR('',#7737,1.);
#7737 = DIRECTION('',(0.,0.,1.));
#7738 = ORIENTED_EDGE('',*,*,#7739,.F.);
#7739 = EDGE_CURVE('',#7732,#7732,#7740,.T.);
#7740 = CIRCLE('',#7741,4.1);
#7741 = AXIS2_PLACEMENT_3D('',#7742,#7743,#7744);
#7742 = CARTESIAN_POINT('',(8.,8.,30.5));
#7743 = DIRECTION('',(0.,0.,1.));
#7744 = DIRECTION('',(1.,0.,0.));
#7745 = ORIENTED_EDGE('',*,*,#7729,.F.);
#7746 = ORIENTED_EDGE('',*,*,#7747,.T.);
#7747 = EDGE_CURVE('',#7730,#7730,#7748,.T.);
#7748 = CIRCLE('',#7749,4.1);
#7749 = AXIS2_PLACEMENT_3D('',#7750,#7751,#7752);
#7750 = CARTESIAN_POINT('',(8.,8.,0.));
#7751 = DIRECTION('',(0.,0.,1.));
#7752 = DIRECTION('',(1.,0.,0.));
#7753 = CYLINDRICAL_SURFACE('',#7754,4.1);
#7754 = AXIS2_PLACEMENT_3D('',#7755,#7756,#7757);
#7755 = CARTESIAN_POINT('',(8.,8.,-1.));
#7756 = DIRECTION('',(0.,0.,1.));
#7757 = DIRECTION('',(1.,0.,0.));
#7758 = ADVANCED_FACE('',(#7759,#7762),#7773,.F.);
#7759 = FACE_BOUND('',#7760,.F.);
#7760 = EDGE_LOOP('',(#7761));
#7761 = ORIENTED_EDGE('',*,*,#7739,.T.);
#7762 = FACE_BOUND('',#7763,.F.);
#7763 = EDGE_LOOP('',(#7764));
#7764 = ORIENTED_EDGE('',*,*,#7765,.F.);
#7765 = EDGE_CURVE('',#7766,#7766,#7768,.T.);
#7766 = VERTEX_POINT('',#7767);
#7767 = CARTESIAN_POINT('',(9.7,8.,30.5));
#7768 = CIRCLE('',#7769,1.7);
#7769 = AXIS2_PLACEMENT_3D('',#7770,#7771,#7772);
#7770 = CARTESIAN_POINT('',(8.,8.,30.5));
#7771 = DIRECTION('',(0.,0.,1.));
#7772 = DIRECTION('',(1.,0.,0.));
#7773 = PLANE('',#7774);
#7774 = AXIS2_PLACEMENT_3D('',#7775,#7776,#7777);
#7775 = CARTESIAN_POINT('',(8.,8.,30.5));
#7776 = DIRECTION('',(0.,0.,1.));
#7777 = DIRECTION('',(1.,0.,0.));
#7778 = ADVANCED_FACE('',(#7779),#7790,.F.);
#7779 = FACE_BOUND('',#7780,.F.);
#7780 = EDGE_LOOP('',(#7781,#7782,#7788,#7789));
#7781 = ORIENTED_EDGE('',*,*,#7557,.F.);
#7782 = ORIENTED_EDGE('',*,*,#7783,.F.);
#7783 = EDGE_CURVE('',#7766,#7558,#7784,.T.);
#7784 = LINE('',#7785,#7786);
#7785 = CARTESIAN_POINT('',(9.7,8.,30.5));
#7786 = VECTOR('',#7787,1.);
#7787 = DIRECTION('',(0.,0.,1.));
#7788 = ORIENTED_EDGE('',*,*,#7765,.T.);
#7789 = ORIENTED_EDGE('',*,*,#7783,.T.);
#7790 = CYLINDRICAL_SURFACE('',#7791,1.7);
#7791 = AXIS2_PLACEMENT_3D('',#7792,#7793,#7794);
#7792 = CARTESIAN_POINT('',(8.,8.,30.5));
#7793 = DIRECTION('',(0.,0.,1.));
#7794 = DIRECTION('',(1.,0.,0.));
#7795 = ADVANCED_FACE('',(#7796),#7823,.F.);
#7796 = FACE_BOUND('',#7797,.F.);
#7797 = EDGE_LOOP('',(#7798,#7808,#7815,#7816));
#7798 = ORIENTED_EDGE('',*,*,#7799,.T.);
#7799 = EDGE_CURVE('',#7800,#7802,#7804,.T.);
#7800 = VERTEX_POINT('',#7801);
#7801 = CARTESIAN_POINT('',(12.1,181.,0.));
#7802 = VERTEX_POINT('',#7803);
#7803 = CARTESIAN_POINT('',(12.1,181.,30.5));
#7804 = LINE('',#7805,#7806);
#7805 = CARTESIAN_POINT('',(12.1,181.,-1.));
#7806 = VECTOR('',#7807,1.);
#7807 = DIRECTION('',(0.,0.,1.));
#7808 = ORIENTED_EDGE('',*,*,#7809,.F.);
#7809 = EDGE_CURVE('',#7802,#7802,#7810,.T.);
#7810 = CIRCLE('',#7811,4.1);
#7811 = AXIS2_PLACEMENT_3D('',#7812,#7813,#7814);
#7812 = CARTESIAN_POINT('',(8.,181.,30.5));
#7813 = DIRECTION('',(0.,0.,1.));
#7814 = DIRECTION('',(1.,0.,0.));
#7815 = ORIENTED_EDGE('',*,*,#7799,.F.);
#7816 = ORIENTED_EDGE('',*,*,#7817,.T.);
#7817 = EDGE_CURVE('',#7800,#7800,#7818,.T.);
#7818 = CIRCLE('',#7819,4.1);
#7819 = AXIS2_PLACEMENT_3D('',#7820,#7821,#7822);
#7820 = CARTESIAN_POINT('',(8.,181.,0.));
#7821 = DIRECTION('',(0.,0.,1.));
#7822 = DIRECTION('',(1.,0.,0.));
#7823 = CYLINDRICAL_SURFACE('',#7824,4.1);
#7824 = AXIS2_PLACEMENT_3D('',#7825,#7826,#7827);
#7825 = CARTESIAN_POINT('',(8.,181.,-1.));
#7826 = DIRECTION('',(0.,0.,1.));
#7827 = DIRECTION('',(1.,0.,0.));
#7828 = ADVANCED_FACE('',(#7829,#7832),#7843,.F.);
#7829 = FACE_BOUND('',#7830,.F.);
#7830 = EDGE_LOOP('',(#7831));
#7831 = ORIENTED_EDGE('',*,*,#7809,.T.);
#7832 = FACE_BOUND('',#7833,.F.);
#7833 = EDGE_LOOP('',(#7834));
#7834 = ORIENTED_EDGE('',*,*,#7835,.F.);
#7835 = EDGE_CURVE('',#7836,#7836,#7838,.T.);
#7836 = VERTEX_POINT('',#7837);
#7837 = CARTESIAN_POINT('',(9.7,181.,30.5));
#7838 = CIRCLE('',#7839,1.7);
#7839 = AXIS2_PLACEMENT_3D('',#7840,#7841,#7842);
#7840 = CARTESIAN_POINT('',(8.,181.,30.5));
#7841 = DIRECTION('',(0.,0.,1.));
#7842 = DIRECTION('',(1.,0.,0.));
#7843 = PLANE('',#7844);
#7844 = AXIS2_PLACEMENT_3D('',#7845,#7846,#7847);
#7845 = CARTESIAN_POINT('',(8.,181.,30.5));
#7846 = DIRECTION('',(0.,0.,1.));
#7847 = DIRECTION('',(1.,0.,0.));
#7848 = ADVANCED_FACE('',(#7849),#7860,.F.);
#7849 = FACE_BOUND('',#7850,.F.);
#7850 = EDGE_LOOP('',(#7851,#7852,#7858,#7859));
#7851 = ORIENTED_EDGE('',*,*,#7571,.F.);
#7852 = ORIENTED_EDGE('',*,*,#7853,.F.);
#7853 = EDGE_CURVE('',#7836,#7572,#7854,.T.);
#7854 = LINE('',#7855,#7856);
#7855 = CARTESIAN_POINT('',(9.7,181.,30.5));
#7856 = VECTOR('',#7857,1.);
#7857 = DIRECTION('',(0.,0.,1.));
#7858 = ORIENTED_EDGE('',*,*,#7835,.T.);
#7859 = ORIENTED_EDGE('',*,*,#7853,.T.);
#7860 = CYLINDRICAL_SURFACE('',#7861,1.7);
#7861 = AXIS2_PLACEMENT_3D('',#7862,#7863,#7864);
#7862 = CARTESIAN_POINT('',(8.,181.,30.5));
#7863 = DIRECTION('',(0.,0.,1.));
#7864 = DIRECTION('',(1.,0.,0.));
#7865 = ADVANCED_FACE('',(#7866),#7893,.F.);
#7866 = FACE_BOUND('',#7867,.F.);
#7867 = EDGE_LOOP('',(#7868,#7878,#7885,#7886));
#7868 = ORIENTED_EDGE('',*,*,#7869,.T.);
#7869 = EDGE_CURVE('',#7870,#7872,#7874,.T.);
#7870 = VERTEX_POINT('',#7871);
#7871 = CARTESIAN_POINT('',(258.1,8.,0.));
#7872 = VERTEX_POINT('',#7873);
#7873 = CARTESIAN_POINT('',(258.1,8.,30.5));
#7874 = LINE('',#7875,#7876);
#7875 = CARTESIAN_POINT('',(258.1,8.,-1.));
#7876 = VECTOR('',#7877,1.);
#7877 = DIRECTION('',(0.,0.,1.));
#7878 = ORIENTED_EDGE('',*,*,#7879,.F.);
#7879 = EDGE_CURVE('',#7872,#7872,#7880,.T.);
#7880 = CIRCLE('',#7881,4.1);
#7881 = AXIS2_PLACEMENT_3D('',#7882,#7883,#7884);
#7882 = CARTESIAN_POINT('',(254.,8.,30.5));
#7883 = DIRECTION('',(0.,0.,1.));
#7884 = DIRECTION('',(1.,0.,0.));
#7885 = ORIENTED_EDGE('',*,*,#7869,.F.);
#7886 = ORIENTED_EDGE('',*,*,#7887,.T.);
#7887 = EDGE_CURVE('',#7870,#7870,#7888,.T.);
#7888 = CIRCLE('',#7889,4.1);
#7889 = AXIS2_PLACEMENT_3D('',#7890,#7891,#7892);
#7890 = CARTESIAN_POINT('',(254.,8.,0.));
#7891 = DIRECTION('',(0.,0.,1.));
#7892 = DIRECTION('',(1.,0.,0.));
#7893 = CYLINDRICAL_SURFACE('',#7894,4.1);
#7894 = AXIS2_PLACEMENT_3D('',#7895,#7896,#7897);
#7895 = CARTESIAN_POINT('',(254.,8.,-1.));
#7896 = DIRECTION('',(0.,0.,1.));
#7897 = DIRECTION('',(1.,0.,0.));
#7898 = ADVANCED_FACE('',(#7899,#7902),#7913,.F.);
#7899 = FACE_BOUND('',#7900,.F.);
#7900 = EDGE_LOOP('',(#7901));
#7901 = ORIENTED_EDGE('',*,*,#7879,.T.);
#7902 = FACE_BOUND('',#7903,.F.);
#7903 = EDGE_LOOP('',(#7904));
#7904 = ORIENTED_EDGE('',*,*,#7905,.F.);
#7905 = EDGE_CURVE('',#7906,#7906,#7908,.T.);
#7906 = VERTEX_POINT('',#7907);
#7907 = CARTESIAN_POINT('',(255.7,8.,30.5));
#7908 = CIRCLE('',#7909,1.7);
#7909 = AXIS2_PLACEMENT_3D('',#7910,#7911,#7912);
#7910 = CARTESIAN_POINT('',(254.,8.,30.5));
#7911 = DIRECTION('',(0.,0.,1.));
#7912 = DIRECTION('',(1.,0.,0.));
#7913 = PLANE('',#7914);
#7914 = AXIS2_PLACEMENT_3D('',#7915,#7916,#7917);
#7915 = CARTESIAN_POINT('',(254.,8.,30.5));
#7916 = DIRECTION('',(0.,0.,1.));
#7917 = DIRECTION('',(1.,0.,0.));
#7918 = ADVANCED_FACE('',(#7919),#7930,.F.);
#7919 = FACE_BOUND('',#7920,.F.);
#7920 = EDGE_LOOP('',(#7921,#7922,#7928,#7929));
#7921 = ORIENTED_EDGE('',*,*,#7582,.F.);
#7922 = ORIENTED_EDGE('',*,*,#7923,.F.);
#7923 = EDGE_CURVE('',#7906,#7583,#7924,.T.);
#7924 = LINE('',#7925,#7926);
#7925 = CARTESIAN_POINT('',(255.7,8.,30.5));
#7926 = VECTOR('',#7927,1.);
#7927 = DIRECTION('',(0.,0.,1.));
#7928 = ORIENTED_EDGE('',*,*,#7905,.T.);
#7929 = ORIENTED_EDGE('',*,*,#7923,.T.);
#7930 = CYLINDRICAL_SURFACE('',#7931,1.7);
#7931 = AXIS2_PLACEMENT_3D('',#7932,#7933,#7934);
#7932 = CARTESIAN_POINT('',(254.,8.,30.5));
#7933 = DIRECTION('',(0.,0.,1.));
#7934 = DIRECTION('',(1.,0.,0.));
#7935 = ADVANCED_FACE('',(#7936),#7963,.F.);
#7936 = FACE_BOUND('',#7937,.F.);
#7937 = EDGE_LOOP('',(#7938,#7948,#7955,#7956));
#7938 = ORIENTED_EDGE('',*,*,#7939,.T.);
#7939 = EDGE_CURVE('',#7940,#7942,#7944,.T.);
#7940 = VERTEX_POINT('',#7941);
#7941 = CARTESIAN_POINT('',(258.1,181.,0.));
#7942 = VERTEX_POINT('',#7943);
#7943 = CARTESIAN_POINT('',(258.1,181.,30.5));
#7944 = LINE('',#7945,#7946);
#7945 = CARTESIAN_POINT('',(258.1,181.,-1.));
#7946 = VECTOR('',#7947,1.);
#7947 = DIRECTION('',(0.,0.,1.));
#7948 = ORIENTED_EDGE('',*,*,#7949,.F.);
#7949 = EDGE_CURVE('',#7942,#7942,#7950,.T.);
#7950 = CIRCLE('',#7951,4.1);
#7951 = AXIS2_PLACEMENT_3D('',#7952,#7953,#7954);
#7952 = CARTESIAN_POINT('',(254.,181.,30.5));
#7953 = DIRECTION('',(0.,0.,1.));
#7954 = DIRECTION('',(1.,0.,0.));
#7955 = ORIENTED_EDGE('',*,*,#7939,.F.);
#7956 = ORIENTED_EDGE('',*,*,#7957,.T.);
#7957 = EDGE_CURVE('',#7940,#7940,#7958,.T.);
#7958 = CIRCLE('',#7959,4.1);
#7959 = AXIS2_PLACEMENT_3D('',#7960,#7961,#7962);
#7960 = CARTESIAN_POINT('',(254.,181.,0.));
#7961 = DIRECTION('',(0.,0.,1.));
#7962 = DIRECTION('',(1.,0.,0.));
#7963 = CYLINDRICAL_SURFACE('',#7964,4.1);
#7964 = AXIS2_PLACEMENT_3D('',#7965,#7966,#7967);
#7965 = CARTESIAN_POINT('',(254.,181.,-1.));
#7966 = DIRECTION('',(0.,0.,1.));
#7967 = DIRECTION('',(1.,0.,0.));
#7968 = ADVANCED_FACE('',(#7969,#7972),#7983,.F.);
#7969 = FACE_BOUND('',#7970,.F.);
#7970 = EDGE_LOOP('',(#7971));
#7971 = ORIENTED_EDGE('',*,*,#7949,.T.);
#7972 = FACE_BOUND('',#7973,.F.);
#7973 = EDGE_LOOP('',(#7974));
#7974 = ORIENTED_EDGE('',*,*,#7975,.F.);
#7975 = EDGE_CURVE('',#7976,#7976,#7978,.T.);
#7976 = VERTEX_POINT('',#7977);
#7977 = CARTESIAN_POINT('',(255.7,181.,30.5));
#7978 = CIRCLE('',#7979,1.7);
#7979 = AXIS2_PLACEMENT_3D('',#7980,#7981,#7982);
#7980 = CARTESIAN_POINT('',(254.,181.,30.5));
#7981 = DIRECTION('',(0.,0.,1.));
#7982 = DIRECTION('',(1.,0.,0.));
#7983 = PLANE('',#7984);
#7984 = AXIS2_PLACEMENT_3D('',#7985,#7986,#7987);
#7985 = CARTESIAN_POINT('',(254.,181.,30.5));
#7986 = DIRECTION('',(0.,0.,1.));
#7987 = DIRECTION('',(1.,0.,0.));
#7988 = ADVANCED_FACE('',(#7989),#8000,.F.);
#7989 = FACE_BOUND('',#7990,.F.);
#7990 = EDGE_LOOP('',(#7991,#7992,#7998,#7999));
#7991 = ORIENTED_EDGE('',*,*,#7593,.F.);
#7992 = ORIENTED_EDGE('',*,*,#7993,.F.);
#7993 = EDGE_CURVE('',#7976,#7594,#7994,.T.);
#7994 = LINE('',#7995,#7996);
#7995 = CARTESIAN_POINT('',(255.7,181.,30.5));
#7996 = VECTOR('',#7997,1.);
#7997 = DIRECTION('',(0.,0.,1.));
#7998 = ORIENTED_EDGE('',*,*,#7975,.T.);
#7999 = ORIENTED_EDGE('',*,*,#7993,.T.);
#8000 = CYLINDRICAL_SURFACE('',#8001,1.7);
#8001 = AXIS2_PLACEMENT_3D('',#8002,#8003,#8004);
#8002 = CARTESIAN_POINT('',(254.,181.,30.5));
#8003 = DIRECTION('',(0.,0.,1.));
#8004 = DIRECTION('',(1.,0.,0.));
#8005 = ADVANCED_FACE('',(#8006),#8033,.F.);
#8006 = FACE_BOUND('',#8007,.F.);
#8007 = EDGE_LOOP('',(#8008,#8018,#8025,#8026));
#8008 = ORIENTED_EDGE('',*,*,#8009,.T.);
#8009 = EDGE_CURVE('',#8010,#8012,#8014,.T.);
#8010 = VERTEX_POINT('',#8011);
#8011 = CARTESIAN_POINT('',(258.1,242.,0.));
#8012 = VERTEX_POINT('',#8013);
#8013 = CARTESIAN_POINT('',(258.1,242.,30.5));
#8014 = LINE('',#8015,#8016);
#8015 = CARTESIAN_POINT('',(258.1,242.,-1.));
#8016 = VECTOR('',#8017,1.);
#8017 = DIRECTION('',(0.,0.,1.));
#8018 = ORIENTED_EDGE('',*,*,#8019,.F.);
#8019 = EDGE_CURVE('',#8012,#8012,#8020,.T.);
#8020 = CIRCLE('',#8021,4.1);
#8021 = AXIS2_PLACEMENT_3D('',#8022,#8023,#8024);
#8022 = CARTESIAN_POINT('',(254.,242.,30.5));
#8023 = DIRECTION('',(0.,0.,1.));
#8024 = DIRECTION('',(1.,0.,0.));
#8025 = ORIENTED_EDGE('',*,*,#8009,.F.);
#8026 = ORIENTED_EDGE('',*,*,#8027,.T.);
#8027 = EDGE_CURVE('',#8010,#8010,#8028,.T.);
#8028 = CIRCLE('',#8029,4.1);
#8029 = AXIS2_PLACEMENT_3D('',#8030,#8031,#8032);
#8030 = CARTESIAN_POINT('',(254.,242.,0.));
#8031 = DIRECTION('',(0.,0.,1.));
#8032 = DIRECTION('',(1.,0.,0.));
#8033 = CYLINDRICAL_SURFACE('',#8034,4.1);
#8034 = AXIS2_PLACEMENT_3D('',#8035,#8036,#8037);
#8035 = CARTESIAN_POINT('',(254.,242.,-1.));
#8036 = DIRECTION('',(0.,0.,1.));
#8037 = DIRECTION('',(1.,0.,0.));
#8038 = ADVANCED_FACE('',(#8039,#8042),#8053,.F.);
#8039 = FACE_BOUND('',#8040,.F.);
#8040 = EDGE_LOOP('',(#8041));
#8041 = ORIENTED_EDGE('',*,*,#8019,.T.);
#8042 = FACE_BOUND('',#8043,.F.);
#8043 = EDGE_LOOP('',(#8044));
#8044 = ORIENTED_EDGE('',*,*,#8045,.F.);
#8045 = EDGE_CURVE('',#8046,#8046,#8048,.T.);
#8046 = VERTEX_POINT('',#8047);
#8047 = CARTESIAN_POINT('',(255.7,242.,30.5));
#8048 = CIRCLE('',#8049,1.7);
#8049 = AXIS2_PLACEMENT_3D('',#8050,#8051,#8052);
#8050 = CARTESIAN_POINT('',(254.,242.,30.5));
#8051 = DIRECTION('',(0.,0.,1.));
#8052 = DIRECTION('',(1.,0.,0.));
#8053 = PLANE('',#8054);
#8054 = AXIS2_PLACEMENT_3D('',#8055,#8056,#8057);
#8055 = CARTESIAN_POINT('',(254.,242.,30.5));
#8056 = DIRECTION('',(0.,0.,1.));
#8057 = DIRECTION('',(1.,0.,0.));
#8058 = ADVANCED_FACE('',(#8059),#8070,.F.);
#8059 = FACE_BOUND('',#8060,.F.);
#8060 = EDGE_LOOP('',(#8061,#8062,#8068,#8069));
#8061 = ORIENTED_EDGE('',*,*,#7604,.F.);
#8062 = ORIENTED_EDGE('',*,*,#8063,.F.);
#8063 = EDGE_CURVE('',#8046,#7605,#8064,.T.);
#8064 = LINE('',#8065,#8066);
#8065 = CARTESIAN_POINT('',(255.7,242.,30.5));
#8066 = VECTOR('',#8067,1.);
#8067 = DIRECTION('',(0.,0.,1.));
#8068 = ORIENTED_EDGE('',*,*,#8045,.T.);
#8069 = ORIENTED_EDGE('',*,*,#8063,.T.);
#8070 = CYLINDRICAL_SURFACE('',#8071,1.7);
#8071 = AXIS2_PLACEMENT_3D('',#8072,#8073,#8074);
#8072 = CARTESIAN_POINT('',(254.,242.,30.5));
#8073 = DIRECTION('',(0.,0.,1.));
#8074 = DIRECTION('',(1.,0.,0.));
#8075 = ADVANCED_FACE('',(#8076),#8101,.F.);
#8076 = FACE_BOUND('',#8077,.F.);
#8077 = EDGE_LOOP('',(#8078,#8086,#8094,#8100));
#8078 = ORIENTED_EDGE('',*,*,#8079,.F.);
#8079 = EDGE_CURVE('',#8080,#7616,#8082,.T.);
#8080 = VERTEX_POINT('',#8081);
#8081 = CARTESIAN_POINT('',(259.,245.31662479035,3.));
#8082 = LINE('',#8083,#8084);
#8083 = CARTESIAN_POINT('',(259.,245.31662479035,0.));
#8084 = VECTOR('',#8085,1.);
#8085 = DIRECTION('',(0.,0.,1.));
#8086 = ORIENTED_EDGE('',*,*,#8087,.T.);
#8087 = EDGE_CURVE('',#8080,#8088,#8090,.T.);
#8088 = VERTEX_POINT('',#8089);
#8089 = CARTESIAN_POINT('',(259.,247.,3.));
#8090 = LINE('',#8091,#8092);
#8091 = CARTESIAN_POINT('',(259.,3.,3.));
#8092 = VECTOR('',#8093,1.);
#8093 = DIRECTION('',(0.,1.,0.));
#8094 = ORIENTED_EDGE('',*,*,#8095,.T.);
#8095 = EDGE_CURVE('',#8088,#7618,#8096,.T.);
#8096 = LINE('',#8097,#8098);
#8097 = CARTESIAN_POINT('',(259.,247.,3.));
#8098 = VECTOR('',#8099,1.);
#8099 = DIRECTION('',(0.,0.,1.));
#8100 = ORIENTED_EDGE('',*,*,#7615,.F.);
#8101 = PLANE('',#8102);
#8102 = AXIS2_PLACEMENT_3D('',#8103,#8104,#8105);
#8103 = CARTESIAN_POINT('',(259.,3.,3.));
#8104 = DIRECTION('',(1.,0.,0.));
#8105 = DIRECTION('',(0.,0.,1.));
#8106 = ADVANCED_FACE('',(#8107),#8125,.F.);
#8107 = FACE_BOUND('',#8108,.F.);
#8108 = EDGE_LOOP('',(#8109,#8110,#8118,#8124));
#8109 = ORIENTED_EDGE('',*,*,#8095,.F.);
#8110 = ORIENTED_EDGE('',*,*,#8111,.F.);
#8111 = EDGE_CURVE('',#8112,#8088,#8114,.T.);
#8112 = VERTEX_POINT('',#8113);
#8113 = CARTESIAN_POINT('',(257.31662479035,247.,3.));
#8114 = LINE('',#8115,#8116);
#8115 = CARTESIAN_POINT('',(3.,247.,3.));
#8116 = VECTOR('',#8117,1.);
#8117 = DIRECTION('',(1.,0.,0.));
#8118 = ORIENTED_EDGE('',*,*,#8119,.T.);
#8119 = EDGE_CURVE('',#8112,#7626,#8120,.T.);
#8120 = LINE('',#8121,#8122);
#8121 = CARTESIAN_POINT('',(257.31662479035,247.,0.));
#8122 = VECTOR('',#8123,1.);
#8123 = DIRECTION('',(0.,0.,1.));
#8124 = ORIENTED_EDGE('',*,*,#7634,.F.);
#8125 = PLANE('',#8126);
#8126 = AXIS2_PLACEMENT_3D('',#8127,#8128,#8129);
#8127 = CARTESIAN_POINT('',(3.,247.,3.));
#8128 = DIRECTION('',(0.,1.,0.));
#8129 = DIRECTION('',(0.,0.,1.));
#8130 = ADVANCED_FACE('',(#8131),#8143,.T.);
#8131 = FACE_BOUND('',#8132,.T.);
#8132 = EDGE_LOOP('',(#8133,#8134,#8135,#8142));
#8133 = ORIENTED_EDGE('',*,*,#7625,.F.);
#8134 = ORIENTED_EDGE('',*,*,#8079,.F.);
#8135 = ORIENTED_EDGE('',*,*,#8136,.T.);
#8136 = EDGE_CURVE('',#8080,#8112,#8137,.T.);
#8137 = CIRCLE('',#8138,6.);
#8138 = AXIS2_PLACEMENT_3D('',#8139,#8140,#8141);
#8139 = CARTESIAN_POINT('',(254.,242.,3.));
#8140 = DIRECTION('',(0.,0.,1.));
#8141 = DIRECTION('',(1.,0.,0.));
#8142 = ORIENTED_EDGE('',*,*,#8119,.T.);
#8143 = CYLINDRICAL_SURFACE('',#8144,6.);
#8144 = AXIS2_PLACEMENT_3D('',#8145,#8146,#8147);
#8145 = CARTESIAN_POINT('',(254.,242.,0.));
#8146 = DIRECTION('',(0.,0.,1.));
#8147 = DIRECTION('',(1.,0.,0.));
#8148 = ADVANCED_FACE('',(#8149),#8154,.T.);
#8149 = FACE_BOUND('',#8150,.T.);
#8150 = EDGE_LOOP('',(#8151,#8152,#8153));
#8151 = ORIENTED_EDGE('',*,*,#8111,.F.);
#8152 = ORIENTED_EDGE('',*,*,#8136,.F.);
#8153 = ORIENTED_EDGE('',*,*,#8087,.T.);
#8154 = PLANE('',#8155);
#8155 = AXIS2_PLACEMENT_3D('',#8156,#8157,#8158);
#8156 = CARTESIAN_POINT('',(3.,3.,3.));
#8157 = DIRECTION('',(0.,0.,1.));
#8158 = DIRECTION('',(1.,0.,0.));
#8159 = ADVANCED_FACE('',(#8160),#8185,.T.);
#8160 = FACE_BOUND('',#8161,.T.);
#8161 = EDGE_LOOP('',(#8162,#8170,#8178,#8184));
#8162 = ORIENTED_EDGE('',*,*,#8163,.F.);
#8163 = EDGE_CURVE('',#8164,#7643,#8166,.T.);
#8164 = VERTEX_POINT('',#8165);
#8165 = CARTESIAN_POINT('',(259.,3.,3.));
#8166 = LINE('',#8167,#8168);
#8167 = CARTESIAN_POINT('',(259.,3.,3.));
#8168 = VECTOR('',#8169,1.);
#8169 = DIRECTION('',(0.,0.,1.));
#8170 = ORIENTED_EDGE('',*,*,#8171,.F.);
#8171 = EDGE_CURVE('',#8172,#8164,#8174,.T.);
#8172 = VERTEX_POINT('',#8173);
#8173 = CARTESIAN_POINT('',(257.31662479035,3.,3.));
#8174 = LINE('',#8175,#8176);
#8175 = CARTESIAN_POINT('',(3.,3.,3.));
#8176 = VECTOR('',#8177,1.);
#8177 = DIRECTION('',(1.,0.,0.));
#8178 = ORIENTED_EDGE('',*,*,#8179,.T.);
#8179 = EDGE_CURVE('',#8172,#7645,#8180,.T.);
#8180 = LINE('',#8181,#8182);
#8181 = CARTESIAN_POINT('',(257.31662479035,3.,0.));
#8182 = VECTOR('',#8183,1.);
#8183 = DIRECTION('',(0.,0.,1.));
#8184 = ORIENTED_EDGE('',*,*,#7642,.F.);
#8185 = PLANE('',#8186);
#8186 = AXIS2_PLACEMENT_3D('',#8187,#8188,#8189);
#8187 = CARTESIAN_POINT('',(3.,3.,3.));
#8188 = DIRECTION('',(0.,1.,0.));
#8189 = DIRECTION('',(0.,0.,1.));
#8190 = ADVANCED_FACE('',(#8191),#8209,.F.);
#8191 = FACE_BOUND('',#8192,.F.);
#8192 = EDGE_LOOP('',(#8193,#8194,#8202,#8208));
#8193 = ORIENTED_EDGE('',*,*,#8163,.F.);
#8194 = ORIENTED_EDGE('',*,*,#8195,.T.);
#8195 = EDGE_CURVE('',#8164,#8196,#8198,.T.);
#8196 = VERTEX_POINT('',#8197);
#8197 = CARTESIAN_POINT('',(259.,4.683375209645,3.));
#8198 = LINE('',#8199,#8200);
#8199 = CARTESIAN_POINT('',(259.,3.,3.));
#8200 = VECTOR('',#8201,1.);
#8201 = DIRECTION('',(0.,1.,0.));
#8202 = ORIENTED_EDGE('',*,*,#8203,.T.);
#8203 = EDGE_CURVE('',#8196,#7653,#8204,.T.);
#8204 = LINE('',#8205,#8206);
#8205 = CARTESIAN_POINT('',(259.,4.683375209645,0.));
#8206 = VECTOR('',#8207,1.);
#8207 = DIRECTION('',(0.,0.,1.));
#8208 = ORIENTED_EDGE('',*,*,#7661,.F.);
#8209 = PLANE('',#8210);
#8210 = AXIS2_PLACEMENT_3D('',#8211,#8212,#8213);
#8211 = CARTESIAN_POINT('',(259.,3.,3.));
#8212 = DIRECTION('',(1.,0.,0.));
#8213 = DIRECTION('',(0.,0.,1.));
#8214 = ADVANCED_FACE('',(#8215),#8227,.T.);
#8215 = FACE_BOUND('',#8216,.T.);
#8216 = EDGE_LOOP('',(#8217,#8218,#8219,#8220));
#8217 = ORIENTED_EDGE('',*,*,#8203,.T.);
#8218 = ORIENTED_EDGE('',*,*,#7652,.F.);
#8219 = ORIENTED_EDGE('',*,*,#8179,.F.);
#8220 = ORIENTED_EDGE('',*,*,#8221,.T.);
#8221 = EDGE_CURVE('',#8172,#8196,#8222,.T.);
#8222 = CIRCLE('',#8223,6.);
#8223 = AXIS2_PLACEMENT_3D('',#8224,#8225,#8226);
#8224 = CARTESIAN_POINT('',(254.,8.,3.));
#8225 = DIRECTION('',(0.,0.,1.));
#8226 = DIRECTION('',(1.,0.,0.));
#8227 = CYLINDRICAL_SURFACE('',#8228,6.);
#8228 = AXIS2_PLACEMENT_3D('',#8229,#8230,#8231);
#8229 = CARTESIAN_POINT('',(254.,8.,0.));
#8230 = DIRECTION('',(0.,0.,1.));
#8231 = DIRECTION('',(1.,0.,0.));
#8232 = ADVANCED_FACE('',(#8233),#8238,.T.);
#8233 = FACE_BOUND('',#8234,.T.);
#8234 = EDGE_LOOP('',(#8235,#8236,#8237));
#8235 = ORIENTED_EDGE('',*,*,#8221,.F.);
#8236 = ORIENTED_EDGE('',*,*,#8171,.T.);
#8237 = ORIENTED_EDGE('',*,*,#8195,.T.);
#8238 = PLANE('',#8239);
#8239 = AXIS2_PLACEMENT_3D('',#8240,#8241,#8242);
#8240 = CARTESIAN_POINT('',(3.,3.,3.));
#8241 = DIRECTION('',(0.,0.,1.));
#8242 = DIRECTION('',(1.,0.,0.));
#8243 = ADVANCED_FACE('',(#8244),#8269,.F.);
#8244 = FACE_BOUND('',#8245,.F.);
#8245 = EDGE_LOOP('',(#8246,#8254,#8262,#8268));
#8246 = ORIENTED_EDGE('',*,*,#8247,.F.);
#8247 = EDGE_CURVE('',#8248,#7670,#8250,.T.);
#8248 = VERTEX_POINT('',#8249);
#8249 = CARTESIAN_POINT('',(4.683375209645,247.,3.));
#8250 = LINE('',#8251,#8252);
#8251 = CARTESIAN_POINT('',(4.683375209645,247.,0.));
#8252 = VECTOR('',#8253,1.);
#8253 = DIRECTION('',(0.,0.,1.));
#8254 = ORIENTED_EDGE('',*,*,#8255,.F.);
#8255 = EDGE_CURVE('',#8256,#8248,#8258,.T.);
#8256 = VERTEX_POINT('',#8257);
#8257 = CARTESIAN_POINT('',(3.,247.,3.));
#8258 = LINE('',#8259,#8260);
#8259 = CARTESIAN_POINT('',(3.,247.,3.));
#8260 = VECTOR('',#8261,1.);
#8261 = DIRECTION('',(1.,0.,0.));
#8262 = ORIENTED_EDGE('',*,*,#8263,.T.);
#8263 = EDGE_CURVE('',#8256,#7672,#8264,.T.);
#8264 = LINE('',#8265,#8266);
#8265 = CARTESIAN_POINT('',(3.,247.,3.));
#8266 = VECTOR('',#8267,1.);
#8267 = DIRECTION('',(0.,0.,1.));
#8268 = ORIENTED_EDGE('',*,*,#7669,.F.);
#8269 = PLANE('',#8270);
#8270 = AXIS2_PLACEMENT_3D('',#8271,#8272,#8273);
#8271 = CARTESIAN_POINT('',(3.,247.,3.));
#8272 = DIRECTION('',(0.,1.,0.));
#8273 = DIRECTION('',(0.,0.,1.));
#8274 = ADVANCED_FACE('',(#8275),#8293,.T.);
#8275 = FACE_BOUND('',#8276,.T.);
#8276 = EDGE_LOOP('',(#8277,#8285,#8291,#8292));
#8277 = ORIENTED_EDGE('',*,*,#8278,.F.);
#8278 = EDGE_CURVE('',#8279,#7680,#8281,.T.);
#8279 = VERTEX_POINT('',#8280);
#8280 = CARTESIAN_POINT('',(3.,245.31662479035,3.));
#8281 = LINE('',#8282,#8283);
#8282 = CARTESIAN_POINT('',(3.,245.31662479035,0.));
#8283 = VECTOR('',#8284,1.);
#8284 = DIRECTION('',(0.,0.,1.));
#8285 = ORIENTED_EDGE('',*,*,#8286,.T.);
#8286 = EDGE_CURVE('',#8279,#8256,#8287,.T.);
#8287 = LINE('',#8288,#8289);
#8288 = CARTESIAN_POINT('',(3.,3.,3.));
#8289 = VECTOR('',#8290,1.);
#8290 = DIRECTION('',(0.,1.,0.));
#8291 = ORIENTED_EDGE('',*,*,#8263,.T.);
#8292 = ORIENTED_EDGE('',*,*,#7688,.F.);
#8293 = PLANE('',#8294);
#8294 = AXIS2_PLACEMENT_3D('',#8295,#8296,#8297);
#8295 = CARTESIAN_POINT('',(3.,3.,3.));
#8296 = DIRECTION('',(1.,0.,0.));
#8297 = DIRECTION('',(0.,0.,1.));
#8298 = ADVANCED_FACE('',(#8299),#8311,.T.);
#8299 = FACE_BOUND('',#8300,.T.);
#8300 = EDGE_LOOP('',(#8301,#8302,#8303,#8310));
#8301 = ORIENTED_EDGE('',*,*,#7679,.F.);
#8302 = ORIENTED_EDGE('',*,*,#8247,.F.);
#8303 = ORIENTED_EDGE('',*,*,#8304,.T.);
#8304 = EDGE_CURVE('',#8248,#8279,#8305,.T.);
#8305 = CIRCLE('',#8306,6.);
#8306 = AXIS2_PLACEMENT_3D('',#8307,#8308,#8309);
#8307 = CARTESIAN_POINT('',(8.,242.,3.));
#8308 = DIRECTION('',(0.,0.,1.));
#8309 = DIRECTION('',(1.,0.,0.));
#8310 = ORIENTED_EDGE('',*,*,#8278,.T.);
#8311 = CYLINDRICAL_SURFACE('',#8312,6.);
#8312 = AXIS2_PLACEMENT_3D('',#8313,#8314,#8315);
#8313 = CARTESIAN_POINT('',(8.,242.,0.));
#8314 = DIRECTION('',(0.,0.,1.));
#8315 = DIRECTION('',(1.,0.,0.));
#8316 = ADVANCED_FACE('',(#8317),#8322,.T.);
#8317 = FACE_BOUND('',#8318,.T.);
#8318 = EDGE_LOOP('',(#8319,#8320,#8321));
#8319 = ORIENTED_EDGE('',*,*,#8286,.F.);
#8320 = ORIENTED_EDGE('',*,*,#8304,.F.);
#8321 = ORIENTED_EDGE('',*,*,#8255,.F.);
#8322 = PLANE('',#8323);
#8323 = AXIS2_PLACEMENT_3D('',#8324,#8325,#8326);
#8324 = CARTESIAN_POINT('',(3.,3.,3.));
#8325 = DIRECTION('',(0.,0.,1.));
#8326 = DIRECTION('',(1.,0.,0.));
#8327 = ADVANCED_FACE('',(#8328),#8353,.T.);
#8328 = FACE_BOUND('',#8329,.T.);
#8329 = EDGE_LOOP('',(#8330,#8338,#8346,#8352));
#8330 = ORIENTED_EDGE('',*,*,#8331,.F.);
#8331 = EDGE_CURVE('',#8332,#7697,#8334,.T.);
#8332 = VERTEX_POINT('',#8333);
#8333 = CARTESIAN_POINT('',(3.,3.,3.));
#8334 = LINE('',#8335,#8336);
#8335 = CARTESIAN_POINT('',(3.,3.,3.));
#8336 = VECTOR('',#8337,1.);
#8337 = DIRECTION('',(0.,0.,1.));
#8338 = ORIENTED_EDGE('',*,*,#8339,.T.);
#8339 = EDGE_CURVE('',#8332,#8340,#8342,.T.);
#8340 = VERTEX_POINT('',#8341);
#8341 = CARTESIAN_POINT('',(3.,4.683375209645,3.));
#8342 = LINE('',#8343,#8344);
#8343 = CARTESIAN_POINT('',(3.,3.,3.));
#8344 = VECTOR('',#8345,1.);
#8345 = DIRECTION('',(0.,1.,0.));
#8346 = ORIENTED_EDGE('',*,*,#8347,.T.);
#8347 = EDGE_CURVE('',#8340,#7699,#8348,.T.);
#8348 = LINE('',#8349,#8350);
#8349 = CARTESIAN_POINT('',(3.,4.683375209645,0.));
#8350 = VECTOR('',#8351,1.);
#8351 = DIRECTION('',(0.,0.,1.));
#8352 = ORIENTED_EDGE('',*,*,#7696,.F.);
#8353 = PLANE('',#8354);
#8354 = AXIS2_PLACEMENT_3D('',#8355,#8356,#8357);
#8355 = CARTESIAN_POINT('',(3.,3.,3.));
#8356 = DIRECTION('',(1.,0.,0.));
#8357 = DIRECTION('',(0.,0.,1.));
#8358 = ADVANCED_FACE('',(#8359),#8377,.T.);
#8359 = FACE_BOUND('',#8360,.T.);
#8360 = EDGE_LOOP('',(#8361,#8369,#8375,#8376));
#8361 = ORIENTED_EDGE('',*,*,#8362,.F.);
#8362 = EDGE_CURVE('',#8363,#7707,#8365,.T.);
#8363 = VERTEX_POINT('',#8364);
#8364 = CARTESIAN_POINT('',(4.683375209645,3.,3.));
#8365 = LINE('',#8366,#8367);
#8366 = CARTESIAN_POINT('',(4.683375209645,3.,0.));
#8367 = VECTOR('',#8368,1.);
#8368 = DIRECTION('',(0.,0.,1.));
#8369 = ORIENTED_EDGE('',*,*,#8370,.F.);
#8370 = EDGE_CURVE('',#8332,#8363,#8371,.T.);
#8371 = LINE('',#8372,#8373);
#8372 = CARTESIAN_POINT('',(3.,3.,3.));
#8373 = VECTOR('',#8374,1.);
#8374 = DIRECTION('',(1.,0.,0.));
#8375 = ORIENTED_EDGE('',*,*,#8331,.T.);
#8376 = ORIENTED_EDGE('',*,*,#7715,.F.);
#8377 = PLANE('',#8378);
#8378 = AXIS2_PLACEMENT_3D('',#8379,#8380,#8381);
#8379 = CARTESIAN_POINT('',(3.,3.,3.));
#8380 = DIRECTION('',(0.,1.,0.));
#8381 = DIRECTION('',(0.,0.,1.));
#8382 = ADVANCED_FACE('',(#8383),#8395,.T.);
#8383 = FACE_BOUND('',#8384,.T.);
#8384 = EDGE_LOOP('',(#8385,#8386,#8387,#8394));
#8385 = ORIENTED_EDGE('',*,*,#7706,.F.);
#8386 = ORIENTED_EDGE('',*,*,#8347,.F.);
#8387 = ORIENTED_EDGE('',*,*,#8388,.T.);
#8388 = EDGE_CURVE('',#8340,#8363,#8389,.T.);
#8389 = CIRCLE('',#8390,6.);
#8390 = AXIS2_PLACEMENT_3D('',#8391,#8392,#8393);
#8391 = CARTESIAN_POINT('',(8.,8.,3.));
#8392 = DIRECTION('',(0.,0.,1.));
#8393 = DIRECTION('',(1.,0.,0.));
#8394 = ORIENTED_EDGE('',*,*,#8362,.T.);
#8395 = CYLINDRICAL_SURFACE('',#8396,6.);
#8396 = AXIS2_PLACEMENT_3D('',#8397,#8398,#8399);
#8397 = CARTESIAN_POINT('',(8.,8.,0.));
#8398 = DIRECTION('',(0.,0.,1.));
#8399 = DIRECTION('',(1.,0.,0.));
#8400 = ADVANCED_FACE('',(#8401),#8406,.T.);
#8401 = FACE_BOUND('',#8402,.T.);
#8402 = EDGE_LOOP('',(#8403,#8404,#8405));
#8403 = ORIENTED_EDGE('',*,*,#8339,.F.);
#8404 = ORIENTED_EDGE('',*,*,#8370,.T.);
#8405 = ORIENTED_EDGE('',*,*,#8388,.F.);
#8406 = PLANE('',#8407);
#8407 = AXIS2_PLACEMENT_3D('',#8408,#8409,#8410);
#8408 = CARTESIAN_POINT('',(3.,3.,3.));
#8409 = DIRECTION('',(0.,0.,1.));
#8410 = DIRECTION('',(1.,0.,0.));
#8411 = ADVANCED_FACE('',(#8412,#8418,#8424,#8430,#8436,#8442,#8448,
    #8454,#8460,#8466,#8472,#8478,#8484,#8490,#8496,#8502,#8508,#8514,
    #8517,#8520,#8523,#8526,#8529,#8532,#8535,#8538,#8541,#8544,#8547,
    #8550,#8553),#8556,.F.);
#8412 = FACE_BOUND('',#8413,.T.);
#8413 = EDGE_LOOP('',(#8414,#8415,#8416,#8417));
#8414 = ORIENTED_EDGE('',*,*,#918,.T.);
#8415 = ORIENTED_EDGE('',*,*,#1135,.T.);
#8416 = ORIENTED_EDGE('',*,*,#1492,.F.);
#8417 = ORIENTED_EDGE('',*,*,#982,.F.);
#8418 = FACE_BOUND('',#8419,.F.);
#8419 = EDGE_LOOP('',(#8420,#8421,#8422,#8423));
#8420 = ORIENTED_EDGE('',*,*,#5096,.T.);
#8421 = ORIENTED_EDGE('',*,*,#5120,.F.);
#8422 = ORIENTED_EDGE('',*,*,#5072,.F.);
#8423 = ORIENTED_EDGE('',*,*,#5048,.T.);
#8424 = FACE_BOUND('',#8425,.F.);
#8425 = EDGE_LOOP('',(#8426,#8427,#8428,#8429));
#8426 = ORIENTED_EDGE('',*,*,#5192,.T.);
#8427 = ORIENTED_EDGE('',*,*,#5216,.F.);
#8428 = ORIENTED_EDGE('',*,*,#5168,.F.);
#8429 = ORIENTED_EDGE('',*,*,#5144,.T.);
#8430 = FACE_BOUND('',#8431,.F.);
#8431 = EDGE_LOOP('',(#8432,#8433,#8434,#8435));
#8432 = ORIENTED_EDGE('',*,*,#5288,.T.);
#8433 = ORIENTED_EDGE('',*,*,#5312,.F.);
#8434 = ORIENTED_EDGE('',*,*,#5264,.F.);
#8435 = ORIENTED_EDGE('',*,*,#5240,.T.);
#8436 = FACE_BOUND('',#8437,.F.);
#8437 = EDGE_LOOP('',(#8438,#8439,#8440,#8441));
#8438 = ORIENTED_EDGE('',*,*,#5384,.T.);
#8439 = ORIENTED_EDGE('',*,*,#5408,.F.);
#8440 = ORIENTED_EDGE('',*,*,#5360,.F.);
#8441 = ORIENTED_EDGE('',*,*,#5336,.T.);
#8442 = FACE_BOUND('',#8443,.F.);
#8443 = EDGE_LOOP('',(#8444,#8445,#8446,#8447));
#8444 = ORIENTED_EDGE('',*,*,#5480,.T.);
#8445 = ORIENTED_EDGE('',*,*,#5504,.F.);
#8446 = ORIENTED_EDGE('',*,*,#5456,.F.);
#8447 = ORIENTED_EDGE('',*,*,#5432,.T.);
#8448 = FACE_BOUND('',#8449,.F.);
#8449 = EDGE_LOOP('',(#8450,#8451,#8452,#8453));
#8450 = ORIENTED_EDGE('',*,*,#5576,.T.);
#8451 = ORIENTED_EDGE('',*,*,#5600,.F.);
#8452 = ORIENTED_EDGE('',*,*,#5552,.F.);
#8453 = ORIENTED_EDGE('',*,*,#5528,.T.);
#8454 = FACE_BOUND('',#8455,.F.);
#8455 = EDGE_LOOP('',(#8456,#8457,#8458,#8459));
#8456 = ORIENTED_EDGE('',*,*,#5672,.T.);
#8457 = ORIENTED_EDGE('',*,*,#5696,.F.);
#8458 = ORIENTED_EDGE('',*,*,#5648,.F.);
#8459 = ORIENTED_EDGE('',*,*,#5624,.T.);
#8460 = FACE_BOUND('',#8461,.F.);
#8461 = EDGE_LOOP('',(#8462,#8463,#8464,#8465));
#8462 = ORIENTED_EDGE('',*,*,#5768,.T.);
#8463 = ORIENTED_EDGE('',*,*,#5792,.F.);
#8464 = ORIENTED_EDGE('',*,*,#5744,.F.);
#8465 = ORIENTED_EDGE('',*,*,#5720,.T.);
#8466 = FACE_BOUND('',#8467,.F.);
#8467 = EDGE_LOOP('',(#8468,#8469,#8470,#8471));
#8468 = ORIENTED_EDGE('',*,*,#5888,.T.);
#8469 = ORIENTED_EDGE('',*,*,#5864,.F.);
#8470 = ORIENTED_EDGE('',*,*,#5840,.F.);
#8471 = ORIENTED_EDGE('',*,*,#5816,.T.);
#8472 = FACE_BOUND('',#8473,.F.);
#8473 = EDGE_LOOP('',(#8474,#8475,#8476,#8477));
#8474 = ORIENTED_EDGE('',*,*,#4349,.T.);
#8475 = ORIENTED_EDGE('',*,*,#4373,.F.);
#8476 = ORIENTED_EDGE('',*,*,#4325,.F.);
#8477 = ORIENTED_EDGE('',*,*,#4301,.T.);
#8478 = FACE_BOUND('',#8479,.F.);
#8479 = EDGE_LOOP('',(#8480,#8481,#8482,#8483));
#8480 = ORIENTED_EDGE('',*,*,#4445,.T.);
#8481 = ORIENTED_EDGE('',*,*,#4469,.F.);
#8482 = ORIENTED_EDGE('',*,*,#4421,.F.);
#8483 = ORIENTED_EDGE('',*,*,#4397,.T.);
#8484 = FACE_BOUND('',#8485,.F.);
#8485 = EDGE_LOOP('',(#8486,#8487,#8488,#8489));
#8486 = ORIENTED_EDGE('',*,*,#4541,.T.);
#8487 = ORIENTED_EDGE('',*,*,#4565,.F.);
#8488 = ORIENTED_EDGE('',*,*,#4517,.F.);
#8489 = ORIENTED_EDGE('',*,*,#4493,.T.);
#8490 = FACE_BOUND('',#8491,.F.);
#8491 = EDGE_LOOP('',(#8492,#8493,#8494,#8495));
#8492 = ORIENTED_EDGE('',*,*,#4662,.T.);
#8493 = ORIENTED_EDGE('',*,*,#4686,.F.);
#8494 = ORIENTED_EDGE('',*,*,#4638,.F.);
#8495 = ORIENTED_EDGE('',*,*,#4614,.T.);
#8496 = FACE_BOUND('',#8497,.F.);
#8497 = EDGE_LOOP('',(#8498,#8499,#8500,#8501));
#8498 = ORIENTED_EDGE('',*,*,#4758,.T.);
#8499 = ORIENTED_EDGE('',*,*,#4782,.F.);
#8500 = ORIENTED_EDGE('',*,*,#4734,.F.);
#8501 = ORIENTED_EDGE('',*,*,#4710,.T.);
#8502 = FACE_BOUND('',#8503,.F.);
#8503 = EDGE_LOOP('',(#8504,#8505,#8506,#8507));
#8504 = ORIENTED_EDGE('',*,*,#4854,.T.);
#8505 = ORIENTED_EDGE('',*,*,#4878,.F.);
#8506 = ORIENTED_EDGE('',*,*,#4830,.F.);
#8507 = ORIENTED_EDGE('',*,*,#4806,.T.);
#8508 = FACE_BOUND('',#8509,.F.);
#8509 = EDGE_LOOP('',(#8510,#8511,#8512,#8513));
#8510 = ORIENTED_EDGE('',*,*,#4950,.T.);
#8511 = ORIENTED_EDGE('',*,*,#4974,.F.);
#8512 = ORIENTED_EDGE('',*,*,#4926,.F.);
#8513 = ORIENTED_EDGE('',*,*,#4902,.T.);
#8514 = FACE_BOUND('',#8515,.F.);
#8515 = EDGE_LOOP('',(#8516));
#8516 = ORIENTED_EDGE('',*,*,#4202,.F.);
#8517 = FACE_BOUND('',#8518,.F.);
#8518 = EDGE_LOOP('',(#8519));
#8519 = ORIENTED_EDGE('',*,*,#7887,.F.);
#8520 = FACE_BOUND('',#8521,.F.);
#8521 = EDGE_LOOP('',(#8522));
#8522 = ORIENTED_EDGE('',*,*,#5024,.F.);
#8523 = FACE_BOUND('',#8524,.F.);
#8524 = EDGE_LOOP('',(#8525));
#8525 = ORIENTED_EDGE('',*,*,#7957,.F.);
#8526 = FACE_BOUND('',#8527,.F.);
#8527 = EDGE_LOOP('',(#8528));
#8528 = ORIENTED_EDGE('',*,*,#8027,.F.);
#8529 = FACE_BOUND('',#8530,.F.);
#8530 = EDGE_LOOP('',(#8531));
#8531 = ORIENTED_EDGE('',*,*,#4177,.F.);
#8532 = FACE_BOUND('',#8533,.F.);
#8533 = EDGE_LOOP('',(#8534));
#8534 = ORIENTED_EDGE('',*,*,#7747,.F.);
#8535 = FACE_BOUND('',#8536,.F.);
#8536 = EDGE_LOOP('',(#8537));
#8537 = ORIENTED_EDGE('',*,*,#4227,.F.);
#8538 = FACE_BOUND('',#8539,.F.);
#8539 = EDGE_LOOP('',(#8540));
#8540 = ORIENTED_EDGE('',*,*,#7817,.F.);
#8541 = FACE_BOUND('',#8542,.F.);
#8542 = EDGE_LOOP('',(#8543));
#8543 = ORIENTED_EDGE('',*,*,#3902,.F.);
#8544 = FACE_BOUND('',#8545,.F.);
#8545 = EDGE_LOOP('',(#8546));
#8546 = ORIENTED_EDGE('',*,*,#4252,.F.);
#8547 = FACE_BOUND('',#8548,.F.);
#8548 = EDGE_LOOP('',(#8549));
#8549 = ORIENTED_EDGE('',*,*,#4590,.F.);
#8550 = FACE_BOUND('',#8551,.F.);
#8551 = EDGE_LOOP('',(#8552));
#8552 = ORIENTED_EDGE('',*,*,#4277,.F.);
#8553 = FACE_BOUND('',#8554,.F.);
#8554 = EDGE_LOOP('',(#8555));
#8555 = ORIENTED_EDGE('',*,*,#4999,.F.);
#8556 = PLANE('',#8557);
#8557 = AXIS2_PLACEMENT_3D('',#8558,#8559,#8560);
#8558 = CARTESIAN_POINT('',(0.,0.,0.));
#8559 = DIRECTION('',(0.,0.,1.));
#8560 = DIRECTION('',(1.,0.,0.));
#8561 = ADVANCED_FACE('',(#8562),#8574,.T.);
#8562 = FACE_BOUND('',#8563,.T.);
#8563 = EDGE_LOOP('',(#8564,#8565,#8566,#8567,#8568,#8569,#8570,#8571,
    #8572,#8573));
#8564 = ORIENTED_EDGE('',*,*,#139,.T.);
#8565 = ORIENTED_EDGE('',*,*,#1607,.T.);
#8566 = ORIENTED_EDGE('',*,*,#7546,.F.);
#8567 = ORIENTED_EDGE('',*,*,#7537,.F.);
#8568 = ORIENTED_EDGE('',*,*,#1891,.F.);
#8569 = ORIENTED_EDGE('',*,*,#1451,.T.);
#8570 = ORIENTED_EDGE('',*,*,#3953,.F.);
#8571 = ORIENTED_EDGE('',*,*,#1344,.F.);
#8572 = ORIENTED_EDGE('',*,*,#3983,.F.);
#8573 = ORIENTED_EDGE('',*,*,#148,.T.);
#8574 = CYLINDRICAL_SURFACE('',#8575,6.);
#8575 = AXIS2_PLACEMENT_3D('',#8576,#8577,#8578);
#8576 = CARTESIAN_POINT('',(8.,242.,0.));
#8577 = DIRECTION('',(0.,0.,1.));
#8578 = DIRECTION('',(1.,0.,0.));
#8579 = ADVANCED_FACE('',(#8580),#8592,.T.);
#8580 = FACE_BOUND('',#8581,.T.);
#8581 = EDGE_LOOP('',(#8582,#8583,#8584,#8585,#8586,#8587,#8588,#8589,
    #8590,#8591));
#8582 = ORIENTED_EDGE('',*,*,#7520,.F.);
#8583 = ORIENTED_EDGE('',*,*,#39,.F.);
#8584 = ORIENTED_EDGE('',*,*,#174,.T.);
#8585 = ORIENTED_EDGE('',*,*,#165,.T.);
#8586 = ORIENTED_EDGE('',*,*,#3976,.T.);
#8587 = ORIENTED_EDGE('',*,*,#1327,.F.);
#8588 = ORIENTED_EDGE('',*,*,#4001,.T.);
#8589 = ORIENTED_EDGE('',*,*,#1434,.T.);
#8590 = ORIENTED_EDGE('',*,*,#1882,.T.);
#8591 = ORIENTED_EDGE('',*,*,#7529,.F.);
#8592 = CYLINDRICAL_SURFACE('',#8593,6.);
#8593 = AXIS2_PLACEMENT_3D('',#8594,#8595,#8596);
#8594 = CARTESIAN_POINT('',(8.,181.,0.));
#8595 = DIRECTION('',(0.,0.,1.));
#8596 = DIRECTION('',(1.,0.,0.));
#8597 = ADVANCED_FACE('',(#8598),#8606,.T.);
#8598 = FACE_BOUND('',#8599,.T.);
#8599 = EDGE_LOOP('',(#8600,#8601,#8602,#8603,#8604,#8605));
#8600 = ORIENTED_EDGE('',*,*,#7503,.F.);
#8601 = ORIENTED_EDGE('',*,*,#830,.F.);
#8602 = ORIENTED_EDGE('',*,*,#71,.T.);
#8603 = ORIENTED_EDGE('',*,*,#62,.T.);
#8604 = ORIENTED_EDGE('',*,*,#21,.T.);
#8605 = ORIENTED_EDGE('',*,*,#7512,.F.);
#8606 = CYLINDRICAL_SURFACE('',#8607,6.);
#8607 = AXIS2_PLACEMENT_3D('',#8608,#8609,#8610);
#8608 = CARTESIAN_POINT('',(8.,8.,0.));
#8609 = DIRECTION('',(0.,0.,1.));
#8610 = DIRECTION('',(1.,0.,0.));
#8611 = MANIFOLD_SOLID_BREP('',#8612);
#8612 = CLOSED_SHELL('',(#8613,#8653,#8684,#9242,#9266,#10161,#10178,
    #10200,#10217,#10234,#10251,#10268,#10290,#10307,#10324,#10341,
    #10358,#10380,#10397,#10414,#10431,#10448,#10465,#10487,#10504,
    #10521,#10533,#10555,#10572,#10589,#10601,#10623,#10640,#10657,
    #10669,#10691,#10708,#10725,#10737,#10759,#10776,#10793,#10805,
    #10827,#10844,#10861,#10873,#10895,#10912,#10929,#10941,#10963,
    #10980,#10997,#11009,#11031,#11048,#11065,#11077,#11099,#11116,
    #11133,#11145,#11167,#11184,#11201,#11213,#11244,#11268,#11292,
    #11316,#11340,#11357,#11382,#11413,#11437,#11461,#11485,#11509,
    #11526,#11551,#11576,#11607,#11631,#11655,#11679,#11703,#11720,
    #11751,#11775,#11799,#11823,#11847,#11864,#11889,#11920,#11944,
    #11968,#11992,#12016,#12033,#12064,#12088,#12112,#12136,#12160,
    #12177,#12202,#12261,#12286,#12345,#12404,#12429,#12454,#12513,
    #12538,#12563,#12588,#12619,#12643,#12667,#12691,#12715,#12732,
    #12757,#12788,#12812,#12836,#12860,#12884,#12901,#12932,#12956,
    #12980,#13004,#13028,#13045,#13070,#13095,#13126,#13150,#13174,
    #13198,#13222,#13239,#13264,#13289,#13298,#13323,#13332,#13357,
    #13382,#13391,#13400,#13425,#13434,#13443,#13468,#13493,#13518,
    #13543,#13552,#13561,#13570,#13579,#13591,#13603,#13615));
#8613 = ADVANCED_FACE('',(#8614),#8648,.F.);
#8614 = FACE_BOUND('',#8615,.F.);
#8615 = EDGE_LOOP('',(#8616,#8626,#8634,#8642));
#8616 = ORIENTED_EDGE('',*,*,#8617,.F.);
#8617 = EDGE_CURVE('',#8618,#8620,#8622,.T.);
#8618 = VERTEX_POINT('',#8619);
#8619 = CARTESIAN_POINT('',(0.,0.,39.));
#8620 = VERTEX_POINT('',#8621);
#8621 = CARTESIAN_POINT('',(0.,0.,43.));
#8622 = LINE('',#8623,#8624);
#8623 = CARTESIAN_POINT('',(0.,0.,39.));
#8624 = VECTOR('',#8625,1.);
#8625 = DIRECTION('',(0.,0.,1.));
#8626 = ORIENTED_EDGE('',*,*,#8627,.T.);
#8627 = EDGE_CURVE('',#8618,#8628,#8630,.T.);
#8628 = VERTEX_POINT('',#8629);
#8629 = CARTESIAN_POINT('',(0.,250.,39.));
#8630 = LINE('',#8631,#8632);
#8631 = CARTESIAN_POINT('',(0.,0.,39.));
#8632 = VECTOR('',#8633,1.);
#8633 = DIRECTION('',(0.,1.,0.));
#8634 = ORIENTED_EDGE('',*,*,#8635,.T.);
#8635 = EDGE_CURVE('',#8628,#8636,#8638,.T.);
#8636 = VERTEX_POINT('',#8637);
#8637 = CARTESIAN_POINT('',(0.,250.,43.));
#8638 = LINE('',#8639,#8640);
#8639 = CARTESIAN_POINT('',(0.,250.,39.));
#8640 = VECTOR('',#8641,1.);
#8641 = DIRECTION('',(0.,0.,1.));
#8642 = ORIENTED_EDGE('',*,*,#8643,.F.);
#8643 = EDGE_CURVE('',#8620,#8636,#8644,.T.);
#8644 = LINE('',#8645,#8646);
#8645 = CARTESIAN_POINT('',(0.,0.,43.));
#8646 = VECTOR('',#8647,1.);
#8647 = DIRECTION('',(0.,1.,0.));
#8648 = PLANE('',#8649);
#8649 = AXIS2_PLACEMENT_3D('',#8650,#8651,#8652);
#8650 = CARTESIAN_POINT('',(0.,0.,39.));
#8651 = DIRECTION('',(1.,0.,0.));
#8652 = DIRECTION('',(0.,0.,1.));
#8653 = ADVANCED_FACE('',(#8654),#8679,.F.);
#8654 = FACE_BOUND('',#8655,.F.);
#8655 = EDGE_LOOP('',(#8656,#8664,#8665,#8673));
#8656 = ORIENTED_EDGE('',*,*,#8657,.F.);
#8657 = EDGE_CURVE('',#8618,#8658,#8660,.T.);
#8658 = VERTEX_POINT('',#8659);
#8659 = CARTESIAN_POINT('',(262.,0.,39.));
#8660 = LINE('',#8661,#8662);
#8661 = CARTESIAN_POINT('',(0.,0.,39.));
#8662 = VECTOR('',#8663,1.);
#8663 = DIRECTION('',(1.,0.,0.));
#8664 = ORIENTED_EDGE('',*,*,#8617,.T.);
#8665 = ORIENTED_EDGE('',*,*,#8666,.T.);
#8666 = EDGE_CURVE('',#8620,#8667,#8669,.T.);
#8667 = VERTEX_POINT('',#8668);
#8668 = CARTESIAN_POINT('',(262.,0.,43.));
#8669 = LINE('',#8670,#8671);
#8670 = CARTESIAN_POINT('',(0.,0.,43.));
#8671 = VECTOR('',#8672,1.);
#8672 = DIRECTION('',(1.,0.,0.));
#8673 = ORIENTED_EDGE('',*,*,#8674,.F.);
#8674 = EDGE_CURVE('',#8658,#8667,#8675,.T.);
#8675 = LINE('',#8676,#8677);
#8676 = CARTESIAN_POINT('',(262.,0.,39.));
#8677 = VECTOR('',#8678,1.);
#8678 = DIRECTION('',(0.,0.,1.));
#8679 = PLANE('',#8680);
#8680 = AXIS2_PLACEMENT_3D('',#8681,#8682,#8683);
#8681 = CARTESIAN_POINT('',(0.,0.,39.));
#8682 = DIRECTION('',(0.,1.,0.));
#8683 = DIRECTION('',(0.,0.,1.));
#8684 = ADVANCED_FACE('',(#8685,#8863,#8897,#8931,#8965,#8999,#9033,
    #9067,#9101,#9135,#9169,#9203),#9237,.T.);
#8685 = FACE_BOUND('',#8686,.T.);
#8686 = EDGE_LOOP('',(#8687,#8695,#8696,#8697,#8705,#8713,#8721,#8729,
    #8737,#8745,#8753,#8761,#8769,#8777,#8785,#8793,#8801,#8809,#8817,
    #8825,#8833,#8841,#8849,#8857));
#8687 = ORIENTED_EDGE('',*,*,#8688,.F.);
#8688 = EDGE_CURVE('',#8636,#8689,#8691,.T.);
#8689 = VERTEX_POINT('',#8690);
#8690 = CARTESIAN_POINT('',(19.7,250.,43.));
#8691 = LINE('',#8692,#8693);
#8692 = CARTESIAN_POINT('',(0.,250.,43.));
#8693 = VECTOR('',#8694,1.);
#8694 = DIRECTION('',(1.,0.,0.));
#8695 = ORIENTED_EDGE('',*,*,#8643,.F.);
#8696 = ORIENTED_EDGE('',*,*,#8666,.T.);
#8697 = ORIENTED_EDGE('',*,*,#8698,.T.);
#8698 = EDGE_CURVE('',#8667,#8699,#8701,.T.);
#8699 = VERTEX_POINT('',#8700);
#8700 = CARTESIAN_POINT('',(262.,250.,43.));
#8701 = LINE('',#8702,#8703);
#8702 = CARTESIAN_POINT('',(262.,0.,43.));
#8703 = VECTOR('',#8704,1.);
#8704 = DIRECTION('',(0.,1.,0.));
#8705 = ORIENTED_EDGE('',*,*,#8706,.F.);
#8706 = EDGE_CURVE('',#8707,#8699,#8709,.T.);
#8707 = VERTEX_POINT('',#8708);
#8708 = CARTESIAN_POINT('',(242.3,250.,43.));
#8709 = LINE('',#8710,#8711);
#8710 = CARTESIAN_POINT('',(0.,250.,43.));
#8711 = VECTOR('',#8712,1.);
#8712 = DIRECTION('',(1.,0.,0.));
#8713 = ORIENTED_EDGE('',*,*,#8714,.F.);
#8714 = EDGE_CURVE('',#8715,#8707,#8717,.T.);
#8715 = VERTEX_POINT('',#8716);
#8716 = CARTESIAN_POINT('',(242.3,243.7,43.));
#8717 = LINE('',#8718,#8719);
#8718 = CARTESIAN_POINT('',(242.3,121.85,43.));
#8719 = VECTOR('',#8720,1.);
#8720 = DIRECTION('',(0.,1.,0.));
#8721 = ORIENTED_EDGE('',*,*,#8722,.T.);
#8722 = EDGE_CURVE('',#8715,#8723,#8725,.T.);
#8723 = VERTEX_POINT('',#8724);
#8724 = CARTESIAN_POINT('',(233.7,243.7,43.));
#8725 = LINE('',#8726,#8727);
#8726 = CARTESIAN_POINT('',(116.85,243.7,43.));
#8727 = VECTOR('',#8728,1.);
#8728 = DIRECTION('',(-1.,0.,0.));
#8729 = ORIENTED_EDGE('',*,*,#8730,.T.);
#8730 = EDGE_CURVE('',#8723,#8731,#8733,.T.);
#8731 = VERTEX_POINT('',#8732);
#8732 = CARTESIAN_POINT('',(233.7,247.8,43.));
#8733 = LINE('',#8734,#8735);
#8734 = CARTESIAN_POINT('',(233.7,121.85,43.));
#8735 = VECTOR('',#8736,1.);
#8736 = DIRECTION('',(0.,1.,0.));
#8737 = ORIENTED_EDGE('',*,*,#8738,.T.);
#8738 = EDGE_CURVE('',#8731,#8739,#8741,.T.);
#8739 = VERTEX_POINT('',#8740);
#8740 = CARTESIAN_POINT('',(214.3,247.8,43.));
#8741 = LINE('',#8742,#8743);
#8742 = CARTESIAN_POINT('',(102.85,247.8,43.));
#8743 = VECTOR('',#8744,1.);
#8744 = DIRECTION('',(-1.,0.,0.));
#8745 = ORIENTED_EDGE('',*,*,#8746,.F.);
#8746 = EDGE_CURVE('',#8747,#8739,#8749,.T.);
#8747 = VERTEX_POINT('',#8748);
#8748 = CARTESIAN_POINT('',(214.3,243.7,43.));
#8749 = LINE('',#8750,#8751);
#8750 = CARTESIAN_POINT('',(214.3,121.85,43.));
#8751 = VECTOR('',#8752,1.);
#8752 = DIRECTION('',(0.,1.,0.));
#8753 = ORIENTED_EDGE('',*,*,#8754,.T.);
#8754 = EDGE_CURVE('',#8747,#8755,#8757,.T.);
#8755 = VERTEX_POINT('',#8756);
#8756 = CARTESIAN_POINT('',(205.7,243.7,43.));
#8757 = LINE('',#8758,#8759);
#8758 = CARTESIAN_POINT('',(102.85,243.7,43.));
#8759 = VECTOR('',#8760,1.);
#8760 = DIRECTION('',(-1.,0.,0.));
#8761 = ORIENTED_EDGE('',*,*,#8762,.T.);
#8762 = EDGE_CURVE('',#8755,#8763,#8765,.T.);
#8763 = VERTEX_POINT('',#8764);
#8764 = CARTESIAN_POINT('',(205.7,250.,43.));
#8765 = LINE('',#8766,#8767);
#8766 = CARTESIAN_POINT('',(205.7,121.85,43.));
#8767 = VECTOR('',#8768,1.);
#8768 = DIRECTION('',(0.,1.,0.));
#8769 = ORIENTED_EDGE('',*,*,#8770,.F.);
#8770 = EDGE_CURVE('',#8771,#8763,#8773,.T.);
#8771 = VERTEX_POINT('',#8772);
#8772 = CARTESIAN_POINT('',(148.,250.,43.));
#8773 = LINE('',#8774,#8775);
#8774 = CARTESIAN_POINT('',(0.,250.,43.));
#8775 = VECTOR('',#8776,1.);
#8776 = DIRECTION('',(1.,0.,0.));
#8777 = ORIENTED_EDGE('',*,*,#8778,.F.);
#8778 = EDGE_CURVE('',#8779,#8771,#8781,.T.);
#8779 = VERTEX_POINT('',#8780);
#8780 = CARTESIAN_POINT('',(148.,246.,43.));
#8781 = LINE('',#8782,#8783);
#8782 = CARTESIAN_POINT('',(148.,123.,43.));
#8783 = VECTOR('',#8784,1.);
#8784 = DIRECTION('',(0.,1.,0.));
#8785 = ORIENTED_EDGE('',*,*,#8786,.T.);
#8786 = EDGE_CURVE('',#8779,#8787,#8789,.T.);
#8787 = VERTEX_POINT('',#8788);
#8788 = CARTESIAN_POINT('',(114.,246.,43.));
#8789 = LINE('',#8790,#8791);
#8790 = CARTESIAN_POINT('',(57.,246.,43.));
#8791 = VECTOR('',#8792,1.);
#8792 = DIRECTION('',(-1.,0.,0.));
#8793 = ORIENTED_EDGE('',*,*,#8794,.T.);
#8794 = EDGE_CURVE('',#8787,#8795,#8797,.T.);
#8795 = VERTEX_POINT('',#8796);
#8796 = CARTESIAN_POINT('',(114.,250.,43.));
#8797 = LINE('',#8798,#8799);
#8798 = CARTESIAN_POINT('',(114.,123.,43.));
#8799 = VECTOR('',#8800,1.);
#8800 = DIRECTION('',(0.,1.,0.));
#8801 = ORIENTED_EDGE('',*,*,#8802,.F.);
#8802 = EDGE_CURVE('',#8803,#8795,#8805,.T.);
#8803 = VERTEX_POINT('',#8804);
#8804 = CARTESIAN_POINT('',(56.3,250.,43.));
#8805 = LINE('',#8806,#8807);
#8806 = CARTESIAN_POINT('',(0.,250.,43.));
#8807 = VECTOR('',#8808,1.);
#8808 = DIRECTION('',(1.,0.,0.));
#8809 = ORIENTED_EDGE('',*,*,#8810,.F.);
#8810 = EDGE_CURVE('',#8811,#8803,#8813,.T.);
#8811 = VERTEX_POINT('',#8812);
#8812 = CARTESIAN_POINT('',(56.3,243.7,43.));
#8813 = LINE('',#8814,#8815);
#8814 = CARTESIAN_POINT('',(56.3,121.85,43.));
#8815 = VECTOR('',#8816,1.);
#8816 = DIRECTION('',(0.,1.,0.));
#8817 = ORIENTED_EDGE('',*,*,#8818,.T.);
#8818 = EDGE_CURVE('',#8811,#8819,#8821,.T.);
#8819 = VERTEX_POINT('',#8820);
#8820 = CARTESIAN_POINT('',(47.7,243.7,43.));
#8821 = LINE('',#8822,#8823);
#8822 = CARTESIAN_POINT('',(23.85,243.7,43.));
#8823 = VECTOR('',#8824,1.);
#8824 = DIRECTION('',(-1.,0.,0.));
#8825 = ORIENTED_EDGE('',*,*,#8826,.T.);
#8826 = EDGE_CURVE('',#8819,#8827,#8829,.T.);
#8827 = VERTEX_POINT('',#8828);
#8828 = CARTESIAN_POINT('',(47.7,247.8,43.));
#8829 = LINE('',#8830,#8831);
#8830 = CARTESIAN_POINT('',(47.7,121.85,43.));
#8831 = VECTOR('',#8832,1.);
#8832 = DIRECTION('',(0.,1.,0.));
#8833 = ORIENTED_EDGE('',*,*,#8834,.T.);
#8834 = EDGE_CURVE('',#8827,#8835,#8837,.T.);
#8835 = VERTEX_POINT('',#8836);
#8836 = CARTESIAN_POINT('',(28.3,247.8,43.));
#8837 = LINE('',#8838,#8839);
#8838 = CARTESIAN_POINT('',(9.85,247.8,43.));
#8839 = VECTOR('',#8840,1.);
#8840 = DIRECTION('',(-1.,0.,0.));
#8841 = ORIENTED_EDGE('',*,*,#8842,.F.);
#8842 = EDGE_CURVE('',#8843,#8835,#8845,.T.);
#8843 = VERTEX_POINT('',#8844);
#8844 = CARTESIAN_POINT('',(28.3,243.7,43.));
#8845 = LINE('',#8846,#8847);
#8846 = CARTESIAN_POINT('',(28.3,121.85,43.));
#8847 = VECTOR('',#8848,1.);
#8848 = DIRECTION('',(0.,1.,0.));
#8849 = ORIENTED_EDGE('',*,*,#8850,.T.);
#8850 = EDGE_CURVE('',#8843,#8851,#8853,.T.);
#8851 = VERTEX_POINT('',#8852);
#8852 = CARTESIAN_POINT('',(19.7,243.7,43.));
#8853 = LINE('',#8854,#8855);
#8854 = CARTESIAN_POINT('',(9.85,243.7,43.));
#8855 = VECTOR('',#8856,1.);
#8856 = DIRECTION('',(-1.,0.,0.));
#8857 = ORIENTED_EDGE('',*,*,#8858,.T.);
#8858 = EDGE_CURVE('',#8851,#8689,#8859,.T.);
#8859 = LINE('',#8860,#8861);
#8860 = CARTESIAN_POINT('',(19.7,121.85,43.));
#8861 = VECTOR('',#8862,1.);
#8862 = DIRECTION('',(0.,1.,0.));
#8863 = FACE_BOUND('',#8864,.T.);
#8864 = EDGE_LOOP('',(#8865,#8875,#8883,#8891));
#8865 = ORIENTED_EDGE('',*,*,#8866,.T.);
#8866 = EDGE_CURVE('',#8867,#8869,#8871,.T.);
#8867 = VERTEX_POINT('',#8868);
#8868 = CARTESIAN_POINT('',(244.,16.,43.));
#8869 = VERTEX_POINT('',#8870);
#8870 = CARTESIAN_POINT('',(18.,16.,43.));
#8871 = LINE('',#8872,#8873);
#8872 = CARTESIAN_POINT('',(9.,16.,43.));
#8873 = VECTOR('',#8874,1.);
#8874 = DIRECTION('',(-1.,0.,0.));
#8875 = ORIENTED_EDGE('',*,*,#8876,.T.);
#8876 = EDGE_CURVE('',#8869,#8877,#8879,.T.);
#8877 = VERTEX_POINT('',#8878);
#8878 = CARTESIAN_POINT('',(18.,172.,43.));
#8879 = LINE('',#8880,#8881);
#8880 = CARTESIAN_POINT('',(18.,8.,43.));
#8881 = VECTOR('',#8882,1.);
#8882 = DIRECTION('',(0.,1.,0.));
#8883 = ORIENTED_EDGE('',*,*,#8884,.F.);
#8884 = EDGE_CURVE('',#8885,#8877,#8887,.T.);
#8885 = VERTEX_POINT('',#8886);
#8886 = CARTESIAN_POINT('',(244.,172.,43.));
#8887 = LINE('',#8888,#8889);
#8888 = CARTESIAN_POINT('',(9.,172.,43.));
#8889 = VECTOR('',#8890,1.);
#8890 = DIRECTION('',(-1.,0.,0.));
#8891 = ORIENTED_EDGE('',*,*,#8892,.F.);
#8892 = EDGE_CURVE('',#8867,#8885,#8893,.T.);
#8893 = LINE('',#8894,#8895);
#8894 = CARTESIAN_POINT('',(244.,8.,43.));
#8895 = VECTOR('',#8896,1.);
#8896 = DIRECTION('',(0.,1.,0.));
#8897 = FACE_BOUND('',#8898,.T.);
#8898 = EDGE_LOOP('',(#8899,#8909,#8917,#8925));
#8899 = ORIENTED_EDGE('',*,*,#8900,.T.);
#8900 = EDGE_CURVE('',#8901,#8903,#8905,.T.);
#8901 = VERTEX_POINT('',#8902);
#8902 = CARTESIAN_POINT('',(35.,208.,43.));
#8903 = VERTEX_POINT('',#8904);
#8904 = CARTESIAN_POINT('',(32.,208.,43.));
#8905 = LINE('',#8906,#8907);
#8906 = CARTESIAN_POINT('',(16.,208.,43.));
#8907 = VECTOR('',#8908,1.);
#8908 = DIRECTION('',(-1.,0.,0.));
#8909 = ORIENTED_EDGE('',*,*,#8910,.T.);
#8910 = EDGE_CURVE('',#8903,#8911,#8913,.T.);
#8911 = VERTEX_POINT('',#8912);
#8912 = CARTESIAN_POINT('',(32.,230.,43.));
#8913 = LINE('',#8914,#8915);
#8914 = CARTESIAN_POINT('',(32.,104.,43.));
#8915 = VECTOR('',#8916,1.);
#8916 = DIRECTION('',(0.,1.,0.));
#8917 = ORIENTED_EDGE('',*,*,#8918,.F.);
#8918 = EDGE_CURVE('',#8919,#8911,#8921,.T.);
#8919 = VERTEX_POINT('',#8920);
#8920 = CARTESIAN_POINT('',(35.,230.,43.));
#8921 = LINE('',#8922,#8923);
#8922 = CARTESIAN_POINT('',(16.,230.,43.));
#8923 = VECTOR('',#8924,1.);
#8924 = DIRECTION('',(-1.,0.,0.));
#8925 = ORIENTED_EDGE('',*,*,#8926,.F.);
#8926 = EDGE_CURVE('',#8901,#8919,#8927,.T.);
#8927 = LINE('',#8928,#8929);
#8928 = CARTESIAN_POINT('',(35.,104.,43.));
#8929 = VECTOR('',#8930,1.);
#8930 = DIRECTION('',(0.,1.,0.));
#8931 = FACE_BOUND('',#8932,.T.);
#8932 = EDGE_LOOP('',(#8933,#8943,#8951,#8959));
#8933 = ORIENTED_EDGE('',*,*,#8934,.T.);
#8934 = EDGE_CURVE('',#8935,#8937,#8939,.T.);
#8935 = VERTEX_POINT('',#8936);
#8936 = CARTESIAN_POINT('',(42.,208.,43.));
#8937 = VERTEX_POINT('',#8938);
#8938 = CARTESIAN_POINT('',(39.,208.,43.));
#8939 = LINE('',#8940,#8941);
#8940 = CARTESIAN_POINT('',(19.5,208.,43.));
#8941 = VECTOR('',#8942,1.);
#8942 = DIRECTION('',(-1.,0.,0.));
#8943 = ORIENTED_EDGE('',*,*,#8944,.T.);
#8944 = EDGE_CURVE('',#8937,#8945,#8947,.T.);
#8945 = VERTEX_POINT('',#8946);
#8946 = CARTESIAN_POINT('',(39.,230.,43.));
#8947 = LINE('',#8948,#8949);
#8948 = CARTESIAN_POINT('',(39.,104.,43.));
#8949 = VECTOR('',#8950,1.);
#8950 = DIRECTION('',(0.,1.,0.));
#8951 = ORIENTED_EDGE('',*,*,#8952,.F.);
#8952 = EDGE_CURVE('',#8953,#8945,#8955,.T.);
#8953 = VERTEX_POINT('',#8954);
#8954 = CARTESIAN_POINT('',(42.,230.,43.));
#8955 = LINE('',#8956,#8957);
#8956 = CARTESIAN_POINT('',(19.5,230.,43.));
#8957 = VECTOR('',#8958,1.);
#8958 = DIRECTION('',(-1.,0.,0.));
#8959 = ORIENTED_EDGE('',*,*,#8960,.F.);
#8960 = EDGE_CURVE('',#8935,#8953,#8961,.T.);
#8961 = LINE('',#8962,#8963);
#8962 = CARTESIAN_POINT('',(42.,104.,43.));
#8963 = VECTOR('',#8964,1.);
#8964 = DIRECTION('',(0.,1.,0.));
#8965 = FACE_BOUND('',#8966,.T.);
#8966 = EDGE_LOOP('',(#8967,#8977,#8985,#8993));
#8967 = ORIENTED_EDGE('',*,*,#8968,.T.);
#8968 = EDGE_CURVE('',#8969,#8971,#8973,.T.);
#8969 = VERTEX_POINT('',#8970);
#8970 = CARTESIAN_POINT('',(49.,208.,43.));
#8971 = VERTEX_POINT('',#8972);
#8972 = CARTESIAN_POINT('',(46.,208.,43.));
#8973 = LINE('',#8974,#8975);
#8974 = CARTESIAN_POINT('',(23.,208.,43.));
#8975 = VECTOR('',#8976,1.);
#8976 = DIRECTION('',(-1.,0.,0.));
#8977 = ORIENTED_EDGE('',*,*,#8978,.T.);
#8978 = EDGE_CURVE('',#8971,#8979,#8981,.T.);
#8979 = VERTEX_POINT('',#8980);
#8980 = CARTESIAN_POINT('',(46.,230.,43.));
#8981 = LINE('',#8982,#8983);
#8982 = CARTESIAN_POINT('',(46.,104.,43.));
#8983 = VECTOR('',#8984,1.);
#8984 = DIRECTION('',(0.,1.,0.));
#8985 = ORIENTED_EDGE('',*,*,#8986,.F.);
#8986 = EDGE_CURVE('',#8987,#8979,#8989,.T.);
#8987 = VERTEX_POINT('',#8988);
#8988 = CARTESIAN_POINT('',(49.,230.,43.));
#8989 = LINE('',#8990,#8991);
#8990 = CARTESIAN_POINT('',(23.,230.,43.));
#8991 = VECTOR('',#8992,1.);
#8992 = DIRECTION('',(-1.,0.,0.));
#8993 = ORIENTED_EDGE('',*,*,#8994,.F.);
#8994 = EDGE_CURVE('',#8969,#8987,#8995,.T.);
#8995 = LINE('',#8996,#8997);
#8996 = CARTESIAN_POINT('',(49.,104.,43.));
#8997 = VECTOR('',#8998,1.);
#8998 = DIRECTION('',(0.,1.,0.));
#8999 = FACE_BOUND('',#9000,.T.);
#9000 = EDGE_LOOP('',(#9001,#9011,#9019,#9027));
#9001 = ORIENTED_EDGE('',*,*,#9002,.T.);
#9002 = EDGE_CURVE('',#9003,#9005,#9007,.T.);
#9003 = VERTEX_POINT('',#9004);
#9004 = CARTESIAN_POINT('',(56.,208.,43.));
#9005 = VERTEX_POINT('',#9006);
#9006 = CARTESIAN_POINT('',(53.,208.,43.));
#9007 = LINE('',#9008,#9009);
#9008 = CARTESIAN_POINT('',(26.5,208.,43.));
#9009 = VECTOR('',#9010,1.);
#9010 = DIRECTION('',(-1.,0.,0.));
#9011 = ORIENTED_EDGE('',*,*,#9012,.T.);
#9012 = EDGE_CURVE('',#9005,#9013,#9015,.T.);
#9013 = VERTEX_POINT('',#9014);
#9014 = CARTESIAN_POINT('',(53.,230.,43.));
#9015 = LINE('',#9016,#9017);
#9016 = CARTESIAN_POINT('',(53.,104.,43.));
#9017 = VECTOR('',#9018,1.);
#9018 = DIRECTION('',(0.,1.,0.));
#9019 = ORIENTED_EDGE('',*,*,#9020,.F.);
#9020 = EDGE_CURVE('',#9021,#9013,#9023,.T.);
#9021 = VERTEX_POINT('',#9022);
#9022 = CARTESIAN_POINT('',(56.,230.,43.));
#9023 = LINE('',#9024,#9025);
#9024 = CARTESIAN_POINT('',(26.5,230.,43.));
#9025 = VECTOR('',#9026,1.);
#9026 = DIRECTION('',(-1.,0.,0.));
#9027 = ORIENTED_EDGE('',*,*,#9028,.F.);
#9028 = EDGE_CURVE('',#9003,#9021,#9029,.T.);
#9029 = LINE('',#9030,#9031);
#9030 = CARTESIAN_POINT('',(56.,104.,43.));
#9031 = VECTOR('',#9032,1.);
#9032 = DIRECTION('',(0.,1.,0.));
#9033 = FACE_BOUND('',#9034,.T.);
#9034 = EDGE_LOOP('',(#9035,#9045,#9053,#9061));
#9035 = ORIENTED_EDGE('',*,*,#9036,.T.);
#9036 = EDGE_CURVE('',#9037,#9039,#9041,.T.);
#9037 = VERTEX_POINT('',#9038);
#9038 = CARTESIAN_POINT('',(63.,208.,43.));
#9039 = VERTEX_POINT('',#9040);
#9040 = CARTESIAN_POINT('',(60.,208.,43.));
#9041 = LINE('',#9042,#9043);
#9042 = CARTESIAN_POINT('',(30.,208.,43.));
#9043 = VECTOR('',#9044,1.);
#9044 = DIRECTION('',(-1.,0.,0.));
#9045 = ORIENTED_EDGE('',*,*,#9046,.T.);
#9046 = EDGE_CURVE('',#9039,#9047,#9049,.T.);
#9047 = VERTEX_POINT('',#9048);
#9048 = CARTESIAN_POINT('',(60.,230.,43.));
#9049 = LINE('',#9050,#9051);
#9050 = CARTESIAN_POINT('',(60.,104.,43.));
#9051 = VECTOR('',#9052,1.);
#9052 = DIRECTION('',(0.,1.,0.));
#9053 = ORIENTED_EDGE('',*,*,#9054,.F.);
#9054 = EDGE_CURVE('',#9055,#9047,#9057,.T.);
#9055 = VERTEX_POINT('',#9056);
#9056 = CARTESIAN_POINT('',(63.,230.,43.));
#9057 = LINE('',#9058,#9059);
#9058 = CARTESIAN_POINT('',(30.,230.,43.));
#9059 = VECTOR('',#9060,1.);
#9060 = DIRECTION('',(-1.,0.,0.));
#9061 = ORIENTED_EDGE('',*,*,#9062,.F.);
#9062 = EDGE_CURVE('',#9037,#9055,#9063,.T.);
#9063 = LINE('',#9064,#9065);
#9064 = CARTESIAN_POINT('',(63.,104.,43.));
#9065 = VECTOR('',#9066,1.);
#9066 = DIRECTION('',(0.,1.,0.));
#9067 = FACE_BOUND('',#9068,.T.);
#9068 = EDGE_LOOP('',(#9069,#9079,#9087,#9095));
#9069 = ORIENTED_EDGE('',*,*,#9070,.T.);
#9070 = EDGE_CURVE('',#9071,#9073,#9075,.T.);
#9071 = VERTEX_POINT('',#9072);
#9072 = CARTESIAN_POINT('',(70.,208.,43.));
#9073 = VERTEX_POINT('',#9074);
#9074 = CARTESIAN_POINT('',(67.,208.,43.));
#9075 = LINE('',#9076,#9077);
#9076 = CARTESIAN_POINT('',(33.5,208.,43.));
#9077 = VECTOR('',#9078,1.);
#9078 = DIRECTION('',(-1.,0.,0.));
#9079 = ORIENTED_EDGE('',*,*,#9080,.T.);
#9080 = EDGE_CURVE('',#9073,#9081,#9083,.T.);
#9081 = VERTEX_POINT('',#9082);
#9082 = CARTESIAN_POINT('',(67.,230.,43.));
#9083 = LINE('',#9084,#9085);
#9084 = CARTESIAN_POINT('',(67.,104.,43.));
#9085 = VECTOR('',#9086,1.);
#9086 = DIRECTION('',(0.,1.,0.));
#9087 = ORIENTED_EDGE('',*,*,#9088,.F.);
#9088 = EDGE_CURVE('',#9089,#9081,#9091,.T.);
#9089 = VERTEX_POINT('',#9090);
#9090 = CARTESIAN_POINT('',(70.,230.,43.));
#9091 = LINE('',#9092,#9093);
#9092 = CARTESIAN_POINT('',(33.5,230.,43.));
#9093 = VECTOR('',#9094,1.);
#9094 = DIRECTION('',(-1.,0.,0.));
#9095 = ORIENTED_EDGE('',*,*,#9096,.F.);
#9096 = EDGE_CURVE('',#9071,#9089,#9097,.T.);
#9097 = LINE('',#9098,#9099);
#9098 = CARTESIAN_POINT('',(70.,104.,43.));
#9099 = VECTOR('',#9100,1.);
#9100 = DIRECTION('',(0.,1.,0.));
#9101 = FACE_BOUND('',#9102,.T.);
#9102 = EDGE_LOOP('',(#9103,#9113,#9121,#9129));
#9103 = ORIENTED_EDGE('',*,*,#9104,.T.);
#9104 = EDGE_CURVE('',#9105,#9107,#9109,.T.);
#9105 = VERTEX_POINT('',#9106);
#9106 = CARTESIAN_POINT('',(77.,208.,43.));
#9107 = VERTEX_POINT('',#9108);
#9108 = CARTESIAN_POINT('',(74.,208.,43.));
#9109 = LINE('',#9110,#9111);
#9110 = CARTESIAN_POINT('',(37.,208.,43.));
#9111 = VECTOR('',#9112,1.);
#9112 = DIRECTION('',(-1.,0.,0.));
#9113 = ORIENTED_EDGE('',*,*,#9114,.T.);
#9114 = EDGE_CURVE('',#9107,#9115,#9117,.T.);
#9115 = VERTEX_POINT('',#9116);
#9116 = CARTESIAN_POINT('',(74.,230.,43.));
#9117 = LINE('',#9118,#9119);
#9118 = CARTESIAN_POINT('',(74.,104.,43.));
#9119 = VECTOR('',#9120,1.);
#9120 = DIRECTION('',(0.,1.,0.));
#9121 = ORIENTED_EDGE('',*,*,#9122,.F.);
#9122 = EDGE_CURVE('',#9123,#9115,#9125,.T.);
#9123 = VERTEX_POINT('',#9124);
#9124 = CARTESIAN_POINT('',(77.,230.,43.));
#9125 = LINE('',#9126,#9127);
#9126 = CARTESIAN_POINT('',(37.,230.,43.));
#9127 = VECTOR('',#9128,1.);
#9128 = DIRECTION('',(-1.,0.,0.));
#9129 = ORIENTED_EDGE('',*,*,#9130,.F.);
#9130 = EDGE_CURVE('',#9105,#9123,#9131,.T.);
#9131 = LINE('',#9132,#9133);
#9132 = CARTESIAN_POINT('',(77.,104.,43.));
#9133 = VECTOR('',#9134,1.);
#9134 = DIRECTION('',(0.,1.,0.));
#9135 = FACE_BOUND('',#9136,.T.);
#9136 = EDGE_LOOP('',(#9137,#9147,#9155,#9163));
#9137 = ORIENTED_EDGE('',*,*,#9138,.T.);
#9138 = EDGE_CURVE('',#9139,#9141,#9143,.T.);
#9139 = VERTEX_POINT('',#9140);
#9140 = CARTESIAN_POINT('',(84.,208.,43.));
#9141 = VERTEX_POINT('',#9142);
#9142 = CARTESIAN_POINT('',(81.,208.,43.));
#9143 = LINE('',#9144,#9145);
#9144 = CARTESIAN_POINT('',(40.5,208.,43.));
#9145 = VECTOR('',#9146,1.);
#9146 = DIRECTION('',(-1.,0.,0.));
#9147 = ORIENTED_EDGE('',*,*,#9148,.T.);
#9148 = EDGE_CURVE('',#9141,#9149,#9151,.T.);
#9149 = VERTEX_POINT('',#9150);
#9150 = CARTESIAN_POINT('',(81.,230.,43.));
#9151 = LINE('',#9152,#9153);
#9152 = CARTESIAN_POINT('',(81.,104.,43.));
#9153 = VECTOR('',#9154,1.);
#9154 = DIRECTION('',(0.,1.,0.));
#9155 = ORIENTED_EDGE('',*,*,#9156,.F.);
#9156 = EDGE_CURVE('',#9157,#9149,#9159,.T.);
#9157 = VERTEX_POINT('',#9158);
#9158 = CARTESIAN_POINT('',(84.,230.,43.));
#9159 = LINE('',#9160,#9161);
#9160 = CARTESIAN_POINT('',(40.5,230.,43.));
#9161 = VECTOR('',#9162,1.);
#9162 = DIRECTION('',(-1.,0.,0.));
#9163 = ORIENTED_EDGE('',*,*,#9164,.F.);
#9164 = EDGE_CURVE('',#9139,#9157,#9165,.T.);
#9165 = LINE('',#9166,#9167);
#9166 = CARTESIAN_POINT('',(84.,104.,43.));
#9167 = VECTOR('',#9168,1.);
#9168 = DIRECTION('',(0.,1.,0.));
#9169 = FACE_BOUND('',#9170,.T.);
#9170 = EDGE_LOOP('',(#9171,#9181,#9189,#9197));
#9171 = ORIENTED_EDGE('',*,*,#9172,.T.);
#9172 = EDGE_CURVE('',#9173,#9175,#9177,.T.);
#9173 = VERTEX_POINT('',#9174);
#9174 = CARTESIAN_POINT('',(91.,208.,43.));
#9175 = VERTEX_POINT('',#9176);
#9176 = CARTESIAN_POINT('',(88.,208.,43.));
#9177 = LINE('',#9178,#9179);
#9178 = CARTESIAN_POINT('',(44.,208.,43.));
#9179 = VECTOR('',#9180,1.);
#9180 = DIRECTION('',(-1.,0.,0.));
#9181 = ORIENTED_EDGE('',*,*,#9182,.T.);
#9182 = EDGE_CURVE('',#9175,#9183,#9185,.T.);
#9183 = VERTEX_POINT('',#9184);
#9184 = CARTESIAN_POINT('',(88.,230.,43.));
#9185 = LINE('',#9186,#9187);
#9186 = CARTESIAN_POINT('',(88.,104.,43.));
#9187 = VECTOR('',#9188,1.);
#9188 = DIRECTION('',(0.,1.,0.));
#9189 = ORIENTED_EDGE('',*,*,#9190,.F.);
#9190 = EDGE_CURVE('',#9191,#9183,#9193,.T.);
#9191 = VERTEX_POINT('',#9192);
#9192 = CARTESIAN_POINT('',(91.,230.,43.));
#9193 = LINE('',#9194,#9195);
#9194 = CARTESIAN_POINT('',(44.,230.,43.));
#9195 = VECTOR('',#9196,1.);
#9196 = DIRECTION('',(-1.,0.,0.));
#9197 = ORIENTED_EDGE('',*,*,#9198,.F.);
#9198 = EDGE_CURVE('',#9173,#9191,#9199,.T.);
#9199 = LINE('',#9200,#9201);
#9200 = CARTESIAN_POINT('',(91.,104.,43.));
#9201 = VECTOR('',#9202,1.);
#9202 = DIRECTION('',(0.,1.,0.));
#9203 = FACE_BOUND('',#9204,.T.);
#9204 = EDGE_LOOP('',(#9205,#9215,#9223,#9231));
#9205 = ORIENTED_EDGE('',*,*,#9206,.T.);
#9206 = EDGE_CURVE('',#9207,#9209,#9211,.T.);
#9207 = VERTEX_POINT('',#9208);
#9208 = CARTESIAN_POINT('',(98.,208.,43.));
#9209 = VERTEX_POINT('',#9210);
#9210 = CARTESIAN_POINT('',(95.,208.,43.));
#9211 = LINE('',#9212,#9213);
#9212 = CARTESIAN_POINT('',(47.5,208.,43.));
#9213 = VECTOR('',#9214,1.);
#9214 = DIRECTION('',(-1.,0.,0.));
#9215 = ORIENTED_EDGE('',*,*,#9216,.T.);
#9216 = EDGE_CURVE('',#9209,#9217,#9219,.T.);
#9217 = VERTEX_POINT('',#9218);
#9218 = CARTESIAN_POINT('',(95.,230.,43.));
#9219 = LINE('',#9220,#9221);
#9220 = CARTESIAN_POINT('',(95.,104.,43.));
#9221 = VECTOR('',#9222,1.);
#9222 = DIRECTION('',(0.,1.,0.));
#9223 = ORIENTED_EDGE('',*,*,#9224,.F.);
#9224 = EDGE_CURVE('',#9225,#9217,#9227,.T.);
#9225 = VERTEX_POINT('',#9226);
#9226 = CARTESIAN_POINT('',(98.,230.,43.));
#9227 = LINE('',#9228,#9229);
#9228 = CARTESIAN_POINT('',(47.5,230.,43.));
#9229 = VECTOR('',#9230,1.);
#9230 = DIRECTION('',(-1.,0.,0.));
#9231 = ORIENTED_EDGE('',*,*,#9232,.F.);
#9232 = EDGE_CURVE('',#9207,#9225,#9233,.T.);
#9233 = LINE('',#9234,#9235);
#9234 = CARTESIAN_POINT('',(98.,104.,43.));
#9235 = VECTOR('',#9236,1.);
#9236 = DIRECTION('',(0.,1.,0.));
#9237 = PLANE('',#9238);
#9238 = AXIS2_PLACEMENT_3D('',#9239,#9240,#9241);
#9239 = CARTESIAN_POINT('',(0.,0.,43.));
#9240 = DIRECTION('',(0.,0.,1.));
#9241 = DIRECTION('',(1.,0.,0.));
#9242 = ADVANCED_FACE('',(#9243),#9261,.T.);
#9243 = FACE_BOUND('',#9244,.T.);
#9244 = EDGE_LOOP('',(#9245,#9253,#9254,#9255));
#9245 = ORIENTED_EDGE('',*,*,#9246,.F.);
#9246 = EDGE_CURVE('',#8628,#9247,#9249,.T.);
#9247 = VERTEX_POINT('',#9248);
#9248 = CARTESIAN_POINT('',(19.7,250.,39.));
#9249 = LINE('',#9250,#9251);
#9250 = CARTESIAN_POINT('',(0.,250.,39.));
#9251 = VECTOR('',#9252,1.);
#9252 = DIRECTION('',(1.,0.,0.));
#9253 = ORIENTED_EDGE('',*,*,#8635,.T.);
#9254 = ORIENTED_EDGE('',*,*,#8688,.T.);
#9255 = ORIENTED_EDGE('',*,*,#9256,.T.);
#9256 = EDGE_CURVE('',#8689,#9247,#9257,.T.);
#9257 = LINE('',#9258,#9259);
#9258 = CARTESIAN_POINT('',(19.7,250.,38.5));
#9259 = VECTOR('',#9260,1.);
#9260 = DIRECTION('',(0.,0.,-1.));
#9261 = PLANE('',#9262);
#9262 = AXIS2_PLACEMENT_3D('',#9263,#9264,#9265);
#9263 = CARTESIAN_POINT('',(0.,250.,39.));
#9264 = DIRECTION('',(0.,1.,0.));
#9265 = DIRECTION('',(0.,0.,1.));
#9266 = ADVANCED_FACE('',(#9267,#9438,#9488,#9499,#9549,#9560,#9594,
    #9605,#9655,#9689,#9739,#9773,#9807,#9841,#9875,#9909,#9943,#9977,
    #10011,#10045,#10056,#10106),#10156,.F.);
#9267 = FACE_BOUND('',#9268,.F.);
#9268 = EDGE_LOOP('',(#9269,#9270,#9271,#9272,#9280,#9288,#9296,#9304,
    #9312,#9320,#9328,#9336,#9344,#9352,#9360,#9368,#9376,#9384,#9392,
    #9400,#9408,#9416,#9424,#9432));
#9269 = ORIENTED_EDGE('',*,*,#9246,.F.);
#9270 = ORIENTED_EDGE('',*,*,#8627,.F.);
#9271 = ORIENTED_EDGE('',*,*,#8657,.T.);
#9272 = ORIENTED_EDGE('',*,*,#9273,.T.);
#9273 = EDGE_CURVE('',#8658,#9274,#9276,.T.);
#9274 = VERTEX_POINT('',#9275);
#9275 = CARTESIAN_POINT('',(262.,250.,39.));
#9276 = LINE('',#9277,#9278);
#9277 = CARTESIAN_POINT('',(262.,0.,39.));
#9278 = VECTOR('',#9279,1.);
#9279 = DIRECTION('',(0.,1.,0.));
#9280 = ORIENTED_EDGE('',*,*,#9281,.F.);
#9281 = EDGE_CURVE('',#9282,#9274,#9284,.T.);
#9282 = VERTEX_POINT('',#9283);
#9283 = CARTESIAN_POINT('',(242.3,250.,39.));
#9284 = LINE('',#9285,#9286);
#9285 = CARTESIAN_POINT('',(0.,250.,39.));
#9286 = VECTOR('',#9287,1.);
#9287 = DIRECTION('',(1.,0.,0.));
#9288 = ORIENTED_EDGE('',*,*,#9289,.F.);
#9289 = EDGE_CURVE('',#9290,#9282,#9292,.T.);
#9290 = VERTEX_POINT('',#9291);
#9291 = CARTESIAN_POINT('',(242.3,243.7,39.));
#9292 = LINE('',#9293,#9294);
#9293 = CARTESIAN_POINT('',(242.3,121.85,39.));
#9294 = VECTOR('',#9295,1.);
#9295 = DIRECTION('',(0.,1.,0.));
#9296 = ORIENTED_EDGE('',*,*,#9297,.T.);
#9297 = EDGE_CURVE('',#9290,#9298,#9300,.T.);
#9298 = VERTEX_POINT('',#9299);
#9299 = CARTESIAN_POINT('',(233.7,243.7,39.));
#9300 = LINE('',#9301,#9302);
#9301 = CARTESIAN_POINT('',(116.85,243.7,39.));
#9302 = VECTOR('',#9303,1.);
#9303 = DIRECTION('',(-1.,0.,0.));
#9304 = ORIENTED_EDGE('',*,*,#9305,.T.);
#9305 = EDGE_CURVE('',#9298,#9306,#9308,.T.);
#9306 = VERTEX_POINT('',#9307);
#9307 = CARTESIAN_POINT('',(233.7,247.8,39.));
#9308 = LINE('',#9309,#9310);
#9309 = CARTESIAN_POINT('',(233.7,121.85,39.));
#9310 = VECTOR('',#9311,1.);
#9311 = DIRECTION('',(0.,1.,0.));
#9312 = ORIENTED_EDGE('',*,*,#9313,.T.);
#9313 = EDGE_CURVE('',#9306,#9314,#9316,.T.);
#9314 = VERTEX_POINT('',#9315);
#9315 = CARTESIAN_POINT('',(214.3,247.8,39.));
#9316 = LINE('',#9317,#9318);
#9317 = CARTESIAN_POINT('',(102.85,247.8,39.));
#9318 = VECTOR('',#9319,1.);
#9319 = DIRECTION('',(-1.,0.,0.));
#9320 = ORIENTED_EDGE('',*,*,#9321,.F.);
#9321 = EDGE_CURVE('',#9322,#9314,#9324,.T.);
#9322 = VERTEX_POINT('',#9323);
#9323 = CARTESIAN_POINT('',(214.3,243.7,39.));
#9324 = LINE('',#9325,#9326);
#9325 = CARTESIAN_POINT('',(214.3,121.85,39.));
#9326 = VECTOR('',#9327,1.);
#9327 = DIRECTION('',(0.,1.,0.));
#9328 = ORIENTED_EDGE('',*,*,#9329,.T.);
#9329 = EDGE_CURVE('',#9322,#9330,#9332,.T.);
#9330 = VERTEX_POINT('',#9331);
#9331 = CARTESIAN_POINT('',(205.7,243.7,39.));
#9332 = LINE('',#9333,#9334);
#9333 = CARTESIAN_POINT('',(102.85,243.7,39.));
#9334 = VECTOR('',#9335,1.);
#9335 = DIRECTION('',(-1.,0.,0.));
#9336 = ORIENTED_EDGE('',*,*,#9337,.T.);
#9337 = EDGE_CURVE('',#9330,#9338,#9340,.T.);
#9338 = VERTEX_POINT('',#9339);
#9339 = CARTESIAN_POINT('',(205.7,250.,39.));
#9340 = LINE('',#9341,#9342);
#9341 = CARTESIAN_POINT('',(205.7,121.85,39.));
#9342 = VECTOR('',#9343,1.);
#9343 = DIRECTION('',(0.,1.,0.));
#9344 = ORIENTED_EDGE('',*,*,#9345,.F.);
#9345 = EDGE_CURVE('',#9346,#9338,#9348,.T.);
#9346 = VERTEX_POINT('',#9347);
#9347 = CARTESIAN_POINT('',(148.,250.,39.));
#9348 = LINE('',#9349,#9350);
#9349 = CARTESIAN_POINT('',(0.,250.,39.));
#9350 = VECTOR('',#9351,1.);
#9351 = DIRECTION('',(1.,0.,0.));
#9352 = ORIENTED_EDGE('',*,*,#9353,.F.);
#9353 = EDGE_CURVE('',#9354,#9346,#9356,.T.);
#9354 = VERTEX_POINT('',#9355);
#9355 = CARTESIAN_POINT('',(148.,246.,39.));
#9356 = LINE('',#9357,#9358);
#9357 = CARTESIAN_POINT('',(148.,123.,39.));
#9358 = VECTOR('',#9359,1.);
#9359 = DIRECTION('',(0.,1.,0.));
#9360 = ORIENTED_EDGE('',*,*,#9361,.T.);
#9361 = EDGE_CURVE('',#9354,#9362,#9364,.T.);
#9362 = VERTEX_POINT('',#9363);
#9363 = CARTESIAN_POINT('',(114.,246.,39.));
#9364 = LINE('',#9365,#9366);
#9365 = CARTESIAN_POINT('',(57.,246.,39.));
#9366 = VECTOR('',#9367,1.);
#9367 = DIRECTION('',(-1.,0.,0.));
#9368 = ORIENTED_EDGE('',*,*,#9369,.T.);
#9369 = EDGE_CURVE('',#9362,#9370,#9372,.T.);
#9370 = VERTEX_POINT('',#9371);
#9371 = CARTESIAN_POINT('',(114.,250.,39.));
#9372 = LINE('',#9373,#9374);
#9373 = CARTESIAN_POINT('',(114.,123.,39.));
#9374 = VECTOR('',#9375,1.);
#9375 = DIRECTION('',(0.,1.,0.));
#9376 = ORIENTED_EDGE('',*,*,#9377,.F.);
#9377 = EDGE_CURVE('',#9378,#9370,#9380,.T.);
#9378 = VERTEX_POINT('',#9379);
#9379 = CARTESIAN_POINT('',(56.3,250.,39.));
#9380 = LINE('',#9381,#9382);
#9381 = CARTESIAN_POINT('',(0.,250.,39.));
#9382 = VECTOR('',#9383,1.);
#9383 = DIRECTION('',(1.,0.,0.));
#9384 = ORIENTED_EDGE('',*,*,#9385,.F.);
#9385 = EDGE_CURVE('',#9386,#9378,#9388,.T.);
#9386 = VERTEX_POINT('',#9387);
#9387 = CARTESIAN_POINT('',(56.3,243.7,39.));
#9388 = LINE('',#9389,#9390);
#9389 = CARTESIAN_POINT('',(56.3,121.85,39.));
#9390 = VECTOR('',#9391,1.);
#9391 = DIRECTION('',(0.,1.,0.));
#9392 = ORIENTED_EDGE('',*,*,#9393,.T.);
#9393 = EDGE_CURVE('',#9386,#9394,#9396,.T.);
#9394 = VERTEX_POINT('',#9395);
#9395 = CARTESIAN_POINT('',(47.7,243.7,39.));
#9396 = LINE('',#9397,#9398);
#9397 = CARTESIAN_POINT('',(23.85,243.7,39.));
#9398 = VECTOR('',#9399,1.);
#9399 = DIRECTION('',(-1.,0.,0.));
#9400 = ORIENTED_EDGE('',*,*,#9401,.T.);
#9401 = EDGE_CURVE('',#9394,#9402,#9404,.T.);
#9402 = VERTEX_POINT('',#9403);
#9403 = CARTESIAN_POINT('',(47.7,247.8,39.));
#9404 = LINE('',#9405,#9406);
#9405 = CARTESIAN_POINT('',(47.7,121.85,39.));
#9406 = VECTOR('',#9407,1.);
#9407 = DIRECTION('',(0.,1.,0.));
#9408 = ORIENTED_EDGE('',*,*,#9409,.T.);
#9409 = EDGE_CURVE('',#9402,#9410,#9412,.T.);
#9410 = VERTEX_POINT('',#9411);
#9411 = CARTESIAN_POINT('',(28.3,247.8,39.));
#9412 = LINE('',#9413,#9414);
#9413 = CARTESIAN_POINT('',(9.85,247.8,39.));
#9414 = VECTOR('',#9415,1.);
#9415 = DIRECTION('',(-1.,0.,0.));
#9416 = ORIENTED_EDGE('',*,*,#9417,.F.);
#9417 = EDGE_CURVE('',#9418,#9410,#9420,.T.);
#9418 = VERTEX_POINT('',#9419);
#9419 = CARTESIAN_POINT('',(28.3,243.7,39.));
#9420 = LINE('',#9421,#9422);
#9421 = CARTESIAN_POINT('',(28.3,121.85,39.));
#9422 = VECTOR('',#9423,1.);
#9423 = DIRECTION('',(0.,1.,0.));
#9424 = ORIENTED_EDGE('',*,*,#9425,.T.);
#9425 = EDGE_CURVE('',#9418,#9426,#9428,.T.);
#9426 = VERTEX_POINT('',#9427);
#9427 = CARTESIAN_POINT('',(19.7,243.7,39.));
#9428 = LINE('',#9429,#9430);
#9429 = CARTESIAN_POINT('',(9.85,243.7,39.));
#9430 = VECTOR('',#9431,1.);
#9431 = DIRECTION('',(-1.,0.,0.));
#9432 = ORIENTED_EDGE('',*,*,#9433,.T.);
#9433 = EDGE_CURVE('',#9426,#9247,#9434,.T.);
#9434 = LINE('',#9435,#9436);
#9435 = CARTESIAN_POINT('',(19.7,121.85,39.));
#9436 = VECTOR('',#9437,1.);
#9437 = DIRECTION('',(0.,1.,0.));
#9438 = FACE_BOUND('',#9439,.F.);
#9439 = EDGE_LOOP('',(#9440,#9450,#9458,#9466,#9474,#9482));
#9440 = ORIENTED_EDGE('',*,*,#9441,.F.);
#9441 = EDGE_CURVE('',#9442,#9444,#9446,.T.);
#9442 = VERTEX_POINT('',#9443);
#9443 = CARTESIAN_POINT('',(10.9,9.67431578065,39.));
#9444 = VERTEX_POINT('',#9445);
#9445 = CARTESIAN_POINT('',(8.,11.3486315613,39.));
#9446 = LINE('',#9447,#9448);
#9447 = CARTESIAN_POINT('',(10.9,9.67431578065,39.));
#9448 = VECTOR('',#9449,1.);
#9449 = DIRECTION('',(-0.866025403784,0.5,0.));
#9450 = ORIENTED_EDGE('',*,*,#9451,.F.);
#9451 = EDGE_CURVE('',#9452,#9442,#9454,.T.);
#9452 = VERTEX_POINT('',#9453);
#9453 = CARTESIAN_POINT('',(10.9,6.32568421935,39.));
#9454 = LINE('',#9455,#9456);
#9455 = CARTESIAN_POINT('',(10.9,6.32568421935,39.));
#9456 = VECTOR('',#9457,1.);
#9457 = DIRECTION('',(5.304724652093E-16,1.,0.));
#9458 = ORIENTED_EDGE('',*,*,#9459,.F.);
#9459 = EDGE_CURVE('',#9460,#9452,#9462,.T.);
#9460 = VERTEX_POINT('',#9461);
#9461 = CARTESIAN_POINT('',(8.,4.6513684387,39.));
#9462 = LINE('',#9463,#9464);
#9463 = CARTESIAN_POINT('',(8.,4.6513684387,39.));
#9464 = VECTOR('',#9465,1.);
#9465 = DIRECTION('',(0.866025403784,0.5,0.));
#9466 = ORIENTED_EDGE('',*,*,#9467,.F.);
#9467 = EDGE_CURVE('',#9468,#9460,#9470,.T.);
#9468 = VERTEX_POINT('',#9469);
#9469 = CARTESIAN_POINT('',(5.1,6.32568421935,39.));
#9470 = LINE('',#9471,#9472);
#9471 = CARTESIAN_POINT('',(5.1,6.32568421935,39.));
#9472 = VECTOR('',#9473,1.);
#9473 = DIRECTION('',(0.866025403784,-0.5,0.));
#9474 = ORIENTED_EDGE('',*,*,#9475,.F.);
#9475 = EDGE_CURVE('',#9476,#9468,#9478,.T.);
#9476 = VERTEX_POINT('',#9477);
#9477 = CARTESIAN_POINT('',(5.1,9.67431578065,39.));
#9478 = LINE('',#9479,#9480);
#9479 = CARTESIAN_POINT('',(5.1,9.67431578065,39.));
#9480 = VECTOR('',#9481,1.);
#9481 = DIRECTION('',(0.,-1.,0.));
#9482 = ORIENTED_EDGE('',*,*,#9483,.F.);
#9483 = EDGE_CURVE('',#9444,#9476,#9484,.T.);
#9484 = LINE('',#9485,#9486);
#9485 = CARTESIAN_POINT('',(8.,11.3486315613,39.));
#9486 = VECTOR('',#9487,1.);
#9487 = DIRECTION('',(-0.866025403784,-0.5,0.));
#9488 = FACE_BOUND('',#9489,.F.);
#9489 = EDGE_LOOP('',(#9490));
#9490 = ORIENTED_EDGE('',*,*,#9491,.F.);
#9491 = EDGE_CURVE('',#9492,#9492,#9494,.T.);
#9492 = VERTEX_POINT('',#9493);
#9493 = CARTESIAN_POINT('',(14.5,45.,39.));
#9494 = CIRCLE('',#9495,5.5);
#9495 = AXIS2_PLACEMENT_3D('',#9496,#9497,#9498);
#9496 = CARTESIAN_POINT('',(9.,45.,39.));
#9497 = DIRECTION('',(0.,0.,1.));
#9498 = DIRECTION('',(1.,0.,0.));
#9499 = FACE_BOUND('',#9500,.F.);
#9500 = EDGE_LOOP('',(#9501,#9511,#9519,#9527,#9535,#9543));
#9501 = ORIENTED_EDGE('',*,*,#9502,.F.);
#9502 = EDGE_CURVE('',#9503,#9505,#9507,.T.);
#9503 = VERTEX_POINT('',#9504);
#9504 = CARTESIAN_POINT('',(256.9,9.67431578065,39.));
#9505 = VERTEX_POINT('',#9506);
#9506 = CARTESIAN_POINT('',(254.,11.3486315613,39.));
#9507 = LINE('',#9508,#9509);
#9508 = CARTESIAN_POINT('',(256.9,9.67431578065,39.));
#9509 = VECTOR('',#9510,1.);
#9510 = DIRECTION('',(-0.866025403784,0.5,0.));
#9511 = ORIENTED_EDGE('',*,*,#9512,.F.);
#9512 = EDGE_CURVE('',#9513,#9503,#9515,.T.);
#9513 = VERTEX_POINT('',#9514);
#9514 = CARTESIAN_POINT('',(256.9,6.32568421935,39.));
#9515 = LINE('',#9516,#9517);
#9516 = CARTESIAN_POINT('',(256.9,6.32568421935,39.));
#9517 = VECTOR('',#9518,1.);
#9518 = DIRECTION('',(0.,1.,0.));
#9519 = ORIENTED_EDGE('',*,*,#9520,.F.);
#9520 = EDGE_CURVE('',#9521,#9513,#9523,.T.);
#9521 = VERTEX_POINT('',#9522);
#9522 = CARTESIAN_POINT('',(254.,4.6513684387,39.));
#9523 = LINE('',#9524,#9525);
#9524 = CARTESIAN_POINT('',(254.,4.6513684387,39.));
#9525 = VECTOR('',#9526,1.);
#9526 = DIRECTION('',(0.866025403784,0.5,0.));
#9527 = ORIENTED_EDGE('',*,*,#9528,.F.);
#9528 = EDGE_CURVE('',#9529,#9521,#9531,.T.);
#9529 = VERTEX_POINT('',#9530);
#9530 = CARTESIAN_POINT('',(251.1,6.32568421935,39.));
#9531 = LINE('',#9532,#9533);
#9532 = CARTESIAN_POINT('',(251.1,6.32568421935,39.));
#9533 = VECTOR('',#9534,1.);
#9534 = DIRECTION('',(0.866025403784,-0.5,0.));
#9535 = ORIENTED_EDGE('',*,*,#9536,.F.);
#9536 = EDGE_CURVE('',#9537,#9529,#9539,.T.);
#9537 = VERTEX_POINT('',#9538);
#9538 = CARTESIAN_POINT('',(251.1,9.67431578065,39.));
#9539 = LINE('',#9540,#9541);
#9540 = CARTESIAN_POINT('',(251.1,9.67431578065,39.));
#9541 = VECTOR('',#9542,1.);
#9542 = DIRECTION('',(0.,-1.,0.));
#9543 = ORIENTED_EDGE('',*,*,#9544,.F.);
#9544 = EDGE_CURVE('',#9505,#9537,#9545,.T.);
#9545 = LINE('',#9546,#9547);
#9546 = CARTESIAN_POINT('',(254.,11.3486315613,39.));
#9547 = VECTOR('',#9548,1.);
#9548 = DIRECTION('',(-0.866025403784,-0.5,0.));
#9549 = FACE_BOUND('',#9550,.F.);
#9550 = EDGE_LOOP('',(#9551));
#9551 = ORIENTED_EDGE('',*,*,#9552,.F.);
#9552 = EDGE_CURVE('',#9553,#9553,#9555,.T.);
#9553 = VERTEX_POINT('',#9554);
#9554 = CARTESIAN_POINT('',(258.5,45.,39.));
#9555 = CIRCLE('',#9556,5.5);
#9556 = AXIS2_PLACEMENT_3D('',#9557,#9558,#9559);
#9557 = CARTESIAN_POINT('',(253.,45.,39.));
#9558 = DIRECTION('',(0.,0.,1.));
#9559 = DIRECTION('',(1.,0.,0.));
#9560 = FACE_BOUND('',#9561,.F.);
#9561 = EDGE_LOOP('',(#9562,#9572,#9580,#9588));
#9562 = ORIENTED_EDGE('',*,*,#9563,.T.);
#9563 = EDGE_CURVE('',#9564,#9566,#9568,.T.);
#9564 = VERTEX_POINT('',#9565);
#9565 = CARTESIAN_POINT('',(244.,16.,39.));
#9566 = VERTEX_POINT('',#9567);
#9567 = CARTESIAN_POINT('',(18.,16.,39.));
#9568 = LINE('',#9569,#9570);
#9569 = CARTESIAN_POINT('',(9.,16.,39.));
#9570 = VECTOR('',#9571,1.);
#9571 = DIRECTION('',(-1.,0.,0.));
#9572 = ORIENTED_EDGE('',*,*,#9573,.T.);
#9573 = EDGE_CURVE('',#9566,#9574,#9576,.T.);
#9574 = VERTEX_POINT('',#9575);
#9575 = CARTESIAN_POINT('',(18.,172.,39.));
#9576 = LINE('',#9577,#9578);
#9577 = CARTESIAN_POINT('',(18.,8.,39.));
#9578 = VECTOR('',#9579,1.);
#9579 = DIRECTION('',(0.,1.,0.));
#9580 = ORIENTED_EDGE('',*,*,#9581,.F.);
#9581 = EDGE_CURVE('',#9582,#9574,#9584,.T.);
#9582 = VERTEX_POINT('',#9583);
#9583 = CARTESIAN_POINT('',(244.,172.,39.));
#9584 = LINE('',#9585,#9586);
#9585 = CARTESIAN_POINT('',(9.,172.,39.));
#9586 = VECTOR('',#9587,1.);
#9587 = DIRECTION('',(-1.,0.,0.));
#9588 = ORIENTED_EDGE('',*,*,#9589,.F.);
#9589 = EDGE_CURVE('',#9564,#9582,#9590,.T.);
#9590 = LINE('',#9591,#9592);
#9591 = CARTESIAN_POINT('',(244.,8.,39.));
#9592 = VECTOR('',#9593,1.);
#9593 = DIRECTION('',(0.,1.,0.));
#9594 = FACE_BOUND('',#9595,.F.);
#9595 = EDGE_LOOP('',(#9596));
#9596 = ORIENTED_EDGE('',*,*,#9597,.F.);
#9597 = EDGE_CURVE('',#9598,#9598,#9600,.T.);
#9598 = VERTEX_POINT('',#9599);
#9599 = CARTESIAN_POINT('',(14.5,145.,39.));
#9600 = CIRCLE('',#9601,5.5);
#9601 = AXIS2_PLACEMENT_3D('',#9602,#9603,#9604);
#9602 = CARTESIAN_POINT('',(9.,145.,39.));
#9603 = DIRECTION('',(0.,0.,1.));
#9604 = DIRECTION('',(1.,0.,0.));
#9605 = FACE_BOUND('',#9606,.F.);
#9606 = EDGE_LOOP('',(#9607,#9617,#9625,#9633,#9641,#9649));
#9607 = ORIENTED_EDGE('',*,*,#9608,.F.);
#9608 = EDGE_CURVE('',#9609,#9611,#9613,.T.);
#9609 = VERTEX_POINT('',#9610);
#9610 = CARTESIAN_POINT('',(10.9,182.67431578065,39.));
#9611 = VERTEX_POINT('',#9612);
#9612 = CARTESIAN_POINT('',(8.,184.3486315613,39.));
#9613 = LINE('',#9614,#9615);
#9614 = CARTESIAN_POINT('',(10.9,182.67431578065,39.));
#9615 = VECTOR('',#9616,1.);
#9616 = DIRECTION('',(-0.866025403784,0.5,0.));
#9617 = ORIENTED_EDGE('',*,*,#9618,.F.);
#9618 = EDGE_CURVE('',#9619,#9609,#9621,.T.);
#9619 = VERTEX_POINT('',#9620);
#9620 = CARTESIAN_POINT('',(10.9,179.32568421935,39.));
#9621 = LINE('',#9622,#9623);
#9622 = CARTESIAN_POINT('',(10.9,179.32568421935,39.));
#9623 = VECTOR('',#9624,1.);
#9624 = DIRECTION('',(5.304724652093E-16,1.,0.));
#9625 = ORIENTED_EDGE('',*,*,#9626,.F.);
#9626 = EDGE_CURVE('',#9627,#9619,#9629,.T.);
#9627 = VERTEX_POINT('',#9628);
#9628 = CARTESIAN_POINT('',(8.,177.6513684387,39.));
#9629 = LINE('',#9630,#9631);
#9630 = CARTESIAN_POINT('',(8.,177.6513684387,39.));
#9631 = VECTOR('',#9632,1.);
#9632 = DIRECTION('',(0.866025403784,0.5,0.));
#9633 = ORIENTED_EDGE('',*,*,#9634,.F.);
#9634 = EDGE_CURVE('',#9635,#9627,#9637,.T.);
#9635 = VERTEX_POINT('',#9636);
#9636 = CARTESIAN_POINT('',(5.1,179.32568421935,39.));
#9637 = LINE('',#9638,#9639);
#9638 = CARTESIAN_POINT('',(5.1,179.32568421935,39.));
#9639 = VECTOR('',#9640,1.);
#9640 = DIRECTION('',(0.866025403784,-0.5,0.));
#9641 = ORIENTED_EDGE('',*,*,#9642,.F.);
#9642 = EDGE_CURVE('',#9643,#9635,#9645,.T.);
#9643 = VERTEX_POINT('',#9644);
#9644 = CARTESIAN_POINT('',(5.1,182.67431578065,39.));
#9645 = LINE('',#9646,#9647);
#9646 = CARTESIAN_POINT('',(5.1,182.67431578065,39.));
#9647 = VECTOR('',#9648,1.);
#9648 = DIRECTION('',(0.,-1.,0.));
#9649 = ORIENTED_EDGE('',*,*,#9650,.F.);
#9650 = EDGE_CURVE('',#9611,#9643,#9651,.T.);
#9651 = LINE('',#9652,#9653);
#9652 = CARTESIAN_POINT('',(8.,184.3486315613,39.));
#9653 = VECTOR('',#9654,1.);
#9654 = DIRECTION('',(-0.866025403784,-0.5,0.));
#9655 = FACE_BOUND('',#9656,.F.);
#9656 = EDGE_LOOP('',(#9657,#9667,#9675,#9683));
#9657 = ORIENTED_EDGE('',*,*,#9658,.T.);
#9658 = EDGE_CURVE('',#9659,#9661,#9663,.T.);
#9659 = VERTEX_POINT('',#9660);
#9660 = CARTESIAN_POINT('',(35.,208.,39.));
#9661 = VERTEX_POINT('',#9662);
#9662 = CARTESIAN_POINT('',(32.,208.,39.));
#9663 = LINE('',#9664,#9665);
#9664 = CARTESIAN_POINT('',(16.,208.,39.));
#9665 = VECTOR('',#9666,1.);
#9666 = DIRECTION('',(-1.,0.,0.));
#9667 = ORIENTED_EDGE('',*,*,#9668,.T.);
#9668 = EDGE_CURVE('',#9661,#9669,#9671,.T.);
#9669 = VERTEX_POINT('',#9670);
#9670 = CARTESIAN_POINT('',(32.,230.,39.));
#9671 = LINE('',#9672,#9673);
#9672 = CARTESIAN_POINT('',(32.,104.,39.));
#9673 = VECTOR('',#9674,1.);
#9674 = DIRECTION('',(0.,1.,0.));
#9675 = ORIENTED_EDGE('',*,*,#9676,.F.);
#9676 = EDGE_CURVE('',#9677,#9669,#9679,.T.);
#9677 = VERTEX_POINT('',#9678);
#9678 = CARTESIAN_POINT('',(35.,230.,39.));
#9679 = LINE('',#9680,#9681);
#9680 = CARTESIAN_POINT('',(16.,230.,39.));
#9681 = VECTOR('',#9682,1.);
#9682 = DIRECTION('',(-1.,0.,0.));
#9683 = ORIENTED_EDGE('',*,*,#9684,.F.);
#9684 = EDGE_CURVE('',#9659,#9677,#9685,.T.);
#9685 = LINE('',#9686,#9687);
#9686 = CARTESIAN_POINT('',(35.,104.,39.));
#9687 = VECTOR('',#9688,1.);
#9688 = DIRECTION('',(0.,1.,0.));
#9689 = FACE_BOUND('',#9690,.F.);
#9690 = EDGE_LOOP('',(#9691,#9701,#9709,#9717,#9725,#9733));
#9691 = ORIENTED_EDGE('',*,*,#9692,.F.);
#9692 = EDGE_CURVE('',#9693,#9695,#9697,.T.);
#9693 = VERTEX_POINT('',#9694);
#9694 = CARTESIAN_POINT('',(10.9,243.67431578065,39.));
#9695 = VERTEX_POINT('',#9696);
#9696 = CARTESIAN_POINT('',(8.,245.3486315613,39.));
#9697 = LINE('',#9698,#9699);
#9698 = CARTESIAN_POINT('',(10.9,243.67431578065,39.));
#9699 = VECTOR('',#9700,1.);
#9700 = DIRECTION('',(-0.866025403784,0.5,0.));
#9701 = ORIENTED_EDGE('',*,*,#9702,.F.);
#9702 = EDGE_CURVE('',#9703,#9693,#9705,.T.);
#9703 = VERTEX_POINT('',#9704);
#9704 = CARTESIAN_POINT('',(10.9,240.32568421935,39.));
#9705 = LINE('',#9706,#9707);
#9706 = CARTESIAN_POINT('',(10.9,240.32568421935,39.));
#9707 = VECTOR('',#9708,1.);
#9708 = DIRECTION('',(5.304724652093E-16,1.,0.));
#9709 = ORIENTED_EDGE('',*,*,#9710,.F.);
#9710 = EDGE_CURVE('',#9711,#9703,#9713,.T.);
#9711 = VERTEX_POINT('',#9712);
#9712 = CARTESIAN_POINT('',(8.,238.6513684387,39.));
#9713 = LINE('',#9714,#9715);
#9714 = CARTESIAN_POINT('',(8.,238.6513684387,39.));
#9715 = VECTOR('',#9716,1.);
#9716 = DIRECTION('',(0.866025403784,0.5,0.));
#9717 = ORIENTED_EDGE('',*,*,#9718,.F.);
#9718 = EDGE_CURVE('',#9719,#9711,#9721,.T.);
#9719 = VERTEX_POINT('',#9720);
#9720 = CARTESIAN_POINT('',(5.1,240.32568421935,39.));
#9721 = LINE('',#9722,#9723);
#9722 = CARTESIAN_POINT('',(5.1,240.32568421935,39.));
#9723 = VECTOR('',#9724,1.);
#9724 = DIRECTION('',(0.866025403784,-0.5,0.));
#9725 = ORIENTED_EDGE('',*,*,#9726,.F.);
#9726 = EDGE_CURVE('',#9727,#9719,#9729,.T.);
#9727 = VERTEX_POINT('',#9728);
#9728 = CARTESIAN_POINT('',(5.1,243.67431578065,39.));
#9729 = LINE('',#9730,#9731);
#9730 = CARTESIAN_POINT('',(5.1,243.67431578065,39.));
#9731 = VECTOR('',#9732,1.);
#9732 = DIRECTION('',(0.,-1.,0.));
#9733 = ORIENTED_EDGE('',*,*,#9734,.F.);
#9734 = EDGE_CURVE('',#9695,#9727,#9735,.T.);
#9735 = LINE('',#9736,#9737);
#9736 = CARTESIAN_POINT('',(8.,245.3486315613,39.));
#9737 = VECTOR('',#9738,1.);
#9738 = DIRECTION('',(-0.866025403784,-0.5,0.));
#9739 = FACE_BOUND('',#9740,.F.);
#9740 = EDGE_LOOP('',(#9741,#9751,#9759,#9767));
#9741 = ORIENTED_EDGE('',*,*,#9742,.T.);
#9742 = EDGE_CURVE('',#9743,#9745,#9747,.T.);
#9743 = VERTEX_POINT('',#9744);
#9744 = CARTESIAN_POINT('',(42.,208.,39.));
#9745 = VERTEX_POINT('',#9746);
#9746 = CARTESIAN_POINT('',(39.,208.,39.));
#9747 = LINE('',#9748,#9749);
#9748 = CARTESIAN_POINT('',(19.5,208.,39.));
#9749 = VECTOR('',#9750,1.);
#9750 = DIRECTION('',(-1.,0.,0.));
#9751 = ORIENTED_EDGE('',*,*,#9752,.T.);
#9752 = EDGE_CURVE('',#9745,#9753,#9755,.T.);
#9753 = VERTEX_POINT('',#9754);
#9754 = CARTESIAN_POINT('',(39.,230.,39.));
#9755 = LINE('',#9756,#9757);
#9756 = CARTESIAN_POINT('',(39.,104.,39.));
#9757 = VECTOR('',#9758,1.);
#9758 = DIRECTION('',(0.,1.,0.));
#9759 = ORIENTED_EDGE('',*,*,#9760,.F.);
#9760 = EDGE_CURVE('',#9761,#9753,#9763,.T.);
#9761 = VERTEX_POINT('',#9762);
#9762 = CARTESIAN_POINT('',(42.,230.,39.));
#9763 = LINE('',#9764,#9765);
#9764 = CARTESIAN_POINT('',(19.5,230.,39.));
#9765 = VECTOR('',#9766,1.);
#9766 = DIRECTION('',(-1.,0.,0.));
#9767 = ORIENTED_EDGE('',*,*,#9768,.F.);
#9768 = EDGE_CURVE('',#9743,#9761,#9769,.T.);
#9769 = LINE('',#9770,#9771);
#9770 = CARTESIAN_POINT('',(42.,104.,39.));
#9771 = VECTOR('',#9772,1.);
#9772 = DIRECTION('',(0.,1.,0.));
#9773 = FACE_BOUND('',#9774,.F.);
#9774 = EDGE_LOOP('',(#9775,#9785,#9793,#9801));
#9775 = ORIENTED_EDGE('',*,*,#9776,.T.);
#9776 = EDGE_CURVE('',#9777,#9779,#9781,.T.);
#9777 = VERTEX_POINT('',#9778);
#9778 = CARTESIAN_POINT('',(49.,208.,39.));
#9779 = VERTEX_POINT('',#9780);
#9780 = CARTESIAN_POINT('',(46.,208.,39.));
#9781 = LINE('',#9782,#9783);
#9782 = CARTESIAN_POINT('',(23.,208.,39.));
#9783 = VECTOR('',#9784,1.);
#9784 = DIRECTION('',(-1.,0.,0.));
#9785 = ORIENTED_EDGE('',*,*,#9786,.T.);
#9786 = EDGE_CURVE('',#9779,#9787,#9789,.T.);
#9787 = VERTEX_POINT('',#9788);
#9788 = CARTESIAN_POINT('',(46.,230.,39.));
#9789 = LINE('',#9790,#9791);
#9790 = CARTESIAN_POINT('',(46.,104.,39.));
#9791 = VECTOR('',#9792,1.);
#9792 = DIRECTION('',(0.,1.,0.));
#9793 = ORIENTED_EDGE('',*,*,#9794,.F.);
#9794 = EDGE_CURVE('',#9795,#9787,#9797,.T.);
#9795 = VERTEX_POINT('',#9796);
#9796 = CARTESIAN_POINT('',(49.,230.,39.));
#9797 = LINE('',#9798,#9799);
#9798 = CARTESIAN_POINT('',(23.,230.,39.));
#9799 = VECTOR('',#9800,1.);
#9800 = DIRECTION('',(-1.,0.,0.));
#9801 = ORIENTED_EDGE('',*,*,#9802,.F.);
#9802 = EDGE_CURVE('',#9777,#9795,#9803,.T.);
#9803 = LINE('',#9804,#9805);
#9804 = CARTESIAN_POINT('',(49.,104.,39.));
#9805 = VECTOR('',#9806,1.);
#9806 = DIRECTION('',(0.,1.,0.));
#9807 = FACE_BOUND('',#9808,.F.);
#9808 = EDGE_LOOP('',(#9809,#9819,#9827,#9835));
#9809 = ORIENTED_EDGE('',*,*,#9810,.T.);
#9810 = EDGE_CURVE('',#9811,#9813,#9815,.T.);
#9811 = VERTEX_POINT('',#9812);
#9812 = CARTESIAN_POINT('',(56.,208.,39.));
#9813 = VERTEX_POINT('',#9814);
#9814 = CARTESIAN_POINT('',(53.,208.,39.));
#9815 = LINE('',#9816,#9817);
#9816 = CARTESIAN_POINT('',(26.5,208.,39.));
#9817 = VECTOR('',#9818,1.);
#9818 = DIRECTION('',(-1.,0.,0.));
#9819 = ORIENTED_EDGE('',*,*,#9820,.T.);
#9820 = EDGE_CURVE('',#9813,#9821,#9823,.T.);
#9821 = VERTEX_POINT('',#9822);
#9822 = CARTESIAN_POINT('',(53.,230.,39.));
#9823 = LINE('',#9824,#9825);
#9824 = CARTESIAN_POINT('',(53.,104.,39.));
#9825 = VECTOR('',#9826,1.);
#9826 = DIRECTION('',(0.,1.,0.));
#9827 = ORIENTED_EDGE('',*,*,#9828,.F.);
#9828 = EDGE_CURVE('',#9829,#9821,#9831,.T.);
#9829 = VERTEX_POINT('',#9830);
#9830 = CARTESIAN_POINT('',(56.,230.,39.));
#9831 = LINE('',#9832,#9833);
#9832 = CARTESIAN_POINT('',(26.5,230.,39.));
#9833 = VECTOR('',#9834,1.);
#9834 = DIRECTION('',(-1.,0.,0.));
#9835 = ORIENTED_EDGE('',*,*,#9836,.F.);
#9836 = EDGE_CURVE('',#9811,#9829,#9837,.T.);
#9837 = LINE('',#9838,#9839);
#9838 = CARTESIAN_POINT('',(56.,104.,39.));
#9839 = VECTOR('',#9840,1.);
#9840 = DIRECTION('',(0.,1.,0.));
#9841 = FACE_BOUND('',#9842,.F.);
#9842 = EDGE_LOOP('',(#9843,#9853,#9861,#9869));
#9843 = ORIENTED_EDGE('',*,*,#9844,.T.);
#9844 = EDGE_CURVE('',#9845,#9847,#9849,.T.);
#9845 = VERTEX_POINT('',#9846);
#9846 = CARTESIAN_POINT('',(63.,208.,39.));
#9847 = VERTEX_POINT('',#9848);
#9848 = CARTESIAN_POINT('',(60.,208.,39.));
#9849 = LINE('',#9850,#9851);
#9850 = CARTESIAN_POINT('',(30.,208.,39.));
#9851 = VECTOR('',#9852,1.);
#9852 = DIRECTION('',(-1.,0.,0.));
#9853 = ORIENTED_EDGE('',*,*,#9854,.T.);
#9854 = EDGE_CURVE('',#9847,#9855,#9857,.T.);
#9855 = VERTEX_POINT('',#9856);
#9856 = CARTESIAN_POINT('',(60.,230.,39.));
#9857 = LINE('',#9858,#9859);
#9858 = CARTESIAN_POINT('',(60.,104.,39.));
#9859 = VECTOR('',#9860,1.);
#9860 = DIRECTION('',(0.,1.,0.));
#9861 = ORIENTED_EDGE('',*,*,#9862,.F.);
#9862 = EDGE_CURVE('',#9863,#9855,#9865,.T.);
#9863 = VERTEX_POINT('',#9864);
#9864 = CARTESIAN_POINT('',(63.,230.,39.));
#9865 = LINE('',#9866,#9867);
#9866 = CARTESIAN_POINT('',(30.,230.,39.));
#9867 = VECTOR('',#9868,1.);
#9868 = DIRECTION('',(-1.,0.,0.));
#9869 = ORIENTED_EDGE('',*,*,#9870,.F.);
#9870 = EDGE_CURVE('',#9845,#9863,#9871,.T.);
#9871 = LINE('',#9872,#9873);
#9872 = CARTESIAN_POINT('',(63.,104.,39.));
#9873 = VECTOR('',#9874,1.);
#9874 = DIRECTION('',(0.,1.,0.));
#9875 = FACE_BOUND('',#9876,.F.);
#9876 = EDGE_LOOP('',(#9877,#9887,#9895,#9903));
#9877 = ORIENTED_EDGE('',*,*,#9878,.T.);
#9878 = EDGE_CURVE('',#9879,#9881,#9883,.T.);
#9879 = VERTEX_POINT('',#9880);
#9880 = CARTESIAN_POINT('',(70.,208.,39.));
#9881 = VERTEX_POINT('',#9882);
#9882 = CARTESIAN_POINT('',(67.,208.,39.));
#9883 = LINE('',#9884,#9885);
#9884 = CARTESIAN_POINT('',(33.5,208.,39.));
#9885 = VECTOR('',#9886,1.);
#9886 = DIRECTION('',(-1.,0.,0.));
#9887 = ORIENTED_EDGE('',*,*,#9888,.T.);
#9888 = EDGE_CURVE('',#9881,#9889,#9891,.T.);
#9889 = VERTEX_POINT('',#9890);
#9890 = CARTESIAN_POINT('',(67.,230.,39.));
#9891 = LINE('',#9892,#9893);
#9892 = CARTESIAN_POINT('',(67.,104.,39.));
#9893 = VECTOR('',#9894,1.);
#9894 = DIRECTION('',(0.,1.,0.));
#9895 = ORIENTED_EDGE('',*,*,#9896,.F.);
#9896 = EDGE_CURVE('',#9897,#9889,#9899,.T.);
#9897 = VERTEX_POINT('',#9898);
#9898 = CARTESIAN_POINT('',(70.,230.,39.));
#9899 = LINE('',#9900,#9901);
#9900 = CARTESIAN_POINT('',(33.5,230.,39.));
#9901 = VECTOR('',#9902,1.);
#9902 = DIRECTION('',(-1.,0.,0.));
#9903 = ORIENTED_EDGE('',*,*,#9904,.F.);
#9904 = EDGE_CURVE('',#9879,#9897,#9905,.T.);
#9905 = LINE('',#9906,#9907);
#9906 = CARTESIAN_POINT('',(70.,104.,39.));
#9907 = VECTOR('',#9908,1.);
#9908 = DIRECTION('',(0.,1.,0.));
#9909 = FACE_BOUND('',#9910,.F.);
#9910 = EDGE_LOOP('',(#9911,#9921,#9929,#9937));
#9911 = ORIENTED_EDGE('',*,*,#9912,.T.);
#9912 = EDGE_CURVE('',#9913,#9915,#9917,.T.);
#9913 = VERTEX_POINT('',#9914);
#9914 = CARTESIAN_POINT('',(77.,208.,39.));
#9915 = VERTEX_POINT('',#9916);
#9916 = CARTESIAN_POINT('',(74.,208.,39.));
#9917 = LINE('',#9918,#9919);
#9918 = CARTESIAN_POINT('',(37.,208.,39.));
#9919 = VECTOR('',#9920,1.);
#9920 = DIRECTION('',(-1.,0.,0.));
#9921 = ORIENTED_EDGE('',*,*,#9922,.T.);
#9922 = EDGE_CURVE('',#9915,#9923,#9925,.T.);
#9923 = VERTEX_POINT('',#9924);
#9924 = CARTESIAN_POINT('',(74.,230.,39.));
#9925 = LINE('',#9926,#9927);
#9926 = CARTESIAN_POINT('',(74.,104.,39.));
#9927 = VECTOR('',#9928,1.);
#9928 = DIRECTION('',(0.,1.,0.));
#9929 = ORIENTED_EDGE('',*,*,#9930,.F.);
#9930 = EDGE_CURVE('',#9931,#9923,#9933,.T.);
#9931 = VERTEX_POINT('',#9932);
#9932 = CARTESIAN_POINT('',(77.,230.,39.));
#9933 = LINE('',#9934,#9935);
#9934 = CARTESIAN_POINT('',(37.,230.,39.));
#9935 = VECTOR('',#9936,1.);
#9936 = DIRECTION('',(-1.,0.,0.));
#9937 = ORIENTED_EDGE('',*,*,#9938,.F.);
#9938 = EDGE_CURVE('',#9913,#9931,#9939,.T.);
#9939 = LINE('',#9940,#9941);
#9940 = CARTESIAN_POINT('',(77.,104.,39.));
#9941 = VECTOR('',#9942,1.);
#9942 = DIRECTION('',(0.,1.,0.));
#9943 = FACE_BOUND('',#9944,.F.);
#9944 = EDGE_LOOP('',(#9945,#9955,#9963,#9971));
#9945 = ORIENTED_EDGE('',*,*,#9946,.T.);
#9946 = EDGE_CURVE('',#9947,#9949,#9951,.T.);
#9947 = VERTEX_POINT('',#9948);
#9948 = CARTESIAN_POINT('',(84.,208.,39.));
#9949 = VERTEX_POINT('',#9950);
#9950 = CARTESIAN_POINT('',(81.,208.,39.));
#9951 = LINE('',#9952,#9953);
#9952 = CARTESIAN_POINT('',(40.5,208.,39.));
#9953 = VECTOR('',#9954,1.);
#9954 = DIRECTION('',(-1.,0.,0.));
#9955 = ORIENTED_EDGE('',*,*,#9956,.T.);
#9956 = EDGE_CURVE('',#9949,#9957,#9959,.T.);
#9957 = VERTEX_POINT('',#9958);
#9958 = CARTESIAN_POINT('',(81.,230.,39.));
#9959 = LINE('',#9960,#9961);
#9960 = CARTESIAN_POINT('',(81.,104.,39.));
#9961 = VECTOR('',#9962,1.);
#9962 = DIRECTION('',(0.,1.,0.));
#9963 = ORIENTED_EDGE('',*,*,#9964,.F.);
#9964 = EDGE_CURVE('',#9965,#9957,#9967,.T.);
#9965 = VERTEX_POINT('',#9966);
#9966 = CARTESIAN_POINT('',(84.,230.,39.));
#9967 = LINE('',#9968,#9969);
#9968 = CARTESIAN_POINT('',(40.5,230.,39.));
#9969 = VECTOR('',#9970,1.);
#9970 = DIRECTION('',(-1.,0.,0.));
#9971 = ORIENTED_EDGE('',*,*,#9972,.F.);
#9972 = EDGE_CURVE('',#9947,#9965,#9973,.T.);
#9973 = LINE('',#9974,#9975);
#9974 = CARTESIAN_POINT('',(84.,104.,39.));
#9975 = VECTOR('',#9976,1.);
#9976 = DIRECTION('',(0.,1.,0.));
#9977 = FACE_BOUND('',#9978,.F.);
#9978 = EDGE_LOOP('',(#9979,#9989,#9997,#10005));
#9979 = ORIENTED_EDGE('',*,*,#9980,.T.);
#9980 = EDGE_CURVE('',#9981,#9983,#9985,.T.);
#9981 = VERTEX_POINT('',#9982);
#9982 = CARTESIAN_POINT('',(91.,208.,39.));
#9983 = VERTEX_POINT('',#9984);
#9984 = CARTESIAN_POINT('',(88.,208.,39.));
#9985 = LINE('',#9986,#9987);
#9986 = CARTESIAN_POINT('',(44.,208.,39.));
#9987 = VECTOR('',#9988,1.);
#9988 = DIRECTION('',(-1.,0.,0.));
#9989 = ORIENTED_EDGE('',*,*,#9990,.T.);
#9990 = EDGE_CURVE('',#9983,#9991,#9993,.T.);
#9991 = VERTEX_POINT('',#9992);
#9992 = CARTESIAN_POINT('',(88.,230.,39.));
#9993 = LINE('',#9994,#9995);
#9994 = CARTESIAN_POINT('',(88.,104.,39.));
#9995 = VECTOR('',#9996,1.);
#9996 = DIRECTION('',(0.,1.,0.));
#9997 = ORIENTED_EDGE('',*,*,#9998,.F.);
#9998 = EDGE_CURVE('',#9999,#9991,#10001,.T.);
#9999 = VERTEX_POINT('',#10000);
#10000 = CARTESIAN_POINT('',(91.,230.,39.));
#10001 = LINE('',#10002,#10003);
#10002 = CARTESIAN_POINT('',(44.,230.,39.));
#10003 = VECTOR('',#10004,1.);
#10004 = DIRECTION('',(-1.,0.,0.));
#10005 = ORIENTED_EDGE('',*,*,#10006,.F.);
#10006 = EDGE_CURVE('',#9981,#9999,#10007,.T.);
#10007 = LINE('',#10008,#10009);
#10008 = CARTESIAN_POINT('',(91.,104.,39.));
#10009 = VECTOR('',#10010,1.);
#10010 = DIRECTION('',(0.,1.,0.));
#10011 = FACE_BOUND('',#10012,.F.);
#10012 = EDGE_LOOP('',(#10013,#10023,#10031,#10039));
#10013 = ORIENTED_EDGE('',*,*,#10014,.T.);
#10014 = EDGE_CURVE('',#10015,#10017,#10019,.T.);
#10015 = VERTEX_POINT('',#10016);
#10016 = CARTESIAN_POINT('',(98.,208.,39.));
#10017 = VERTEX_POINT('',#10018);
#10018 = CARTESIAN_POINT('',(95.,208.,39.));
#10019 = LINE('',#10020,#10021);
#10020 = CARTESIAN_POINT('',(47.5,208.,39.));
#10021 = VECTOR('',#10022,1.);
#10022 = DIRECTION('',(-1.,0.,0.));
#10023 = ORIENTED_EDGE('',*,*,#10024,.T.);
#10024 = EDGE_CURVE('',#10017,#10025,#10027,.T.);
#10025 = VERTEX_POINT('',#10026);
#10026 = CARTESIAN_POINT('',(95.,230.,39.));
#10027 = LINE('',#10028,#10029);
#10028 = CARTESIAN_POINT('',(95.,104.,39.));
#10029 = VECTOR('',#10030,1.);
#10030 = DIRECTION('',(0.,1.,0.));
#10031 = ORIENTED_EDGE('',*,*,#10032,.F.);
#10032 = EDGE_CURVE('',#10033,#10025,#10035,.T.);
#10033 = VERTEX_POINT('',#10034);
#10034 = CARTESIAN_POINT('',(98.,230.,39.));
#10035 = LINE('',#10036,#10037);
#10036 = CARTESIAN_POINT('',(47.5,230.,39.));
#10037 = VECTOR('',#10038,1.);
#10038 = DIRECTION('',(-1.,0.,0.));
#10039 = ORIENTED_EDGE('',*,*,#10040,.F.);
#10040 = EDGE_CURVE('',#10015,#10033,#10041,.T.);
#10041 = LINE('',#10042,#10043);
#10042 = CARTESIAN_POINT('',(98.,104.,39.));
#10043 = VECTOR('',#10044,1.);
#10044 = DIRECTION('',(0.,1.,0.));
#10045 = FACE_BOUND('',#10046,.F.);
#10046 = EDGE_LOOP('',(#10047));
#10047 = ORIENTED_EDGE('',*,*,#10048,.F.);
#10048 = EDGE_CURVE('',#10049,#10049,#10051,.T.);
#10049 = VERTEX_POINT('',#10050);
#10050 = CARTESIAN_POINT('',(258.5,145.,39.));
#10051 = CIRCLE('',#10052,5.5);
#10052 = AXIS2_PLACEMENT_3D('',#10053,#10054,#10055);
#10053 = CARTESIAN_POINT('',(253.,145.,39.));
#10054 = DIRECTION('',(0.,0.,1.));
#10055 = DIRECTION('',(1.,0.,0.));
#10056 = FACE_BOUND('',#10057,.F.);
#10057 = EDGE_LOOP('',(#10058,#10068,#10076,#10084,#10092,#10100));
#10058 = ORIENTED_EDGE('',*,*,#10059,.F.);
#10059 = EDGE_CURVE('',#10060,#10062,#10064,.T.);
#10060 = VERTEX_POINT('',#10061);
#10061 = CARTESIAN_POINT('',(256.9,182.67431578065,39.));
#10062 = VERTEX_POINT('',#10063);
#10063 = CARTESIAN_POINT('',(254.,184.3486315613,39.));
#10064 = LINE('',#10065,#10066);
#10065 = CARTESIAN_POINT('',(256.9,182.67431578065,39.));
#10066 = VECTOR('',#10067,1.);
#10067 = DIRECTION('',(-0.866025403784,0.5,0.));
#10068 = ORIENTED_EDGE('',*,*,#10069,.F.);
#10069 = EDGE_CURVE('',#10070,#10060,#10072,.T.);
#10070 = VERTEX_POINT('',#10071);
#10071 = CARTESIAN_POINT('',(256.9,179.32568421935,39.));
#10072 = LINE('',#10073,#10074);
#10073 = CARTESIAN_POINT('',(256.9,179.32568421935,39.));
#10074 = VECTOR('',#10075,1.);
#10075 = DIRECTION('',(0.,1.,0.));
#10076 = ORIENTED_EDGE('',*,*,#10077,.F.);
#10077 = EDGE_CURVE('',#10078,#10070,#10080,.T.);
#10078 = VERTEX_POINT('',#10079);
#10079 = CARTESIAN_POINT('',(254.,177.6513684387,39.));
#10080 = LINE('',#10081,#10082);
#10081 = CARTESIAN_POINT('',(254.,177.6513684387,39.));
#10082 = VECTOR('',#10083,1.);
#10083 = DIRECTION('',(0.866025403784,0.5,0.));
#10084 = ORIENTED_EDGE('',*,*,#10085,.F.);
#10085 = EDGE_CURVE('',#10086,#10078,#10088,.T.);
#10086 = VERTEX_POINT('',#10087);
#10087 = CARTESIAN_POINT('',(251.1,179.32568421935,39.));
#10088 = LINE('',#10089,#10090);
#10089 = CARTESIAN_POINT('',(251.1,179.32568421935,39.));
#10090 = VECTOR('',#10091,1.);
#10091 = DIRECTION('',(0.866025403784,-0.5,0.));
#10092 = ORIENTED_EDGE('',*,*,#10093,.F.);
#10093 = EDGE_CURVE('',#10094,#10086,#10096,.T.);
#10094 = VERTEX_POINT('',#10095);
#10095 = CARTESIAN_POINT('',(251.1,182.67431578065,39.));
#10096 = LINE('',#10097,#10098);
#10097 = CARTESIAN_POINT('',(251.1,182.67431578065,39.));
#10098 = VECTOR('',#10099,1.);
#10099 = DIRECTION('',(0.,-1.,0.));
#10100 = ORIENTED_EDGE('',*,*,#10101,.F.);
#10101 = EDGE_CURVE('',#10062,#10094,#10102,.T.);
#10102 = LINE('',#10103,#10104);
#10103 = CARTESIAN_POINT('',(254.,184.3486315613,39.));
#10104 = VECTOR('',#10105,1.);
#10105 = DIRECTION('',(-0.866025403784,-0.5,0.));
#10106 = FACE_BOUND('',#10107,.F.);
#10107 = EDGE_LOOP('',(#10108,#10118,#10126,#10134,#10142,#10150));
#10108 = ORIENTED_EDGE('',*,*,#10109,.F.);
#10109 = EDGE_CURVE('',#10110,#10112,#10114,.T.);
#10110 = VERTEX_POINT('',#10111);
#10111 = CARTESIAN_POINT('',(256.9,243.67431578065,39.));
#10112 = VERTEX_POINT('',#10113);
#10113 = CARTESIAN_POINT('',(254.,245.3486315613,39.));
#10114 = LINE('',#10115,#10116);
#10115 = CARTESIAN_POINT('',(256.9,243.67431578065,39.));
#10116 = VECTOR('',#10117,1.);
#10117 = DIRECTION('',(-0.866025403784,0.5,0.));
#10118 = ORIENTED_EDGE('',*,*,#10119,.F.);
#10119 = EDGE_CURVE('',#10120,#10110,#10122,.T.);
#10120 = VERTEX_POINT('',#10121);
#10121 = CARTESIAN_POINT('',(256.9,240.32568421935,39.));
#10122 = LINE('',#10123,#10124);
#10123 = CARTESIAN_POINT('',(256.9,240.32568421935,39.));
#10124 = VECTOR('',#10125,1.);
#10125 = DIRECTION('',(0.,1.,0.));
#10126 = ORIENTED_EDGE('',*,*,#10127,.F.);
#10127 = EDGE_CURVE('',#10128,#10120,#10130,.T.);
#10128 = VERTEX_POINT('',#10129);
#10129 = CARTESIAN_POINT('',(254.,238.6513684387,39.));
#10130 = LINE('',#10131,#10132);
#10131 = CARTESIAN_POINT('',(254.,238.6513684387,39.));
#10132 = VECTOR('',#10133,1.);
#10133 = DIRECTION('',(0.866025403784,0.5,0.));
#10134 = ORIENTED_EDGE('',*,*,#10135,.F.);
#10135 = EDGE_CURVE('',#10136,#10128,#10138,.T.);
#10136 = VERTEX_POINT('',#10137);
#10137 = CARTESIAN_POINT('',(251.1,240.32568421935,39.));
#10138 = LINE('',#10139,#10140);
#10139 = CARTESIAN_POINT('',(251.1,240.32568421935,39.));
#10140 = VECTOR('',#10141,1.);
#10141 = DIRECTION('',(0.866025403784,-0.5,0.));
#10142 = ORIENTED_EDGE('',*,*,#10143,.F.);
#10143 = EDGE_CURVE('',#10144,#10136,#10146,.T.);
#10144 = VERTEX_POINT('',#10145);
#10145 = CARTESIAN_POINT('',(251.1,243.67431578065,39.));
#10146 = LINE('',#10147,#10148);
#10147 = CARTESIAN_POINT('',(251.1,243.67431578065,39.));
#10148 = VECTOR('',#10149,1.);
#10149 = DIRECTION('',(0.,-1.,0.));
#10150 = ORIENTED_EDGE('',*,*,#10151,.F.);
#10151 = EDGE_CURVE('',#10112,#10144,#10152,.T.);
#10152 = LINE('',#10153,#10154);
#10153 = CARTESIAN_POINT('',(254.,245.3486315613,39.));
#10154 = VECTOR('',#10155,1.);
#10155 = DIRECTION('',(-0.866025403784,-0.5,0.));
#10156 = PLANE('',#10157);
#10157 = AXIS2_PLACEMENT_3D('',#10158,#10159,#10160);
#10158 = CARTESIAN_POINT('',(0.,0.,39.));
#10159 = DIRECTION('',(0.,0.,1.));
#10160 = DIRECTION('',(1.,0.,0.));
#10161 = ADVANCED_FACE('',(#10162),#10173,.T.);
#10162 = FACE_BOUND('',#10163,.T.);
#10163 = EDGE_LOOP('',(#10164,#10165,#10166,#10172));
#10164 = ORIENTED_EDGE('',*,*,#8674,.F.);
#10165 = ORIENTED_EDGE('',*,*,#9273,.T.);
#10166 = ORIENTED_EDGE('',*,*,#10167,.T.);
#10167 = EDGE_CURVE('',#9274,#8699,#10168,.T.);
#10168 = LINE('',#10169,#10170);
#10169 = CARTESIAN_POINT('',(262.,250.,39.));
#10170 = VECTOR('',#10171,1.);
#10171 = DIRECTION('',(0.,0.,1.));
#10172 = ORIENTED_EDGE('',*,*,#8698,.F.);
#10173 = PLANE('',#10174);
#10174 = AXIS2_PLACEMENT_3D('',#10175,#10176,#10177);
#10175 = CARTESIAN_POINT('',(262.,0.,39.));
#10176 = DIRECTION('',(1.,0.,0.));
#10177 = DIRECTION('',(0.,0.,1.));
#10178 = ADVANCED_FACE('',(#10179),#10195,.T.);
#10179 = FACE_BOUND('',#10180,.T.);
#10180 = EDGE_LOOP('',(#10181,#10187,#10188,#10194));
#10181 = ORIENTED_EDGE('',*,*,#10182,.F.);
#10182 = EDGE_CURVE('',#9418,#8843,#10183,.T.);
#10183 = LINE('',#10184,#10185);
#10184 = CARTESIAN_POINT('',(28.3,243.7,38.));
#10185 = VECTOR('',#10186,1.);
#10186 = DIRECTION('',(0.,0.,1.));
#10187 = ORIENTED_EDGE('',*,*,#9425,.T.);
#10188 = ORIENTED_EDGE('',*,*,#10189,.T.);
#10189 = EDGE_CURVE('',#9426,#8851,#10190,.T.);
#10190 = LINE('',#10191,#10192);
#10191 = CARTESIAN_POINT('',(19.7,243.7,38.));
#10192 = VECTOR('',#10193,1.);
#10193 = DIRECTION('',(0.,0.,1.));
#10194 = ORIENTED_EDGE('',*,*,#8850,.F.);
#10195 = PLANE('',#10196);
#10196 = AXIS2_PLACEMENT_3D('',#10197,#10198,#10199);
#10197 = CARTESIAN_POINT('',(19.7,243.7,38.));
#10198 = DIRECTION('',(0.,1.,0.));
#10199 = DIRECTION('',(0.,0.,1.));
#10200 = ADVANCED_FACE('',(#10201),#10212,.T.);
#10201 = FACE_BOUND('',#10202,.T.);
#10202 = EDGE_LOOP('',(#10203,#10204,#10210,#10211));
#10203 = ORIENTED_EDGE('',*,*,#9281,.F.);
#10204 = ORIENTED_EDGE('',*,*,#10205,.F.);
#10205 = EDGE_CURVE('',#8707,#9282,#10206,.T.);
#10206 = LINE('',#10207,#10208);
#10207 = CARTESIAN_POINT('',(242.3,250.,38.5));
#10208 = VECTOR('',#10209,1.);
#10209 = DIRECTION('',(0.,0.,-1.));
#10210 = ORIENTED_EDGE('',*,*,#8706,.T.);
#10211 = ORIENTED_EDGE('',*,*,#10167,.F.);
#10212 = PLANE('',#10213);
#10213 = AXIS2_PLACEMENT_3D('',#10214,#10215,#10216);
#10214 = CARTESIAN_POINT('',(0.,250.,39.));
#10215 = DIRECTION('',(0.,1.,0.));
#10216 = DIRECTION('',(0.,0.,1.));
#10217 = ADVANCED_FACE('',(#10218),#10229,.F.);
#10218 = FACE_BOUND('',#10219,.F.);
#10219 = EDGE_LOOP('',(#10220,#10221,#10222,#10228));
#10220 = ORIENTED_EDGE('',*,*,#10182,.F.);
#10221 = ORIENTED_EDGE('',*,*,#9417,.T.);
#10222 = ORIENTED_EDGE('',*,*,#10223,.T.);
#10223 = EDGE_CURVE('',#9410,#8835,#10224,.T.);
#10224 = LINE('',#10225,#10226);
#10225 = CARTESIAN_POINT('',(28.3,247.8,38.));
#10226 = VECTOR('',#10227,1.);
#10227 = DIRECTION('',(0.,0.,1.));
#10228 = ORIENTED_EDGE('',*,*,#8842,.F.);
#10229 = PLANE('',#10230);
#10230 = AXIS2_PLACEMENT_3D('',#10231,#10232,#10233);
#10231 = CARTESIAN_POINT('',(28.3,243.7,38.));
#10232 = DIRECTION('',(1.,0.,0.));
#10233 = DIRECTION('',(0.,0.,1.));
#10234 = ADVANCED_FACE('',(#10235),#10246,.T.);
#10235 = FACE_BOUND('',#10236,.T.);
#10236 = EDGE_LOOP('',(#10237,#10238,#10244,#10245));
#10237 = ORIENTED_EDGE('',*,*,#8834,.F.);
#10238 = ORIENTED_EDGE('',*,*,#10239,.F.);
#10239 = EDGE_CURVE('',#9402,#8827,#10240,.T.);
#10240 = LINE('',#10241,#10242);
#10241 = CARTESIAN_POINT('',(47.7,247.8,38.));
#10242 = VECTOR('',#10243,1.);
#10243 = DIRECTION('',(0.,0.,1.));
#10244 = ORIENTED_EDGE('',*,*,#9409,.T.);
#10245 = ORIENTED_EDGE('',*,*,#10223,.T.);
#10246 = PLANE('',#10247);
#10247 = AXIS2_PLACEMENT_3D('',#10248,#10249,#10250);
#10248 = CARTESIAN_POINT('',(19.7,247.8,38.));
#10249 = DIRECTION('',(0.,1.,0.));
#10250 = DIRECTION('',(0.,0.,1.));
#10251 = ADVANCED_FACE('',(#10252),#10263,.T.);
#10252 = FACE_BOUND('',#10253,.T.);
#10253 = EDGE_LOOP('',(#10254,#10260,#10261,#10262));
#10254 = ORIENTED_EDGE('',*,*,#10255,.F.);
#10255 = EDGE_CURVE('',#9394,#8819,#10256,.T.);
#10256 = LINE('',#10257,#10258);
#10257 = CARTESIAN_POINT('',(47.7,243.7,38.));
#10258 = VECTOR('',#10259,1.);
#10259 = DIRECTION('',(0.,0.,1.));
#10260 = ORIENTED_EDGE('',*,*,#9401,.T.);
#10261 = ORIENTED_EDGE('',*,*,#10239,.T.);
#10262 = ORIENTED_EDGE('',*,*,#8826,.F.);
#10263 = PLANE('',#10264);
#10264 = AXIS2_PLACEMENT_3D('',#10265,#10266,#10267);
#10265 = CARTESIAN_POINT('',(47.7,243.7,38.));
#10266 = DIRECTION('',(1.,0.,0.));
#10267 = DIRECTION('',(0.,0.,1.));
#10268 = ADVANCED_FACE('',(#10269),#10285,.T.);
#10269 = FACE_BOUND('',#10270,.T.);
#10270 = EDGE_LOOP('',(#10271,#10277,#10278,#10284));
#10271 = ORIENTED_EDGE('',*,*,#10272,.F.);
#10272 = EDGE_CURVE('',#9290,#8715,#10273,.T.);
#10273 = LINE('',#10274,#10275);
#10274 = CARTESIAN_POINT('',(242.3,243.7,38.));
#10275 = VECTOR('',#10276,1.);
#10276 = DIRECTION('',(0.,0.,1.));
#10277 = ORIENTED_EDGE('',*,*,#9297,.T.);
#10278 = ORIENTED_EDGE('',*,*,#10279,.T.);
#10279 = EDGE_CURVE('',#9298,#8723,#10280,.T.);
#10280 = LINE('',#10281,#10282);
#10281 = CARTESIAN_POINT('',(233.7,243.7,38.));
#10282 = VECTOR('',#10283,1.);
#10283 = DIRECTION('',(0.,0.,1.));
#10284 = ORIENTED_EDGE('',*,*,#8722,.F.);
#10285 = PLANE('',#10286);
#10286 = AXIS2_PLACEMENT_3D('',#10287,#10288,#10289);
#10287 = CARTESIAN_POINT('',(233.7,243.7,38.));
#10288 = DIRECTION('',(0.,1.,0.));
#10289 = DIRECTION('',(0.,0.,1.));
#10290 = ADVANCED_FACE('',(#10291),#10302,.T.);
#10291 = FACE_BOUND('',#10292,.T.);
#10292 = EDGE_LOOP('',(#10293,#10299,#10300,#10301));
#10293 = ORIENTED_EDGE('',*,*,#10294,.F.);
#10294 = EDGE_CURVE('',#9386,#8811,#10295,.T.);
#10295 = LINE('',#10296,#10297);
#10296 = CARTESIAN_POINT('',(56.3,243.7,38.));
#10297 = VECTOR('',#10298,1.);
#10298 = DIRECTION('',(0.,0.,1.));
#10299 = ORIENTED_EDGE('',*,*,#9393,.T.);
#10300 = ORIENTED_EDGE('',*,*,#10255,.T.);
#10301 = ORIENTED_EDGE('',*,*,#8818,.F.);
#10302 = PLANE('',#10303);
#10303 = AXIS2_PLACEMENT_3D('',#10304,#10305,#10306);
#10304 = CARTESIAN_POINT('',(47.7,243.7,38.));
#10305 = DIRECTION('',(0.,1.,0.));
#10306 = DIRECTION('',(0.,0.,1.));
#10307 = ADVANCED_FACE('',(#10308),#10319,.T.);
#10308 = FACE_BOUND('',#10309,.T.);
#10309 = EDGE_LOOP('',(#10310,#10311,#10312,#10318));
#10310 = ORIENTED_EDGE('',*,*,#10279,.F.);
#10311 = ORIENTED_EDGE('',*,*,#9305,.T.);
#10312 = ORIENTED_EDGE('',*,*,#10313,.T.);
#10313 = EDGE_CURVE('',#9306,#8731,#10314,.T.);
#10314 = LINE('',#10315,#10316);
#10315 = CARTESIAN_POINT('',(233.7,247.8,38.));
#10316 = VECTOR('',#10317,1.);
#10317 = DIRECTION('',(0.,0.,1.));
#10318 = ORIENTED_EDGE('',*,*,#8730,.F.);
#10319 = PLANE('',#10320);
#10320 = AXIS2_PLACEMENT_3D('',#10321,#10322,#10323);
#10321 = CARTESIAN_POINT('',(233.7,243.7,38.));
#10322 = DIRECTION('',(1.,0.,0.));
#10323 = DIRECTION('',(0.,0.,1.));
#10324 = ADVANCED_FACE('',(#10325),#10336,.T.);
#10325 = FACE_BOUND('',#10326,.T.);
#10326 = EDGE_LOOP('',(#10327,#10328,#10329,#10330));
#10327 = ORIENTED_EDGE('',*,*,#8738,.F.);
#10328 = ORIENTED_EDGE('',*,*,#10313,.F.);
#10329 = ORIENTED_EDGE('',*,*,#9313,.T.);
#10330 = ORIENTED_EDGE('',*,*,#10331,.T.);
#10331 = EDGE_CURVE('',#9314,#8739,#10332,.T.);
#10332 = LINE('',#10333,#10334);
#10333 = CARTESIAN_POINT('',(214.3,247.8,38.));
#10334 = VECTOR('',#10335,1.);
#10335 = DIRECTION('',(0.,0.,1.));
#10336 = PLANE('',#10337);
#10337 = AXIS2_PLACEMENT_3D('',#10338,#10339,#10340);
#10338 = CARTESIAN_POINT('',(205.7,247.8,38.));
#10339 = DIRECTION('',(0.,1.,0.));
#10340 = DIRECTION('',(0.,0.,1.));
#10341 = ADVANCED_FACE('',(#10342),#10353,.F.);
#10342 = FACE_BOUND('',#10343,.F.);
#10343 = EDGE_LOOP('',(#10344,#10350,#10351,#10352));
#10344 = ORIENTED_EDGE('',*,*,#10345,.F.);
#10345 = EDGE_CURVE('',#9322,#8747,#10346,.T.);
#10346 = LINE('',#10347,#10348);
#10347 = CARTESIAN_POINT('',(214.3,243.7,38.));
#10348 = VECTOR('',#10349,1.);
#10349 = DIRECTION('',(0.,0.,1.));
#10350 = ORIENTED_EDGE('',*,*,#9321,.T.);
#10351 = ORIENTED_EDGE('',*,*,#10331,.T.);
#10352 = ORIENTED_EDGE('',*,*,#8746,.F.);
#10353 = PLANE('',#10354);
#10354 = AXIS2_PLACEMENT_3D('',#10355,#10356,#10357);
#10355 = CARTESIAN_POINT('',(214.3,243.7,38.));
#10356 = DIRECTION('',(1.,0.,0.));
#10357 = DIRECTION('',(0.,0.,1.));
#10358 = ADVANCED_FACE('',(#10359),#10375,.T.);
#10359 = FACE_BOUND('',#10360,.T.);
#10360 = EDGE_LOOP('',(#10361,#10362,#10368,#10369));
#10361 = ORIENTED_EDGE('',*,*,#9377,.F.);
#10362 = ORIENTED_EDGE('',*,*,#10363,.F.);
#10363 = EDGE_CURVE('',#8803,#9378,#10364,.T.);
#10364 = LINE('',#10365,#10366);
#10365 = CARTESIAN_POINT('',(56.3,250.,38.5));
#10366 = VECTOR('',#10367,1.);
#10367 = DIRECTION('',(0.,0.,-1.));
#10368 = ORIENTED_EDGE('',*,*,#8802,.T.);
#10369 = ORIENTED_EDGE('',*,*,#10370,.T.);
#10370 = EDGE_CURVE('',#8795,#9370,#10371,.T.);
#10371 = LINE('',#10372,#10373);
#10372 = CARTESIAN_POINT('',(114.,250.,38.5));
#10373 = VECTOR('',#10374,1.);
#10374 = DIRECTION('',(0.,0.,-1.));
#10375 = PLANE('',#10376);
#10376 = AXIS2_PLACEMENT_3D('',#10377,#10378,#10379);
#10377 = CARTESIAN_POINT('',(0.,250.,39.));
#10378 = DIRECTION('',(0.,1.,0.));
#10379 = DIRECTION('',(0.,0.,1.));
#10380 = ADVANCED_FACE('',(#10381),#10392,.T.);
#10381 = FACE_BOUND('',#10382,.T.);
#10382 = EDGE_LOOP('',(#10383,#10384,#10385,#10391));
#10383 = ORIENTED_EDGE('',*,*,#10345,.F.);
#10384 = ORIENTED_EDGE('',*,*,#9329,.T.);
#10385 = ORIENTED_EDGE('',*,*,#10386,.T.);
#10386 = EDGE_CURVE('',#9330,#8755,#10387,.T.);
#10387 = LINE('',#10388,#10389);
#10388 = CARTESIAN_POINT('',(205.7,243.7,38.));
#10389 = VECTOR('',#10390,1.);
#10390 = DIRECTION('',(0.,0.,1.));
#10391 = ORIENTED_EDGE('',*,*,#8754,.F.);
#10392 = PLANE('',#10393);
#10393 = AXIS2_PLACEMENT_3D('',#10394,#10395,#10396);
#10394 = CARTESIAN_POINT('',(205.7,243.7,38.));
#10395 = DIRECTION('',(0.,1.,0.));
#10396 = DIRECTION('',(0.,0.,1.));
#10397 = ADVANCED_FACE('',(#10398),#10409,.T.);
#10398 = FACE_BOUND('',#10399,.T.);
#10399 = EDGE_LOOP('',(#10400,#10406,#10407,#10408));
#10400 = ORIENTED_EDGE('',*,*,#10401,.F.);
#10401 = EDGE_CURVE('',#9362,#8787,#10402,.T.);
#10402 = LINE('',#10403,#10404);
#10403 = CARTESIAN_POINT('',(114.,246.,38.));
#10404 = VECTOR('',#10405,1.);
#10405 = DIRECTION('',(0.,0.,1.));
#10406 = ORIENTED_EDGE('',*,*,#9369,.T.);
#10407 = ORIENTED_EDGE('',*,*,#10370,.F.);
#10408 = ORIENTED_EDGE('',*,*,#8794,.F.);
#10409 = PLANE('',#10410);
#10410 = AXIS2_PLACEMENT_3D('',#10411,#10412,#10413);
#10411 = CARTESIAN_POINT('',(114.,246.,38.));
#10412 = DIRECTION('',(1.,0.,0.));
#10413 = DIRECTION('',(0.,0.,1.));
#10414 = ADVANCED_FACE('',(#10415),#10426,.T.);
#10415 = FACE_BOUND('',#10416,.T.);
#10416 = EDGE_LOOP('',(#10417,#10423,#10424,#10425));
#10417 = ORIENTED_EDGE('',*,*,#10418,.F.);
#10418 = EDGE_CURVE('',#9354,#8779,#10419,.T.);
#10419 = LINE('',#10420,#10421);
#10420 = CARTESIAN_POINT('',(148.,246.,38.));
#10421 = VECTOR('',#10422,1.);
#10422 = DIRECTION('',(0.,0.,1.));
#10423 = ORIENTED_EDGE('',*,*,#9361,.T.);
#10424 = ORIENTED_EDGE('',*,*,#10401,.T.);
#10425 = ORIENTED_EDGE('',*,*,#8786,.F.);
#10426 = PLANE('',#10427);
#10427 = AXIS2_PLACEMENT_3D('',#10428,#10429,#10430);
#10428 = CARTESIAN_POINT('',(114.,246.,38.));
#10429 = DIRECTION('',(0.,1.,0.));
#10430 = DIRECTION('',(0.,0.,1.));
#10431 = ADVANCED_FACE('',(#10432),#10443,.F.);
#10432 = FACE_BOUND('',#10433,.F.);
#10433 = EDGE_LOOP('',(#10434,#10435,#10436,#10442));
#10434 = ORIENTED_EDGE('',*,*,#10418,.F.);
#10435 = ORIENTED_EDGE('',*,*,#9353,.T.);
#10436 = ORIENTED_EDGE('',*,*,#10437,.F.);
#10437 = EDGE_CURVE('',#8771,#9346,#10438,.T.);
#10438 = LINE('',#10439,#10440);
#10439 = CARTESIAN_POINT('',(148.,250.,38.5));
#10440 = VECTOR('',#10441,1.);
#10441 = DIRECTION('',(0.,0.,-1.));
#10442 = ORIENTED_EDGE('',*,*,#8778,.F.);
#10443 = PLANE('',#10444);
#10444 = AXIS2_PLACEMENT_3D('',#10445,#10446,#10447);
#10445 = CARTESIAN_POINT('',(148.,246.,38.));
#10446 = DIRECTION('',(1.,0.,0.));
#10447 = DIRECTION('',(0.,0.,1.));
#10448 = ADVANCED_FACE('',(#10449),#10460,.T.);
#10449 = FACE_BOUND('',#10450,.T.);
#10450 = EDGE_LOOP('',(#10451,#10452,#10453,#10454));
#10451 = ORIENTED_EDGE('',*,*,#9345,.F.);
#10452 = ORIENTED_EDGE('',*,*,#10437,.F.);
#10453 = ORIENTED_EDGE('',*,*,#8770,.T.);
#10454 = ORIENTED_EDGE('',*,*,#10455,.T.);
#10455 = EDGE_CURVE('',#8763,#9338,#10456,.T.);
#10456 = LINE('',#10457,#10458);
#10457 = CARTESIAN_POINT('',(205.7,250.,38.5));
#10458 = VECTOR('',#10459,1.);
#10459 = DIRECTION('',(0.,0.,-1.));
#10460 = PLANE('',#10461);
#10461 = AXIS2_PLACEMENT_3D('',#10462,#10463,#10464);
#10462 = CARTESIAN_POINT('',(0.,250.,39.));
#10463 = DIRECTION('',(0.,1.,0.));
#10464 = DIRECTION('',(0.,0.,1.));
#10465 = ADVANCED_FACE('',(#10466),#10482,.T.);
#10466 = FACE_BOUND('',#10467,.T.);
#10467 = EDGE_LOOP('',(#10468,#10474,#10475,#10481));
#10468 = ORIENTED_EDGE('',*,*,#10469,.F.);
#10469 = EDGE_CURVE('',#9564,#8867,#10470,.T.);
#10470 = LINE('',#10471,#10472);
#10471 = CARTESIAN_POINT('',(244.,16.,38.));
#10472 = VECTOR('',#10473,1.);
#10473 = DIRECTION('',(0.,0.,1.));
#10474 = ORIENTED_EDGE('',*,*,#9563,.T.);
#10475 = ORIENTED_EDGE('',*,*,#10476,.T.);
#10476 = EDGE_CURVE('',#9566,#8869,#10477,.T.);
#10477 = LINE('',#10478,#10479);
#10478 = CARTESIAN_POINT('',(18.,16.,38.));
#10479 = VECTOR('',#10480,1.);
#10480 = DIRECTION('',(0.,0.,1.));
#10481 = ORIENTED_EDGE('',*,*,#8866,.F.);
#10482 = PLANE('',#10483);
#10483 = AXIS2_PLACEMENT_3D('',#10484,#10485,#10486);
#10484 = CARTESIAN_POINT('',(18.,16.,38.));
#10485 = DIRECTION('',(0.,1.,0.));
#10486 = DIRECTION('',(0.,0.,1.));
#10487 = ADVANCED_FACE('',(#10488),#10499,.F.);
#10488 = FACE_BOUND('',#10489,.F.);
#10489 = EDGE_LOOP('',(#10490,#10491,#10492,#10498));
#10490 = ORIENTED_EDGE('',*,*,#10469,.F.);
#10491 = ORIENTED_EDGE('',*,*,#9589,.T.);
#10492 = ORIENTED_EDGE('',*,*,#10493,.T.);
#10493 = EDGE_CURVE('',#9582,#8885,#10494,.T.);
#10494 = LINE('',#10495,#10496);
#10495 = CARTESIAN_POINT('',(244.,172.,38.));
#10496 = VECTOR('',#10497,1.);
#10497 = DIRECTION('',(0.,0.,1.));
#10498 = ORIENTED_EDGE('',*,*,#8892,.F.);
#10499 = PLANE('',#10500);
#10500 = AXIS2_PLACEMENT_3D('',#10501,#10502,#10503);
#10501 = CARTESIAN_POINT('',(244.,16.,38.));
#10502 = DIRECTION('',(1.,0.,0.));
#10503 = DIRECTION('',(0.,0.,1.));
#10504 = ADVANCED_FACE('',(#10505),#10516,.T.);
#10505 = FACE_BOUND('',#10506,.T.);
#10506 = EDGE_LOOP('',(#10507,#10508,#10509,#10515));
#10507 = ORIENTED_EDGE('',*,*,#10476,.F.);
#10508 = ORIENTED_EDGE('',*,*,#9573,.T.);
#10509 = ORIENTED_EDGE('',*,*,#10510,.T.);
#10510 = EDGE_CURVE('',#9574,#8877,#10511,.T.);
#10511 = LINE('',#10512,#10513);
#10512 = CARTESIAN_POINT('',(18.,172.,38.));
#10513 = VECTOR('',#10514,1.);
#10514 = DIRECTION('',(0.,0.,1.));
#10515 = ORIENTED_EDGE('',*,*,#8876,.F.);
#10516 = PLANE('',#10517);
#10517 = AXIS2_PLACEMENT_3D('',#10518,#10519,#10520);
#10518 = CARTESIAN_POINT('',(18.,16.,38.));
#10519 = DIRECTION('',(1.,0.,0.));
#10520 = DIRECTION('',(0.,0.,1.));
#10521 = ADVANCED_FACE('',(#10522),#10528,.F.);
#10522 = FACE_BOUND('',#10523,.F.);
#10523 = EDGE_LOOP('',(#10524,#10525,#10526,#10527));
#10524 = ORIENTED_EDGE('',*,*,#10493,.F.);
#10525 = ORIENTED_EDGE('',*,*,#9581,.T.);
#10526 = ORIENTED_EDGE('',*,*,#10510,.T.);
#10527 = ORIENTED_EDGE('',*,*,#8884,.F.);
#10528 = PLANE('',#10529);
#10529 = AXIS2_PLACEMENT_3D('',#10530,#10531,#10532);
#10530 = CARTESIAN_POINT('',(18.,172.,38.));
#10531 = DIRECTION('',(0.,1.,0.));
#10532 = DIRECTION('',(0.,0.,1.));
#10533 = ADVANCED_FACE('',(#10534),#10550,.T.);
#10534 = FACE_BOUND('',#10535,.T.);
#10535 = EDGE_LOOP('',(#10536,#10542,#10543,#10549));
#10536 = ORIENTED_EDGE('',*,*,#10537,.F.);
#10537 = EDGE_CURVE('',#9659,#8901,#10538,.T.);
#10538 = LINE('',#10539,#10540);
#10539 = CARTESIAN_POINT('',(35.,208.,38.));
#10540 = VECTOR('',#10541,1.);
#10541 = DIRECTION('',(0.,0.,1.));
#10542 = ORIENTED_EDGE('',*,*,#9658,.T.);
#10543 = ORIENTED_EDGE('',*,*,#10544,.T.);
#10544 = EDGE_CURVE('',#9661,#8903,#10545,.T.);
#10545 = LINE('',#10546,#10547);
#10546 = CARTESIAN_POINT('',(32.,208.,38.));
#10547 = VECTOR('',#10548,1.);
#10548 = DIRECTION('',(0.,0.,1.));
#10549 = ORIENTED_EDGE('',*,*,#8900,.F.);
#10550 = PLANE('',#10551);
#10551 = AXIS2_PLACEMENT_3D('',#10552,#10553,#10554);
#10552 = CARTESIAN_POINT('',(32.,208.,38.));
#10553 = DIRECTION('',(0.,1.,0.));
#10554 = DIRECTION('',(0.,0.,1.));
#10555 = ADVANCED_FACE('',(#10556),#10567,.F.);
#10556 = FACE_BOUND('',#10557,.F.);
#10557 = EDGE_LOOP('',(#10558,#10559,#10560,#10566));
#10558 = ORIENTED_EDGE('',*,*,#10537,.F.);
#10559 = ORIENTED_EDGE('',*,*,#9684,.T.);
#10560 = ORIENTED_EDGE('',*,*,#10561,.T.);
#10561 = EDGE_CURVE('',#9677,#8919,#10562,.T.);
#10562 = LINE('',#10563,#10564);
#10563 = CARTESIAN_POINT('',(35.,230.,38.));
#10564 = VECTOR('',#10565,1.);
#10565 = DIRECTION('',(0.,0.,1.));
#10566 = ORIENTED_EDGE('',*,*,#8926,.F.);
#10567 = PLANE('',#10568);
#10568 = AXIS2_PLACEMENT_3D('',#10569,#10570,#10571);
#10569 = CARTESIAN_POINT('',(35.,208.,38.));
#10570 = DIRECTION('',(1.,0.,0.));
#10571 = DIRECTION('',(0.,0.,1.));
#10572 = ADVANCED_FACE('',(#10573),#10584,.T.);
#10573 = FACE_BOUND('',#10574,.T.);
#10574 = EDGE_LOOP('',(#10575,#10576,#10577,#10583));
#10575 = ORIENTED_EDGE('',*,*,#10544,.F.);
#10576 = ORIENTED_EDGE('',*,*,#9668,.T.);
#10577 = ORIENTED_EDGE('',*,*,#10578,.T.);
#10578 = EDGE_CURVE('',#9669,#8911,#10579,.T.);
#10579 = LINE('',#10580,#10581);
#10580 = CARTESIAN_POINT('',(32.,230.,38.));
#10581 = VECTOR('',#10582,1.);
#10582 = DIRECTION('',(0.,0.,1.));
#10583 = ORIENTED_EDGE('',*,*,#8910,.F.);
#10584 = PLANE('',#10585);
#10585 = AXIS2_PLACEMENT_3D('',#10586,#10587,#10588);
#10586 = CARTESIAN_POINT('',(32.,208.,38.));
#10587 = DIRECTION('',(1.,0.,0.));
#10588 = DIRECTION('',(0.,0.,1.));
#10589 = ADVANCED_FACE('',(#10590),#10596,.F.);
#10590 = FACE_BOUND('',#10591,.F.);
#10591 = EDGE_LOOP('',(#10592,#10593,#10594,#10595));
#10592 = ORIENTED_EDGE('',*,*,#10561,.F.);
#10593 = ORIENTED_EDGE('',*,*,#9676,.T.);
#10594 = ORIENTED_EDGE('',*,*,#10578,.T.);
#10595 = ORIENTED_EDGE('',*,*,#8918,.F.);
#10596 = PLANE('',#10597);
#10597 = AXIS2_PLACEMENT_3D('',#10598,#10599,#10600);
#10598 = CARTESIAN_POINT('',(32.,230.,38.));
#10599 = DIRECTION('',(0.,1.,0.));
#10600 = DIRECTION('',(0.,0.,1.));
#10601 = ADVANCED_FACE('',(#10602),#10618,.T.);
#10602 = FACE_BOUND('',#10603,.T.);
#10603 = EDGE_LOOP('',(#10604,#10610,#10611,#10617));
#10604 = ORIENTED_EDGE('',*,*,#10605,.F.);
#10605 = EDGE_CURVE('',#9743,#8935,#10606,.T.);
#10606 = LINE('',#10607,#10608);
#10607 = CARTESIAN_POINT('',(42.,208.,38.));
#10608 = VECTOR('',#10609,1.);
#10609 = DIRECTION('',(0.,0.,1.));
#10610 = ORIENTED_EDGE('',*,*,#9742,.T.);
#10611 = ORIENTED_EDGE('',*,*,#10612,.T.);
#10612 = EDGE_CURVE('',#9745,#8937,#10613,.T.);
#10613 = LINE('',#10614,#10615);
#10614 = CARTESIAN_POINT('',(39.,208.,38.));
#10615 = VECTOR('',#10616,1.);
#10616 = DIRECTION('',(0.,0.,1.));
#10617 = ORIENTED_EDGE('',*,*,#8934,.F.);
#10618 = PLANE('',#10619);
#10619 = AXIS2_PLACEMENT_3D('',#10620,#10621,#10622);
#10620 = CARTESIAN_POINT('',(39.,208.,38.));
#10621 = DIRECTION('',(0.,1.,0.));
#10622 = DIRECTION('',(0.,0.,1.));
#10623 = ADVANCED_FACE('',(#10624),#10635,.F.);
#10624 = FACE_BOUND('',#10625,.F.);
#10625 = EDGE_LOOP('',(#10626,#10627,#10628,#10634));
#10626 = ORIENTED_EDGE('',*,*,#10605,.F.);
#10627 = ORIENTED_EDGE('',*,*,#9768,.T.);
#10628 = ORIENTED_EDGE('',*,*,#10629,.T.);
#10629 = EDGE_CURVE('',#9761,#8953,#10630,.T.);
#10630 = LINE('',#10631,#10632);
#10631 = CARTESIAN_POINT('',(42.,230.,38.));
#10632 = VECTOR('',#10633,1.);
#10633 = DIRECTION('',(0.,0.,1.));
#10634 = ORIENTED_EDGE('',*,*,#8960,.F.);
#10635 = PLANE('',#10636);
#10636 = AXIS2_PLACEMENT_3D('',#10637,#10638,#10639);
#10637 = CARTESIAN_POINT('',(42.,208.,38.));
#10638 = DIRECTION('',(1.,0.,0.));
#10639 = DIRECTION('',(0.,0.,1.));
#10640 = ADVANCED_FACE('',(#10641),#10652,.T.);
#10641 = FACE_BOUND('',#10642,.T.);
#10642 = EDGE_LOOP('',(#10643,#10644,#10645,#10651));
#10643 = ORIENTED_EDGE('',*,*,#10612,.F.);
#10644 = ORIENTED_EDGE('',*,*,#9752,.T.);
#10645 = ORIENTED_EDGE('',*,*,#10646,.T.);
#10646 = EDGE_CURVE('',#9753,#8945,#10647,.T.);
#10647 = LINE('',#10648,#10649);
#10648 = CARTESIAN_POINT('',(39.,230.,38.));
#10649 = VECTOR('',#10650,1.);
#10650 = DIRECTION('',(0.,0.,1.));
#10651 = ORIENTED_EDGE('',*,*,#8944,.F.);
#10652 = PLANE('',#10653);
#10653 = AXIS2_PLACEMENT_3D('',#10654,#10655,#10656);
#10654 = CARTESIAN_POINT('',(39.,208.,38.));
#10655 = DIRECTION('',(1.,0.,0.));
#10656 = DIRECTION('',(0.,0.,1.));
#10657 = ADVANCED_FACE('',(#10658),#10664,.F.);
#10658 = FACE_BOUND('',#10659,.F.);
#10659 = EDGE_LOOP('',(#10660,#10661,#10662,#10663));
#10660 = ORIENTED_EDGE('',*,*,#10629,.F.);
#10661 = ORIENTED_EDGE('',*,*,#9760,.T.);
#10662 = ORIENTED_EDGE('',*,*,#10646,.T.);
#10663 = ORIENTED_EDGE('',*,*,#8952,.F.);
#10664 = PLANE('',#10665);
#10665 = AXIS2_PLACEMENT_3D('',#10666,#10667,#10668);
#10666 = CARTESIAN_POINT('',(39.,230.,38.));
#10667 = DIRECTION('',(0.,1.,0.));
#10668 = DIRECTION('',(0.,0.,1.));
#10669 = ADVANCED_FACE('',(#10670),#10686,.T.);
#10670 = FACE_BOUND('',#10671,.T.);
#10671 = EDGE_LOOP('',(#10672,#10678,#10679,#10685));
#10672 = ORIENTED_EDGE('',*,*,#10673,.F.);
#10673 = EDGE_CURVE('',#9777,#8969,#10674,.T.);
#10674 = LINE('',#10675,#10676);
#10675 = CARTESIAN_POINT('',(49.,208.,38.));
#10676 = VECTOR('',#10677,1.);
#10677 = DIRECTION('',(0.,0.,1.));
#10678 = ORIENTED_EDGE('',*,*,#9776,.T.);
#10679 = ORIENTED_EDGE('',*,*,#10680,.T.);
#10680 = EDGE_CURVE('',#9779,#8971,#10681,.T.);
#10681 = LINE('',#10682,#10683);
#10682 = CARTESIAN_POINT('',(46.,208.,38.));
#10683 = VECTOR('',#10684,1.);
#10684 = DIRECTION('',(0.,0.,1.));
#10685 = ORIENTED_EDGE('',*,*,#8968,.F.);
#10686 = PLANE('',#10687);
#10687 = AXIS2_PLACEMENT_3D('',#10688,#10689,#10690);
#10688 = CARTESIAN_POINT('',(46.,208.,38.));
#10689 = DIRECTION('',(0.,1.,0.));
#10690 = DIRECTION('',(0.,0.,1.));
#10691 = ADVANCED_FACE('',(#10692),#10703,.F.);
#10692 = FACE_BOUND('',#10693,.F.);
#10693 = EDGE_LOOP('',(#10694,#10695,#10696,#10702));
#10694 = ORIENTED_EDGE('',*,*,#10673,.F.);
#10695 = ORIENTED_EDGE('',*,*,#9802,.T.);
#10696 = ORIENTED_EDGE('',*,*,#10697,.T.);
#10697 = EDGE_CURVE('',#9795,#8987,#10698,.T.);
#10698 = LINE('',#10699,#10700);
#10699 = CARTESIAN_POINT('',(49.,230.,38.));
#10700 = VECTOR('',#10701,1.);
#10701 = DIRECTION('',(0.,0.,1.));
#10702 = ORIENTED_EDGE('',*,*,#8994,.F.);
#10703 = PLANE('',#10704);
#10704 = AXIS2_PLACEMENT_3D('',#10705,#10706,#10707);
#10705 = CARTESIAN_POINT('',(49.,208.,38.));
#10706 = DIRECTION('',(1.,0.,0.));
#10707 = DIRECTION('',(0.,0.,1.));
#10708 = ADVANCED_FACE('',(#10709),#10720,.T.);
#10709 = FACE_BOUND('',#10710,.T.);
#10710 = EDGE_LOOP('',(#10711,#10712,#10713,#10719));
#10711 = ORIENTED_EDGE('',*,*,#10680,.F.);
#10712 = ORIENTED_EDGE('',*,*,#9786,.T.);
#10713 = ORIENTED_EDGE('',*,*,#10714,.T.);
#10714 = EDGE_CURVE('',#9787,#8979,#10715,.T.);
#10715 = LINE('',#10716,#10717);
#10716 = CARTESIAN_POINT('',(46.,230.,38.));
#10717 = VECTOR('',#10718,1.);
#10718 = DIRECTION('',(0.,0.,1.));
#10719 = ORIENTED_EDGE('',*,*,#8978,.F.);
#10720 = PLANE('',#10721);
#10721 = AXIS2_PLACEMENT_3D('',#10722,#10723,#10724);
#10722 = CARTESIAN_POINT('',(46.,208.,38.));
#10723 = DIRECTION('',(1.,0.,0.));
#10724 = DIRECTION('',(0.,0.,1.));
#10725 = ADVANCED_FACE('',(#10726),#10732,.F.);
#10726 = FACE_BOUND('',#10727,.F.);
#10727 = EDGE_LOOP('',(#10728,#10729,#10730,#10731));
#10728 = ORIENTED_EDGE('',*,*,#10697,.F.);
#10729 = ORIENTED_EDGE('',*,*,#9794,.T.);
#10730 = ORIENTED_EDGE('',*,*,#10714,.T.);
#10731 = ORIENTED_EDGE('',*,*,#8986,.F.);
#10732 = PLANE('',#10733);
#10733 = AXIS2_PLACEMENT_3D('',#10734,#10735,#10736);
#10734 = CARTESIAN_POINT('',(46.,230.,38.));
#10735 = DIRECTION('',(0.,1.,0.));
#10736 = DIRECTION('',(0.,0.,1.));
#10737 = ADVANCED_FACE('',(#10738),#10754,.T.);
#10738 = FACE_BOUND('',#10739,.T.);
#10739 = EDGE_LOOP('',(#10740,#10746,#10747,#10753));
#10740 = ORIENTED_EDGE('',*,*,#10741,.F.);
#10741 = EDGE_CURVE('',#9811,#9003,#10742,.T.);
#10742 = LINE('',#10743,#10744);
#10743 = CARTESIAN_POINT('',(56.,208.,38.));
#10744 = VECTOR('',#10745,1.);
#10745 = DIRECTION('',(0.,0.,1.));
#10746 = ORIENTED_EDGE('',*,*,#9810,.T.);
#10747 = ORIENTED_EDGE('',*,*,#10748,.T.);
#10748 = EDGE_CURVE('',#9813,#9005,#10749,.T.);
#10749 = LINE('',#10750,#10751);
#10750 = CARTESIAN_POINT('',(53.,208.,38.));
#10751 = VECTOR('',#10752,1.);
#10752 = DIRECTION('',(0.,0.,1.));
#10753 = ORIENTED_EDGE('',*,*,#9002,.F.);
#10754 = PLANE('',#10755);
#10755 = AXIS2_PLACEMENT_3D('',#10756,#10757,#10758);
#10756 = CARTESIAN_POINT('',(53.,208.,38.));
#10757 = DIRECTION('',(0.,1.,0.));
#10758 = DIRECTION('',(0.,0.,1.));
#10759 = ADVANCED_FACE('',(#10760),#10771,.F.);
#10760 = FACE_BOUND('',#10761,.F.);
#10761 = EDGE_LOOP('',(#10762,#10763,#10764,#10770));
#10762 = ORIENTED_EDGE('',*,*,#10741,.F.);
#10763 = ORIENTED_EDGE('',*,*,#9836,.T.);
#10764 = ORIENTED_EDGE('',*,*,#10765,.T.);
#10765 = EDGE_CURVE('',#9829,#9021,#10766,.T.);
#10766 = LINE('',#10767,#10768);
#10767 = CARTESIAN_POINT('',(56.,230.,38.));
#10768 = VECTOR('',#10769,1.);
#10769 = DIRECTION('',(0.,0.,1.));
#10770 = ORIENTED_EDGE('',*,*,#9028,.F.);
#10771 = PLANE('',#10772);
#10772 = AXIS2_PLACEMENT_3D('',#10773,#10774,#10775);
#10773 = CARTESIAN_POINT('',(56.,208.,38.));
#10774 = DIRECTION('',(1.,0.,0.));
#10775 = DIRECTION('',(0.,0.,1.));
#10776 = ADVANCED_FACE('',(#10777),#10788,.T.);
#10777 = FACE_BOUND('',#10778,.T.);
#10778 = EDGE_LOOP('',(#10779,#10780,#10781,#10787));
#10779 = ORIENTED_EDGE('',*,*,#10748,.F.);
#10780 = ORIENTED_EDGE('',*,*,#9820,.T.);
#10781 = ORIENTED_EDGE('',*,*,#10782,.T.);
#10782 = EDGE_CURVE('',#9821,#9013,#10783,.T.);
#10783 = LINE('',#10784,#10785);
#10784 = CARTESIAN_POINT('',(53.,230.,38.));
#10785 = VECTOR('',#10786,1.);
#10786 = DIRECTION('',(0.,0.,1.));
#10787 = ORIENTED_EDGE('',*,*,#9012,.F.);
#10788 = PLANE('',#10789);
#10789 = AXIS2_PLACEMENT_3D('',#10790,#10791,#10792);
#10790 = CARTESIAN_POINT('',(53.,208.,38.));
#10791 = DIRECTION('',(1.,0.,0.));
#10792 = DIRECTION('',(0.,0.,1.));
#10793 = ADVANCED_FACE('',(#10794),#10800,.F.);
#10794 = FACE_BOUND('',#10795,.F.);
#10795 = EDGE_LOOP('',(#10796,#10797,#10798,#10799));
#10796 = ORIENTED_EDGE('',*,*,#10765,.F.);
#10797 = ORIENTED_EDGE('',*,*,#9828,.T.);
#10798 = ORIENTED_EDGE('',*,*,#10782,.T.);
#10799 = ORIENTED_EDGE('',*,*,#9020,.F.);
#10800 = PLANE('',#10801);
#10801 = AXIS2_PLACEMENT_3D('',#10802,#10803,#10804);
#10802 = CARTESIAN_POINT('',(53.,230.,38.));
#10803 = DIRECTION('',(0.,1.,0.));
#10804 = DIRECTION('',(0.,0.,1.));
#10805 = ADVANCED_FACE('',(#10806),#10822,.T.);
#10806 = FACE_BOUND('',#10807,.T.);
#10807 = EDGE_LOOP('',(#10808,#10814,#10815,#10821));
#10808 = ORIENTED_EDGE('',*,*,#10809,.F.);
#10809 = EDGE_CURVE('',#9845,#9037,#10810,.T.);
#10810 = LINE('',#10811,#10812);
#10811 = CARTESIAN_POINT('',(63.,208.,38.));
#10812 = VECTOR('',#10813,1.);
#10813 = DIRECTION('',(0.,0.,1.));
#10814 = ORIENTED_EDGE('',*,*,#9844,.T.);
#10815 = ORIENTED_EDGE('',*,*,#10816,.T.);
#10816 = EDGE_CURVE('',#9847,#9039,#10817,.T.);
#10817 = LINE('',#10818,#10819);
#10818 = CARTESIAN_POINT('',(60.,208.,38.));
#10819 = VECTOR('',#10820,1.);
#10820 = DIRECTION('',(0.,0.,1.));
#10821 = ORIENTED_EDGE('',*,*,#9036,.F.);
#10822 = PLANE('',#10823);
#10823 = AXIS2_PLACEMENT_3D('',#10824,#10825,#10826);
#10824 = CARTESIAN_POINT('',(60.,208.,38.));
#10825 = DIRECTION('',(0.,1.,0.));
#10826 = DIRECTION('',(0.,0.,1.));
#10827 = ADVANCED_FACE('',(#10828),#10839,.F.);
#10828 = FACE_BOUND('',#10829,.F.);
#10829 = EDGE_LOOP('',(#10830,#10831,#10832,#10838));
#10830 = ORIENTED_EDGE('',*,*,#10809,.F.);
#10831 = ORIENTED_EDGE('',*,*,#9870,.T.);
#10832 = ORIENTED_EDGE('',*,*,#10833,.T.);
#10833 = EDGE_CURVE('',#9863,#9055,#10834,.T.);
#10834 = LINE('',#10835,#10836);
#10835 = CARTESIAN_POINT('',(63.,230.,38.));
#10836 = VECTOR('',#10837,1.);
#10837 = DIRECTION('',(0.,0.,1.));
#10838 = ORIENTED_EDGE('',*,*,#9062,.F.);
#10839 = PLANE('',#10840);
#10840 = AXIS2_PLACEMENT_3D('',#10841,#10842,#10843);
#10841 = CARTESIAN_POINT('',(63.,208.,38.));
#10842 = DIRECTION('',(1.,0.,0.));
#10843 = DIRECTION('',(0.,0.,1.));
#10844 = ADVANCED_FACE('',(#10845),#10856,.T.);
#10845 = FACE_BOUND('',#10846,.T.);
#10846 = EDGE_LOOP('',(#10847,#10848,#10849,#10855));
#10847 = ORIENTED_EDGE('',*,*,#10816,.F.);
#10848 = ORIENTED_EDGE('',*,*,#9854,.T.);
#10849 = ORIENTED_EDGE('',*,*,#10850,.T.);
#10850 = EDGE_CURVE('',#9855,#9047,#10851,.T.);
#10851 = LINE('',#10852,#10853);
#10852 = CARTESIAN_POINT('',(60.,230.,38.));
#10853 = VECTOR('',#10854,1.);
#10854 = DIRECTION('',(0.,0.,1.));
#10855 = ORIENTED_EDGE('',*,*,#9046,.F.);
#10856 = PLANE('',#10857);
#10857 = AXIS2_PLACEMENT_3D('',#10858,#10859,#10860);
#10858 = CARTESIAN_POINT('',(60.,208.,38.));
#10859 = DIRECTION('',(1.,0.,0.));
#10860 = DIRECTION('',(0.,0.,1.));
#10861 = ADVANCED_FACE('',(#10862),#10868,.F.);
#10862 = FACE_BOUND('',#10863,.F.);
#10863 = EDGE_LOOP('',(#10864,#10865,#10866,#10867));
#10864 = ORIENTED_EDGE('',*,*,#10833,.F.);
#10865 = ORIENTED_EDGE('',*,*,#9862,.T.);
#10866 = ORIENTED_EDGE('',*,*,#10850,.T.);
#10867 = ORIENTED_EDGE('',*,*,#9054,.F.);
#10868 = PLANE('',#10869);
#10869 = AXIS2_PLACEMENT_3D('',#10870,#10871,#10872);
#10870 = CARTESIAN_POINT('',(60.,230.,38.));
#10871 = DIRECTION('',(0.,1.,0.));
#10872 = DIRECTION('',(0.,0.,1.));
#10873 = ADVANCED_FACE('',(#10874),#10890,.T.);
#10874 = FACE_BOUND('',#10875,.T.);
#10875 = EDGE_LOOP('',(#10876,#10882,#10883,#10889));
#10876 = ORIENTED_EDGE('',*,*,#10877,.F.);
#10877 = EDGE_CURVE('',#9879,#9071,#10878,.T.);
#10878 = LINE('',#10879,#10880);
#10879 = CARTESIAN_POINT('',(70.,208.,38.));
#10880 = VECTOR('',#10881,1.);
#10881 = DIRECTION('',(0.,0.,1.));
#10882 = ORIENTED_EDGE('',*,*,#9878,.T.);
#10883 = ORIENTED_EDGE('',*,*,#10884,.T.);
#10884 = EDGE_CURVE('',#9881,#9073,#10885,.T.);
#10885 = LINE('',#10886,#10887);
#10886 = CARTESIAN_POINT('',(67.,208.,38.));
#10887 = VECTOR('',#10888,1.);
#10888 = DIRECTION('',(0.,0.,1.));
#10889 = ORIENTED_EDGE('',*,*,#9070,.F.);
#10890 = PLANE('',#10891);
#10891 = AXIS2_PLACEMENT_3D('',#10892,#10893,#10894);
#10892 = CARTESIAN_POINT('',(67.,208.,38.));
#10893 = DIRECTION('',(0.,1.,0.));
#10894 = DIRECTION('',(0.,0.,1.));
#10895 = ADVANCED_FACE('',(#10896),#10907,.F.);
#10896 = FACE_BOUND('',#10897,.F.);
#10897 = EDGE_LOOP('',(#10898,#10899,#10900,#10906));
#10898 = ORIENTED_EDGE('',*,*,#10877,.F.);
#10899 = ORIENTED_EDGE('',*,*,#9904,.T.);
#10900 = ORIENTED_EDGE('',*,*,#10901,.T.);
#10901 = EDGE_CURVE('',#9897,#9089,#10902,.T.);
#10902 = LINE('',#10903,#10904);
#10903 = CARTESIAN_POINT('',(70.,230.,38.));
#10904 = VECTOR('',#10905,1.);
#10905 = DIRECTION('',(0.,0.,1.));
#10906 = ORIENTED_EDGE('',*,*,#9096,.F.);
#10907 = PLANE('',#10908);
#10908 = AXIS2_PLACEMENT_3D('',#10909,#10910,#10911);
#10909 = CARTESIAN_POINT('',(70.,208.,38.));
#10910 = DIRECTION('',(1.,0.,0.));
#10911 = DIRECTION('',(0.,0.,1.));
#10912 = ADVANCED_FACE('',(#10913),#10924,.T.);
#10913 = FACE_BOUND('',#10914,.T.);
#10914 = EDGE_LOOP('',(#10915,#10916,#10917,#10923));
#10915 = ORIENTED_EDGE('',*,*,#10884,.F.);
#10916 = ORIENTED_EDGE('',*,*,#9888,.T.);
#10917 = ORIENTED_EDGE('',*,*,#10918,.T.);
#10918 = EDGE_CURVE('',#9889,#9081,#10919,.T.);
#10919 = LINE('',#10920,#10921);
#10920 = CARTESIAN_POINT('',(67.,230.,38.));
#10921 = VECTOR('',#10922,1.);
#10922 = DIRECTION('',(0.,0.,1.));
#10923 = ORIENTED_EDGE('',*,*,#9080,.F.);
#10924 = PLANE('',#10925);
#10925 = AXIS2_PLACEMENT_3D('',#10926,#10927,#10928);
#10926 = CARTESIAN_POINT('',(67.,208.,38.));
#10927 = DIRECTION('',(1.,0.,0.));
#10928 = DIRECTION('',(0.,0.,1.));
#10929 = ADVANCED_FACE('',(#10930),#10936,.F.);
#10930 = FACE_BOUND('',#10931,.F.);
#10931 = EDGE_LOOP('',(#10932,#10933,#10934,#10935));
#10932 = ORIENTED_EDGE('',*,*,#10901,.F.);
#10933 = ORIENTED_EDGE('',*,*,#9896,.T.);
#10934 = ORIENTED_EDGE('',*,*,#10918,.T.);
#10935 = ORIENTED_EDGE('',*,*,#9088,.F.);
#10936 = PLANE('',#10937);
#10937 = AXIS2_PLACEMENT_3D('',#10938,#10939,#10940);
#10938 = CARTESIAN_POINT('',(67.,230.,38.));
#10939 = DIRECTION('',(0.,1.,0.));
#10940 = DIRECTION('',(0.,0.,1.));
#10941 = ADVANCED_FACE('',(#10942),#10958,.T.);
#10942 = FACE_BOUND('',#10943,.T.);
#10943 = EDGE_LOOP('',(#10944,#10950,#10951,#10957));
#10944 = ORIENTED_EDGE('',*,*,#10945,.F.);
#10945 = EDGE_CURVE('',#9913,#9105,#10946,.T.);
#10946 = LINE('',#10947,#10948);
#10947 = CARTESIAN_POINT('',(77.,208.,38.));
#10948 = VECTOR('',#10949,1.);
#10949 = DIRECTION('',(0.,0.,1.));
#10950 = ORIENTED_EDGE('',*,*,#9912,.T.);
#10951 = ORIENTED_EDGE('',*,*,#10952,.T.);
#10952 = EDGE_CURVE('',#9915,#9107,#10953,.T.);
#10953 = LINE('',#10954,#10955);
#10954 = CARTESIAN_POINT('',(74.,208.,38.));
#10955 = VECTOR('',#10956,1.);
#10956 = DIRECTION('',(0.,0.,1.));
#10957 = ORIENTED_EDGE('',*,*,#9104,.F.);
#10958 = PLANE('',#10959);
#10959 = AXIS2_PLACEMENT_3D('',#10960,#10961,#10962);
#10960 = CARTESIAN_POINT('',(74.,208.,38.));
#10961 = DIRECTION('',(0.,1.,0.));
#10962 = DIRECTION('',(0.,0.,1.));
#10963 = ADVANCED_FACE('',(#10964),#10975,.F.);
#10964 = FACE_BOUND('',#10965,.F.);
#10965 = EDGE_LOOP('',(#10966,#10967,#10968,#10974));
#10966 = ORIENTED_EDGE('',*,*,#10945,.F.);
#10967 = ORIENTED_EDGE('',*,*,#9938,.T.);
#10968 = ORIENTED_EDGE('',*,*,#10969,.T.);
#10969 = EDGE_CURVE('',#9931,#9123,#10970,.T.);
#10970 = LINE('',#10971,#10972);
#10971 = CARTESIAN_POINT('',(77.,230.,38.));
#10972 = VECTOR('',#10973,1.);
#10973 = DIRECTION('',(0.,0.,1.));
#10974 = ORIENTED_EDGE('',*,*,#9130,.F.);
#10975 = PLANE('',#10976);
#10976 = AXIS2_PLACEMENT_3D('',#10977,#10978,#10979);
#10977 = CARTESIAN_POINT('',(77.,208.,38.));
#10978 = DIRECTION('',(1.,0.,0.));
#10979 = DIRECTION('',(0.,0.,1.));
#10980 = ADVANCED_FACE('',(#10981),#10992,.T.);
#10981 = FACE_BOUND('',#10982,.T.);
#10982 = EDGE_LOOP('',(#10983,#10984,#10985,#10991));
#10983 = ORIENTED_EDGE('',*,*,#10952,.F.);
#10984 = ORIENTED_EDGE('',*,*,#9922,.T.);
#10985 = ORIENTED_EDGE('',*,*,#10986,.T.);
#10986 = EDGE_CURVE('',#9923,#9115,#10987,.T.);
#10987 = LINE('',#10988,#10989);
#10988 = CARTESIAN_POINT('',(74.,230.,38.));
#10989 = VECTOR('',#10990,1.);
#10990 = DIRECTION('',(0.,0.,1.));
#10991 = ORIENTED_EDGE('',*,*,#9114,.F.);
#10992 = PLANE('',#10993);
#10993 = AXIS2_PLACEMENT_3D('',#10994,#10995,#10996);
#10994 = CARTESIAN_POINT('',(74.,208.,38.));
#10995 = DIRECTION('',(1.,0.,0.));
#10996 = DIRECTION('',(0.,0.,1.));
#10997 = ADVANCED_FACE('',(#10998),#11004,.F.);
#10998 = FACE_BOUND('',#10999,.F.);
#10999 = EDGE_LOOP('',(#11000,#11001,#11002,#11003));
#11000 = ORIENTED_EDGE('',*,*,#10969,.F.);
#11001 = ORIENTED_EDGE('',*,*,#9930,.T.);
#11002 = ORIENTED_EDGE('',*,*,#10986,.T.);
#11003 = ORIENTED_EDGE('',*,*,#9122,.F.);
#11004 = PLANE('',#11005);
#11005 = AXIS2_PLACEMENT_3D('',#11006,#11007,#11008);
#11006 = CARTESIAN_POINT('',(74.,230.,38.));
#11007 = DIRECTION('',(0.,1.,0.));
#11008 = DIRECTION('',(0.,0.,1.));
#11009 = ADVANCED_FACE('',(#11010),#11026,.T.);
#11010 = FACE_BOUND('',#11011,.T.);
#11011 = EDGE_LOOP('',(#11012,#11018,#11019,#11025));
#11012 = ORIENTED_EDGE('',*,*,#11013,.F.);
#11013 = EDGE_CURVE('',#9947,#9139,#11014,.T.);
#11014 = LINE('',#11015,#11016);
#11015 = CARTESIAN_POINT('',(84.,208.,38.));
#11016 = VECTOR('',#11017,1.);
#11017 = DIRECTION('',(0.,0.,1.));
#11018 = ORIENTED_EDGE('',*,*,#9946,.T.);
#11019 = ORIENTED_EDGE('',*,*,#11020,.T.);
#11020 = EDGE_CURVE('',#9949,#9141,#11021,.T.);
#11021 = LINE('',#11022,#11023);
#11022 = CARTESIAN_POINT('',(81.,208.,38.));
#11023 = VECTOR('',#11024,1.);
#11024 = DIRECTION('',(0.,0.,1.));
#11025 = ORIENTED_EDGE('',*,*,#9138,.F.);
#11026 = PLANE('',#11027);
#11027 = AXIS2_PLACEMENT_3D('',#11028,#11029,#11030);
#11028 = CARTESIAN_POINT('',(81.,208.,38.));
#11029 = DIRECTION('',(0.,1.,0.));
#11030 = DIRECTION('',(0.,0.,1.));
#11031 = ADVANCED_FACE('',(#11032),#11043,.F.);
#11032 = FACE_BOUND('',#11033,.F.);
#11033 = EDGE_LOOP('',(#11034,#11035,#11036,#11042));
#11034 = ORIENTED_EDGE('',*,*,#11013,.F.);
#11035 = ORIENTED_EDGE('',*,*,#9972,.T.);
#11036 = ORIENTED_EDGE('',*,*,#11037,.T.);
#11037 = EDGE_CURVE('',#9965,#9157,#11038,.T.);
#11038 = LINE('',#11039,#11040);
#11039 = CARTESIAN_POINT('',(84.,230.,38.));
#11040 = VECTOR('',#11041,1.);
#11041 = DIRECTION('',(0.,0.,1.));
#11042 = ORIENTED_EDGE('',*,*,#9164,.F.);
#11043 = PLANE('',#11044);
#11044 = AXIS2_PLACEMENT_3D('',#11045,#11046,#11047);
#11045 = CARTESIAN_POINT('',(84.,208.,38.));
#11046 = DIRECTION('',(1.,0.,0.));
#11047 = DIRECTION('',(0.,0.,1.));
#11048 = ADVANCED_FACE('',(#11049),#11060,.T.);
#11049 = FACE_BOUND('',#11050,.T.);
#11050 = EDGE_LOOP('',(#11051,#11052,#11053,#11059));
#11051 = ORIENTED_EDGE('',*,*,#11020,.F.);
#11052 = ORIENTED_EDGE('',*,*,#9956,.T.);
#11053 = ORIENTED_EDGE('',*,*,#11054,.T.);
#11054 = EDGE_CURVE('',#9957,#9149,#11055,.T.);
#11055 = LINE('',#11056,#11057);
#11056 = CARTESIAN_POINT('',(81.,230.,38.));
#11057 = VECTOR('',#11058,1.);
#11058 = DIRECTION('',(0.,0.,1.));
#11059 = ORIENTED_EDGE('',*,*,#9148,.F.);
#11060 = PLANE('',#11061);
#11061 = AXIS2_PLACEMENT_3D('',#11062,#11063,#11064);
#11062 = CARTESIAN_POINT('',(81.,208.,38.));
#11063 = DIRECTION('',(1.,0.,0.));
#11064 = DIRECTION('',(0.,0.,1.));
#11065 = ADVANCED_FACE('',(#11066),#11072,.F.);
#11066 = FACE_BOUND('',#11067,.F.);
#11067 = EDGE_LOOP('',(#11068,#11069,#11070,#11071));
#11068 = ORIENTED_EDGE('',*,*,#11037,.F.);
#11069 = ORIENTED_EDGE('',*,*,#9964,.T.);
#11070 = ORIENTED_EDGE('',*,*,#11054,.T.);
#11071 = ORIENTED_EDGE('',*,*,#9156,.F.);
#11072 = PLANE('',#11073);
#11073 = AXIS2_PLACEMENT_3D('',#11074,#11075,#11076);
#11074 = CARTESIAN_POINT('',(81.,230.,38.));
#11075 = DIRECTION('',(0.,1.,0.));
#11076 = DIRECTION('',(0.,0.,1.));
#11077 = ADVANCED_FACE('',(#11078),#11094,.T.);
#11078 = FACE_BOUND('',#11079,.T.);
#11079 = EDGE_LOOP('',(#11080,#11086,#11087,#11093));
#11080 = ORIENTED_EDGE('',*,*,#11081,.F.);
#11081 = EDGE_CURVE('',#9981,#9173,#11082,.T.);
#11082 = LINE('',#11083,#11084);
#11083 = CARTESIAN_POINT('',(91.,208.,38.));
#11084 = VECTOR('',#11085,1.);
#11085 = DIRECTION('',(0.,0.,1.));
#11086 = ORIENTED_EDGE('',*,*,#9980,.T.);
#11087 = ORIENTED_EDGE('',*,*,#11088,.T.);
#11088 = EDGE_CURVE('',#9983,#9175,#11089,.T.);
#11089 = LINE('',#11090,#11091);
#11090 = CARTESIAN_POINT('',(88.,208.,38.));
#11091 = VECTOR('',#11092,1.);
#11092 = DIRECTION('',(0.,0.,1.));
#11093 = ORIENTED_EDGE('',*,*,#9172,.F.);
#11094 = PLANE('',#11095);
#11095 = AXIS2_PLACEMENT_3D('',#11096,#11097,#11098);
#11096 = CARTESIAN_POINT('',(88.,208.,38.));
#11097 = DIRECTION('',(0.,1.,0.));
#11098 = DIRECTION('',(0.,0.,1.));
#11099 = ADVANCED_FACE('',(#11100),#11111,.F.);
#11100 = FACE_BOUND('',#11101,.F.);
#11101 = EDGE_LOOP('',(#11102,#11103,#11104,#11110));
#11102 = ORIENTED_EDGE('',*,*,#11081,.F.);
#11103 = ORIENTED_EDGE('',*,*,#10006,.T.);
#11104 = ORIENTED_EDGE('',*,*,#11105,.T.);
#11105 = EDGE_CURVE('',#9999,#9191,#11106,.T.);
#11106 = LINE('',#11107,#11108);
#11107 = CARTESIAN_POINT('',(91.,230.,38.));
#11108 = VECTOR('',#11109,1.);
#11109 = DIRECTION('',(0.,0.,1.));
#11110 = ORIENTED_EDGE('',*,*,#9198,.F.);
#11111 = PLANE('',#11112);
#11112 = AXIS2_PLACEMENT_3D('',#11113,#11114,#11115);
#11113 = CARTESIAN_POINT('',(91.,208.,38.));
#11114 = DIRECTION('',(1.,0.,0.));
#11115 = DIRECTION('',(0.,0.,1.));
#11116 = ADVANCED_FACE('',(#11117),#11128,.T.);
#11117 = FACE_BOUND('',#11118,.T.);
#11118 = EDGE_LOOP('',(#11119,#11120,#11121,#11127));
#11119 = ORIENTED_EDGE('',*,*,#11088,.F.);
#11120 = ORIENTED_EDGE('',*,*,#9990,.T.);
#11121 = ORIENTED_EDGE('',*,*,#11122,.T.);
#11122 = EDGE_CURVE('',#9991,#9183,#11123,.T.);
#11123 = LINE('',#11124,#11125);
#11124 = CARTESIAN_POINT('',(88.,230.,38.));
#11125 = VECTOR('',#11126,1.);
#11126 = DIRECTION('',(0.,0.,1.));
#11127 = ORIENTED_EDGE('',*,*,#9182,.F.);
#11128 = PLANE('',#11129);
#11129 = AXIS2_PLACEMENT_3D('',#11130,#11131,#11132);
#11130 = CARTESIAN_POINT('',(88.,208.,38.));
#11131 = DIRECTION('',(1.,0.,0.));
#11132 = DIRECTION('',(0.,0.,1.));
#11133 = ADVANCED_FACE('',(#11134),#11140,.F.);
#11134 = FACE_BOUND('',#11135,.F.);
#11135 = EDGE_LOOP('',(#11136,#11137,#11138,#11139));
#11136 = ORIENTED_EDGE('',*,*,#11105,.F.);
#11137 = ORIENTED_EDGE('',*,*,#9998,.T.);
#11138 = ORIENTED_EDGE('',*,*,#11122,.T.);
#11139 = ORIENTED_EDGE('',*,*,#9190,.F.);
#11140 = PLANE('',#11141);
#11141 = AXIS2_PLACEMENT_3D('',#11142,#11143,#11144);
#11142 = CARTESIAN_POINT('',(88.,230.,38.));
#11143 = DIRECTION('',(0.,1.,0.));
#11144 = DIRECTION('',(0.,0.,1.));
#11145 = ADVANCED_FACE('',(#11146),#11162,.T.);
#11146 = FACE_BOUND('',#11147,.T.);
#11147 = EDGE_LOOP('',(#11148,#11154,#11155,#11161));
#11148 = ORIENTED_EDGE('',*,*,#11149,.F.);
#11149 = EDGE_CURVE('',#10015,#9207,#11150,.T.);
#11150 = LINE('',#11151,#11152);
#11151 = CARTESIAN_POINT('',(98.,208.,38.));
#11152 = VECTOR('',#11153,1.);
#11153 = DIRECTION('',(0.,0.,1.));
#11154 = ORIENTED_EDGE('',*,*,#10014,.T.);
#11155 = ORIENTED_EDGE('',*,*,#11156,.T.);
#11156 = EDGE_CURVE('',#10017,#9209,#11157,.T.);
#11157 = LINE('',#11158,#11159);
#11158 = CARTESIAN_POINT('',(95.,208.,38.));
#11159 = VECTOR('',#11160,1.);
#11160 = DIRECTION('',(0.,0.,1.));
#11161 = ORIENTED_EDGE('',*,*,#9206,.F.);
#11162 = PLANE('',#11163);
#11163 = AXIS2_PLACEMENT_3D('',#11164,#11165,#11166);
#11164 = CARTESIAN_POINT('',(95.,208.,38.));
#11165 = DIRECTION('',(0.,1.,0.));
#11166 = DIRECTION('',(0.,0.,1.));
#11167 = ADVANCED_FACE('',(#11168),#11179,.F.);
#11168 = FACE_BOUND('',#11169,.F.);
#11169 = EDGE_LOOP('',(#11170,#11171,#11172,#11178));
#11170 = ORIENTED_EDGE('',*,*,#11149,.F.);
#11171 = ORIENTED_EDGE('',*,*,#10040,.T.);
#11172 = ORIENTED_EDGE('',*,*,#11173,.T.);
#11173 = EDGE_CURVE('',#10033,#9225,#11174,.T.);
#11174 = LINE('',#11175,#11176);
#11175 = CARTESIAN_POINT('',(98.,230.,38.));
#11176 = VECTOR('',#11177,1.);
#11177 = DIRECTION('',(0.,0.,1.));
#11178 = ORIENTED_EDGE('',*,*,#9232,.F.);
#11179 = PLANE('',#11180);
#11180 = AXIS2_PLACEMENT_3D('',#11181,#11182,#11183);
#11181 = CARTESIAN_POINT('',(98.,208.,38.));
#11182 = DIRECTION('',(1.,0.,0.));
#11183 = DIRECTION('',(0.,0.,1.));
#11184 = ADVANCED_FACE('',(#11185),#11196,.F.);
#11185 = FACE_BOUND('',#11186,.F.);
#11186 = EDGE_LOOP('',(#11187,#11188,#11189,#11195));
#11187 = ORIENTED_EDGE('',*,*,#11173,.F.);
#11188 = ORIENTED_EDGE('',*,*,#10032,.T.);
#11189 = ORIENTED_EDGE('',*,*,#11190,.T.);
#11190 = EDGE_CURVE('',#10025,#9217,#11191,.T.);
#11191 = LINE('',#11192,#11193);
#11192 = CARTESIAN_POINT('',(95.,230.,38.));
#11193 = VECTOR('',#11194,1.);
#11194 = DIRECTION('',(0.,0.,1.));
#11195 = ORIENTED_EDGE('',*,*,#9224,.F.);
#11196 = PLANE('',#11197);
#11197 = AXIS2_PLACEMENT_3D('',#11198,#11199,#11200);
#11198 = CARTESIAN_POINT('',(95.,230.,38.));
#11199 = DIRECTION('',(0.,1.,0.));
#11200 = DIRECTION('',(0.,0.,1.));
#11201 = ADVANCED_FACE('',(#11202),#11208,.T.);
#11202 = FACE_BOUND('',#11203,.T.);
#11203 = EDGE_LOOP('',(#11204,#11205,#11206,#11207));
#11204 = ORIENTED_EDGE('',*,*,#11156,.F.);
#11205 = ORIENTED_EDGE('',*,*,#10024,.T.);
#11206 = ORIENTED_EDGE('',*,*,#11190,.T.);
#11207 = ORIENTED_EDGE('',*,*,#9216,.F.);
#11208 = PLANE('',#11209);
#11209 = AXIS2_PLACEMENT_3D('',#11210,#11211,#11212);
#11210 = CARTESIAN_POINT('',(95.,208.,38.));
#11211 = DIRECTION('',(1.,0.,0.));
#11212 = DIRECTION('',(0.,0.,1.));
#11213 = ADVANCED_FACE('',(#11214),#11239,.T.);
#11214 = FACE_BOUND('',#11215,.T.);
#11215 = EDGE_LOOP('',(#11216,#11224,#11232,#11238));
#11216 = ORIENTED_EDGE('',*,*,#11217,.T.);
#11217 = EDGE_CURVE('',#9442,#11218,#11220,.T.);
#11218 = VERTEX_POINT('',#11219);
#11219 = CARTESIAN_POINT('',(10.9,9.67431578065,41.6));
#11220 = LINE('',#11221,#11222);
#11221 = CARTESIAN_POINT('',(10.9,9.67431578065,39.));
#11222 = VECTOR('',#11223,1.);
#11223 = DIRECTION('',(0.,0.,1.));
#11224 = ORIENTED_EDGE('',*,*,#11225,.T.);
#11225 = EDGE_CURVE('',#11218,#11226,#11228,.T.);
#11226 = VERTEX_POINT('',#11227);
#11227 = CARTESIAN_POINT('',(8.,11.3486315613,41.6));
#11228 = LINE('',#11229,#11230);
#11229 = CARTESIAN_POINT('',(10.9,9.67431578065,41.6));
#11230 = VECTOR('',#11231,1.);
#11231 = DIRECTION('',(-0.866025403784,0.5,0.));
#11232 = ORIENTED_EDGE('',*,*,#11233,.F.);
#11233 = EDGE_CURVE('',#9444,#11226,#11234,.T.);
#11234 = LINE('',#11235,#11236);
#11235 = CARTESIAN_POINT('',(8.,11.3486315613,39.));
#11236 = VECTOR('',#11237,1.);
#11237 = DIRECTION('',(0.,0.,1.));
#11238 = ORIENTED_EDGE('',*,*,#9441,.F.);
#11239 = PLANE('',#11240);
#11240 = AXIS2_PLACEMENT_3D('',#11241,#11242,#11243);
#11241 = CARTESIAN_POINT('',(10.9,9.67431578065,39.));
#11242 = DIRECTION('',(-0.5,-0.866025403784,0.));
#11243 = DIRECTION('',(-0.866025403784,0.5,0.));
#11244 = ADVANCED_FACE('',(#11245),#11263,.T.);
#11245 = FACE_BOUND('',#11246,.T.);
#11246 = EDGE_LOOP('',(#11247,#11255,#11261,#11262));
#11247 = ORIENTED_EDGE('',*,*,#11248,.T.);
#11248 = EDGE_CURVE('',#9452,#11249,#11251,.T.);
#11249 = VERTEX_POINT('',#11250);
#11250 = CARTESIAN_POINT('',(10.9,6.32568421935,41.6));
#11251 = LINE('',#11252,#11253);
#11252 = CARTESIAN_POINT('',(10.9,6.32568421935,39.));
#11253 = VECTOR('',#11254,1.);
#11254 = DIRECTION('',(0.,0.,1.));
#11255 = ORIENTED_EDGE('',*,*,#11256,.T.);
#11256 = EDGE_CURVE('',#11249,#11218,#11257,.T.);
#11257 = LINE('',#11258,#11259);
#11258 = CARTESIAN_POINT('',(10.9,6.32568421935,41.6));
#11259 = VECTOR('',#11260,1.);
#11260 = DIRECTION('',(5.304724652093E-16,1.,0.));
#11261 = ORIENTED_EDGE('',*,*,#11217,.F.);
#11262 = ORIENTED_EDGE('',*,*,#9451,.F.);
#11263 = PLANE('',#11264);
#11264 = AXIS2_PLACEMENT_3D('',#11265,#11266,#11267);
#11265 = CARTESIAN_POINT('',(10.9,6.32568421935,39.));
#11266 = DIRECTION('',(-1.,5.304724652093E-16,0.));
#11267 = DIRECTION('',(5.304724652093E-16,1.,0.));
#11268 = ADVANCED_FACE('',(#11269),#11287,.T.);
#11269 = FACE_BOUND('',#11270,.T.);
#11270 = EDGE_LOOP('',(#11271,#11272,#11280,#11286));
#11271 = ORIENTED_EDGE('',*,*,#11233,.T.);
#11272 = ORIENTED_EDGE('',*,*,#11273,.T.);
#11273 = EDGE_CURVE('',#11226,#11274,#11276,.T.);
#11274 = VERTEX_POINT('',#11275);
#11275 = CARTESIAN_POINT('',(5.1,9.67431578065,41.6));
#11276 = LINE('',#11277,#11278);
#11277 = CARTESIAN_POINT('',(8.,11.3486315613,41.6));
#11278 = VECTOR('',#11279,1.);
#11279 = DIRECTION('',(-0.866025403784,-0.5,0.));
#11280 = ORIENTED_EDGE('',*,*,#11281,.F.);
#11281 = EDGE_CURVE('',#9476,#11274,#11282,.T.);
#11282 = LINE('',#11283,#11284);
#11283 = CARTESIAN_POINT('',(5.1,9.67431578065,39.));
#11284 = VECTOR('',#11285,1.);
#11285 = DIRECTION('',(0.,0.,1.));
#11286 = ORIENTED_EDGE('',*,*,#9483,.F.);
#11287 = PLANE('',#11288);
#11288 = AXIS2_PLACEMENT_3D('',#11289,#11290,#11291);
#11289 = CARTESIAN_POINT('',(8.,11.3486315613,39.));
#11290 = DIRECTION('',(0.5,-0.866025403784,0.));
#11291 = DIRECTION('',(-0.866025403784,-0.5,0.));
#11292 = ADVANCED_FACE('',(#11293),#11311,.T.);
#11293 = FACE_BOUND('',#11294,.T.);
#11294 = EDGE_LOOP('',(#11295,#11303,#11309,#11310));
#11295 = ORIENTED_EDGE('',*,*,#11296,.T.);
#11296 = EDGE_CURVE('',#9460,#11297,#11299,.T.);
#11297 = VERTEX_POINT('',#11298);
#11298 = CARTESIAN_POINT('',(8.,4.6513684387,41.6));
#11299 = LINE('',#11300,#11301);
#11300 = CARTESIAN_POINT('',(8.,4.6513684387,39.));
#11301 = VECTOR('',#11302,1.);
#11302 = DIRECTION('',(0.,0.,1.));
#11303 = ORIENTED_EDGE('',*,*,#11304,.T.);
#11304 = EDGE_CURVE('',#11297,#11249,#11305,.T.);
#11305 = LINE('',#11306,#11307);
#11306 = CARTESIAN_POINT('',(8.,4.6513684387,41.6));
#11307 = VECTOR('',#11308,1.);
#11308 = DIRECTION('',(0.866025403784,0.5,0.));
#11309 = ORIENTED_EDGE('',*,*,#11248,.F.);
#11310 = ORIENTED_EDGE('',*,*,#9459,.F.);
#11311 = PLANE('',#11312);
#11312 = AXIS2_PLACEMENT_3D('',#11313,#11314,#11315);
#11313 = CARTESIAN_POINT('',(8.,4.6513684387,39.));
#11314 = DIRECTION('',(-0.5,0.866025403784,0.));
#11315 = DIRECTION('',(0.866025403784,0.5,0.));
#11316 = ADVANCED_FACE('',(#11317),#11335,.T.);
#11317 = FACE_BOUND('',#11318,.T.);
#11318 = EDGE_LOOP('',(#11319,#11320,#11328,#11334));
#11319 = ORIENTED_EDGE('',*,*,#11281,.T.);
#11320 = ORIENTED_EDGE('',*,*,#11321,.T.);
#11321 = EDGE_CURVE('',#11274,#11322,#11324,.T.);
#11322 = VERTEX_POINT('',#11323);
#11323 = CARTESIAN_POINT('',(5.1,6.32568421935,41.6));
#11324 = LINE('',#11325,#11326);
#11325 = CARTESIAN_POINT('',(5.1,9.67431578065,41.6));
#11326 = VECTOR('',#11327,1.);
#11327 = DIRECTION('',(0.,-1.,0.));
#11328 = ORIENTED_EDGE('',*,*,#11329,.F.);
#11329 = EDGE_CURVE('',#9468,#11322,#11330,.T.);
#11330 = LINE('',#11331,#11332);
#11331 = CARTESIAN_POINT('',(5.1,6.32568421935,39.));
#11332 = VECTOR('',#11333,1.);
#11333 = DIRECTION('',(0.,0.,1.));
#11334 = ORIENTED_EDGE('',*,*,#9475,.F.);
#11335 = PLANE('',#11336);
#11336 = AXIS2_PLACEMENT_3D('',#11337,#11338,#11339);
#11337 = CARTESIAN_POINT('',(5.1,9.67431578065,39.));
#11338 = DIRECTION('',(1.,0.,0.));
#11339 = DIRECTION('',(0.,-1.,0.));
#11340 = ADVANCED_FACE('',(#11341),#11352,.T.);
#11341 = FACE_BOUND('',#11342,.T.);
#11342 = EDGE_LOOP('',(#11343,#11344,#11350,#11351));
#11343 = ORIENTED_EDGE('',*,*,#11329,.T.);
#11344 = ORIENTED_EDGE('',*,*,#11345,.T.);
#11345 = EDGE_CURVE('',#11322,#11297,#11346,.T.);
#11346 = LINE('',#11347,#11348);
#11347 = CARTESIAN_POINT('',(5.1,6.32568421935,41.6));
#11348 = VECTOR('',#11349,1.);
#11349 = DIRECTION('',(0.866025403784,-0.5,0.));
#11350 = ORIENTED_EDGE('',*,*,#11296,.F.);
#11351 = ORIENTED_EDGE('',*,*,#9467,.F.);
#11352 = PLANE('',#11353);
#11353 = AXIS2_PLACEMENT_3D('',#11354,#11355,#11356);
#11354 = CARTESIAN_POINT('',(5.1,6.32568421935,39.));
#11355 = DIRECTION('',(0.5,0.866025403784,0.));
#11356 = DIRECTION('',(0.866025403784,-0.5,0.));
#11357 = ADVANCED_FACE('',(#11358),#11377,.T.);
#11358 = FACE_BOUND('',#11359,.T.);
#11359 = EDGE_LOOP('',(#11360,#11361,#11369,#11376));
#11360 = ORIENTED_EDGE('',*,*,#9491,.F.);
#11361 = ORIENTED_EDGE('',*,*,#11362,.F.);
#11362 = EDGE_CURVE('',#11363,#9492,#11365,.T.);
#11363 = VERTEX_POINT('',#11364);
#11364 = CARTESIAN_POINT('',(14.5,45.,12.));
#11365 = LINE('',#11366,#11367);
#11366 = CARTESIAN_POINT('',(14.5,45.,12.));
#11367 = VECTOR('',#11368,1.);
#11368 = DIRECTION('',(0.,0.,1.));
#11369 = ORIENTED_EDGE('',*,*,#11370,.T.);
#11370 = EDGE_CURVE('',#11363,#11363,#11371,.T.);
#11371 = CIRCLE('',#11372,5.5);
#11372 = AXIS2_PLACEMENT_3D('',#11373,#11374,#11375);
#11373 = CARTESIAN_POINT('',(9.,45.,12.));
#11374 = DIRECTION('',(0.,0.,1.));
#11375 = DIRECTION('',(1.,0.,0.));
#11376 = ORIENTED_EDGE('',*,*,#11362,.T.);
#11377 = CYLINDRICAL_SURFACE('',#11378,5.5);
#11378 = AXIS2_PLACEMENT_3D('',#11379,#11380,#11381);
#11379 = CARTESIAN_POINT('',(9.,45.,12.));
#11380 = DIRECTION('',(0.,0.,1.));
#11381 = DIRECTION('',(1.,0.,0.));
#11382 = ADVANCED_FACE('',(#11383),#11408,.T.);
#11383 = FACE_BOUND('',#11384,.T.);
#11384 = EDGE_LOOP('',(#11385,#11393,#11401,#11407));
#11385 = ORIENTED_EDGE('',*,*,#11386,.T.);
#11386 = EDGE_CURVE('',#9503,#11387,#11389,.T.);
#11387 = VERTEX_POINT('',#11388);
#11388 = CARTESIAN_POINT('',(256.9,9.67431578065,41.6));
#11389 = LINE('',#11390,#11391);
#11390 = CARTESIAN_POINT('',(256.9,9.67431578065,39.));
#11391 = VECTOR('',#11392,1.);
#11392 = DIRECTION('',(0.,0.,1.));
#11393 = ORIENTED_EDGE('',*,*,#11394,.T.);
#11394 = EDGE_CURVE('',#11387,#11395,#11397,.T.);
#11395 = VERTEX_POINT('',#11396);
#11396 = CARTESIAN_POINT('',(254.,11.3486315613,41.6));
#11397 = LINE('',#11398,#11399);
#11398 = CARTESIAN_POINT('',(256.9,9.67431578065,41.6));
#11399 = VECTOR('',#11400,1.);
#11400 = DIRECTION('',(-0.866025403784,0.5,0.));
#11401 = ORIENTED_EDGE('',*,*,#11402,.F.);
#11402 = EDGE_CURVE('',#9505,#11395,#11403,.T.);
#11403 = LINE('',#11404,#11405);
#11404 = CARTESIAN_POINT('',(254.,11.3486315613,39.));
#11405 = VECTOR('',#11406,1.);
#11406 = DIRECTION('',(0.,0.,1.));
#11407 = ORIENTED_EDGE('',*,*,#9502,.F.);
#11408 = PLANE('',#11409);
#11409 = AXIS2_PLACEMENT_3D('',#11410,#11411,#11412);
#11410 = CARTESIAN_POINT('',(256.9,9.67431578065,39.));
#11411 = DIRECTION('',(-0.5,-0.866025403784,0.));
#11412 = DIRECTION('',(-0.866025403784,0.5,0.));
#11413 = ADVANCED_FACE('',(#11414),#11432,.T.);
#11414 = FACE_BOUND('',#11415,.T.);
#11415 = EDGE_LOOP('',(#11416,#11424,#11430,#11431));
#11416 = ORIENTED_EDGE('',*,*,#11417,.T.);
#11417 = EDGE_CURVE('',#9513,#11418,#11420,.T.);
#11418 = VERTEX_POINT('',#11419);
#11419 = CARTESIAN_POINT('',(256.9,6.32568421935,41.6));
#11420 = LINE('',#11421,#11422);
#11421 = CARTESIAN_POINT('',(256.9,6.32568421935,39.));
#11422 = VECTOR('',#11423,1.);
#11423 = DIRECTION('',(0.,0.,1.));
#11424 = ORIENTED_EDGE('',*,*,#11425,.T.);
#11425 = EDGE_CURVE('',#11418,#11387,#11426,.T.);
#11426 = LINE('',#11427,#11428);
#11427 = CARTESIAN_POINT('',(256.9,6.32568421935,41.6));
#11428 = VECTOR('',#11429,1.);
#11429 = DIRECTION('',(0.,1.,0.));
#11430 = ORIENTED_EDGE('',*,*,#11386,.F.);
#11431 = ORIENTED_EDGE('',*,*,#9512,.F.);
#11432 = PLANE('',#11433);
#11433 = AXIS2_PLACEMENT_3D('',#11434,#11435,#11436);
#11434 = CARTESIAN_POINT('',(256.9,6.32568421935,39.));
#11435 = DIRECTION('',(-1.,0.,0.));
#11436 = DIRECTION('',(0.,1.,0.));
#11437 = ADVANCED_FACE('',(#11438),#11456,.T.);
#11438 = FACE_BOUND('',#11439,.T.);
#11439 = EDGE_LOOP('',(#11440,#11441,#11449,#11455));
#11440 = ORIENTED_EDGE('',*,*,#11402,.T.);
#11441 = ORIENTED_EDGE('',*,*,#11442,.T.);
#11442 = EDGE_CURVE('',#11395,#11443,#11445,.T.);
#11443 = VERTEX_POINT('',#11444);
#11444 = CARTESIAN_POINT('',(251.1,9.67431578065,41.6));
#11445 = LINE('',#11446,#11447);
#11446 = CARTESIAN_POINT('',(254.,11.3486315613,41.6));
#11447 = VECTOR('',#11448,1.);
#11448 = DIRECTION('',(-0.866025403784,-0.5,0.));
#11449 = ORIENTED_EDGE('',*,*,#11450,.F.);
#11450 = EDGE_CURVE('',#9537,#11443,#11451,.T.);
#11451 = LINE('',#11452,#11453);
#11452 = CARTESIAN_POINT('',(251.1,9.67431578065,39.));
#11453 = VECTOR('',#11454,1.);
#11454 = DIRECTION('',(0.,0.,1.));
#11455 = ORIENTED_EDGE('',*,*,#9544,.F.);
#11456 = PLANE('',#11457);
#11457 = AXIS2_PLACEMENT_3D('',#11458,#11459,#11460);
#11458 = CARTESIAN_POINT('',(254.,11.3486315613,39.));
#11459 = DIRECTION('',(0.5,-0.866025403784,0.));
#11460 = DIRECTION('',(-0.866025403784,-0.5,0.));
#11461 = ADVANCED_FACE('',(#11462),#11480,.T.);
#11462 = FACE_BOUND('',#11463,.T.);
#11463 = EDGE_LOOP('',(#11464,#11472,#11478,#11479));
#11464 = ORIENTED_EDGE('',*,*,#11465,.T.);
#11465 = EDGE_CURVE('',#9521,#11466,#11468,.T.);
#11466 = VERTEX_POINT('',#11467);
#11467 = CARTESIAN_POINT('',(254.,4.6513684387,41.6));
#11468 = LINE('',#11469,#11470);
#11469 = CARTESIAN_POINT('',(254.,4.6513684387,39.));
#11470 = VECTOR('',#11471,1.);
#11471 = DIRECTION('',(0.,0.,1.));
#11472 = ORIENTED_EDGE('',*,*,#11473,.T.);
#11473 = EDGE_CURVE('',#11466,#11418,#11474,.T.);
#11474 = LINE('',#11475,#11476);
#11475 = CARTESIAN_POINT('',(254.,4.6513684387,41.6));
#11476 = VECTOR('',#11477,1.);
#11477 = DIRECTION('',(0.866025403784,0.5,0.));
#11478 = ORIENTED_EDGE('',*,*,#11417,.F.);
#11479 = ORIENTED_EDGE('',*,*,#9520,.F.);
#11480 = PLANE('',#11481);
#11481 = AXIS2_PLACEMENT_3D('',#11482,#11483,#11484);
#11482 = CARTESIAN_POINT('',(254.,4.6513684387,39.));
#11483 = DIRECTION('',(-0.5,0.866025403784,0.));
#11484 = DIRECTION('',(0.866025403784,0.5,0.));
#11485 = ADVANCED_FACE('',(#11486),#11504,.T.);
#11486 = FACE_BOUND('',#11487,.T.);
#11487 = EDGE_LOOP('',(#11488,#11489,#11497,#11503));
#11488 = ORIENTED_EDGE('',*,*,#11450,.T.);
#11489 = ORIENTED_EDGE('',*,*,#11490,.T.);
#11490 = EDGE_CURVE('',#11443,#11491,#11493,.T.);
#11491 = VERTEX_POINT('',#11492);
#11492 = CARTESIAN_POINT('',(251.1,6.32568421935,41.6));
#11493 = LINE('',#11494,#11495);
#11494 = CARTESIAN_POINT('',(251.1,9.67431578065,41.6));
#11495 = VECTOR('',#11496,1.);
#11496 = DIRECTION('',(0.,-1.,0.));
#11497 = ORIENTED_EDGE('',*,*,#11498,.F.);
#11498 = EDGE_CURVE('',#9529,#11491,#11499,.T.);
#11499 = LINE('',#11500,#11501);
#11500 = CARTESIAN_POINT('',(251.1,6.32568421935,39.));
#11501 = VECTOR('',#11502,1.);
#11502 = DIRECTION('',(0.,0.,1.));
#11503 = ORIENTED_EDGE('',*,*,#9536,.F.);
#11504 = PLANE('',#11505);
#11505 = AXIS2_PLACEMENT_3D('',#11506,#11507,#11508);
#11506 = CARTESIAN_POINT('',(251.1,9.67431578065,39.));
#11507 = DIRECTION('',(1.,0.,0.));
#11508 = DIRECTION('',(0.,-1.,0.));
#11509 = ADVANCED_FACE('',(#11510),#11521,.T.);
#11510 = FACE_BOUND('',#11511,.T.);
#11511 = EDGE_LOOP('',(#11512,#11513,#11519,#11520));
#11512 = ORIENTED_EDGE('',*,*,#11498,.T.);
#11513 = ORIENTED_EDGE('',*,*,#11514,.T.);
#11514 = EDGE_CURVE('',#11491,#11466,#11515,.T.);
#11515 = LINE('',#11516,#11517);
#11516 = CARTESIAN_POINT('',(251.1,6.32568421935,41.6));
#11517 = VECTOR('',#11518,1.);
#11518 = DIRECTION('',(0.866025403784,-0.5,0.));
#11519 = ORIENTED_EDGE('',*,*,#11465,.F.);
#11520 = ORIENTED_EDGE('',*,*,#9528,.F.);
#11521 = PLANE('',#11522);
#11522 = AXIS2_PLACEMENT_3D('',#11523,#11524,#11525);
#11523 = CARTESIAN_POINT('',(251.1,6.32568421935,39.));
#11524 = DIRECTION('',(0.5,0.866025403784,0.));
#11525 = DIRECTION('',(0.866025403784,-0.5,0.));
#11526 = ADVANCED_FACE('',(#11527),#11546,.T.);
#11527 = FACE_BOUND('',#11528,.T.);
#11528 = EDGE_LOOP('',(#11529,#11530,#11538,#11545));
#11529 = ORIENTED_EDGE('',*,*,#9552,.F.);
#11530 = ORIENTED_EDGE('',*,*,#11531,.F.);
#11531 = EDGE_CURVE('',#11532,#9553,#11534,.T.);
#11532 = VERTEX_POINT('',#11533);
#11533 = CARTESIAN_POINT('',(258.5,45.,12.));
#11534 = LINE('',#11535,#11536);
#11535 = CARTESIAN_POINT('',(258.5,45.,12.));
#11536 = VECTOR('',#11537,1.);
#11537 = DIRECTION('',(0.,0.,1.));
#11538 = ORIENTED_EDGE('',*,*,#11539,.T.);
#11539 = EDGE_CURVE('',#11532,#11532,#11540,.T.);
#11540 = CIRCLE('',#11541,5.5);
#11541 = AXIS2_PLACEMENT_3D('',#11542,#11543,#11544);
#11542 = CARTESIAN_POINT('',(253.,45.,12.));
#11543 = DIRECTION('',(0.,0.,1.));
#11544 = DIRECTION('',(1.,0.,0.));
#11545 = ORIENTED_EDGE('',*,*,#11531,.T.);
#11546 = CYLINDRICAL_SURFACE('',#11547,5.5);
#11547 = AXIS2_PLACEMENT_3D('',#11548,#11549,#11550);
#11548 = CARTESIAN_POINT('',(253.,45.,12.));
#11549 = DIRECTION('',(0.,0.,1.));
#11550 = DIRECTION('',(1.,0.,0.));
#11551 = ADVANCED_FACE('',(#11552),#11571,.T.);
#11552 = FACE_BOUND('',#11553,.T.);
#11553 = EDGE_LOOP('',(#11554,#11555,#11563,#11570));
#11554 = ORIENTED_EDGE('',*,*,#9597,.F.);
#11555 = ORIENTED_EDGE('',*,*,#11556,.F.);
#11556 = EDGE_CURVE('',#11557,#9598,#11559,.T.);
#11557 = VERTEX_POINT('',#11558);
#11558 = CARTESIAN_POINT('',(14.5,145.,12.));
#11559 = LINE('',#11560,#11561);
#11560 = CARTESIAN_POINT('',(14.5,145.,12.));
#11561 = VECTOR('',#11562,1.);
#11562 = DIRECTION('',(0.,0.,1.));
#11563 = ORIENTED_EDGE('',*,*,#11564,.T.);
#11564 = EDGE_CURVE('',#11557,#11557,#11565,.T.);
#11565 = CIRCLE('',#11566,5.5);
#11566 = AXIS2_PLACEMENT_3D('',#11567,#11568,#11569);
#11567 = CARTESIAN_POINT('',(9.,145.,12.));
#11568 = DIRECTION('',(0.,0.,1.));
#11569 = DIRECTION('',(1.,0.,0.));
#11570 = ORIENTED_EDGE('',*,*,#11556,.T.);
#11571 = CYLINDRICAL_SURFACE('',#11572,5.5);
#11572 = AXIS2_PLACEMENT_3D('',#11573,#11574,#11575);
#11573 = CARTESIAN_POINT('',(9.,145.,12.));
#11574 = DIRECTION('',(0.,0.,1.));
#11575 = DIRECTION('',(1.,0.,0.));
#11576 = ADVANCED_FACE('',(#11577),#11602,.T.);
#11577 = FACE_BOUND('',#11578,.T.);
#11578 = EDGE_LOOP('',(#11579,#11587,#11595,#11601));
#11579 = ORIENTED_EDGE('',*,*,#11580,.T.);
#11580 = EDGE_CURVE('',#9609,#11581,#11583,.T.);
#11581 = VERTEX_POINT('',#11582);
#11582 = CARTESIAN_POINT('',(10.9,182.67431578065,41.6));
#11583 = LINE('',#11584,#11585);
#11584 = CARTESIAN_POINT('',(10.9,182.67431578065,39.));
#11585 = VECTOR('',#11586,1.);
#11586 = DIRECTION('',(0.,0.,1.));
#11587 = ORIENTED_EDGE('',*,*,#11588,.T.);
#11588 = EDGE_CURVE('',#11581,#11589,#11591,.T.);
#11589 = VERTEX_POINT('',#11590);
#11590 = CARTESIAN_POINT('',(8.,184.3486315613,41.6));
#11591 = LINE('',#11592,#11593);
#11592 = CARTESIAN_POINT('',(10.9,182.67431578065,41.6));
#11593 = VECTOR('',#11594,1.);
#11594 = DIRECTION('',(-0.866025403784,0.5,0.));
#11595 = ORIENTED_EDGE('',*,*,#11596,.F.);
#11596 = EDGE_CURVE('',#9611,#11589,#11597,.T.);
#11597 = LINE('',#11598,#11599);
#11598 = CARTESIAN_POINT('',(8.,184.3486315613,39.));
#11599 = VECTOR('',#11600,1.);
#11600 = DIRECTION('',(0.,0.,1.));
#11601 = ORIENTED_EDGE('',*,*,#9608,.F.);
#11602 = PLANE('',#11603);
#11603 = AXIS2_PLACEMENT_3D('',#11604,#11605,#11606);
#11604 = CARTESIAN_POINT('',(10.9,182.67431578065,39.));
#11605 = DIRECTION('',(-0.5,-0.866025403784,0.));
#11606 = DIRECTION('',(-0.866025403784,0.5,0.));
#11607 = ADVANCED_FACE('',(#11608),#11626,.T.);
#11608 = FACE_BOUND('',#11609,.T.);
#11609 = EDGE_LOOP('',(#11610,#11618,#11624,#11625));
#11610 = ORIENTED_EDGE('',*,*,#11611,.T.);
#11611 = EDGE_CURVE('',#9619,#11612,#11614,.T.);
#11612 = VERTEX_POINT('',#11613);
#11613 = CARTESIAN_POINT('',(10.9,179.32568421935,41.6));
#11614 = LINE('',#11615,#11616);
#11615 = CARTESIAN_POINT('',(10.9,179.32568421935,39.));
#11616 = VECTOR('',#11617,1.);
#11617 = DIRECTION('',(0.,0.,1.));
#11618 = ORIENTED_EDGE('',*,*,#11619,.T.);
#11619 = EDGE_CURVE('',#11612,#11581,#11620,.T.);
#11620 = LINE('',#11621,#11622);
#11621 = CARTESIAN_POINT('',(10.9,179.32568421935,41.6));
#11622 = VECTOR('',#11623,1.);
#11623 = DIRECTION('',(5.304724652093E-16,1.,0.));
#11624 = ORIENTED_EDGE('',*,*,#11580,.F.);
#11625 = ORIENTED_EDGE('',*,*,#9618,.F.);
#11626 = PLANE('',#11627);
#11627 = AXIS2_PLACEMENT_3D('',#11628,#11629,#11630);
#11628 = CARTESIAN_POINT('',(10.9,179.32568421935,39.));
#11629 = DIRECTION('',(-1.,5.304724652093E-16,0.));
#11630 = DIRECTION('',(5.304724652093E-16,1.,0.));
#11631 = ADVANCED_FACE('',(#11632),#11650,.T.);
#11632 = FACE_BOUND('',#11633,.T.);
#11633 = EDGE_LOOP('',(#11634,#11635,#11643,#11649));
#11634 = ORIENTED_EDGE('',*,*,#11596,.T.);
#11635 = ORIENTED_EDGE('',*,*,#11636,.T.);
#11636 = EDGE_CURVE('',#11589,#11637,#11639,.T.);
#11637 = VERTEX_POINT('',#11638);
#11638 = CARTESIAN_POINT('',(5.1,182.67431578065,41.6));
#11639 = LINE('',#11640,#11641);
#11640 = CARTESIAN_POINT('',(8.,184.3486315613,41.6));
#11641 = VECTOR('',#11642,1.);
#11642 = DIRECTION('',(-0.866025403784,-0.5,0.));
#11643 = ORIENTED_EDGE('',*,*,#11644,.F.);
#11644 = EDGE_CURVE('',#9643,#11637,#11645,.T.);
#11645 = LINE('',#11646,#11647);
#11646 = CARTESIAN_POINT('',(5.1,182.67431578065,39.));
#11647 = VECTOR('',#11648,1.);
#11648 = DIRECTION('',(0.,0.,1.));
#11649 = ORIENTED_EDGE('',*,*,#9650,.F.);
#11650 = PLANE('',#11651);
#11651 = AXIS2_PLACEMENT_3D('',#11652,#11653,#11654);
#11652 = CARTESIAN_POINT('',(8.,184.3486315613,39.));
#11653 = DIRECTION('',(0.5,-0.866025403784,0.));
#11654 = DIRECTION('',(-0.866025403784,-0.5,0.));
#11655 = ADVANCED_FACE('',(#11656),#11674,.T.);
#11656 = FACE_BOUND('',#11657,.T.);
#11657 = EDGE_LOOP('',(#11658,#11666,#11672,#11673));
#11658 = ORIENTED_EDGE('',*,*,#11659,.T.);
#11659 = EDGE_CURVE('',#9627,#11660,#11662,.T.);
#11660 = VERTEX_POINT('',#11661);
#11661 = CARTESIAN_POINT('',(8.,177.6513684387,41.6));
#11662 = LINE('',#11663,#11664);
#11663 = CARTESIAN_POINT('',(8.,177.6513684387,39.));
#11664 = VECTOR('',#11665,1.);
#11665 = DIRECTION('',(0.,0.,1.));
#11666 = ORIENTED_EDGE('',*,*,#11667,.T.);
#11667 = EDGE_CURVE('',#11660,#11612,#11668,.T.);
#11668 = LINE('',#11669,#11670);
#11669 = CARTESIAN_POINT('',(8.,177.6513684387,41.6));
#11670 = VECTOR('',#11671,1.);
#11671 = DIRECTION('',(0.866025403784,0.5,0.));
#11672 = ORIENTED_EDGE('',*,*,#11611,.F.);
#11673 = ORIENTED_EDGE('',*,*,#9626,.F.);
#11674 = PLANE('',#11675);
#11675 = AXIS2_PLACEMENT_3D('',#11676,#11677,#11678);
#11676 = CARTESIAN_POINT('',(8.,177.6513684387,39.));
#11677 = DIRECTION('',(-0.5,0.866025403784,0.));
#11678 = DIRECTION('',(0.866025403784,0.5,0.));
#11679 = ADVANCED_FACE('',(#11680),#11698,.T.);
#11680 = FACE_BOUND('',#11681,.T.);
#11681 = EDGE_LOOP('',(#11682,#11683,#11691,#11697));
#11682 = ORIENTED_EDGE('',*,*,#11644,.T.);
#11683 = ORIENTED_EDGE('',*,*,#11684,.T.);
#11684 = EDGE_CURVE('',#11637,#11685,#11687,.T.);
#11685 = VERTEX_POINT('',#11686);
#11686 = CARTESIAN_POINT('',(5.1,179.32568421935,41.6));
#11687 = LINE('',#11688,#11689);
#11688 = CARTESIAN_POINT('',(5.1,182.67431578065,41.6));
#11689 = VECTOR('',#11690,1.);
#11690 = DIRECTION('',(0.,-1.,0.));
#11691 = ORIENTED_EDGE('',*,*,#11692,.F.);
#11692 = EDGE_CURVE('',#9635,#11685,#11693,.T.);
#11693 = LINE('',#11694,#11695);
#11694 = CARTESIAN_POINT('',(5.1,179.32568421935,39.));
#11695 = VECTOR('',#11696,1.);
#11696 = DIRECTION('',(0.,0.,1.));
#11697 = ORIENTED_EDGE('',*,*,#9642,.F.);
#11698 = PLANE('',#11699);
#11699 = AXIS2_PLACEMENT_3D('',#11700,#11701,#11702);
#11700 = CARTESIAN_POINT('',(5.1,182.67431578065,39.));
#11701 = DIRECTION('',(1.,0.,0.));
#11702 = DIRECTION('',(0.,-1.,0.));
#11703 = ADVANCED_FACE('',(#11704),#11715,.T.);
#11704 = FACE_BOUND('',#11705,.T.);
#11705 = EDGE_LOOP('',(#11706,#11707,#11713,#11714));
#11706 = ORIENTED_EDGE('',*,*,#11692,.T.);
#11707 = ORIENTED_EDGE('',*,*,#11708,.T.);
#11708 = EDGE_CURVE('',#11685,#11660,#11709,.T.);
#11709 = LINE('',#11710,#11711);
#11710 = CARTESIAN_POINT('',(5.1,179.32568421935,41.6));
#11711 = VECTOR('',#11712,1.);
#11712 = DIRECTION('',(0.866025403784,-0.5,0.));
#11713 = ORIENTED_EDGE('',*,*,#11659,.F.);
#11714 = ORIENTED_EDGE('',*,*,#9634,.F.);
#11715 = PLANE('',#11716);
#11716 = AXIS2_PLACEMENT_3D('',#11717,#11718,#11719);
#11717 = CARTESIAN_POINT('',(5.1,179.32568421935,39.));
#11718 = DIRECTION('',(0.5,0.866025403784,0.));
#11719 = DIRECTION('',(0.866025403784,-0.5,0.));
#11720 = ADVANCED_FACE('',(#11721),#11746,.T.);
#11721 = FACE_BOUND('',#11722,.T.);
#11722 = EDGE_LOOP('',(#11723,#11731,#11739,#11745));
#11723 = ORIENTED_EDGE('',*,*,#11724,.T.);
#11724 = EDGE_CURVE('',#9693,#11725,#11727,.T.);
#11725 = VERTEX_POINT('',#11726);
#11726 = CARTESIAN_POINT('',(10.9,243.67431578065,41.6));
#11727 = LINE('',#11728,#11729);
#11728 = CARTESIAN_POINT('',(10.9,243.67431578065,39.));
#11729 = VECTOR('',#11730,1.);
#11730 = DIRECTION('',(0.,0.,1.));
#11731 = ORIENTED_EDGE('',*,*,#11732,.T.);
#11732 = EDGE_CURVE('',#11725,#11733,#11735,.T.);
#11733 = VERTEX_POINT('',#11734);
#11734 = CARTESIAN_POINT('',(8.,245.3486315613,41.6));
#11735 = LINE('',#11736,#11737);
#11736 = CARTESIAN_POINT('',(10.9,243.67431578065,41.6));
#11737 = VECTOR('',#11738,1.);
#11738 = DIRECTION('',(-0.866025403784,0.5,0.));
#11739 = ORIENTED_EDGE('',*,*,#11740,.F.);
#11740 = EDGE_CURVE('',#9695,#11733,#11741,.T.);
#11741 = LINE('',#11742,#11743);
#11742 = CARTESIAN_POINT('',(8.,245.3486315613,39.));
#11743 = VECTOR('',#11744,1.);
#11744 = DIRECTION('',(0.,0.,1.));
#11745 = ORIENTED_EDGE('',*,*,#9692,.F.);
#11746 = PLANE('',#11747);
#11747 = AXIS2_PLACEMENT_3D('',#11748,#11749,#11750);
#11748 = CARTESIAN_POINT('',(10.9,243.67431578065,39.));
#11749 = DIRECTION('',(-0.5,-0.866025403784,0.));
#11750 = DIRECTION('',(-0.866025403784,0.5,0.));
#11751 = ADVANCED_FACE('',(#11752),#11770,.T.);
#11752 = FACE_BOUND('',#11753,.T.);
#11753 = EDGE_LOOP('',(#11754,#11762,#11768,#11769));
#11754 = ORIENTED_EDGE('',*,*,#11755,.T.);
#11755 = EDGE_CURVE('',#9703,#11756,#11758,.T.);
#11756 = VERTEX_POINT('',#11757);
#11757 = CARTESIAN_POINT('',(10.9,240.32568421935,41.6));
#11758 = LINE('',#11759,#11760);
#11759 = CARTESIAN_POINT('',(10.9,240.32568421935,39.));
#11760 = VECTOR('',#11761,1.);
#11761 = DIRECTION('',(0.,0.,1.));
#11762 = ORIENTED_EDGE('',*,*,#11763,.T.);
#11763 = EDGE_CURVE('',#11756,#11725,#11764,.T.);
#11764 = LINE('',#11765,#11766);
#11765 = CARTESIAN_POINT('',(10.9,240.32568421935,41.6));
#11766 = VECTOR('',#11767,1.);
#11767 = DIRECTION('',(5.304724652093E-16,1.,0.));
#11768 = ORIENTED_EDGE('',*,*,#11724,.F.);
#11769 = ORIENTED_EDGE('',*,*,#9702,.F.);
#11770 = PLANE('',#11771);
#11771 = AXIS2_PLACEMENT_3D('',#11772,#11773,#11774);
#11772 = CARTESIAN_POINT('',(10.9,240.32568421935,39.));
#11773 = DIRECTION('',(-1.,5.304724652093E-16,0.));
#11774 = DIRECTION('',(5.304724652093E-16,1.,0.));
#11775 = ADVANCED_FACE('',(#11776),#11794,.T.);
#11776 = FACE_BOUND('',#11777,.T.);
#11777 = EDGE_LOOP('',(#11778,#11779,#11787,#11793));
#11778 = ORIENTED_EDGE('',*,*,#11740,.T.);
#11779 = ORIENTED_EDGE('',*,*,#11780,.T.);
#11780 = EDGE_CURVE('',#11733,#11781,#11783,.T.);
#11781 = VERTEX_POINT('',#11782);
#11782 = CARTESIAN_POINT('',(5.1,243.67431578065,41.6));
#11783 = LINE('',#11784,#11785);
#11784 = CARTESIAN_POINT('',(8.,245.3486315613,41.6));
#11785 = VECTOR('',#11786,1.);
#11786 = DIRECTION('',(-0.866025403784,-0.5,0.));
#11787 = ORIENTED_EDGE('',*,*,#11788,.F.);
#11788 = EDGE_CURVE('',#9727,#11781,#11789,.T.);
#11789 = LINE('',#11790,#11791);
#11790 = CARTESIAN_POINT('',(5.1,243.67431578065,39.));
#11791 = VECTOR('',#11792,1.);
#11792 = DIRECTION('',(0.,0.,1.));
#11793 = ORIENTED_EDGE('',*,*,#9734,.F.);
#11794 = PLANE('',#11795);
#11795 = AXIS2_PLACEMENT_3D('',#11796,#11797,#11798);
#11796 = CARTESIAN_POINT('',(8.,245.3486315613,39.));
#11797 = DIRECTION('',(0.5,-0.866025403784,0.));
#11798 = DIRECTION('',(-0.866025403784,-0.5,0.));
#11799 = ADVANCED_FACE('',(#11800),#11818,.T.);
#11800 = FACE_BOUND('',#11801,.T.);
#11801 = EDGE_LOOP('',(#11802,#11810,#11816,#11817));
#11802 = ORIENTED_EDGE('',*,*,#11803,.T.);
#11803 = EDGE_CURVE('',#9711,#11804,#11806,.T.);
#11804 = VERTEX_POINT('',#11805);
#11805 = CARTESIAN_POINT('',(8.,238.6513684387,41.6));
#11806 = LINE('',#11807,#11808);
#11807 = CARTESIAN_POINT('',(8.,238.6513684387,39.));
#11808 = VECTOR('',#11809,1.);
#11809 = DIRECTION('',(0.,0.,1.));
#11810 = ORIENTED_EDGE('',*,*,#11811,.T.);
#11811 = EDGE_CURVE('',#11804,#11756,#11812,.T.);
#11812 = LINE('',#11813,#11814);
#11813 = CARTESIAN_POINT('',(8.,238.6513684387,41.6));
#11814 = VECTOR('',#11815,1.);
#11815 = DIRECTION('',(0.866025403784,0.5,0.));
#11816 = ORIENTED_EDGE('',*,*,#11755,.F.);
#11817 = ORIENTED_EDGE('',*,*,#9710,.F.);
#11818 = PLANE('',#11819);
#11819 = AXIS2_PLACEMENT_3D('',#11820,#11821,#11822);
#11820 = CARTESIAN_POINT('',(8.,238.6513684387,39.));
#11821 = DIRECTION('',(-0.5,0.866025403784,0.));
#11822 = DIRECTION('',(0.866025403784,0.5,0.));
#11823 = ADVANCED_FACE('',(#11824),#11842,.T.);
#11824 = FACE_BOUND('',#11825,.T.);
#11825 = EDGE_LOOP('',(#11826,#11827,#11835,#11841));
#11826 = ORIENTED_EDGE('',*,*,#11788,.T.);
#11827 = ORIENTED_EDGE('',*,*,#11828,.T.);
#11828 = EDGE_CURVE('',#11781,#11829,#11831,.T.);
#11829 = VERTEX_POINT('',#11830);
#11830 = CARTESIAN_POINT('',(5.1,240.32568421935,41.6));
#11831 = LINE('',#11832,#11833);
#11832 = CARTESIAN_POINT('',(5.1,243.67431578065,41.6));
#11833 = VECTOR('',#11834,1.);
#11834 = DIRECTION('',(0.,-1.,0.));
#11835 = ORIENTED_EDGE('',*,*,#11836,.F.);
#11836 = EDGE_CURVE('',#9719,#11829,#11837,.T.);
#11837 = LINE('',#11838,#11839);
#11838 = CARTESIAN_POINT('',(5.1,240.32568421935,39.));
#11839 = VECTOR('',#11840,1.);
#11840 = DIRECTION('',(0.,0.,1.));
#11841 = ORIENTED_EDGE('',*,*,#9726,.F.);
#11842 = PLANE('',#11843);
#11843 = AXIS2_PLACEMENT_3D('',#11844,#11845,#11846);
#11844 = CARTESIAN_POINT('',(5.1,243.67431578065,39.));
#11845 = DIRECTION('',(1.,0.,0.));
#11846 = DIRECTION('',(0.,-1.,0.));
#11847 = ADVANCED_FACE('',(#11848),#11859,.T.);
#11848 = FACE_BOUND('',#11849,.T.);
#11849 = EDGE_LOOP('',(#11850,#11851,#11857,#11858));
#11850 = ORIENTED_EDGE('',*,*,#11836,.T.);
#11851 = ORIENTED_EDGE('',*,*,#11852,.T.);
#11852 = EDGE_CURVE('',#11829,#11804,#11853,.T.);
#11853 = LINE('',#11854,#11855);
#11854 = CARTESIAN_POINT('',(5.1,240.32568421935,41.6));
#11855 = VECTOR('',#11856,1.);
#11856 = DIRECTION('',(0.866025403784,-0.5,0.));
#11857 = ORIENTED_EDGE('',*,*,#11803,.F.);
#11858 = ORIENTED_EDGE('',*,*,#9718,.F.);
#11859 = PLANE('',#11860);
#11860 = AXIS2_PLACEMENT_3D('',#11861,#11862,#11863);
#11861 = CARTESIAN_POINT('',(5.1,240.32568421935,39.));
#11862 = DIRECTION('',(0.5,0.866025403784,0.));
#11863 = DIRECTION('',(0.866025403784,-0.5,0.));
#11864 = ADVANCED_FACE('',(#11865),#11884,.T.);
#11865 = FACE_BOUND('',#11866,.T.);
#11866 = EDGE_LOOP('',(#11867,#11868,#11876,#11883));
#11867 = ORIENTED_EDGE('',*,*,#10048,.F.);
#11868 = ORIENTED_EDGE('',*,*,#11869,.F.);
#11869 = EDGE_CURVE('',#11870,#10049,#11872,.T.);
#11870 = VERTEX_POINT('',#11871);
#11871 = CARTESIAN_POINT('',(258.5,145.,12.));
#11872 = LINE('',#11873,#11874);
#11873 = CARTESIAN_POINT('',(258.5,145.,12.));
#11874 = VECTOR('',#11875,1.);
#11875 = DIRECTION('',(0.,0.,1.));
#11876 = ORIENTED_EDGE('',*,*,#11877,.T.);
#11877 = EDGE_CURVE('',#11870,#11870,#11878,.T.);
#11878 = CIRCLE('',#11879,5.5);
#11879 = AXIS2_PLACEMENT_3D('',#11880,#11881,#11882);
#11880 = CARTESIAN_POINT('',(253.,145.,12.));
#11881 = DIRECTION('',(0.,0.,1.));
#11882 = DIRECTION('',(1.,0.,0.));
#11883 = ORIENTED_EDGE('',*,*,#11869,.T.);
#11884 = CYLINDRICAL_SURFACE('',#11885,5.5);
#11885 = AXIS2_PLACEMENT_3D('',#11886,#11887,#11888);
#11886 = CARTESIAN_POINT('',(253.,145.,12.));
#11887 = DIRECTION('',(0.,0.,1.));
#11888 = DIRECTION('',(1.,0.,0.));
#11889 = ADVANCED_FACE('',(#11890),#11915,.T.);
#11890 = FACE_BOUND('',#11891,.T.);
#11891 = EDGE_LOOP('',(#11892,#11900,#11908,#11914));
#11892 = ORIENTED_EDGE('',*,*,#11893,.T.);
#11893 = EDGE_CURVE('',#10060,#11894,#11896,.T.);
#11894 = VERTEX_POINT('',#11895);
#11895 = CARTESIAN_POINT('',(256.9,182.67431578065,41.6));
#11896 = LINE('',#11897,#11898);
#11897 = CARTESIAN_POINT('',(256.9,182.67431578065,39.));
#11898 = VECTOR('',#11899,1.);
#11899 = DIRECTION('',(0.,0.,1.));
#11900 = ORIENTED_EDGE('',*,*,#11901,.T.);
#11901 = EDGE_CURVE('',#11894,#11902,#11904,.T.);
#11902 = VERTEX_POINT('',#11903);
#11903 = CARTESIAN_POINT('',(254.,184.3486315613,41.6));
#11904 = LINE('',#11905,#11906);
#11905 = CARTESIAN_POINT('',(256.9,182.67431578065,41.6));
#11906 = VECTOR('',#11907,1.);
#11907 = DIRECTION('',(-0.866025403784,0.5,0.));
#11908 = ORIENTED_EDGE('',*,*,#11909,.F.);
#11909 = EDGE_CURVE('',#10062,#11902,#11910,.T.);
#11910 = LINE('',#11911,#11912);
#11911 = CARTESIAN_POINT('',(254.,184.3486315613,39.));
#11912 = VECTOR('',#11913,1.);
#11913 = DIRECTION('',(0.,0.,1.));
#11914 = ORIENTED_EDGE('',*,*,#10059,.F.);
#11915 = PLANE('',#11916);
#11916 = AXIS2_PLACEMENT_3D('',#11917,#11918,#11919);
#11917 = CARTESIAN_POINT('',(256.9,182.67431578065,39.));
#11918 = DIRECTION('',(-0.5,-0.866025403784,0.));
#11919 = DIRECTION('',(-0.866025403784,0.5,0.));
#11920 = ADVANCED_FACE('',(#11921),#11939,.T.);
#11921 = FACE_BOUND('',#11922,.T.);
#11922 = EDGE_LOOP('',(#11923,#11931,#11937,#11938));
#11923 = ORIENTED_EDGE('',*,*,#11924,.T.);
#11924 = EDGE_CURVE('',#10070,#11925,#11927,.T.);
#11925 = VERTEX_POINT('',#11926);
#11926 = CARTESIAN_POINT('',(256.9,179.32568421935,41.6));
#11927 = LINE('',#11928,#11929);
#11928 = CARTESIAN_POINT('',(256.9,179.32568421935,39.));
#11929 = VECTOR('',#11930,1.);
#11930 = DIRECTION('',(0.,0.,1.));
#11931 = ORIENTED_EDGE('',*,*,#11932,.T.);
#11932 = EDGE_CURVE('',#11925,#11894,#11933,.T.);
#11933 = LINE('',#11934,#11935);
#11934 = CARTESIAN_POINT('',(256.9,179.32568421935,41.6));
#11935 = VECTOR('',#11936,1.);
#11936 = DIRECTION('',(0.,1.,0.));
#11937 = ORIENTED_EDGE('',*,*,#11893,.F.);
#11938 = ORIENTED_EDGE('',*,*,#10069,.F.);
#11939 = PLANE('',#11940);
#11940 = AXIS2_PLACEMENT_3D('',#11941,#11942,#11943);
#11941 = CARTESIAN_POINT('',(256.9,179.32568421935,39.));
#11942 = DIRECTION('',(-1.,0.,0.));
#11943 = DIRECTION('',(0.,1.,0.));
#11944 = ADVANCED_FACE('',(#11945),#11963,.T.);
#11945 = FACE_BOUND('',#11946,.T.);
#11946 = EDGE_LOOP('',(#11947,#11948,#11956,#11962));
#11947 = ORIENTED_EDGE('',*,*,#11909,.T.);
#11948 = ORIENTED_EDGE('',*,*,#11949,.T.);
#11949 = EDGE_CURVE('',#11902,#11950,#11952,.T.);
#11950 = VERTEX_POINT('',#11951);
#11951 = CARTESIAN_POINT('',(251.1,182.67431578065,41.6));
#11952 = LINE('',#11953,#11954);
#11953 = CARTESIAN_POINT('',(254.,184.3486315613,41.6));
#11954 = VECTOR('',#11955,1.);
#11955 = DIRECTION('',(-0.866025403784,-0.5,0.));
#11956 = ORIENTED_EDGE('',*,*,#11957,.F.);
#11957 = EDGE_CURVE('',#10094,#11950,#11958,.T.);
#11958 = LINE('',#11959,#11960);
#11959 = CARTESIAN_POINT('',(251.1,182.67431578065,39.));
#11960 = VECTOR('',#11961,1.);
#11961 = DIRECTION('',(0.,0.,1.));
#11962 = ORIENTED_EDGE('',*,*,#10101,.F.);
#11963 = PLANE('',#11964);
#11964 = AXIS2_PLACEMENT_3D('',#11965,#11966,#11967);
#11965 = CARTESIAN_POINT('',(254.,184.3486315613,39.));
#11966 = DIRECTION('',(0.5,-0.866025403784,0.));
#11967 = DIRECTION('',(-0.866025403784,-0.5,0.));
#11968 = ADVANCED_FACE('',(#11969),#11987,.T.);
#11969 = FACE_BOUND('',#11970,.T.);
#11970 = EDGE_LOOP('',(#11971,#11979,#11985,#11986));
#11971 = ORIENTED_EDGE('',*,*,#11972,.T.);
#11972 = EDGE_CURVE('',#10078,#11973,#11975,.T.);
#11973 = VERTEX_POINT('',#11974);
#11974 = CARTESIAN_POINT('',(254.,177.6513684387,41.6));
#11975 = LINE('',#11976,#11977);
#11976 = CARTESIAN_POINT('',(254.,177.6513684387,39.));
#11977 = VECTOR('',#11978,1.);
#11978 = DIRECTION('',(0.,0.,1.));
#11979 = ORIENTED_EDGE('',*,*,#11980,.T.);
#11980 = EDGE_CURVE('',#11973,#11925,#11981,.T.);
#11981 = LINE('',#11982,#11983);
#11982 = CARTESIAN_POINT('',(254.,177.6513684387,41.6));
#11983 = VECTOR('',#11984,1.);
#11984 = DIRECTION('',(0.866025403784,0.5,0.));
#11985 = ORIENTED_EDGE('',*,*,#11924,.F.);
#11986 = ORIENTED_EDGE('',*,*,#10077,.F.);
#11987 = PLANE('',#11988);
#11988 = AXIS2_PLACEMENT_3D('',#11989,#11990,#11991);
#11989 = CARTESIAN_POINT('',(254.,177.6513684387,39.));
#11990 = DIRECTION('',(-0.5,0.866025403784,0.));
#11991 = DIRECTION('',(0.866025403784,0.5,0.));
#11992 = ADVANCED_FACE('',(#11993),#12011,.T.);
#11993 = FACE_BOUND('',#11994,.T.);
#11994 = EDGE_LOOP('',(#11995,#11996,#12004,#12010));
#11995 = ORIENTED_EDGE('',*,*,#11957,.T.);
#11996 = ORIENTED_EDGE('',*,*,#11997,.T.);
#11997 = EDGE_CURVE('',#11950,#11998,#12000,.T.);
#11998 = VERTEX_POINT('',#11999);
#11999 = CARTESIAN_POINT('',(251.1,179.32568421935,41.6));
#12000 = LINE('',#12001,#12002);
#12001 = CARTESIAN_POINT('',(251.1,182.67431578065,41.6));
#12002 = VECTOR('',#12003,1.);
#12003 = DIRECTION('',(0.,-1.,0.));
#12004 = ORIENTED_EDGE('',*,*,#12005,.F.);
#12005 = EDGE_CURVE('',#10086,#11998,#12006,.T.);
#12006 = LINE('',#12007,#12008);
#12007 = CARTESIAN_POINT('',(251.1,179.32568421935,39.));
#12008 = VECTOR('',#12009,1.);
#12009 = DIRECTION('',(0.,0.,1.));
#12010 = ORIENTED_EDGE('',*,*,#10093,.F.);
#12011 = PLANE('',#12012);
#12012 = AXIS2_PLACEMENT_3D('',#12013,#12014,#12015);
#12013 = CARTESIAN_POINT('',(251.1,182.67431578065,39.));
#12014 = DIRECTION('',(1.,0.,0.));
#12015 = DIRECTION('',(0.,-1.,0.));
#12016 = ADVANCED_FACE('',(#12017),#12028,.T.);
#12017 = FACE_BOUND('',#12018,.T.);
#12018 = EDGE_LOOP('',(#12019,#12020,#12026,#12027));
#12019 = ORIENTED_EDGE('',*,*,#12005,.T.);
#12020 = ORIENTED_EDGE('',*,*,#12021,.T.);
#12021 = EDGE_CURVE('',#11998,#11973,#12022,.T.);
#12022 = LINE('',#12023,#12024);
#12023 = CARTESIAN_POINT('',(251.1,179.32568421935,41.6));
#12024 = VECTOR('',#12025,1.);
#12025 = DIRECTION('',(0.866025403784,-0.5,0.));
#12026 = ORIENTED_EDGE('',*,*,#11972,.F.);
#12027 = ORIENTED_EDGE('',*,*,#10085,.F.);
#12028 = PLANE('',#12029);
#12029 = AXIS2_PLACEMENT_3D('',#12030,#12031,#12032);
#12030 = CARTESIAN_POINT('',(251.1,179.32568421935,39.));
#12031 = DIRECTION('',(0.5,0.866025403784,0.));
#12032 = DIRECTION('',(0.866025403784,-0.5,0.));
#12033 = ADVANCED_FACE('',(#12034),#12059,.T.);
#12034 = FACE_BOUND('',#12035,.T.);
#12035 = EDGE_LOOP('',(#12036,#12044,#12052,#12058));
#12036 = ORIENTED_EDGE('',*,*,#12037,.T.);
#12037 = EDGE_CURVE('',#10110,#12038,#12040,.T.);
#12038 = VERTEX_POINT('',#12039);
#12039 = CARTESIAN_POINT('',(256.9,243.67431578065,41.6));
#12040 = LINE('',#12041,#12042);
#12041 = CARTESIAN_POINT('',(256.9,243.67431578065,39.));
#12042 = VECTOR('',#12043,1.);
#12043 = DIRECTION('',(0.,0.,1.));
#12044 = ORIENTED_EDGE('',*,*,#12045,.T.);
#12045 = EDGE_CURVE('',#12038,#12046,#12048,.T.);
#12046 = VERTEX_POINT('',#12047);
#12047 = CARTESIAN_POINT('',(254.,245.3486315613,41.6));
#12048 = LINE('',#12049,#12050);
#12049 = CARTESIAN_POINT('',(256.9,243.67431578065,41.6));
#12050 = VECTOR('',#12051,1.);
#12051 = DIRECTION('',(-0.866025403784,0.5,0.));
#12052 = ORIENTED_EDGE('',*,*,#12053,.F.);
#12053 = EDGE_CURVE('',#10112,#12046,#12054,.T.);
#12054 = LINE('',#12055,#12056);
#12055 = CARTESIAN_POINT('',(254.,245.3486315613,39.));
#12056 = VECTOR('',#12057,1.);
#12057 = DIRECTION('',(0.,0.,1.));
#12058 = ORIENTED_EDGE('',*,*,#10109,.F.);
#12059 = PLANE('',#12060);
#12060 = AXIS2_PLACEMENT_3D('',#12061,#12062,#12063);
#12061 = CARTESIAN_POINT('',(256.9,243.67431578065,39.));
#12062 = DIRECTION('',(-0.5,-0.866025403784,0.));
#12063 = DIRECTION('',(-0.866025403784,0.5,0.));
#12064 = ADVANCED_FACE('',(#12065),#12083,.T.);
#12065 = FACE_BOUND('',#12066,.T.);
#12066 = EDGE_LOOP('',(#12067,#12075,#12081,#12082));
#12067 = ORIENTED_EDGE('',*,*,#12068,.T.);
#12068 = EDGE_CURVE('',#10120,#12069,#12071,.T.);
#12069 = VERTEX_POINT('',#12070);
#12070 = CARTESIAN_POINT('',(256.9,240.32568421935,41.6));
#12071 = LINE('',#12072,#12073);
#12072 = CARTESIAN_POINT('',(256.9,240.32568421935,39.));
#12073 = VECTOR('',#12074,1.);
#12074 = DIRECTION('',(0.,0.,1.));
#12075 = ORIENTED_EDGE('',*,*,#12076,.T.);
#12076 = EDGE_CURVE('',#12069,#12038,#12077,.T.);
#12077 = LINE('',#12078,#12079);
#12078 = CARTESIAN_POINT('',(256.9,240.32568421935,41.6));
#12079 = VECTOR('',#12080,1.);
#12080 = DIRECTION('',(0.,1.,0.));
#12081 = ORIENTED_EDGE('',*,*,#12037,.F.);
#12082 = ORIENTED_EDGE('',*,*,#10119,.F.);
#12083 = PLANE('',#12084);
#12084 = AXIS2_PLACEMENT_3D('',#12085,#12086,#12087);
#12085 = CARTESIAN_POINT('',(256.9,240.32568421935,39.));
#12086 = DIRECTION('',(-1.,0.,0.));
#12087 = DIRECTION('',(0.,1.,0.));
#12088 = ADVANCED_FACE('',(#12089),#12107,.T.);
#12089 = FACE_BOUND('',#12090,.T.);
#12090 = EDGE_LOOP('',(#12091,#12092,#12100,#12106));
#12091 = ORIENTED_EDGE('',*,*,#12053,.T.);
#12092 = ORIENTED_EDGE('',*,*,#12093,.T.);
#12093 = EDGE_CURVE('',#12046,#12094,#12096,.T.);
#12094 = VERTEX_POINT('',#12095);
#12095 = CARTESIAN_POINT('',(251.1,243.67431578065,41.6));
#12096 = LINE('',#12097,#12098);
#12097 = CARTESIAN_POINT('',(254.,245.3486315613,41.6));
#12098 = VECTOR('',#12099,1.);
#12099 = DIRECTION('',(-0.866025403784,-0.5,0.));
#12100 = ORIENTED_EDGE('',*,*,#12101,.F.);
#12101 = EDGE_CURVE('',#10144,#12094,#12102,.T.);
#12102 = LINE('',#12103,#12104);
#12103 = CARTESIAN_POINT('',(251.1,243.67431578065,39.));
#12104 = VECTOR('',#12105,1.);
#12105 = DIRECTION('',(0.,0.,1.));
#12106 = ORIENTED_EDGE('',*,*,#10151,.F.);
#12107 = PLANE('',#12108);
#12108 = AXIS2_PLACEMENT_3D('',#12109,#12110,#12111);
#12109 = CARTESIAN_POINT('',(254.,245.3486315613,39.));
#12110 = DIRECTION('',(0.5,-0.866025403784,0.));
#12111 = DIRECTION('',(-0.866025403784,-0.5,0.));
#12112 = ADVANCED_FACE('',(#12113),#12131,.T.);
#12113 = FACE_BOUND('',#12114,.T.);
#12114 = EDGE_LOOP('',(#12115,#12123,#12129,#12130));
#12115 = ORIENTED_EDGE('',*,*,#12116,.T.);
#12116 = EDGE_CURVE('',#10128,#12117,#12119,.T.);
#12117 = VERTEX_POINT('',#12118);
#12118 = CARTESIAN_POINT('',(254.,238.6513684387,41.6));
#12119 = LINE('',#12120,#12121);
#12120 = CARTESIAN_POINT('',(254.,238.6513684387,39.));
#12121 = VECTOR('',#12122,1.);
#12122 = DIRECTION('',(0.,0.,1.));
#12123 = ORIENTED_EDGE('',*,*,#12124,.T.);
#12124 = EDGE_CURVE('',#12117,#12069,#12125,.T.);
#12125 = LINE('',#12126,#12127);
#12126 = CARTESIAN_POINT('',(254.,238.6513684387,41.6));
#12127 = VECTOR('',#12128,1.);
#12128 = DIRECTION('',(0.866025403784,0.5,0.));
#12129 = ORIENTED_EDGE('',*,*,#12068,.F.);
#12130 = ORIENTED_EDGE('',*,*,#10127,.F.);
#12131 = PLANE('',#12132);
#12132 = AXIS2_PLACEMENT_3D('',#12133,#12134,#12135);
#12133 = CARTESIAN_POINT('',(254.,238.6513684387,39.));
#12134 = DIRECTION('',(-0.5,0.866025403784,0.));
#12135 = DIRECTION('',(0.866025403784,0.5,0.));
#12136 = ADVANCED_FACE('',(#12137),#12155,.T.);
#12137 = FACE_BOUND('',#12138,.T.);
#12138 = EDGE_LOOP('',(#12139,#12140,#12148,#12154));
#12139 = ORIENTED_EDGE('',*,*,#12101,.T.);
#12140 = ORIENTED_EDGE('',*,*,#12141,.T.);
#12141 = EDGE_CURVE('',#12094,#12142,#12144,.T.);
#12142 = VERTEX_POINT('',#12143);
#12143 = CARTESIAN_POINT('',(251.1,240.32568421935,41.6));
#12144 = LINE('',#12145,#12146);
#12145 = CARTESIAN_POINT('',(251.1,243.67431578065,41.6));
#12146 = VECTOR('',#12147,1.);
#12147 = DIRECTION('',(0.,-1.,0.));
#12148 = ORIENTED_EDGE('',*,*,#12149,.F.);
#12149 = EDGE_CURVE('',#10136,#12142,#12150,.T.);
#12150 = LINE('',#12151,#12152);
#12151 = CARTESIAN_POINT('',(251.1,240.32568421935,39.));
#12152 = VECTOR('',#12153,1.);
#12153 = DIRECTION('',(0.,0.,1.));
#12154 = ORIENTED_EDGE('',*,*,#10143,.F.);
#12155 = PLANE('',#12156);
#12156 = AXIS2_PLACEMENT_3D('',#12157,#12158,#12159);
#12157 = CARTESIAN_POINT('',(251.1,243.67431578065,39.));
#12158 = DIRECTION('',(1.,0.,0.));
#12159 = DIRECTION('',(0.,-1.,0.));
#12160 = ADVANCED_FACE('',(#12161),#12172,.T.);
#12161 = FACE_BOUND('',#12162,.T.);
#12162 = EDGE_LOOP('',(#12163,#12164,#12170,#12171));
#12163 = ORIENTED_EDGE('',*,*,#12149,.T.);
#12164 = ORIENTED_EDGE('',*,*,#12165,.T.);
#12165 = EDGE_CURVE('',#12142,#12117,#12166,.T.);
#12166 = LINE('',#12167,#12168);
#12167 = CARTESIAN_POINT('',(251.1,240.32568421935,41.6));
#12168 = VECTOR('',#12169,1.);
#12169 = DIRECTION('',(0.866025403784,-0.5,0.));
#12170 = ORIENTED_EDGE('',*,*,#12116,.F.);
#12171 = ORIENTED_EDGE('',*,*,#10135,.F.);
#12172 = PLANE('',#12173);
#12173 = AXIS2_PLACEMENT_3D('',#12174,#12175,#12176);
#12174 = CARTESIAN_POINT('',(251.1,240.32568421935,39.));
#12175 = DIRECTION('',(0.5,0.866025403784,0.));
#12176 = DIRECTION('',(0.866025403784,-0.5,0.));
#12177 = ADVANCED_FACE('',(#12178,#12186),#12197,.F.);
#12178 = FACE_BOUND('',#12179,.F.);
#12179 = EDGE_LOOP('',(#12180,#12181,#12182,#12183,#12184,#12185));
#12180 = ORIENTED_EDGE('',*,*,#11225,.T.);
#12181 = ORIENTED_EDGE('',*,*,#11273,.T.);
#12182 = ORIENTED_EDGE('',*,*,#11321,.T.);
#12183 = ORIENTED_EDGE('',*,*,#11345,.T.);
#12184 = ORIENTED_EDGE('',*,*,#11304,.T.);
#12185 = ORIENTED_EDGE('',*,*,#11256,.T.);
#12186 = FACE_BOUND('',#12187,.F.);
#12187 = EDGE_LOOP('',(#12188));
#12188 = ORIENTED_EDGE('',*,*,#12189,.F.);
#12189 = EDGE_CURVE('',#12190,#12190,#12192,.T.);
#12190 = VERTEX_POINT('',#12191);
#12191 = CARTESIAN_POINT('',(9.7,8.,41.6));
#12192 = CIRCLE('',#12193,1.7);
#12193 = AXIS2_PLACEMENT_3D('',#12194,#12195,#12196);
#12194 = CARTESIAN_POINT('',(8.,8.,41.6));
#12195 = DIRECTION('',(0.,0.,1.));
#12196 = DIRECTION('',(1.,0.,0.));
#12197 = PLANE('',#12198);
#12198 = AXIS2_PLACEMENT_3D('',#12199,#12200,#12201);
#12199 = CARTESIAN_POINT('',(8.,8.,41.6));
#12200 = DIRECTION('',(0.,0.,1.));
#12201 = DIRECTION('',(1.,0.,0.));
#12202 = ADVANCED_FACE('',(#12203,#12206),#12256,.F.);
#12203 = FACE_BOUND('',#12204,.F.);
#12204 = EDGE_LOOP('',(#12205));
#12205 = ORIENTED_EDGE('',*,*,#11370,.T.);
#12206 = FACE_BOUND('',#12207,.F.);
#12207 = EDGE_LOOP('',(#12208,#12218,#12226,#12234,#12242,#12250));
#12208 = ORIENTED_EDGE('',*,*,#12209,.F.);
#12209 = EDGE_CURVE('',#12210,#12212,#12214,.T.);
#12210 = VERTEX_POINT('',#12211);
#12211 = CARTESIAN_POINT('',(11.9,46.67431578065,12.));
#12212 = VERTEX_POINT('',#12213);
#12213 = CARTESIAN_POINT('',(9.,48.3486315613,12.));
#12214 = LINE('',#12215,#12216);
#12215 = CARTESIAN_POINT('',(11.9,46.67431578065,12.));
#12216 = VECTOR('',#12217,1.);
#12217 = DIRECTION('',(-0.866025403784,0.5,0.));
#12218 = ORIENTED_EDGE('',*,*,#12219,.F.);
#12219 = EDGE_CURVE('',#12220,#12210,#12222,.T.);
#12220 = VERTEX_POINT('',#12221);
#12221 = CARTESIAN_POINT('',(11.9,43.32568421935,12.));
#12222 = LINE('',#12223,#12224);
#12223 = CARTESIAN_POINT('',(11.9,43.32568421935,12.));
#12224 = VECTOR('',#12225,1.);
#12225 = DIRECTION('',(5.304724652093E-16,1.,0.));
#12226 = ORIENTED_EDGE('',*,*,#12227,.F.);
#12227 = EDGE_CURVE('',#12228,#12220,#12230,.T.);
#12228 = VERTEX_POINT('',#12229);
#12229 = CARTESIAN_POINT('',(9.,41.6513684387,12.));
#12230 = LINE('',#12231,#12232);
#12231 = CARTESIAN_POINT('',(9.,41.6513684387,12.));
#12232 = VECTOR('',#12233,1.);
#12233 = DIRECTION('',(0.866025403784,0.5,0.));
#12234 = ORIENTED_EDGE('',*,*,#12235,.F.);
#12235 = EDGE_CURVE('',#12236,#12228,#12238,.T.);
#12236 = VERTEX_POINT('',#12237);
#12237 = CARTESIAN_POINT('',(6.1,43.32568421935,12.));
#12238 = LINE('',#12239,#12240);
#12239 = CARTESIAN_POINT('',(6.1,43.32568421935,12.));
#12240 = VECTOR('',#12241,1.);
#12241 = DIRECTION('',(0.866025403784,-0.5,0.));
#12242 = ORIENTED_EDGE('',*,*,#12243,.F.);
#12243 = EDGE_CURVE('',#12244,#12236,#12246,.T.);
#12244 = VERTEX_POINT('',#12245);
#12245 = CARTESIAN_POINT('',(6.1,46.67431578065,12.));
#12246 = LINE('',#12247,#12248);
#12247 = CARTESIAN_POINT('',(6.1,46.67431578065,12.));
#12248 = VECTOR('',#12249,1.);
#12249 = DIRECTION('',(0.,-1.,0.));
#12250 = ORIENTED_EDGE('',*,*,#12251,.F.);
#12251 = EDGE_CURVE('',#12212,#12244,#12252,.T.);
#12252 = LINE('',#12253,#12254);
#12253 = CARTESIAN_POINT('',(9.,48.3486315613,12.));
#12254 = VECTOR('',#12255,1.);
#12255 = DIRECTION('',(-0.866025403784,-0.5,0.));
#12256 = PLANE('',#12257);
#12257 = AXIS2_PLACEMENT_3D('',#12258,#12259,#12260);
#12258 = CARTESIAN_POINT('',(9.,45.,12.));
#12259 = DIRECTION('',(0.,0.,1.));
#12260 = DIRECTION('',(1.,0.,0.));
#12261 = ADVANCED_FACE('',(#12262,#12270),#12281,.F.);
#12262 = FACE_BOUND('',#12263,.F.);
#12263 = EDGE_LOOP('',(#12264,#12265,#12266,#12267,#12268,#12269));
#12264 = ORIENTED_EDGE('',*,*,#11394,.T.);
#12265 = ORIENTED_EDGE('',*,*,#11442,.T.);
#12266 = ORIENTED_EDGE('',*,*,#11490,.T.);
#12267 = ORIENTED_EDGE('',*,*,#11514,.T.);
#12268 = ORIENTED_EDGE('',*,*,#11473,.T.);
#12269 = ORIENTED_EDGE('',*,*,#11425,.T.);
#12270 = FACE_BOUND('',#12271,.F.);
#12271 = EDGE_LOOP('',(#12272));
#12272 = ORIENTED_EDGE('',*,*,#12273,.F.);
#12273 = EDGE_CURVE('',#12274,#12274,#12276,.T.);
#12274 = VERTEX_POINT('',#12275);
#12275 = CARTESIAN_POINT('',(255.7,8.,41.6));
#12276 = CIRCLE('',#12277,1.7);
#12277 = AXIS2_PLACEMENT_3D('',#12278,#12279,#12280);
#12278 = CARTESIAN_POINT('',(254.,8.,41.6));
#12279 = DIRECTION('',(0.,0.,1.));
#12280 = DIRECTION('',(1.,0.,0.));
#12281 = PLANE('',#12282);
#12282 = AXIS2_PLACEMENT_3D('',#12283,#12284,#12285);
#12283 = CARTESIAN_POINT('',(254.,8.,41.6));
#12284 = DIRECTION('',(0.,0.,1.));
#12285 = DIRECTION('',(1.,0.,0.));
#12286 = ADVANCED_FACE('',(#12287,#12290),#12340,.F.);
#12287 = FACE_BOUND('',#12288,.F.);
#12288 = EDGE_LOOP('',(#12289));
#12289 = ORIENTED_EDGE('',*,*,#11539,.T.);
#12290 = FACE_BOUND('',#12291,.F.);
#12291 = EDGE_LOOP('',(#12292,#12302,#12310,#12318,#12326,#12334));
#12292 = ORIENTED_EDGE('',*,*,#12293,.F.);
#12293 = EDGE_CURVE('',#12294,#12296,#12298,.T.);
#12294 = VERTEX_POINT('',#12295);
#12295 = CARTESIAN_POINT('',(255.9,46.67431578065,12.));
#12296 = VERTEX_POINT('',#12297);
#12297 = CARTESIAN_POINT('',(253.,48.3486315613,12.));
#12298 = LINE('',#12299,#12300);
#12299 = CARTESIAN_POINT('',(255.9,46.67431578065,12.));
#12300 = VECTOR('',#12301,1.);
#12301 = DIRECTION('',(-0.866025403784,0.5,0.));
#12302 = ORIENTED_EDGE('',*,*,#12303,.F.);
#12303 = EDGE_CURVE('',#12304,#12294,#12306,.T.);
#12304 = VERTEX_POINT('',#12305);
#12305 = CARTESIAN_POINT('',(255.9,43.32568421935,12.));
#12306 = LINE('',#12307,#12308);
#12307 = CARTESIAN_POINT('',(255.9,43.32568421935,12.));
#12308 = VECTOR('',#12309,1.);
#12309 = DIRECTION('',(0.,1.,0.));
#12310 = ORIENTED_EDGE('',*,*,#12311,.F.);
#12311 = EDGE_CURVE('',#12312,#12304,#12314,.T.);
#12312 = VERTEX_POINT('',#12313);
#12313 = CARTESIAN_POINT('',(253.,41.6513684387,12.));
#12314 = LINE('',#12315,#12316);
#12315 = CARTESIAN_POINT('',(253.,41.6513684387,12.));
#12316 = VECTOR('',#12317,1.);
#12317 = DIRECTION('',(0.866025403784,0.5,0.));
#12318 = ORIENTED_EDGE('',*,*,#12319,.F.);
#12319 = EDGE_CURVE('',#12320,#12312,#12322,.T.);
#12320 = VERTEX_POINT('',#12321);
#12321 = CARTESIAN_POINT('',(250.1,43.32568421935,12.));
#12322 = LINE('',#12323,#12324);
#12323 = CARTESIAN_POINT('',(250.1,43.32568421935,12.));
#12324 = VECTOR('',#12325,1.);
#12325 = DIRECTION('',(0.866025403784,-0.5,0.));
#12326 = ORIENTED_EDGE('',*,*,#12327,.F.);
#12327 = EDGE_CURVE('',#12328,#12320,#12330,.T.);
#12328 = VERTEX_POINT('',#12329);
#12329 = CARTESIAN_POINT('',(250.1,46.67431578065,12.));
#12330 = LINE('',#12331,#12332);
#12331 = CARTESIAN_POINT('',(250.1,46.67431578065,12.));
#12332 = VECTOR('',#12333,1.);
#12333 = DIRECTION('',(0.,-1.,0.));
#12334 = ORIENTED_EDGE('',*,*,#12335,.F.);
#12335 = EDGE_CURVE('',#12296,#12328,#12336,.T.);
#12336 = LINE('',#12337,#12338);
#12337 = CARTESIAN_POINT('',(253.,48.3486315613,12.));
#12338 = VECTOR('',#12339,1.);
#12339 = DIRECTION('',(-0.866025403784,-0.5,0.));
#12340 = PLANE('',#12341);
#12341 = AXIS2_PLACEMENT_3D('',#12342,#12343,#12344);
#12342 = CARTESIAN_POINT('',(253.,45.,12.));
#12343 = DIRECTION('',(0.,0.,1.));
#12344 = DIRECTION('',(1.,0.,0.));
#12345 = ADVANCED_FACE('',(#12346,#12349),#12399,.F.);
#12346 = FACE_BOUND('',#12347,.F.);
#12347 = EDGE_LOOP('',(#12348));
#12348 = ORIENTED_EDGE('',*,*,#11564,.T.);
#12349 = FACE_BOUND('',#12350,.F.);
#12350 = EDGE_LOOP('',(#12351,#12361,#12369,#12377,#12385,#12393));
#12351 = ORIENTED_EDGE('',*,*,#12352,.F.);
#12352 = EDGE_CURVE('',#12353,#12355,#12357,.T.);
#12353 = VERTEX_POINT('',#12354);
#12354 = CARTESIAN_POINT('',(11.9,146.67431578065,12.));
#12355 = VERTEX_POINT('',#12356);
#12356 = CARTESIAN_POINT('',(9.,148.3486315613,12.));
#12357 = LINE('',#12358,#12359);
#12358 = CARTESIAN_POINT('',(11.9,146.67431578065,12.));
#12359 = VECTOR('',#12360,1.);
#12360 = DIRECTION('',(-0.866025403784,0.5,0.));
#12361 = ORIENTED_EDGE('',*,*,#12362,.F.);
#12362 = EDGE_CURVE('',#12363,#12353,#12365,.T.);
#12363 = VERTEX_POINT('',#12364);
#12364 = CARTESIAN_POINT('',(11.9,143.32568421935,12.));
#12365 = LINE('',#12366,#12367);
#12366 = CARTESIAN_POINT('',(11.9,143.32568421935,12.));
#12367 = VECTOR('',#12368,1.);
#12368 = DIRECTION('',(5.304724652093E-16,1.,0.));
#12369 = ORIENTED_EDGE('',*,*,#12370,.F.);
#12370 = EDGE_CURVE('',#12371,#12363,#12373,.T.);
#12371 = VERTEX_POINT('',#12372);
#12372 = CARTESIAN_POINT('',(9.,141.6513684387,12.));
#12373 = LINE('',#12374,#12375);
#12374 = CARTESIAN_POINT('',(9.,141.6513684387,12.));
#12375 = VECTOR('',#12376,1.);
#12376 = DIRECTION('',(0.866025403784,0.5,0.));
#12377 = ORIENTED_EDGE('',*,*,#12378,.F.);
#12378 = EDGE_CURVE('',#12379,#12371,#12381,.T.);
#12379 = VERTEX_POINT('',#12380);
#12380 = CARTESIAN_POINT('',(6.1,143.32568421935,12.));
#12381 = LINE('',#12382,#12383);
#12382 = CARTESIAN_POINT('',(6.1,143.32568421935,12.));
#12383 = VECTOR('',#12384,1.);
#12384 = DIRECTION('',(0.866025403784,-0.5,0.));
#12385 = ORIENTED_EDGE('',*,*,#12386,.F.);
#12386 = EDGE_CURVE('',#12387,#12379,#12389,.T.);
#12387 = VERTEX_POINT('',#12388);
#12388 = CARTESIAN_POINT('',(6.1,146.67431578065,12.));
#12389 = LINE('',#12390,#12391);
#12390 = CARTESIAN_POINT('',(6.1,146.67431578065,12.));
#12391 = VECTOR('',#12392,1.);
#12392 = DIRECTION('',(0.,-1.,0.));
#12393 = ORIENTED_EDGE('',*,*,#12394,.F.);
#12394 = EDGE_CURVE('',#12355,#12387,#12395,.T.);
#12395 = LINE('',#12396,#12397);
#12396 = CARTESIAN_POINT('',(9.,148.3486315613,12.));
#12397 = VECTOR('',#12398,1.);
#12398 = DIRECTION('',(-0.866025403784,-0.5,0.));
#12399 = PLANE('',#12400);
#12400 = AXIS2_PLACEMENT_3D('',#12401,#12402,#12403);
#12401 = CARTESIAN_POINT('',(9.,145.,12.));
#12402 = DIRECTION('',(0.,0.,1.));
#12403 = DIRECTION('',(1.,0.,0.));
#12404 = ADVANCED_FACE('',(#12405,#12413),#12424,.F.);
#12405 = FACE_BOUND('',#12406,.F.);
#12406 = EDGE_LOOP('',(#12407,#12408,#12409,#12410,#12411,#12412));
#12407 = ORIENTED_EDGE('',*,*,#11588,.T.);
#12408 = ORIENTED_EDGE('',*,*,#11636,.T.);
#12409 = ORIENTED_EDGE('',*,*,#11684,.T.);
#12410 = ORIENTED_EDGE('',*,*,#11708,.T.);
#12411 = ORIENTED_EDGE('',*,*,#11667,.T.);
#12412 = ORIENTED_EDGE('',*,*,#11619,.T.);
#12413 = FACE_BOUND('',#12414,.F.);
#12414 = EDGE_LOOP('',(#12415));
#12415 = ORIENTED_EDGE('',*,*,#12416,.F.);
#12416 = EDGE_CURVE('',#12417,#12417,#12419,.T.);
#12417 = VERTEX_POINT('',#12418);
#12418 = CARTESIAN_POINT('',(9.7,181.,41.6));
#12419 = CIRCLE('',#12420,1.7);
#12420 = AXIS2_PLACEMENT_3D('',#12421,#12422,#12423);
#12421 = CARTESIAN_POINT('',(8.,181.,41.6));
#12422 = DIRECTION('',(0.,0.,1.));
#12423 = DIRECTION('',(1.,0.,0.));
#12424 = PLANE('',#12425);
#12425 = AXIS2_PLACEMENT_3D('',#12426,#12427,#12428);
#12426 = CARTESIAN_POINT('',(8.,181.,41.6));
#12427 = DIRECTION('',(0.,0.,1.));
#12428 = DIRECTION('',(1.,0.,0.));
#12429 = ADVANCED_FACE('',(#12430,#12438),#12449,.F.);
#12430 = FACE_BOUND('',#12431,.F.);
#12431 = EDGE_LOOP('',(#12432,#12433,#12434,#12435,#12436,#12437));
#12432 = ORIENTED_EDGE('',*,*,#11732,.T.);
#12433 = ORIENTED_EDGE('',*,*,#11780,.T.);
#12434 = ORIENTED_EDGE('',*,*,#11828,.T.);
#12435 = ORIENTED_EDGE('',*,*,#11852,.T.);
#12436 = ORIENTED_EDGE('',*,*,#11811,.T.);
#12437 = ORIENTED_EDGE('',*,*,#11763,.T.);
#12438 = FACE_BOUND('',#12439,.F.);
#12439 = EDGE_LOOP('',(#12440));
#12440 = ORIENTED_EDGE('',*,*,#12441,.F.);
#12441 = EDGE_CURVE('',#12442,#12442,#12444,.T.);
#12442 = VERTEX_POINT('',#12443);
#12443 = CARTESIAN_POINT('',(9.7,242.,41.6));
#12444 = CIRCLE('',#12445,1.7);
#12445 = AXIS2_PLACEMENT_3D('',#12446,#12447,#12448);
#12446 = CARTESIAN_POINT('',(8.,242.,41.6));
#12447 = DIRECTION('',(0.,0.,1.));
#12448 = DIRECTION('',(1.,0.,0.));
#12449 = PLANE('',#12450);
#12450 = AXIS2_PLACEMENT_3D('',#12451,#12452,#12453);
#12451 = CARTESIAN_POINT('',(8.,242.,41.6));
#12452 = DIRECTION('',(0.,0.,1.));
#12453 = DIRECTION('',(1.,0.,0.));
#12454 = ADVANCED_FACE('',(#12455,#12458),#12508,.F.);
#12455 = FACE_BOUND('',#12456,.F.);
#12456 = EDGE_LOOP('',(#12457));
#12457 = ORIENTED_EDGE('',*,*,#11877,.T.);
#12458 = FACE_BOUND('',#12459,.F.);
#12459 = EDGE_LOOP('',(#12460,#12470,#12478,#12486,#12494,#12502));
#12460 = ORIENTED_EDGE('',*,*,#12461,.F.);
#12461 = EDGE_CURVE('',#12462,#12464,#12466,.T.);
#12462 = VERTEX_POINT('',#12463);
#12463 = CARTESIAN_POINT('',(255.9,146.67431578065,12.));
#12464 = VERTEX_POINT('',#12465);
#12465 = CARTESIAN_POINT('',(253.,148.3486315613,12.));
#12466 = LINE('',#12467,#12468);
#12467 = CARTESIAN_POINT('',(255.9,146.67431578065,12.));
#12468 = VECTOR('',#12469,1.);
#12469 = DIRECTION('',(-0.866025403784,0.5,0.));
#12470 = ORIENTED_EDGE('',*,*,#12471,.F.);
#12471 = EDGE_CURVE('',#12472,#12462,#12474,.T.);
#12472 = VERTEX_POINT('',#12473);
#12473 = CARTESIAN_POINT('',(255.9,143.32568421935,12.));
#12474 = LINE('',#12475,#12476);
#12475 = CARTESIAN_POINT('',(255.9,143.32568421935,12.));
#12476 = VECTOR('',#12477,1.);
#12477 = DIRECTION('',(0.,1.,0.));
#12478 = ORIENTED_EDGE('',*,*,#12479,.F.);
#12479 = EDGE_CURVE('',#12480,#12472,#12482,.T.);
#12480 = VERTEX_POINT('',#12481);
#12481 = CARTESIAN_POINT('',(253.,141.6513684387,12.));
#12482 = LINE('',#12483,#12484);
#12483 = CARTESIAN_POINT('',(253.,141.6513684387,12.));
#12484 = VECTOR('',#12485,1.);
#12485 = DIRECTION('',(0.866025403784,0.5,0.));
#12486 = ORIENTED_EDGE('',*,*,#12487,.F.);
#12487 = EDGE_CURVE('',#12488,#12480,#12490,.T.);
#12488 = VERTEX_POINT('',#12489);
#12489 = CARTESIAN_POINT('',(250.1,143.32568421935,12.));
#12490 = LINE('',#12491,#12492);
#12491 = CARTESIAN_POINT('',(250.1,143.32568421935,12.));
#12492 = VECTOR('',#12493,1.);
#12493 = DIRECTION('',(0.866025403784,-0.5,0.));
#12494 = ORIENTED_EDGE('',*,*,#12495,.F.);
#12495 = EDGE_CURVE('',#12496,#12488,#12498,.T.);
#12496 = VERTEX_POINT('',#12497);
#12497 = CARTESIAN_POINT('',(250.1,146.67431578065,12.));
#12498 = LINE('',#12499,#12500);
#12499 = CARTESIAN_POINT('',(250.1,146.67431578065,12.));
#12500 = VECTOR('',#12501,1.);
#12501 = DIRECTION('',(0.,-1.,0.));
#12502 = ORIENTED_EDGE('',*,*,#12503,.F.);
#12503 = EDGE_CURVE('',#12464,#12496,#12504,.T.);
#12504 = LINE('',#12505,#12506);
#12505 = CARTESIAN_POINT('',(253.,148.3486315613,12.));
#12506 = VECTOR('',#12507,1.);
#12507 = DIRECTION('',(-0.866025403784,-0.5,0.));
#12508 = PLANE('',#12509);
#12509 = AXIS2_PLACEMENT_3D('',#12510,#12511,#12512);
#12510 = CARTESIAN_POINT('',(253.,145.,12.));
#12511 = DIRECTION('',(0.,0.,1.));
#12512 = DIRECTION('',(1.,0.,0.));
#12513 = ADVANCED_FACE('',(#12514,#12522),#12533,.F.);
#12514 = FACE_BOUND('',#12515,.F.);
#12515 = EDGE_LOOP('',(#12516,#12517,#12518,#12519,#12520,#12521));
#12516 = ORIENTED_EDGE('',*,*,#11901,.T.);
#12517 = ORIENTED_EDGE('',*,*,#11949,.T.);
#12518 = ORIENTED_EDGE('',*,*,#11997,.T.);
#12519 = ORIENTED_EDGE('',*,*,#12021,.T.);
#12520 = ORIENTED_EDGE('',*,*,#11980,.T.);
#12521 = ORIENTED_EDGE('',*,*,#11932,.T.);
#12522 = FACE_BOUND('',#12523,.F.);
#12523 = EDGE_LOOP('',(#12524));
#12524 = ORIENTED_EDGE('',*,*,#12525,.F.);
#12525 = EDGE_CURVE('',#12526,#12526,#12528,.T.);
#12526 = VERTEX_POINT('',#12527);
#12527 = CARTESIAN_POINT('',(255.7,181.,41.6));
#12528 = CIRCLE('',#12529,1.7);
#12529 = AXIS2_PLACEMENT_3D('',#12530,#12531,#12532);
#12530 = CARTESIAN_POINT('',(254.,181.,41.6));
#12531 = DIRECTION('',(0.,0.,1.));
#12532 = DIRECTION('',(1.,0.,0.));
#12533 = PLANE('',#12534);
#12534 = AXIS2_PLACEMENT_3D('',#12535,#12536,#12537);
#12535 = CARTESIAN_POINT('',(254.,181.,41.6));
#12536 = DIRECTION('',(0.,0.,1.));
#12537 = DIRECTION('',(1.,0.,0.));
#12538 = ADVANCED_FACE('',(#12539,#12547),#12558,.F.);
#12539 = FACE_BOUND('',#12540,.F.);
#12540 = EDGE_LOOP('',(#12541,#12542,#12543,#12544,#12545,#12546));
#12541 = ORIENTED_EDGE('',*,*,#12045,.T.);
#12542 = ORIENTED_EDGE('',*,*,#12093,.T.);
#12543 = ORIENTED_EDGE('',*,*,#12141,.T.);
#12544 = ORIENTED_EDGE('',*,*,#12165,.T.);
#12545 = ORIENTED_EDGE('',*,*,#12124,.T.);
#12546 = ORIENTED_EDGE('',*,*,#12076,.T.);
#12547 = FACE_BOUND('',#12548,.F.);
#12548 = EDGE_LOOP('',(#12549));
#12549 = ORIENTED_EDGE('',*,*,#12550,.F.);
#12550 = EDGE_CURVE('',#12551,#12551,#12553,.T.);
#12551 = VERTEX_POINT('',#12552);
#12552 = CARTESIAN_POINT('',(255.7,242.,41.6));
#12553 = CIRCLE('',#12554,1.7);
#12554 = AXIS2_PLACEMENT_3D('',#12555,#12556,#12557);
#12555 = CARTESIAN_POINT('',(254.,242.,41.6));
#12556 = DIRECTION('',(0.,0.,1.));
#12557 = DIRECTION('',(1.,0.,0.));
#12558 = PLANE('',#12559);
#12559 = AXIS2_PLACEMENT_3D('',#12560,#12561,#12562);
#12560 = CARTESIAN_POINT('',(254.,242.,41.6));
#12561 = DIRECTION('',(0.,0.,1.));
#12562 = DIRECTION('',(1.,0.,0.));
#12563 = ADVANCED_FACE('',(#12564),#12583,.F.);
#12564 = FACE_BOUND('',#12565,.F.);
#12565 = EDGE_LOOP('',(#12566,#12574,#12581,#12582));
#12566 = ORIENTED_EDGE('',*,*,#12567,.T.);
#12567 = EDGE_CURVE('',#12190,#12568,#12570,.T.);
#12568 = VERTEX_POINT('',#12569);
#12569 = CARTESIAN_POINT('',(9.7,8.,42.5));
#12570 = LINE('',#12571,#12572);
#12571 = CARTESIAN_POINT('',(9.7,8.,39.));
#12572 = VECTOR('',#12573,1.);
#12573 = DIRECTION('',(0.,0.,1.));
#12574 = ORIENTED_EDGE('',*,*,#12575,.F.);
#12575 = EDGE_CURVE('',#12568,#12568,#12576,.T.);
#12576 = CIRCLE('',#12577,1.7);
#12577 = AXIS2_PLACEMENT_3D('',#12578,#12579,#12580);
#12578 = CARTESIAN_POINT('',(8.,8.,42.5));
#12579 = DIRECTION('',(0.,0.,1.));
#12580 = DIRECTION('',(1.,0.,0.));
#12581 = ORIENTED_EDGE('',*,*,#12567,.F.);
#12582 = ORIENTED_EDGE('',*,*,#12189,.T.);
#12583 = CYLINDRICAL_SURFACE('',#12584,1.7);
#12584 = AXIS2_PLACEMENT_3D('',#12585,#12586,#12587);
#12585 = CARTESIAN_POINT('',(8.,8.,39.));
#12586 = DIRECTION('',(0.,0.,1.));
#12587 = DIRECTION('',(1.,0.,0.));
#12588 = ADVANCED_FACE('',(#12589),#12614,.T.);
#12589 = FACE_BOUND('',#12590,.T.);
#12590 = EDGE_LOOP('',(#12591,#12599,#12607,#12613));
#12591 = ORIENTED_EDGE('',*,*,#12592,.T.);
#12592 = EDGE_CURVE('',#12210,#12593,#12595,.T.);
#12593 = VERTEX_POINT('',#12594);
#12594 = CARTESIAN_POINT('',(11.9,46.67431578065,14.6));
#12595 = LINE('',#12596,#12597);
#12596 = CARTESIAN_POINT('',(11.9,46.67431578065,12.));
#12597 = VECTOR('',#12598,1.);
#12598 = DIRECTION('',(0.,0.,1.));
#12599 = ORIENTED_EDGE('',*,*,#12600,.T.);
#12600 = EDGE_CURVE('',#12593,#12601,#12603,.T.);
#12601 = VERTEX_POINT('',#12602);
#12602 = CARTESIAN_POINT('',(9.,48.3486315613,14.6));
#12603 = LINE('',#12604,#12605);
#12604 = CARTESIAN_POINT('',(11.9,46.67431578065,14.6));
#12605 = VECTOR('',#12606,1.);
#12606 = DIRECTION('',(-0.866025403784,0.5,0.));
#12607 = ORIENTED_EDGE('',*,*,#12608,.F.);
#12608 = EDGE_CURVE('',#12212,#12601,#12609,.T.);
#12609 = LINE('',#12610,#12611);
#12610 = CARTESIAN_POINT('',(9.,48.3486315613,12.));
#12611 = VECTOR('',#12612,1.);
#12612 = DIRECTION('',(0.,0.,1.));
#12613 = ORIENTED_EDGE('',*,*,#12209,.F.);
#12614 = PLANE('',#12615);
#12615 = AXIS2_PLACEMENT_3D('',#12616,#12617,#12618);
#12616 = CARTESIAN_POINT('',(11.9,46.67431578065,12.));
#12617 = DIRECTION('',(-0.5,-0.866025403784,0.));
#12618 = DIRECTION('',(-0.866025403784,0.5,0.));
#12619 = ADVANCED_FACE('',(#12620),#12638,.T.);
#12620 = FACE_BOUND('',#12621,.T.);
#12621 = EDGE_LOOP('',(#12622,#12623,#12631,#12637));
#12622 = ORIENTED_EDGE('',*,*,#12608,.T.);
#12623 = ORIENTED_EDGE('',*,*,#12624,.T.);
#12624 = EDGE_CURVE('',#12601,#12625,#12627,.T.);
#12625 = VERTEX_POINT('',#12626);
#12626 = CARTESIAN_POINT('',(6.1,46.67431578065,14.6));
#12627 = LINE('',#12628,#12629);
#12628 = CARTESIAN_POINT('',(9.,48.3486315613,14.6));
#12629 = VECTOR('',#12630,1.);
#12630 = DIRECTION('',(-0.866025403784,-0.5,0.));
#12631 = ORIENTED_EDGE('',*,*,#12632,.F.);
#12632 = EDGE_CURVE('',#12244,#12625,#12633,.T.);
#12633 = LINE('',#12634,#12635);
#12634 = CARTESIAN_POINT('',(6.1,46.67431578065,12.));
#12635 = VECTOR('',#12636,1.);
#12636 = DIRECTION('',(0.,0.,1.));
#12637 = ORIENTED_EDGE('',*,*,#12251,.F.);
#12638 = PLANE('',#12639);
#12639 = AXIS2_PLACEMENT_3D('',#12640,#12641,#12642);
#12640 = CARTESIAN_POINT('',(9.,48.3486315613,12.));
#12641 = DIRECTION('',(0.5,-0.866025403784,0.));
#12642 = DIRECTION('',(-0.866025403784,-0.5,0.));
#12643 = ADVANCED_FACE('',(#12644),#12662,.T.);
#12644 = FACE_BOUND('',#12645,.T.);
#12645 = EDGE_LOOP('',(#12646,#12647,#12655,#12661));
#12646 = ORIENTED_EDGE('',*,*,#12632,.T.);
#12647 = ORIENTED_EDGE('',*,*,#12648,.T.);
#12648 = EDGE_CURVE('',#12625,#12649,#12651,.T.);
#12649 = VERTEX_POINT('',#12650);
#12650 = CARTESIAN_POINT('',(6.1,43.32568421935,14.6));
#12651 = LINE('',#12652,#12653);
#12652 = CARTESIAN_POINT('',(6.1,46.67431578065,14.6));
#12653 = VECTOR('',#12654,1.);
#12654 = DIRECTION('',(0.,-1.,0.));
#12655 = ORIENTED_EDGE('',*,*,#12656,.F.);
#12656 = EDGE_CURVE('',#12236,#12649,#12657,.T.);
#12657 = LINE('',#12658,#12659);
#12658 = CARTESIAN_POINT('',(6.1,43.32568421935,12.));
#12659 = VECTOR('',#12660,1.);
#12660 = DIRECTION('',(0.,0.,1.));
#12661 = ORIENTED_EDGE('',*,*,#12243,.F.);
#12662 = PLANE('',#12663);
#12663 = AXIS2_PLACEMENT_3D('',#12664,#12665,#12666);
#12664 = CARTESIAN_POINT('',(6.1,46.67431578065,12.));
#12665 = DIRECTION('',(1.,0.,0.));
#12666 = DIRECTION('',(0.,-1.,0.));
#12667 = ADVANCED_FACE('',(#12668),#12686,.T.);
#12668 = FACE_BOUND('',#12669,.T.);
#12669 = EDGE_LOOP('',(#12670,#12671,#12679,#12685));
#12670 = ORIENTED_EDGE('',*,*,#12656,.T.);
#12671 = ORIENTED_EDGE('',*,*,#12672,.T.);
#12672 = EDGE_CURVE('',#12649,#12673,#12675,.T.);
#12673 = VERTEX_POINT('',#12674);
#12674 = CARTESIAN_POINT('',(9.,41.6513684387,14.6));
#12675 = LINE('',#12676,#12677);
#12676 = CARTESIAN_POINT('',(6.1,43.32568421935,14.6));
#12677 = VECTOR('',#12678,1.);
#12678 = DIRECTION('',(0.866025403784,-0.5,0.));
#12679 = ORIENTED_EDGE('',*,*,#12680,.F.);
#12680 = EDGE_CURVE('',#12228,#12673,#12681,.T.);
#12681 = LINE('',#12682,#12683);
#12682 = CARTESIAN_POINT('',(9.,41.6513684387,12.));
#12683 = VECTOR('',#12684,1.);
#12684 = DIRECTION('',(0.,0.,1.));
#12685 = ORIENTED_EDGE('',*,*,#12235,.F.);
#12686 = PLANE('',#12687);
#12687 = AXIS2_PLACEMENT_3D('',#12688,#12689,#12690);
#12688 = CARTESIAN_POINT('',(6.1,43.32568421935,12.));
#12689 = DIRECTION('',(0.5,0.866025403784,0.));
#12690 = DIRECTION('',(0.866025403784,-0.5,0.));
#12691 = ADVANCED_FACE('',(#12692),#12710,.T.);
#12692 = FACE_BOUND('',#12693,.T.);
#12693 = EDGE_LOOP('',(#12694,#12695,#12703,#12709));
#12694 = ORIENTED_EDGE('',*,*,#12680,.T.);
#12695 = ORIENTED_EDGE('',*,*,#12696,.T.);
#12696 = EDGE_CURVE('',#12673,#12697,#12699,.T.);
#12697 = VERTEX_POINT('',#12698);
#12698 = CARTESIAN_POINT('',(11.9,43.32568421935,14.6));
#12699 = LINE('',#12700,#12701);
#12700 = CARTESIAN_POINT('',(9.,41.6513684387,14.6));
#12701 = VECTOR('',#12702,1.);
#12702 = DIRECTION('',(0.866025403784,0.5,0.));
#12703 = ORIENTED_EDGE('',*,*,#12704,.F.);
#12704 = EDGE_CURVE('',#12220,#12697,#12705,.T.);
#12705 = LINE('',#12706,#12707);
#12706 = CARTESIAN_POINT('',(11.9,43.32568421935,12.));
#12707 = VECTOR('',#12708,1.);
#12708 = DIRECTION('',(0.,0.,1.));
#12709 = ORIENTED_EDGE('',*,*,#12227,.F.);
#12710 = PLANE('',#12711);
#12711 = AXIS2_PLACEMENT_3D('',#12712,#12713,#12714);
#12712 = CARTESIAN_POINT('',(9.,41.6513684387,12.));
#12713 = DIRECTION('',(-0.5,0.866025403784,0.));
#12714 = DIRECTION('',(0.866025403784,0.5,0.));
#12715 = ADVANCED_FACE('',(#12716),#12727,.T.);
#12716 = FACE_BOUND('',#12717,.T.);
#12717 = EDGE_LOOP('',(#12718,#12719,#12725,#12726));
#12718 = ORIENTED_EDGE('',*,*,#12704,.T.);
#12719 = ORIENTED_EDGE('',*,*,#12720,.T.);
#12720 = EDGE_CURVE('',#12697,#12593,#12721,.T.);
#12721 = LINE('',#12722,#12723);
#12722 = CARTESIAN_POINT('',(11.9,43.32568421935,14.6));
#12723 = VECTOR('',#12724,1.);
#12724 = DIRECTION('',(5.304724652093E-16,1.,0.));
#12725 = ORIENTED_EDGE('',*,*,#12592,.F.);
#12726 = ORIENTED_EDGE('',*,*,#12219,.F.);
#12727 = PLANE('',#12728);
#12728 = AXIS2_PLACEMENT_3D('',#12729,#12730,#12731);
#12729 = CARTESIAN_POINT('',(11.9,43.32568421935,12.));
#12730 = DIRECTION('',(-1.,5.304724652093E-16,0.));
#12731 = DIRECTION('',(5.304724652093E-16,1.,0.));
#12732 = ADVANCED_FACE('',(#12733),#12752,.F.);
#12733 = FACE_BOUND('',#12734,.F.);
#12734 = EDGE_LOOP('',(#12735,#12743,#12750,#12751));
#12735 = ORIENTED_EDGE('',*,*,#12736,.T.);
#12736 = EDGE_CURVE('',#12274,#12737,#12739,.T.);
#12737 = VERTEX_POINT('',#12738);
#12738 = CARTESIAN_POINT('',(255.7,8.,42.5));
#12739 = LINE('',#12740,#12741);
#12740 = CARTESIAN_POINT('',(255.7,8.,39.));
#12741 = VECTOR('',#12742,1.);
#12742 = DIRECTION('',(0.,0.,1.));
#12743 = ORIENTED_EDGE('',*,*,#12744,.F.);
#12744 = EDGE_CURVE('',#12737,#12737,#12745,.T.);
#12745 = CIRCLE('',#12746,1.7);
#12746 = AXIS2_PLACEMENT_3D('',#12747,#12748,#12749);
#12747 = CARTESIAN_POINT('',(254.,8.,42.5));
#12748 = DIRECTION('',(0.,0.,1.));
#12749 = DIRECTION('',(1.,0.,0.));
#12750 = ORIENTED_EDGE('',*,*,#12736,.F.);
#12751 = ORIENTED_EDGE('',*,*,#12273,.T.);
#12752 = CYLINDRICAL_SURFACE('',#12753,1.7);
#12753 = AXIS2_PLACEMENT_3D('',#12754,#12755,#12756);
#12754 = CARTESIAN_POINT('',(254.,8.,39.));
#12755 = DIRECTION('',(0.,0.,1.));
#12756 = DIRECTION('',(1.,0.,0.));
#12757 = ADVANCED_FACE('',(#12758),#12783,.T.);
#12758 = FACE_BOUND('',#12759,.T.);
#12759 = EDGE_LOOP('',(#12760,#12768,#12776,#12782));
#12760 = ORIENTED_EDGE('',*,*,#12761,.T.);
#12761 = EDGE_CURVE('',#12294,#12762,#12764,.T.);
#12762 = VERTEX_POINT('',#12763);
#12763 = CARTESIAN_POINT('',(255.9,46.67431578065,14.6));
#12764 = LINE('',#12765,#12766);
#12765 = CARTESIAN_POINT('',(255.9,46.67431578065,12.));
#12766 = VECTOR('',#12767,1.);
#12767 = DIRECTION('',(0.,0.,1.));
#12768 = ORIENTED_EDGE('',*,*,#12769,.T.);
#12769 = EDGE_CURVE('',#12762,#12770,#12772,.T.);
#12770 = VERTEX_POINT('',#12771);
#12771 = CARTESIAN_POINT('',(253.,48.3486315613,14.6));
#12772 = LINE('',#12773,#12774);
#12773 = CARTESIAN_POINT('',(255.9,46.67431578065,14.6));
#12774 = VECTOR('',#12775,1.);
#12775 = DIRECTION('',(-0.866025403784,0.5,0.));
#12776 = ORIENTED_EDGE('',*,*,#12777,.F.);
#12777 = EDGE_CURVE('',#12296,#12770,#12778,.T.);
#12778 = LINE('',#12779,#12780);
#12779 = CARTESIAN_POINT('',(253.,48.3486315613,12.));
#12780 = VECTOR('',#12781,1.);
#12781 = DIRECTION('',(0.,0.,1.));
#12782 = ORIENTED_EDGE('',*,*,#12293,.F.);
#12783 = PLANE('',#12784);
#12784 = AXIS2_PLACEMENT_3D('',#12785,#12786,#12787);
#12785 = CARTESIAN_POINT('',(255.9,46.67431578065,12.));
#12786 = DIRECTION('',(-0.5,-0.866025403784,0.));
#12787 = DIRECTION('',(-0.866025403784,0.5,0.));
#12788 = ADVANCED_FACE('',(#12789),#12807,.T.);
#12789 = FACE_BOUND('',#12790,.T.);
#12790 = EDGE_LOOP('',(#12791,#12792,#12800,#12806));
#12791 = ORIENTED_EDGE('',*,*,#12777,.T.);
#12792 = ORIENTED_EDGE('',*,*,#12793,.T.);
#12793 = EDGE_CURVE('',#12770,#12794,#12796,.T.);
#12794 = VERTEX_POINT('',#12795);
#12795 = CARTESIAN_POINT('',(250.1,46.67431578065,14.6));
#12796 = LINE('',#12797,#12798);
#12797 = CARTESIAN_POINT('',(253.,48.3486315613,14.6));
#12798 = VECTOR('',#12799,1.);
#12799 = DIRECTION('',(-0.866025403784,-0.5,0.));
#12800 = ORIENTED_EDGE('',*,*,#12801,.F.);
#12801 = EDGE_CURVE('',#12328,#12794,#12802,.T.);
#12802 = LINE('',#12803,#12804);
#12803 = CARTESIAN_POINT('',(250.1,46.67431578065,12.));
#12804 = VECTOR('',#12805,1.);
#12805 = DIRECTION('',(0.,0.,1.));
#12806 = ORIENTED_EDGE('',*,*,#12335,.F.);
#12807 = PLANE('',#12808);
#12808 = AXIS2_PLACEMENT_3D('',#12809,#12810,#12811);
#12809 = CARTESIAN_POINT('',(253.,48.3486315613,12.));
#12810 = DIRECTION('',(0.5,-0.866025403784,0.));
#12811 = DIRECTION('',(-0.866025403784,-0.5,0.));
#12812 = ADVANCED_FACE('',(#12813),#12831,.T.);
#12813 = FACE_BOUND('',#12814,.T.);
#12814 = EDGE_LOOP('',(#12815,#12816,#12824,#12830));
#12815 = ORIENTED_EDGE('',*,*,#12801,.T.);
#12816 = ORIENTED_EDGE('',*,*,#12817,.T.);
#12817 = EDGE_CURVE('',#12794,#12818,#12820,.T.);
#12818 = VERTEX_POINT('',#12819);
#12819 = CARTESIAN_POINT('',(250.1,43.32568421935,14.6));
#12820 = LINE('',#12821,#12822);
#12821 = CARTESIAN_POINT('',(250.1,46.67431578065,14.6));
#12822 = VECTOR('',#12823,1.);
#12823 = DIRECTION('',(0.,-1.,0.));
#12824 = ORIENTED_EDGE('',*,*,#12825,.F.);
#12825 = EDGE_CURVE('',#12320,#12818,#12826,.T.);
#12826 = LINE('',#12827,#12828);
#12827 = CARTESIAN_POINT('',(250.1,43.32568421935,12.));
#12828 = VECTOR('',#12829,1.);
#12829 = DIRECTION('',(0.,0.,1.));
#12830 = ORIENTED_EDGE('',*,*,#12327,.F.);
#12831 = PLANE('',#12832);
#12832 = AXIS2_PLACEMENT_3D('',#12833,#12834,#12835);
#12833 = CARTESIAN_POINT('',(250.1,46.67431578065,12.));
#12834 = DIRECTION('',(1.,0.,0.));
#12835 = DIRECTION('',(0.,-1.,0.));
#12836 = ADVANCED_FACE('',(#12837),#12855,.T.);
#12837 = FACE_BOUND('',#12838,.T.);
#12838 = EDGE_LOOP('',(#12839,#12840,#12848,#12854));
#12839 = ORIENTED_EDGE('',*,*,#12825,.T.);
#12840 = ORIENTED_EDGE('',*,*,#12841,.T.);
#12841 = EDGE_CURVE('',#12818,#12842,#12844,.T.);
#12842 = VERTEX_POINT('',#12843);
#12843 = CARTESIAN_POINT('',(253.,41.6513684387,14.6));
#12844 = LINE('',#12845,#12846);
#12845 = CARTESIAN_POINT('',(250.1,43.32568421935,14.6));
#12846 = VECTOR('',#12847,1.);
#12847 = DIRECTION('',(0.866025403784,-0.5,0.));
#12848 = ORIENTED_EDGE('',*,*,#12849,.F.);
#12849 = EDGE_CURVE('',#12312,#12842,#12850,.T.);
#12850 = LINE('',#12851,#12852);
#12851 = CARTESIAN_POINT('',(253.,41.6513684387,12.));
#12852 = VECTOR('',#12853,1.);
#12853 = DIRECTION('',(0.,0.,1.));
#12854 = ORIENTED_EDGE('',*,*,#12319,.F.);
#12855 = PLANE('',#12856);
#12856 = AXIS2_PLACEMENT_3D('',#12857,#12858,#12859);
#12857 = CARTESIAN_POINT('',(250.1,43.32568421935,12.));
#12858 = DIRECTION('',(0.5,0.866025403784,0.));
#12859 = DIRECTION('',(0.866025403784,-0.5,0.));
#12860 = ADVANCED_FACE('',(#12861),#12879,.T.);
#12861 = FACE_BOUND('',#12862,.T.);
#12862 = EDGE_LOOP('',(#12863,#12864,#12872,#12878));
#12863 = ORIENTED_EDGE('',*,*,#12849,.T.);
#12864 = ORIENTED_EDGE('',*,*,#12865,.T.);
#12865 = EDGE_CURVE('',#12842,#12866,#12868,.T.);
#12866 = VERTEX_POINT('',#12867);
#12867 = CARTESIAN_POINT('',(255.9,43.32568421935,14.6));
#12868 = LINE('',#12869,#12870);
#12869 = CARTESIAN_POINT('',(253.,41.6513684387,14.6));
#12870 = VECTOR('',#12871,1.);
#12871 = DIRECTION('',(0.866025403784,0.5,0.));
#12872 = ORIENTED_EDGE('',*,*,#12873,.F.);
#12873 = EDGE_CURVE('',#12304,#12866,#12874,.T.);
#12874 = LINE('',#12875,#12876);
#12875 = CARTESIAN_POINT('',(255.9,43.32568421935,12.));
#12876 = VECTOR('',#12877,1.);
#12877 = DIRECTION('',(0.,0.,1.));
#12878 = ORIENTED_EDGE('',*,*,#12311,.F.);
#12879 = PLANE('',#12880);
#12880 = AXIS2_PLACEMENT_3D('',#12881,#12882,#12883);
#12881 = CARTESIAN_POINT('',(253.,41.6513684387,12.));
#12882 = DIRECTION('',(-0.5,0.866025403784,0.));
#12883 = DIRECTION('',(0.866025403784,0.5,0.));
#12884 = ADVANCED_FACE('',(#12885),#12896,.T.);
#12885 = FACE_BOUND('',#12886,.T.);
#12886 = EDGE_LOOP('',(#12887,#12888,#12894,#12895));
#12887 = ORIENTED_EDGE('',*,*,#12873,.T.);
#12888 = ORIENTED_EDGE('',*,*,#12889,.T.);
#12889 = EDGE_CURVE('',#12866,#12762,#12890,.T.);
#12890 = LINE('',#12891,#12892);
#12891 = CARTESIAN_POINT('',(255.9,43.32568421935,14.6));
#12892 = VECTOR('',#12893,1.);
#12893 = DIRECTION('',(0.,1.,0.));
#12894 = ORIENTED_EDGE('',*,*,#12761,.F.);
#12895 = ORIENTED_EDGE('',*,*,#12303,.F.);
#12896 = PLANE('',#12897);
#12897 = AXIS2_PLACEMENT_3D('',#12898,#12899,#12900);
#12898 = CARTESIAN_POINT('',(255.9,43.32568421935,12.));
#12899 = DIRECTION('',(-1.,0.,0.));
#12900 = DIRECTION('',(0.,1.,0.));
#12901 = ADVANCED_FACE('',(#12902),#12927,.T.);
#12902 = FACE_BOUND('',#12903,.T.);
#12903 = EDGE_LOOP('',(#12904,#12912,#12920,#12926));
#12904 = ORIENTED_EDGE('',*,*,#12905,.T.);
#12905 = EDGE_CURVE('',#12353,#12906,#12908,.T.);
#12906 = VERTEX_POINT('',#12907);
#12907 = CARTESIAN_POINT('',(11.9,146.67431578065,14.6));
#12908 = LINE('',#12909,#12910);
#12909 = CARTESIAN_POINT('',(11.9,146.67431578065,12.));
#12910 = VECTOR('',#12911,1.);
#12911 = DIRECTION('',(0.,0.,1.));
#12912 = ORIENTED_EDGE('',*,*,#12913,.T.);
#12913 = EDGE_CURVE('',#12906,#12914,#12916,.T.);
#12914 = VERTEX_POINT('',#12915);
#12915 = CARTESIAN_POINT('',(9.,148.3486315613,14.6));
#12916 = LINE('',#12917,#12918);
#12917 = CARTESIAN_POINT('',(11.9,146.67431578065,14.6));
#12918 = VECTOR('',#12919,1.);
#12919 = DIRECTION('',(-0.866025403784,0.5,0.));
#12920 = ORIENTED_EDGE('',*,*,#12921,.F.);
#12921 = EDGE_CURVE('',#12355,#12914,#12922,.T.);
#12922 = LINE('',#12923,#12924);
#12923 = CARTESIAN_POINT('',(9.,148.3486315613,12.));
#12924 = VECTOR('',#12925,1.);
#12925 = DIRECTION('',(0.,0.,1.));
#12926 = ORIENTED_EDGE('',*,*,#12352,.F.);
#12927 = PLANE('',#12928);
#12928 = AXIS2_PLACEMENT_3D('',#12929,#12930,#12931);
#12929 = CARTESIAN_POINT('',(11.9,146.67431578065,12.));
#12930 = DIRECTION('',(-0.5,-0.866025403784,0.));
#12931 = DIRECTION('',(-0.866025403784,0.5,0.));
#12932 = ADVANCED_FACE('',(#12933),#12951,.T.);
#12933 = FACE_BOUND('',#12934,.T.);
#12934 = EDGE_LOOP('',(#12935,#12936,#12944,#12950));
#12935 = ORIENTED_EDGE('',*,*,#12921,.T.);
#12936 = ORIENTED_EDGE('',*,*,#12937,.T.);
#12937 = EDGE_CURVE('',#12914,#12938,#12940,.T.);
#12938 = VERTEX_POINT('',#12939);
#12939 = CARTESIAN_POINT('',(6.1,146.67431578065,14.6));
#12940 = LINE('',#12941,#12942);
#12941 = CARTESIAN_POINT('',(9.,148.3486315613,14.6));
#12942 = VECTOR('',#12943,1.);
#12943 = DIRECTION('',(-0.866025403784,-0.5,0.));
#12944 = ORIENTED_EDGE('',*,*,#12945,.F.);
#12945 = EDGE_CURVE('',#12387,#12938,#12946,.T.);
#12946 = LINE('',#12947,#12948);
#12947 = CARTESIAN_POINT('',(6.1,146.67431578065,12.));
#12948 = VECTOR('',#12949,1.);
#12949 = DIRECTION('',(0.,0.,1.));
#12950 = ORIENTED_EDGE('',*,*,#12394,.F.);
#12951 = PLANE('',#12952);
#12952 = AXIS2_PLACEMENT_3D('',#12953,#12954,#12955);
#12953 = CARTESIAN_POINT('',(9.,148.3486315613,12.));
#12954 = DIRECTION('',(0.5,-0.866025403784,0.));
#12955 = DIRECTION('',(-0.866025403784,-0.5,0.));
#12956 = ADVANCED_FACE('',(#12957),#12975,.T.);
#12957 = FACE_BOUND('',#12958,.T.);
#12958 = EDGE_LOOP('',(#12959,#12960,#12968,#12974));
#12959 = ORIENTED_EDGE('',*,*,#12945,.T.);
#12960 = ORIENTED_EDGE('',*,*,#12961,.T.);
#12961 = EDGE_CURVE('',#12938,#12962,#12964,.T.);
#12962 = VERTEX_POINT('',#12963);
#12963 = CARTESIAN_POINT('',(6.1,143.32568421935,14.6));
#12964 = LINE('',#12965,#12966);
#12965 = CARTESIAN_POINT('',(6.1,146.67431578065,14.6));
#12966 = VECTOR('',#12967,1.);
#12967 = DIRECTION('',(0.,-1.,0.));
#12968 = ORIENTED_EDGE('',*,*,#12969,.F.);
#12969 = EDGE_CURVE('',#12379,#12962,#12970,.T.);
#12970 = LINE('',#12971,#12972);
#12971 = CARTESIAN_POINT('',(6.1,143.32568421935,12.));
#12972 = VECTOR('',#12973,1.);
#12973 = DIRECTION('',(0.,0.,1.));
#12974 = ORIENTED_EDGE('',*,*,#12386,.F.);
#12975 = PLANE('',#12976);
#12976 = AXIS2_PLACEMENT_3D('',#12977,#12978,#12979);
#12977 = CARTESIAN_POINT('',(6.1,146.67431578065,12.));
#12978 = DIRECTION('',(1.,0.,0.));
#12979 = DIRECTION('',(0.,-1.,0.));
#12980 = ADVANCED_FACE('',(#12981),#12999,.T.);
#12981 = FACE_BOUND('',#12982,.T.);
#12982 = EDGE_LOOP('',(#12983,#12984,#12992,#12998));
#12983 = ORIENTED_EDGE('',*,*,#12969,.T.);
#12984 = ORIENTED_EDGE('',*,*,#12985,.T.);
#12985 = EDGE_CURVE('',#12962,#12986,#12988,.T.);
#12986 = VERTEX_POINT('',#12987);
#12987 = CARTESIAN_POINT('',(9.,141.6513684387,14.6));
#12988 = LINE('',#12989,#12990);
#12989 = CARTESIAN_POINT('',(6.1,143.32568421935,14.6));
#12990 = VECTOR('',#12991,1.);
#12991 = DIRECTION('',(0.866025403784,-0.5,0.));
#12992 = ORIENTED_EDGE('',*,*,#12993,.F.);
#12993 = EDGE_CURVE('',#12371,#12986,#12994,.T.);
#12994 = LINE('',#12995,#12996);
#12995 = CARTESIAN_POINT('',(9.,141.6513684387,12.));
#12996 = VECTOR('',#12997,1.);
#12997 = DIRECTION('',(0.,0.,1.));
#12998 = ORIENTED_EDGE('',*,*,#12378,.F.);
#12999 = PLANE('',#13000);
#13000 = AXIS2_PLACEMENT_3D('',#13001,#13002,#13003);
#13001 = CARTESIAN_POINT('',(6.1,143.32568421935,12.));
#13002 = DIRECTION('',(0.5,0.866025403784,0.));
#13003 = DIRECTION('',(0.866025403784,-0.5,0.));
#13004 = ADVANCED_FACE('',(#13005),#13023,.T.);
#13005 = FACE_BOUND('',#13006,.T.);
#13006 = EDGE_LOOP('',(#13007,#13008,#13016,#13022));
#13007 = ORIENTED_EDGE('',*,*,#12993,.T.);
#13008 = ORIENTED_EDGE('',*,*,#13009,.T.);
#13009 = EDGE_CURVE('',#12986,#13010,#13012,.T.);
#13010 = VERTEX_POINT('',#13011);
#13011 = CARTESIAN_POINT('',(11.9,143.32568421935,14.6));
#13012 = LINE('',#13013,#13014);
#13013 = CARTESIAN_POINT('',(9.,141.6513684387,14.6));
#13014 = VECTOR('',#13015,1.);
#13015 = DIRECTION('',(0.866025403784,0.5,0.));
#13016 = ORIENTED_EDGE('',*,*,#13017,.F.);
#13017 = EDGE_CURVE('',#12363,#13010,#13018,.T.);
#13018 = LINE('',#13019,#13020);
#13019 = CARTESIAN_POINT('',(11.9,143.32568421935,12.));
#13020 = VECTOR('',#13021,1.);
#13021 = DIRECTION('',(0.,0.,1.));
#13022 = ORIENTED_EDGE('',*,*,#12370,.F.);
#13023 = PLANE('',#13024);
#13024 = AXIS2_PLACEMENT_3D('',#13025,#13026,#13027);
#13025 = CARTESIAN_POINT('',(9.,141.6513684387,12.));
#13026 = DIRECTION('',(-0.5,0.866025403784,0.));
#13027 = DIRECTION('',(0.866025403784,0.5,0.));
#13028 = ADVANCED_FACE('',(#13029),#13040,.T.);
#13029 = FACE_BOUND('',#13030,.T.);
#13030 = EDGE_LOOP('',(#13031,#13032,#13038,#13039));
#13031 = ORIENTED_EDGE('',*,*,#13017,.T.);
#13032 = ORIENTED_EDGE('',*,*,#13033,.T.);
#13033 = EDGE_CURVE('',#13010,#12906,#13034,.T.);
#13034 = LINE('',#13035,#13036);
#13035 = CARTESIAN_POINT('',(11.9,143.32568421935,14.6));
#13036 = VECTOR('',#13037,1.);
#13037 = DIRECTION('',(5.304724652093E-16,1.,0.));
#13038 = ORIENTED_EDGE('',*,*,#12905,.F.);
#13039 = ORIENTED_EDGE('',*,*,#12362,.F.);
#13040 = PLANE('',#13041);
#13041 = AXIS2_PLACEMENT_3D('',#13042,#13043,#13044);
#13042 = CARTESIAN_POINT('',(11.9,143.32568421935,12.));
#13043 = DIRECTION('',(-1.,5.304724652093E-16,0.));
#13044 = DIRECTION('',(5.304724652093E-16,1.,0.));
#13045 = ADVANCED_FACE('',(#13046),#13065,.F.);
#13046 = FACE_BOUND('',#13047,.F.);
#13047 = EDGE_LOOP('',(#13048,#13056,#13063,#13064));
#13048 = ORIENTED_EDGE('',*,*,#13049,.T.);
#13049 = EDGE_CURVE('',#12417,#13050,#13052,.T.);
#13050 = VERTEX_POINT('',#13051);
#13051 = CARTESIAN_POINT('',(9.7,181.,42.5));
#13052 = LINE('',#13053,#13054);
#13053 = CARTESIAN_POINT('',(9.7,181.,39.));
#13054 = VECTOR('',#13055,1.);
#13055 = DIRECTION('',(0.,0.,1.));
#13056 = ORIENTED_EDGE('',*,*,#13057,.F.);
#13057 = EDGE_CURVE('',#13050,#13050,#13058,.T.);
#13058 = CIRCLE('',#13059,1.7);
#13059 = AXIS2_PLACEMENT_3D('',#13060,#13061,#13062);
#13060 = CARTESIAN_POINT('',(8.,181.,42.5));
#13061 = DIRECTION('',(0.,0.,1.));
#13062 = DIRECTION('',(1.,0.,0.));
#13063 = ORIENTED_EDGE('',*,*,#13049,.F.);
#13064 = ORIENTED_EDGE('',*,*,#12416,.T.);
#13065 = CYLINDRICAL_SURFACE('',#13066,1.7);
#13066 = AXIS2_PLACEMENT_3D('',#13067,#13068,#13069);
#13067 = CARTESIAN_POINT('',(8.,181.,39.));
#13068 = DIRECTION('',(0.,0.,1.));
#13069 = DIRECTION('',(1.,0.,0.));
#13070 = ADVANCED_FACE('',(#13071),#13090,.F.);
#13071 = FACE_BOUND('',#13072,.F.);
#13072 = EDGE_LOOP('',(#13073,#13081,#13088,#13089));
#13073 = ORIENTED_EDGE('',*,*,#13074,.T.);
#13074 = EDGE_CURVE('',#12442,#13075,#13077,.T.);
#13075 = VERTEX_POINT('',#13076);
#13076 = CARTESIAN_POINT('',(9.7,242.,42.5));
#13077 = LINE('',#13078,#13079);
#13078 = CARTESIAN_POINT('',(9.7,242.,39.));
#13079 = VECTOR('',#13080,1.);
#13080 = DIRECTION('',(0.,0.,1.));
#13081 = ORIENTED_EDGE('',*,*,#13082,.F.);
#13082 = EDGE_CURVE('',#13075,#13075,#13083,.T.);
#13083 = CIRCLE('',#13084,1.7);
#13084 = AXIS2_PLACEMENT_3D('',#13085,#13086,#13087);
#13085 = CARTESIAN_POINT('',(8.,242.,42.5));
#13086 = DIRECTION('',(0.,0.,1.));
#13087 = DIRECTION('',(1.,0.,0.));
#13088 = ORIENTED_EDGE('',*,*,#13074,.F.);
#13089 = ORIENTED_EDGE('',*,*,#12441,.T.);
#13090 = CYLINDRICAL_SURFACE('',#13091,1.7);
#13091 = AXIS2_PLACEMENT_3D('',#13092,#13093,#13094);
#13092 = CARTESIAN_POINT('',(8.,242.,39.));
#13093 = DIRECTION('',(0.,0.,1.));
#13094 = DIRECTION('',(1.,0.,0.));
#13095 = ADVANCED_FACE('',(#13096),#13121,.T.);
#13096 = FACE_BOUND('',#13097,.T.);
#13097 = EDGE_LOOP('',(#13098,#13106,#13114,#13120));
#13098 = ORIENTED_EDGE('',*,*,#13099,.T.);
#13099 = EDGE_CURVE('',#12462,#13100,#13102,.T.);
#13100 = VERTEX_POINT('',#13101);
#13101 = CARTESIAN_POINT('',(255.9,146.67431578065,14.6));
#13102 = LINE('',#13103,#13104);
#13103 = CARTESIAN_POINT('',(255.9,146.67431578065,12.));
#13104 = VECTOR('',#13105,1.);
#13105 = DIRECTION('',(0.,0.,1.));
#13106 = ORIENTED_EDGE('',*,*,#13107,.T.);
#13107 = EDGE_CURVE('',#13100,#13108,#13110,.T.);
#13108 = VERTEX_POINT('',#13109);
#13109 = CARTESIAN_POINT('',(253.,148.3486315613,14.6));
#13110 = LINE('',#13111,#13112);
#13111 = CARTESIAN_POINT('',(255.9,146.67431578065,14.6));
#13112 = VECTOR('',#13113,1.);
#13113 = DIRECTION('',(-0.866025403784,0.5,0.));
#13114 = ORIENTED_EDGE('',*,*,#13115,.F.);
#13115 = EDGE_CURVE('',#12464,#13108,#13116,.T.);
#13116 = LINE('',#13117,#13118);
#13117 = CARTESIAN_POINT('',(253.,148.3486315613,12.));
#13118 = VECTOR('',#13119,1.);
#13119 = DIRECTION('',(0.,0.,1.));
#13120 = ORIENTED_EDGE('',*,*,#12461,.F.);
#13121 = PLANE('',#13122);
#13122 = AXIS2_PLACEMENT_3D('',#13123,#13124,#13125);
#13123 = CARTESIAN_POINT('',(255.9,146.67431578065,12.));
#13124 = DIRECTION('',(-0.5,-0.866025403784,0.));
#13125 = DIRECTION('',(-0.866025403784,0.5,0.));
#13126 = ADVANCED_FACE('',(#13127),#13145,.T.);
#13127 = FACE_BOUND('',#13128,.T.);
#13128 = EDGE_LOOP('',(#13129,#13130,#13138,#13144));
#13129 = ORIENTED_EDGE('',*,*,#13115,.T.);
#13130 = ORIENTED_EDGE('',*,*,#13131,.T.);
#13131 = EDGE_CURVE('',#13108,#13132,#13134,.T.);
#13132 = VERTEX_POINT('',#13133);
#13133 = CARTESIAN_POINT('',(250.1,146.67431578065,14.6));
#13134 = LINE('',#13135,#13136);
#13135 = CARTESIAN_POINT('',(253.,148.3486315613,14.6));
#13136 = VECTOR('',#13137,1.);
#13137 = DIRECTION('',(-0.866025403784,-0.5,0.));
#13138 = ORIENTED_EDGE('',*,*,#13139,.F.);
#13139 = EDGE_CURVE('',#12496,#13132,#13140,.T.);
#13140 = LINE('',#13141,#13142);
#13141 = CARTESIAN_POINT('',(250.1,146.67431578065,12.));
#13142 = VECTOR('',#13143,1.);
#13143 = DIRECTION('',(0.,0.,1.));
#13144 = ORIENTED_EDGE('',*,*,#12503,.F.);
#13145 = PLANE('',#13146);
#13146 = AXIS2_PLACEMENT_3D('',#13147,#13148,#13149);
#13147 = CARTESIAN_POINT('',(253.,148.3486315613,12.));
#13148 = DIRECTION('',(0.5,-0.866025403784,0.));
#13149 = DIRECTION('',(-0.866025403784,-0.5,0.));
#13150 = ADVANCED_FACE('',(#13151),#13169,.T.);
#13151 = FACE_BOUND('',#13152,.T.);
#13152 = EDGE_LOOP('',(#13153,#13154,#13162,#13168));
#13153 = ORIENTED_EDGE('',*,*,#13139,.T.);
#13154 = ORIENTED_EDGE('',*,*,#13155,.T.);
#13155 = EDGE_CURVE('',#13132,#13156,#13158,.T.);
#13156 = VERTEX_POINT('',#13157);
#13157 = CARTESIAN_POINT('',(250.1,143.32568421935,14.6));
#13158 = LINE('',#13159,#13160);
#13159 = CARTESIAN_POINT('',(250.1,146.67431578065,14.6));
#13160 = VECTOR('',#13161,1.);
#13161 = DIRECTION('',(0.,-1.,0.));
#13162 = ORIENTED_EDGE('',*,*,#13163,.F.);
#13163 = EDGE_CURVE('',#12488,#13156,#13164,.T.);
#13164 = LINE('',#13165,#13166);
#13165 = CARTESIAN_POINT('',(250.1,143.32568421935,12.));
#13166 = VECTOR('',#13167,1.);
#13167 = DIRECTION('',(0.,0.,1.));
#13168 = ORIENTED_EDGE('',*,*,#12495,.F.);
#13169 = PLANE('',#13170);
#13170 = AXIS2_PLACEMENT_3D('',#13171,#13172,#13173);
#13171 = CARTESIAN_POINT('',(250.1,146.67431578065,12.));
#13172 = DIRECTION('',(1.,0.,0.));
#13173 = DIRECTION('',(0.,-1.,0.));
#13174 = ADVANCED_FACE('',(#13175),#13193,.T.);
#13175 = FACE_BOUND('',#13176,.T.);
#13176 = EDGE_LOOP('',(#13177,#13178,#13186,#13192));
#13177 = ORIENTED_EDGE('',*,*,#13163,.T.);
#13178 = ORIENTED_EDGE('',*,*,#13179,.T.);
#13179 = EDGE_CURVE('',#13156,#13180,#13182,.T.);
#13180 = VERTEX_POINT('',#13181);
#13181 = CARTESIAN_POINT('',(253.,141.6513684387,14.6));
#13182 = LINE('',#13183,#13184);
#13183 = CARTESIAN_POINT('',(250.1,143.32568421935,14.6));
#13184 = VECTOR('',#13185,1.);
#13185 = DIRECTION('',(0.866025403784,-0.5,0.));
#13186 = ORIENTED_EDGE('',*,*,#13187,.F.);
#13187 = EDGE_CURVE('',#12480,#13180,#13188,.T.);
#13188 = LINE('',#13189,#13190);
#13189 = CARTESIAN_POINT('',(253.,141.6513684387,12.));
#13190 = VECTOR('',#13191,1.);
#13191 = DIRECTION('',(0.,0.,1.));
#13192 = ORIENTED_EDGE('',*,*,#12487,.F.);
#13193 = PLANE('',#13194);
#13194 = AXIS2_PLACEMENT_3D('',#13195,#13196,#13197);
#13195 = CARTESIAN_POINT('',(250.1,143.32568421935,12.));
#13196 = DIRECTION('',(0.5,0.866025403784,0.));
#13197 = DIRECTION('',(0.866025403784,-0.5,0.));
#13198 = ADVANCED_FACE('',(#13199),#13217,.T.);
#13199 = FACE_BOUND('',#13200,.T.);
#13200 = EDGE_LOOP('',(#13201,#13202,#13210,#13216));
#13201 = ORIENTED_EDGE('',*,*,#13187,.T.);
#13202 = ORIENTED_EDGE('',*,*,#13203,.T.);
#13203 = EDGE_CURVE('',#13180,#13204,#13206,.T.);
#13204 = VERTEX_POINT('',#13205);
#13205 = CARTESIAN_POINT('',(255.9,143.32568421935,14.6));
#13206 = LINE('',#13207,#13208);
#13207 = CARTESIAN_POINT('',(253.,141.6513684387,14.6));
#13208 = VECTOR('',#13209,1.);
#13209 = DIRECTION('',(0.866025403784,0.5,0.));
#13210 = ORIENTED_EDGE('',*,*,#13211,.F.);
#13211 = EDGE_CURVE('',#12472,#13204,#13212,.T.);
#13212 = LINE('',#13213,#13214);
#13213 = CARTESIAN_POINT('',(255.9,143.32568421935,12.));
#13214 = VECTOR('',#13215,1.);
#13215 = DIRECTION('',(0.,0.,1.));
#13216 = ORIENTED_EDGE('',*,*,#12479,.F.);
#13217 = PLANE('',#13218);
#13218 = AXIS2_PLACEMENT_3D('',#13219,#13220,#13221);
#13219 = CARTESIAN_POINT('',(253.,141.6513684387,12.));
#13220 = DIRECTION('',(-0.5,0.866025403784,0.));
#13221 = DIRECTION('',(0.866025403784,0.5,0.));
#13222 = ADVANCED_FACE('',(#13223),#13234,.T.);
#13223 = FACE_BOUND('',#13224,.T.);
#13224 = EDGE_LOOP('',(#13225,#13226,#13232,#13233));
#13225 = ORIENTED_EDGE('',*,*,#13211,.T.);
#13226 = ORIENTED_EDGE('',*,*,#13227,.T.);
#13227 = EDGE_CURVE('',#13204,#13100,#13228,.T.);
#13228 = LINE('',#13229,#13230);
#13229 = CARTESIAN_POINT('',(255.9,143.32568421935,14.6));
#13230 = VECTOR('',#13231,1.);
#13231 = DIRECTION('',(0.,1.,0.));
#13232 = ORIENTED_EDGE('',*,*,#13099,.F.);
#13233 = ORIENTED_EDGE('',*,*,#12471,.F.);
#13234 = PLANE('',#13235);
#13235 = AXIS2_PLACEMENT_3D('',#13236,#13237,#13238);
#13236 = CARTESIAN_POINT('',(255.9,143.32568421935,12.));
#13237 = DIRECTION('',(-1.,0.,0.));
#13238 = DIRECTION('',(0.,1.,0.));
#13239 = ADVANCED_FACE('',(#13240),#13259,.F.);
#13240 = FACE_BOUND('',#13241,.F.);
#13241 = EDGE_LOOP('',(#13242,#13250,#13257,#13258));
#13242 = ORIENTED_EDGE('',*,*,#13243,.T.);
#13243 = EDGE_CURVE('',#12526,#13244,#13246,.T.);
#13244 = VERTEX_POINT('',#13245);
#13245 = CARTESIAN_POINT('',(255.7,181.,42.5));
#13246 = LINE('',#13247,#13248);
#13247 = CARTESIAN_POINT('',(255.7,181.,39.));
#13248 = VECTOR('',#13249,1.);
#13249 = DIRECTION('',(0.,0.,1.));
#13250 = ORIENTED_EDGE('',*,*,#13251,.F.);
#13251 = EDGE_CURVE('',#13244,#13244,#13252,.T.);
#13252 = CIRCLE('',#13253,1.7);
#13253 = AXIS2_PLACEMENT_3D('',#13254,#13255,#13256);
#13254 = CARTESIAN_POINT('',(254.,181.,42.5));
#13255 = DIRECTION('',(0.,0.,1.));
#13256 = DIRECTION('',(1.,0.,0.));
#13257 = ORIENTED_EDGE('',*,*,#13243,.F.);
#13258 = ORIENTED_EDGE('',*,*,#12525,.T.);
#13259 = CYLINDRICAL_SURFACE('',#13260,1.7);
#13260 = AXIS2_PLACEMENT_3D('',#13261,#13262,#13263);
#13261 = CARTESIAN_POINT('',(254.,181.,39.));
#13262 = DIRECTION('',(0.,0.,1.));
#13263 = DIRECTION('',(1.,0.,0.));
#13264 = ADVANCED_FACE('',(#13265),#13284,.F.);
#13265 = FACE_BOUND('',#13266,.F.);
#13266 = EDGE_LOOP('',(#13267,#13275,#13282,#13283));
#13267 = ORIENTED_EDGE('',*,*,#13268,.T.);
#13268 = EDGE_CURVE('',#12551,#13269,#13271,.T.);
#13269 = VERTEX_POINT('',#13270);
#13270 = CARTESIAN_POINT('',(255.7,242.,42.5));
#13271 = LINE('',#13272,#13273);
#13272 = CARTESIAN_POINT('',(255.7,242.,39.));
#13273 = VECTOR('',#13274,1.);
#13274 = DIRECTION('',(0.,0.,1.));
#13275 = ORIENTED_EDGE('',*,*,#13276,.F.);
#13276 = EDGE_CURVE('',#13269,#13269,#13277,.T.);
#13277 = CIRCLE('',#13278,1.7);
#13278 = AXIS2_PLACEMENT_3D('',#13279,#13280,#13281);
#13279 = CARTESIAN_POINT('',(254.,242.,42.5));
#13280 = DIRECTION('',(0.,0.,1.));
#13281 = DIRECTION('',(1.,0.,0.));
#13282 = ORIENTED_EDGE('',*,*,#13268,.F.);
#13283 = ORIENTED_EDGE('',*,*,#12550,.T.);
#13284 = CYLINDRICAL_SURFACE('',#13285,1.7);
#13285 = AXIS2_PLACEMENT_3D('',#13286,#13287,#13288);
#13286 = CARTESIAN_POINT('',(254.,242.,39.));
#13287 = DIRECTION('',(0.,0.,1.));
#13288 = DIRECTION('',(1.,0.,0.));
#13289 = ADVANCED_FACE('',(#13290),#13293,.F.);
#13290 = FACE_BOUND('',#13291,.F.);
#13291 = EDGE_LOOP('',(#13292));
#13292 = ORIENTED_EDGE('',*,*,#12575,.T.);
#13293 = PLANE('',#13294);
#13294 = AXIS2_PLACEMENT_3D('',#13295,#13296,#13297);
#13295 = CARTESIAN_POINT('',(8.,8.,42.5));
#13296 = DIRECTION('',(0.,0.,1.));
#13297 = DIRECTION('',(1.,0.,0.));
#13298 = ADVANCED_FACE('',(#13299,#13307),#13318,.F.);
#13299 = FACE_BOUND('',#13300,.F.);
#13300 = EDGE_LOOP('',(#13301,#13302,#13303,#13304,#13305,#13306));
#13301 = ORIENTED_EDGE('',*,*,#12600,.T.);
#13302 = ORIENTED_EDGE('',*,*,#12624,.T.);
#13303 = ORIENTED_EDGE('',*,*,#12648,.T.);
#13304 = ORIENTED_EDGE('',*,*,#12672,.T.);
#13305 = ORIENTED_EDGE('',*,*,#12696,.T.);
#13306 = ORIENTED_EDGE('',*,*,#12720,.T.);
#13307 = FACE_BOUND('',#13308,.F.);
#13308 = EDGE_LOOP('',(#13309));
#13309 = ORIENTED_EDGE('',*,*,#13310,.F.);
#13310 = EDGE_CURVE('',#13311,#13311,#13313,.T.);
#13311 = VERTEX_POINT('',#13312);
#13312 = CARTESIAN_POINT('',(10.7,45.,14.6));
#13313 = CIRCLE('',#13314,1.7);
#13314 = AXIS2_PLACEMENT_3D('',#13315,#13316,#13317);
#13315 = CARTESIAN_POINT('',(9.,45.,14.6));
#13316 = DIRECTION('',(0.,0.,1.));
#13317 = DIRECTION('',(1.,0.,0.));
#13318 = PLANE('',#13319);
#13319 = AXIS2_PLACEMENT_3D('',#13320,#13321,#13322);
#13320 = CARTESIAN_POINT('',(9.,45.,14.6));
#13321 = DIRECTION('',(0.,0.,1.));
#13322 = DIRECTION('',(1.,0.,0.));
#13323 = ADVANCED_FACE('',(#13324),#13327,.F.);
#13324 = FACE_BOUND('',#13325,.F.);
#13325 = EDGE_LOOP('',(#13326));
#13326 = ORIENTED_EDGE('',*,*,#12744,.T.);
#13327 = PLANE('',#13328);
#13328 = AXIS2_PLACEMENT_3D('',#13329,#13330,#13331);
#13329 = CARTESIAN_POINT('',(254.,8.,42.5));
#13330 = DIRECTION('',(0.,0.,1.));
#13331 = DIRECTION('',(1.,0.,0.));
#13332 = ADVANCED_FACE('',(#13333,#13341),#13352,.F.);
#13333 = FACE_BOUND('',#13334,.F.);
#13334 = EDGE_LOOP('',(#13335,#13336,#13337,#13338,#13339,#13340));
#13335 = ORIENTED_EDGE('',*,*,#12769,.T.);
#13336 = ORIENTED_EDGE('',*,*,#12793,.T.);
#13337 = ORIENTED_EDGE('',*,*,#12817,.T.);
#13338 = ORIENTED_EDGE('',*,*,#12841,.T.);
#13339 = ORIENTED_EDGE('',*,*,#12865,.T.);
#13340 = ORIENTED_EDGE('',*,*,#12889,.T.);
#13341 = FACE_BOUND('',#13342,.F.);
#13342 = EDGE_LOOP('',(#13343));
#13343 = ORIENTED_EDGE('',*,*,#13344,.F.);
#13344 = EDGE_CURVE('',#13345,#13345,#13347,.T.);
#13345 = VERTEX_POINT('',#13346);
#13346 = CARTESIAN_POINT('',(254.7,45.,14.6));
#13347 = CIRCLE('',#13348,1.7);
#13348 = AXIS2_PLACEMENT_3D('',#13349,#13350,#13351);
#13349 = CARTESIAN_POINT('',(253.,45.,14.6));
#13350 = DIRECTION('',(0.,0.,1.));
#13351 = DIRECTION('',(1.,0.,0.));
#13352 = PLANE('',#13353);
#13353 = AXIS2_PLACEMENT_3D('',#13354,#13355,#13356);
#13354 = CARTESIAN_POINT('',(253.,45.,14.6));
#13355 = DIRECTION('',(0.,0.,1.));
#13356 = DIRECTION('',(1.,0.,0.));
#13357 = ADVANCED_FACE('',(#13358,#13366),#13377,.F.);
#13358 = FACE_BOUND('',#13359,.F.);
#13359 = EDGE_LOOP('',(#13360,#13361,#13362,#13363,#13364,#13365));
#13360 = ORIENTED_EDGE('',*,*,#12913,.T.);
#13361 = ORIENTED_EDGE('',*,*,#12937,.T.);
#13362 = ORIENTED_EDGE('',*,*,#12961,.T.);
#13363 = ORIENTED_EDGE('',*,*,#12985,.T.);
#13364 = ORIENTED_EDGE('',*,*,#13009,.T.);
#13365 = ORIENTED_EDGE('',*,*,#13033,.T.);
#13366 = FACE_BOUND('',#13367,.F.);
#13367 = EDGE_LOOP('',(#13368));
#13368 = ORIENTED_EDGE('',*,*,#13369,.F.);
#13369 = EDGE_CURVE('',#13370,#13370,#13372,.T.);
#13370 = VERTEX_POINT('',#13371);
#13371 = CARTESIAN_POINT('',(10.7,145.,14.6));
#13372 = CIRCLE('',#13373,1.7);
#13373 = AXIS2_PLACEMENT_3D('',#13374,#13375,#13376);
#13374 = CARTESIAN_POINT('',(9.,145.,14.6));
#13375 = DIRECTION('',(0.,0.,1.));
#13376 = DIRECTION('',(1.,0.,0.));
#13377 = PLANE('',#13378);
#13378 = AXIS2_PLACEMENT_3D('',#13379,#13380,#13381);
#13379 = CARTESIAN_POINT('',(9.,145.,14.6));
#13380 = DIRECTION('',(0.,0.,1.));
#13381 = DIRECTION('',(1.,0.,0.));
#13382 = ADVANCED_FACE('',(#13383),#13386,.F.);
#13383 = FACE_BOUND('',#13384,.F.);
#13384 = EDGE_LOOP('',(#13385));
#13385 = ORIENTED_EDGE('',*,*,#13057,.T.);
#13386 = PLANE('',#13387);
#13387 = AXIS2_PLACEMENT_3D('',#13388,#13389,#13390);
#13388 = CARTESIAN_POINT('',(8.,181.,42.5));
#13389 = DIRECTION('',(0.,0.,1.));
#13390 = DIRECTION('',(1.,0.,0.));
#13391 = ADVANCED_FACE('',(#13392),#13395,.F.);
#13392 = FACE_BOUND('',#13393,.F.);
#13393 = EDGE_LOOP('',(#13394));
#13394 = ORIENTED_EDGE('',*,*,#13082,.T.);
#13395 = PLANE('',#13396);
#13396 = AXIS2_PLACEMENT_3D('',#13397,#13398,#13399);
#13397 = CARTESIAN_POINT('',(8.,242.,42.5));
#13398 = DIRECTION('',(0.,0.,1.));
#13399 = DIRECTION('',(1.,0.,0.));
#13400 = ADVANCED_FACE('',(#13401,#13409),#13420,.F.);
#13401 = FACE_BOUND('',#13402,.F.);
#13402 = EDGE_LOOP('',(#13403,#13404,#13405,#13406,#13407,#13408));
#13403 = ORIENTED_EDGE('',*,*,#13107,.T.);
#13404 = ORIENTED_EDGE('',*,*,#13131,.T.);
#13405 = ORIENTED_EDGE('',*,*,#13155,.T.);
#13406 = ORIENTED_EDGE('',*,*,#13179,.T.);
#13407 = ORIENTED_EDGE('',*,*,#13203,.T.);
#13408 = ORIENTED_EDGE('',*,*,#13227,.T.);
#13409 = FACE_BOUND('',#13410,.F.);
#13410 = EDGE_LOOP('',(#13411));
#13411 = ORIENTED_EDGE('',*,*,#13412,.F.);
#13412 = EDGE_CURVE('',#13413,#13413,#13415,.T.);
#13413 = VERTEX_POINT('',#13414);
#13414 = CARTESIAN_POINT('',(254.7,145.,14.6));
#13415 = CIRCLE('',#13416,1.7);
#13416 = AXIS2_PLACEMENT_3D('',#13417,#13418,#13419);
#13417 = CARTESIAN_POINT('',(253.,145.,14.6));
#13418 = DIRECTION('',(0.,0.,1.));
#13419 = DIRECTION('',(1.,0.,0.));
#13420 = PLANE('',#13421);
#13421 = AXIS2_PLACEMENT_3D('',#13422,#13423,#13424);
#13422 = CARTESIAN_POINT('',(253.,145.,14.6));
#13423 = DIRECTION('',(0.,0.,1.));
#13424 = DIRECTION('',(1.,0.,0.));
#13425 = ADVANCED_FACE('',(#13426),#13429,.F.);
#13426 = FACE_BOUND('',#13427,.F.);
#13427 = EDGE_LOOP('',(#13428));
#13428 = ORIENTED_EDGE('',*,*,#13251,.T.);
#13429 = PLANE('',#13430);
#13430 = AXIS2_PLACEMENT_3D('',#13431,#13432,#13433);
#13431 = CARTESIAN_POINT('',(254.,181.,42.5));
#13432 = DIRECTION('',(0.,0.,1.));
#13433 = DIRECTION('',(1.,0.,0.));
#13434 = ADVANCED_FACE('',(#13435),#13438,.F.);
#13435 = FACE_BOUND('',#13436,.F.);
#13436 = EDGE_LOOP('',(#13437));
#13437 = ORIENTED_EDGE('',*,*,#13276,.T.);
#13438 = PLANE('',#13439);
#13439 = AXIS2_PLACEMENT_3D('',#13440,#13441,#13442);
#13440 = CARTESIAN_POINT('',(254.,242.,42.5));
#13441 = DIRECTION('',(0.,0.,1.));
#13442 = DIRECTION('',(1.,0.,0.));
#13443 = ADVANCED_FACE('',(#13444),#13463,.F.);
#13444 = FACE_BOUND('',#13445,.F.);
#13445 = EDGE_LOOP('',(#13446,#13454,#13461,#13462));
#13446 = ORIENTED_EDGE('',*,*,#13447,.T.);
#13447 = EDGE_CURVE('',#13311,#13448,#13450,.T.);
#13448 = VERTEX_POINT('',#13449);
#13449 = CARTESIAN_POINT('',(10.7,45.,17.5));
#13450 = LINE('',#13451,#13452);
#13451 = CARTESIAN_POINT('',(10.7,45.,12.));
#13452 = VECTOR('',#13453,1.);
#13453 = DIRECTION('',(0.,0.,1.));
#13454 = ORIENTED_EDGE('',*,*,#13455,.F.);
#13455 = EDGE_CURVE('',#13448,#13448,#13456,.T.);
#13456 = CIRCLE('',#13457,1.7);
#13457 = AXIS2_PLACEMENT_3D('',#13458,#13459,#13460);
#13458 = CARTESIAN_POINT('',(9.,45.,17.5));
#13459 = DIRECTION('',(0.,0.,1.));
#13460 = DIRECTION('',(1.,0.,0.));
#13461 = ORIENTED_EDGE('',*,*,#13447,.F.);
#13462 = ORIENTED_EDGE('',*,*,#13310,.T.);
#13463 = CYLINDRICAL_SURFACE('',#13464,1.7);
#13464 = AXIS2_PLACEMENT_3D('',#13465,#13466,#13467);
#13465 = CARTESIAN_POINT('',(9.,45.,12.));
#13466 = DIRECTION('',(0.,0.,1.));
#13467 = DIRECTION('',(1.,0.,0.));
#13468 = ADVANCED_FACE('',(#13469),#13488,.F.);
#13469 = FACE_BOUND('',#13470,.F.);
#13470 = EDGE_LOOP('',(#13471,#13479,#13486,#13487));
#13471 = ORIENTED_EDGE('',*,*,#13472,.T.);
#13472 = EDGE_CURVE('',#13345,#13473,#13475,.T.);
#13473 = VERTEX_POINT('',#13474);
#13474 = CARTESIAN_POINT('',(254.7,45.,17.5));
#13475 = LINE('',#13476,#13477);
#13476 = CARTESIAN_POINT('',(254.7,45.,12.));
#13477 = VECTOR('',#13478,1.);
#13478 = DIRECTION('',(0.,0.,1.));
#13479 = ORIENTED_EDGE('',*,*,#13480,.F.);
#13480 = EDGE_CURVE('',#13473,#13473,#13481,.T.);
#13481 = CIRCLE('',#13482,1.7);
#13482 = AXIS2_PLACEMENT_3D('',#13483,#13484,#13485);
#13483 = CARTESIAN_POINT('',(253.,45.,17.5));
#13484 = DIRECTION('',(0.,0.,1.));
#13485 = DIRECTION('',(1.,0.,0.));
#13486 = ORIENTED_EDGE('',*,*,#13472,.F.);
#13487 = ORIENTED_EDGE('',*,*,#13344,.T.);
#13488 = CYLINDRICAL_SURFACE('',#13489,1.7);
#13489 = AXIS2_PLACEMENT_3D('',#13490,#13491,#13492);
#13490 = CARTESIAN_POINT('',(253.,45.,12.));
#13491 = DIRECTION('',(0.,0.,1.));
#13492 = DIRECTION('',(1.,0.,0.));
#13493 = ADVANCED_FACE('',(#13494),#13513,.F.);
#13494 = FACE_BOUND('',#13495,.F.);
#13495 = EDGE_LOOP('',(#13496,#13504,#13511,#13512));
#13496 = ORIENTED_EDGE('',*,*,#13497,.T.);
#13497 = EDGE_CURVE('',#13370,#13498,#13500,.T.);
#13498 = VERTEX_POINT('',#13499);
#13499 = CARTESIAN_POINT('',(10.7,145.,17.5));
#13500 = LINE('',#13501,#13502);
#13501 = CARTESIAN_POINT('',(10.7,145.,12.));
#13502 = VECTOR('',#13503,1.);
#13503 = DIRECTION('',(0.,0.,1.));
#13504 = ORIENTED_EDGE('',*,*,#13505,.F.);
#13505 = EDGE_CURVE('',#13498,#13498,#13506,.T.);
#13506 = CIRCLE('',#13507,1.7);
#13507 = AXIS2_PLACEMENT_3D('',#13508,#13509,#13510);
#13508 = CARTESIAN_POINT('',(9.,145.,17.5));
#13509 = DIRECTION('',(0.,0.,1.));
#13510 = DIRECTION('',(1.,0.,0.));
#13511 = ORIENTED_EDGE('',*,*,#13497,.F.);
#13512 = ORIENTED_EDGE('',*,*,#13369,.T.);
#13513 = CYLINDRICAL_SURFACE('',#13514,1.7);
#13514 = AXIS2_PLACEMENT_3D('',#13515,#13516,#13517);
#13515 = CARTESIAN_POINT('',(9.,145.,12.));
#13516 = DIRECTION('',(0.,0.,1.));
#13517 = DIRECTION('',(1.,0.,0.));
#13518 = ADVANCED_FACE('',(#13519),#13538,.F.);
#13519 = FACE_BOUND('',#13520,.F.);
#13520 = EDGE_LOOP('',(#13521,#13529,#13536,#13537));
#13521 = ORIENTED_EDGE('',*,*,#13522,.T.);
#13522 = EDGE_CURVE('',#13413,#13523,#13525,.T.);
#13523 = VERTEX_POINT('',#13524);
#13524 = CARTESIAN_POINT('',(254.7,145.,17.5));
#13525 = LINE('',#13526,#13527);
#13526 = CARTESIAN_POINT('',(254.7,145.,12.));
#13527 = VECTOR('',#13528,1.);
#13528 = DIRECTION('',(0.,0.,1.));
#13529 = ORIENTED_EDGE('',*,*,#13530,.F.);
#13530 = EDGE_CURVE('',#13523,#13523,#13531,.T.);
#13531 = CIRCLE('',#13532,1.7);
#13532 = AXIS2_PLACEMENT_3D('',#13533,#13534,#13535);
#13533 = CARTESIAN_POINT('',(253.,145.,17.5));
#13534 = DIRECTION('',(0.,0.,1.));
#13535 = DIRECTION('',(1.,0.,0.));
#13536 = ORIENTED_EDGE('',*,*,#13522,.F.);
#13537 = ORIENTED_EDGE('',*,*,#13412,.T.);
#13538 = CYLINDRICAL_SURFACE('',#13539,1.7);
#13539 = AXIS2_PLACEMENT_3D('',#13540,#13541,#13542);
#13540 = CARTESIAN_POINT('',(253.,145.,12.));
#13541 = DIRECTION('',(0.,0.,1.));
#13542 = DIRECTION('',(1.,0.,0.));
#13543 = ADVANCED_FACE('',(#13544),#13547,.F.);
#13544 = FACE_BOUND('',#13545,.F.);
#13545 = EDGE_LOOP('',(#13546));
#13546 = ORIENTED_EDGE('',*,*,#13455,.T.);
#13547 = PLANE('',#13548);
#13548 = AXIS2_PLACEMENT_3D('',#13549,#13550,#13551);
#13549 = CARTESIAN_POINT('',(9.,45.,17.5));
#13550 = DIRECTION('',(0.,0.,1.));
#13551 = DIRECTION('',(1.,0.,0.));
#13552 = ADVANCED_FACE('',(#13553),#13556,.F.);
#13553 = FACE_BOUND('',#13554,.F.);
#13554 = EDGE_LOOP('',(#13555));
#13555 = ORIENTED_EDGE('',*,*,#13480,.T.);
#13556 = PLANE('',#13557);
#13557 = AXIS2_PLACEMENT_3D('',#13558,#13559,#13560);
#13558 = CARTESIAN_POINT('',(253.,45.,17.5));
#13559 = DIRECTION('',(0.,0.,1.));
#13560 = DIRECTION('',(1.,0.,0.));
#13561 = ADVANCED_FACE('',(#13562),#13565,.F.);
#13562 = FACE_BOUND('',#13563,.F.);
#13563 = EDGE_LOOP('',(#13564));
#13564 = ORIENTED_EDGE('',*,*,#13505,.T.);
#13565 = PLANE('',#13566);
#13566 = AXIS2_PLACEMENT_3D('',#13567,#13568,#13569);
#13567 = CARTESIAN_POINT('',(9.,145.,17.5));
#13568 = DIRECTION('',(0.,0.,1.));
#13569 = DIRECTION('',(1.,0.,0.));
#13570 = ADVANCED_FACE('',(#13571),#13574,.F.);
#13571 = FACE_BOUND('',#13572,.F.);
#13572 = EDGE_LOOP('',(#13573));
#13573 = ORIENTED_EDGE('',*,*,#13530,.T.);
#13574 = PLANE('',#13575);
#13575 = AXIS2_PLACEMENT_3D('',#13576,#13577,#13578);
#13576 = CARTESIAN_POINT('',(253.,145.,17.5));
#13577 = DIRECTION('',(0.,0.,1.));
#13578 = DIRECTION('',(1.,0.,0.));
#13579 = ADVANCED_FACE('',(#13580),#13586,.T.);
#13580 = FACE_BOUND('',#13581,.T.);
#13581 = EDGE_LOOP('',(#13582,#13583,#13584,#13585));
#13582 = ORIENTED_EDGE('',*,*,#8858,.F.);
#13583 = ORIENTED_EDGE('',*,*,#10189,.F.);
#13584 = ORIENTED_EDGE('',*,*,#9433,.T.);
#13585 = ORIENTED_EDGE('',*,*,#9256,.F.);
#13586 = PLANE('',#13587);
#13587 = AXIS2_PLACEMENT_3D('',#13588,#13589,#13590);
#13588 = CARTESIAN_POINT('',(19.7,243.7,38.));
#13589 = DIRECTION('',(1.,0.,0.));
#13590 = DIRECTION('',(0.,0.,1.));
#13591 = ADVANCED_FACE('',(#13592),#13598,.F.);
#13592 = FACE_BOUND('',#13593,.T.);
#13593 = EDGE_LOOP('',(#13594,#13595,#13596,#13597));
#13594 = ORIENTED_EDGE('',*,*,#8714,.T.);
#13595 = ORIENTED_EDGE('',*,*,#10205,.T.);
#13596 = ORIENTED_EDGE('',*,*,#9289,.F.);
#13597 = ORIENTED_EDGE('',*,*,#10272,.T.);
#13598 = PLANE('',#13599);
#13599 = AXIS2_PLACEMENT_3D('',#13600,#13601,#13602);
#13600 = CARTESIAN_POINT('',(242.3,243.7,38.));
#13601 = DIRECTION('',(1.,0.,0.));
#13602 = DIRECTION('',(0.,0.,1.));
#13603 = ADVANCED_FACE('',(#13604),#13610,.F.);
#13604 = FACE_BOUND('',#13605,.T.);
#13605 = EDGE_LOOP('',(#13606,#13607,#13608,#13609));
#13606 = ORIENTED_EDGE('',*,*,#10294,.T.);
#13607 = ORIENTED_EDGE('',*,*,#8810,.T.);
#13608 = ORIENTED_EDGE('',*,*,#10363,.T.);
#13609 = ORIENTED_EDGE('',*,*,#9385,.F.);
#13610 = PLANE('',#13611);
#13611 = AXIS2_PLACEMENT_3D('',#13612,#13613,#13614);
#13612 = CARTESIAN_POINT('',(56.3,243.7,38.));
#13613 = DIRECTION('',(1.,0.,0.));
#13614 = DIRECTION('',(0.,0.,1.));
#13615 = ADVANCED_FACE('',(#13616),#13622,.T.);
#13616 = FACE_BOUND('',#13617,.T.);
#13617 = EDGE_LOOP('',(#13618,#13619,#13620,#13621));
#13618 = ORIENTED_EDGE('',*,*,#10386,.F.);
#13619 = ORIENTED_EDGE('',*,*,#9337,.T.);
#13620 = ORIENTED_EDGE('',*,*,#10455,.F.);
#13621 = ORIENTED_EDGE('',*,*,#8762,.F.);
#13622 = PLANE('',#13623);
#13623 = AXIS2_PLACEMENT_3D('',#13624,#13625,#13626);
#13624 = CARTESIAN_POINT('',(205.7,243.7,38.));
#13625 = DIRECTION('',(1.,0.,0.));
#13626 = DIRECTION('',(0.,0.,1.));
#13627 = MANIFOLD_SOLID_BREP('',#13628);
#13628 = CLOSED_SHELL('',(#13629,#13669,#13700,#13746,#13770,#13809,
    #13821,#13838));
#13629 = ADVANCED_FACE('',(#13630),#13664,.F.);
#13630 = FACE_BOUND('',#13631,.F.);
#13631 = EDGE_LOOP('',(#13632,#13642,#13650,#13658));
#13632 = ORIENTED_EDGE('',*,*,#13633,.F.);
#13633 = EDGE_CURVE('',#13634,#13636,#13638,.T.);
#13634 = VERTEX_POINT('',#13635);
#13635 = CARTESIAN_POINT('',(4.,25.,9.));
#13636 = VERTEX_POINT('',#13637);
#13637 = CARTESIAN_POINT('',(4.,25.,12.));
#13638 = LINE('',#13639,#13640);
#13639 = CARTESIAN_POINT('',(4.,25.,9.));
#13640 = VECTOR('',#13641,1.);
#13641 = DIRECTION('',(0.,0.,1.));
#13642 = ORIENTED_EDGE('',*,*,#13643,.T.);
#13643 = EDGE_CURVE('',#13634,#13644,#13646,.T.);
#13644 = VERTEX_POINT('',#13645);
#13645 = CARTESIAN_POINT('',(4.,162.,9.));
#13646 = LINE('',#13647,#13648);
#13647 = CARTESIAN_POINT('',(4.,25.,9.));
#13648 = VECTOR('',#13649,1.);
#13649 = DIRECTION('',(0.,1.,0.));
#13650 = ORIENTED_EDGE('',*,*,#13651,.T.);
#13651 = EDGE_CURVE('',#13644,#13652,#13654,.T.);
#13652 = VERTEX_POINT('',#13653);
#13653 = CARTESIAN_POINT('',(4.,162.,12.));
#13654 = LINE('',#13655,#13656);
#13655 = CARTESIAN_POINT('',(4.,162.,9.));
#13656 = VECTOR('',#13657,1.);
#13657 = DIRECTION('',(0.,0.,1.));
#13658 = ORIENTED_EDGE('',*,*,#13659,.F.);
#13659 = EDGE_CURVE('',#13636,#13652,#13660,.T.);
#13660 = LINE('',#13661,#13662);
#13661 = CARTESIAN_POINT('',(4.,25.,12.));
#13662 = VECTOR('',#13663,1.);
#13663 = DIRECTION('',(0.,1.,0.));
#13664 = PLANE('',#13665);
#13665 = AXIS2_PLACEMENT_3D('',#13666,#13667,#13668);
#13666 = CARTESIAN_POINT('',(4.,25.,9.));
#13667 = DIRECTION('',(1.,0.,0.));
#13668 = DIRECTION('',(0.,0.,1.));
#13669 = ADVANCED_FACE('',(#13670),#13695,.F.);
#13670 = FACE_BOUND('',#13671,.F.);
#13671 = EDGE_LOOP('',(#13672,#13680,#13681,#13689));
#13672 = ORIENTED_EDGE('',*,*,#13673,.F.);
#13673 = EDGE_CURVE('',#13634,#13674,#13676,.T.);
#13674 = VERTEX_POINT('',#13675);
#13675 = CARTESIAN_POINT('',(24.,25.,9.));
#13676 = LINE('',#13677,#13678);
#13677 = CARTESIAN_POINT('',(4.,25.,9.));
#13678 = VECTOR('',#13679,1.);
#13679 = DIRECTION('',(1.,0.,0.));
#13680 = ORIENTED_EDGE('',*,*,#13633,.T.);
#13681 = ORIENTED_EDGE('',*,*,#13682,.T.);
#13682 = EDGE_CURVE('',#13636,#13683,#13685,.T.);
#13683 = VERTEX_POINT('',#13684);
#13684 = CARTESIAN_POINT('',(24.,25.,12.));
#13685 = LINE('',#13686,#13687);
#13686 = CARTESIAN_POINT('',(4.,25.,12.));
#13687 = VECTOR('',#13688,1.);
#13688 = DIRECTION('',(1.,0.,0.));
#13689 = ORIENTED_EDGE('',*,*,#13690,.F.);
#13690 = EDGE_CURVE('',#13674,#13683,#13691,.T.);
#13691 = LINE('',#13692,#13693);
#13692 = CARTESIAN_POINT('',(24.,25.,9.));
#13693 = VECTOR('',#13694,1.);
#13694 = DIRECTION('',(0.,0.,1.));
#13695 = PLANE('',#13696);
#13696 = AXIS2_PLACEMENT_3D('',#13697,#13698,#13699);
#13697 = CARTESIAN_POINT('',(4.,25.,9.));
#13698 = DIRECTION('',(0.,1.,0.));
#13699 = DIRECTION('',(0.,0.,1.));
#13700 = ADVANCED_FACE('',(#13701,#13719,#13730),#13741,.T.);
#13701 = FACE_BOUND('',#13702,.T.);
#13702 = EDGE_LOOP('',(#13703,#13704,#13705,#13713));
#13703 = ORIENTED_EDGE('',*,*,#13659,.F.);
#13704 = ORIENTED_EDGE('',*,*,#13682,.T.);
#13705 = ORIENTED_EDGE('',*,*,#13706,.T.);
#13706 = EDGE_CURVE('',#13683,#13707,#13709,.T.);
#13707 = VERTEX_POINT('',#13708);
#13708 = CARTESIAN_POINT('',(24.,162.,12.));
#13709 = LINE('',#13710,#13711);
#13710 = CARTESIAN_POINT('',(24.,25.,12.));
#13711 = VECTOR('',#13712,1.);
#13712 = DIRECTION('',(0.,1.,0.));
#13713 = ORIENTED_EDGE('',*,*,#13714,.F.);
#13714 = EDGE_CURVE('',#13652,#13707,#13715,.T.);
#13715 = LINE('',#13716,#13717);
#13716 = CARTESIAN_POINT('',(4.,162.,12.));
#13717 = VECTOR('',#13718,1.);
#13718 = DIRECTION('',(1.,0.,0.));
#13719 = FACE_BOUND('',#13720,.T.);
#13720 = EDGE_LOOP('',(#13721));
#13721 = ORIENTED_EDGE('',*,*,#13722,.F.);
#13722 = EDGE_CURVE('',#13723,#13723,#13725,.T.);
#13723 = VERTEX_POINT('',#13724);
#13724 = CARTESIAN_POINT('',(10.7,45.,12.));
#13725 = CIRCLE('',#13726,1.7);
#13726 = AXIS2_PLACEMENT_3D('',#13727,#13728,#13729);
#13727 = CARTESIAN_POINT('',(9.,45.,12.));
#13728 = DIRECTION('',(0.,0.,1.));
#13729 = DIRECTION('',(1.,0.,0.));
#13730 = FACE_BOUND('',#13731,.T.);
#13731 = EDGE_LOOP('',(#13732));
#13732 = ORIENTED_EDGE('',*,*,#13733,.F.);
#13733 = EDGE_CURVE('',#13734,#13734,#13736,.T.);
#13734 = VERTEX_POINT('',#13735);
#13735 = CARTESIAN_POINT('',(10.7,145.,12.));
#13736 = CIRCLE('',#13737,1.7);
#13737 = AXIS2_PLACEMENT_3D('',#13738,#13739,#13740);
#13738 = CARTESIAN_POINT('',(9.,145.,12.));
#13739 = DIRECTION('',(0.,0.,1.));
#13740 = DIRECTION('',(1.,0.,0.));
#13741 = PLANE('',#13742);
#13742 = AXIS2_PLACEMENT_3D('',#13743,#13744,#13745);
#13743 = CARTESIAN_POINT('',(4.,25.,12.));
#13744 = DIRECTION('',(0.,0.,1.));
#13745 = DIRECTION('',(1.,0.,0.));
#13746 = ADVANCED_FACE('',(#13747),#13765,.T.);
#13747 = FACE_BOUND('',#13748,.T.);
#13748 = EDGE_LOOP('',(#13749,#13757,#13758,#13759));
#13749 = ORIENTED_EDGE('',*,*,#13750,.F.);
#13750 = EDGE_CURVE('',#13644,#13751,#13753,.T.);
#13751 = VERTEX_POINT('',#13752);
#13752 = CARTESIAN_POINT('',(24.,162.,9.));
#13753 = LINE('',#13754,#13755);
#13754 = CARTESIAN_POINT('',(4.,162.,9.));
#13755 = VECTOR('',#13756,1.);
#13756 = DIRECTION('',(1.,0.,0.));
#13757 = ORIENTED_EDGE('',*,*,#13651,.T.);
#13758 = ORIENTED_EDGE('',*,*,#13714,.T.);
#13759 = ORIENTED_EDGE('',*,*,#13760,.F.);
#13760 = EDGE_CURVE('',#13751,#13707,#13761,.T.);
#13761 = LINE('',#13762,#13763);
#13762 = CARTESIAN_POINT('',(24.,162.,9.));
#13763 = VECTOR('',#13764,1.);
#13764 = DIRECTION('',(0.,0.,1.));
#13765 = PLANE('',#13766);
#13766 = AXIS2_PLACEMENT_3D('',#13767,#13768,#13769);
#13767 = CARTESIAN_POINT('',(4.,162.,9.));
#13768 = DIRECTION('',(0.,1.,0.));
#13769 = DIRECTION('',(0.,0.,1.));
#13770 = ADVANCED_FACE('',(#13771,#13782,#13793),#13804,.F.);
#13771 = FACE_BOUND('',#13772,.F.);
#13772 = EDGE_LOOP('',(#13773,#13774,#13775,#13781));
#13773 = ORIENTED_EDGE('',*,*,#13643,.F.);
#13774 = ORIENTED_EDGE('',*,*,#13673,.T.);
#13775 = ORIENTED_EDGE('',*,*,#13776,.T.);
#13776 = EDGE_CURVE('',#13674,#13751,#13777,.T.);
#13777 = LINE('',#13778,#13779);
#13778 = CARTESIAN_POINT('',(24.,25.,9.));
#13779 = VECTOR('',#13780,1.);
#13780 = DIRECTION('',(0.,1.,0.));
#13781 = ORIENTED_EDGE('',*,*,#13750,.F.);
#13782 = FACE_BOUND('',#13783,.F.);
#13783 = EDGE_LOOP('',(#13784));
#13784 = ORIENTED_EDGE('',*,*,#13785,.F.);
#13785 = EDGE_CURVE('',#13786,#13786,#13788,.T.);
#13786 = VERTEX_POINT('',#13787);
#13787 = CARTESIAN_POINT('',(10.7,45.,9.));
#13788 = CIRCLE('',#13789,1.7);
#13789 = AXIS2_PLACEMENT_3D('',#13790,#13791,#13792);
#13790 = CARTESIAN_POINT('',(9.,45.,9.));
#13791 = DIRECTION('',(0.,0.,1.));
#13792 = DIRECTION('',(1.,0.,0.));
#13793 = FACE_BOUND('',#13794,.F.);
#13794 = EDGE_LOOP('',(#13795));
#13795 = ORIENTED_EDGE('',*,*,#13796,.F.);
#13796 = EDGE_CURVE('',#13797,#13797,#13799,.T.);
#13797 = VERTEX_POINT('',#13798);
#13798 = CARTESIAN_POINT('',(10.7,145.,9.));
#13799 = CIRCLE('',#13800,1.7);
#13800 = AXIS2_PLACEMENT_3D('',#13801,#13802,#13803);
#13801 = CARTESIAN_POINT('',(9.,145.,9.));
#13802 = DIRECTION('',(0.,0.,1.));
#13803 = DIRECTION('',(1.,0.,0.));
#13804 = PLANE('',#13805);
#13805 = AXIS2_PLACEMENT_3D('',#13806,#13807,#13808);
#13806 = CARTESIAN_POINT('',(4.,25.,9.));
#13807 = DIRECTION('',(0.,0.,1.));
#13808 = DIRECTION('',(1.,0.,0.));
#13809 = ADVANCED_FACE('',(#13810),#13816,.T.);
#13810 = FACE_BOUND('',#13811,.T.);
#13811 = EDGE_LOOP('',(#13812,#13813,#13814,#13815));
#13812 = ORIENTED_EDGE('',*,*,#13690,.F.);
#13813 = ORIENTED_EDGE('',*,*,#13776,.T.);
#13814 = ORIENTED_EDGE('',*,*,#13760,.T.);
#13815 = ORIENTED_EDGE('',*,*,#13706,.F.);
#13816 = PLANE('',#13817);
#13817 = AXIS2_PLACEMENT_3D('',#13818,#13819,#13820);
#13818 = CARTESIAN_POINT('',(24.,25.,9.));
#13819 = DIRECTION('',(1.,0.,0.));
#13820 = DIRECTION('',(0.,0.,1.));
#13821 = ADVANCED_FACE('',(#13822),#13833,.F.);
#13822 = FACE_BOUND('',#13823,.F.);
#13823 = EDGE_LOOP('',(#13824,#13825,#13831,#13832));
#13824 = ORIENTED_EDGE('',*,*,#13722,.F.);
#13825 = ORIENTED_EDGE('',*,*,#13826,.F.);
#13826 = EDGE_CURVE('',#13786,#13723,#13827,.T.);
#13827 = LINE('',#13828,#13829);
#13828 = CARTESIAN_POINT('',(10.7,45.,8.));
#13829 = VECTOR('',#13830,1.);
#13830 = DIRECTION('',(0.,0.,1.));
#13831 = ORIENTED_EDGE('',*,*,#13785,.T.);
#13832 = ORIENTED_EDGE('',*,*,#13826,.T.);
#13833 = CYLINDRICAL_SURFACE('',#13834,1.7);
#13834 = AXIS2_PLACEMENT_3D('',#13835,#13836,#13837);
#13835 = CARTESIAN_POINT('',(9.,45.,8.));
#13836 = DIRECTION('',(0.,0.,1.));
#13837 = DIRECTION('',(1.,0.,0.));
#13838 = ADVANCED_FACE('',(#13839),#13850,.F.);
#13839 = FACE_BOUND('',#13840,.F.);
#13840 = EDGE_LOOP('',(#13841,#13842,#13848,#13849));
#13841 = ORIENTED_EDGE('',*,*,#13733,.F.);
#13842 = ORIENTED_EDGE('',*,*,#13843,.F.);
#13843 = EDGE_CURVE('',#13797,#13734,#13844,.T.);
#13844 = LINE('',#13845,#13846);
#13845 = CARTESIAN_POINT('',(10.7,145.,8.));
#13846 = VECTOR('',#13847,1.);
#13847 = DIRECTION('',(0.,0.,1.));
#13848 = ORIENTED_EDGE('',*,*,#13796,.T.);
#13849 = ORIENTED_EDGE('',*,*,#13843,.T.);
#13850 = CYLINDRICAL_SURFACE('',#13851,1.7);
#13851 = AXIS2_PLACEMENT_3D('',#13852,#13853,#13854);
#13852 = CARTESIAN_POINT('',(9.,145.,8.));
#13853 = DIRECTION('',(0.,0.,1.));
#13854 = DIRECTION('',(1.,0.,0.));
#13855 = MANIFOLD_SOLID_BREP('',#13856);
#13856 = CLOSED_SHELL('',(#13857,#13897,#13928,#13974,#13998,#14037,
    #14049,#14066));
#13857 = ADVANCED_FACE('',(#13858),#13892,.F.);
#13858 = FACE_BOUND('',#13859,.F.);
#13859 = EDGE_LOOP('',(#13860,#13870,#13878,#13886));
#13860 = ORIENTED_EDGE('',*,*,#13861,.F.);
#13861 = EDGE_CURVE('',#13862,#13864,#13866,.T.);
#13862 = VERTEX_POINT('',#13863);
#13863 = CARTESIAN_POINT('',(238.,25.,9.));
#13864 = VERTEX_POINT('',#13865);
#13865 = CARTESIAN_POINT('',(238.,25.,12.));
#13866 = LINE('',#13867,#13868);
#13867 = CARTESIAN_POINT('',(238.,25.,9.));
#13868 = VECTOR('',#13869,1.);
#13869 = DIRECTION('',(0.,0.,1.));
#13870 = ORIENTED_EDGE('',*,*,#13871,.T.);
#13871 = EDGE_CURVE('',#13862,#13872,#13874,.T.);
#13872 = VERTEX_POINT('',#13873);
#13873 = CARTESIAN_POINT('',(238.,162.,9.));
#13874 = LINE('',#13875,#13876);
#13875 = CARTESIAN_POINT('',(238.,25.,9.));
#13876 = VECTOR('',#13877,1.);
#13877 = DIRECTION('',(0.,1.,0.));
#13878 = ORIENTED_EDGE('',*,*,#13879,.T.);
#13879 = EDGE_CURVE('',#13872,#13880,#13882,.T.);
#13880 = VERTEX_POINT('',#13881);
#13881 = CARTESIAN_POINT('',(238.,162.,12.));
#13882 = LINE('',#13883,#13884);
#13883 = CARTESIAN_POINT('',(238.,162.,9.));
#13884 = VECTOR('',#13885,1.);
#13885 = DIRECTION('',(0.,0.,1.));
#13886 = ORIENTED_EDGE('',*,*,#13887,.F.);
#13887 = EDGE_CURVE('',#13864,#13880,#13888,.T.);
#13888 = LINE('',#13889,#13890);
#13889 = CARTESIAN_POINT('',(238.,25.,12.));
#13890 = VECTOR('',#13891,1.);
#13891 = DIRECTION('',(0.,1.,0.));
#13892 = PLANE('',#13893);
#13893 = AXIS2_PLACEMENT_3D('',#13894,#13895,#13896);
#13894 = CARTESIAN_POINT('',(238.,25.,9.));
#13895 = DIRECTION('',(1.,0.,0.));
#13896 = DIRECTION('',(0.,0.,1.));
#13897 = ADVANCED_FACE('',(#13898),#13923,.F.);
#13898 = FACE_BOUND('',#13899,.F.);
#13899 = EDGE_LOOP('',(#13900,#13908,#13909,#13917));
#13900 = ORIENTED_EDGE('',*,*,#13901,.F.);
#13901 = EDGE_CURVE('',#13862,#13902,#13904,.T.);
#13902 = VERTEX_POINT('',#13903);
#13903 = CARTESIAN_POINT('',(258.,25.,9.));
#13904 = LINE('',#13905,#13906);
#13905 = CARTESIAN_POINT('',(238.,25.,9.));
#13906 = VECTOR('',#13907,1.);
#13907 = DIRECTION('',(1.,0.,0.));
#13908 = ORIENTED_EDGE('',*,*,#13861,.T.);
#13909 = ORIENTED_EDGE('',*,*,#13910,.T.);
#13910 = EDGE_CURVE('',#13864,#13911,#13913,.T.);
#13911 = VERTEX_POINT('',#13912);
#13912 = CARTESIAN_POINT('',(258.,25.,12.));
#13913 = LINE('',#13914,#13915);
#13914 = CARTESIAN_POINT('',(238.,25.,12.));
#13915 = VECTOR('',#13916,1.);
#13916 = DIRECTION('',(1.,0.,0.));
#13917 = ORIENTED_EDGE('',*,*,#13918,.F.);
#13918 = EDGE_CURVE('',#13902,#13911,#13919,.T.);
#13919 = LINE('',#13920,#13921);
#13920 = CARTESIAN_POINT('',(258.,25.,9.));
#13921 = VECTOR('',#13922,1.);
#13922 = DIRECTION('',(0.,0.,1.));
#13923 = PLANE('',#13924);
#13924 = AXIS2_PLACEMENT_3D('',#13925,#13926,#13927);
#13925 = CARTESIAN_POINT('',(238.,25.,9.));
#13926 = DIRECTION('',(0.,1.,0.));
#13927 = DIRECTION('',(0.,0.,1.));
#13928 = ADVANCED_FACE('',(#13929,#13947,#13958),#13969,.T.);
#13929 = FACE_BOUND('',#13930,.T.);
#13930 = EDGE_LOOP('',(#13931,#13932,#13933,#13941));
#13931 = ORIENTED_EDGE('',*,*,#13887,.F.);
#13932 = ORIENTED_EDGE('',*,*,#13910,.T.);
#13933 = ORIENTED_EDGE('',*,*,#13934,.T.);
#13934 = EDGE_CURVE('',#13911,#13935,#13937,.T.);
#13935 = VERTEX_POINT('',#13936);
#13936 = CARTESIAN_POINT('',(258.,162.,12.));
#13937 = LINE('',#13938,#13939);
#13938 = CARTESIAN_POINT('',(258.,25.,12.));
#13939 = VECTOR('',#13940,1.);
#13940 = DIRECTION('',(0.,1.,0.));
#13941 = ORIENTED_EDGE('',*,*,#13942,.F.);
#13942 = EDGE_CURVE('',#13880,#13935,#13943,.T.);
#13943 = LINE('',#13944,#13945);
#13944 = CARTESIAN_POINT('',(238.,162.,12.));
#13945 = VECTOR('',#13946,1.);
#13946 = DIRECTION('',(1.,0.,0.));
#13947 = FACE_BOUND('',#13948,.T.);
#13948 = EDGE_LOOP('',(#13949));
#13949 = ORIENTED_EDGE('',*,*,#13950,.F.);
#13950 = EDGE_CURVE('',#13951,#13951,#13953,.T.);
#13951 = VERTEX_POINT('',#13952);
#13952 = CARTESIAN_POINT('',(254.7,45.,12.));
#13953 = CIRCLE('',#13954,1.7);
#13954 = AXIS2_PLACEMENT_3D('',#13955,#13956,#13957);
#13955 = CARTESIAN_POINT('',(253.,45.,12.));
#13956 = DIRECTION('',(0.,0.,1.));
#13957 = DIRECTION('',(1.,0.,0.));
#13958 = FACE_BOUND('',#13959,.T.);
#13959 = EDGE_LOOP('',(#13960));
#13960 = ORIENTED_EDGE('',*,*,#13961,.F.);
#13961 = EDGE_CURVE('',#13962,#13962,#13964,.T.);
#13962 = VERTEX_POINT('',#13963);
#13963 = CARTESIAN_POINT('',(254.7,145.,12.));
#13964 = CIRCLE('',#13965,1.7);
#13965 = AXIS2_PLACEMENT_3D('',#13966,#13967,#13968);
#13966 = CARTESIAN_POINT('',(253.,145.,12.));
#13967 = DIRECTION('',(0.,0.,1.));
#13968 = DIRECTION('',(1.,0.,0.));
#13969 = PLANE('',#13970);
#13970 = AXIS2_PLACEMENT_3D('',#13971,#13972,#13973);
#13971 = CARTESIAN_POINT('',(238.,25.,12.));
#13972 = DIRECTION('',(0.,0.,1.));
#13973 = DIRECTION('',(1.,0.,0.));
#13974 = ADVANCED_FACE('',(#13975),#13993,.T.);
#13975 = FACE_BOUND('',#13976,.T.);
#13976 = EDGE_LOOP('',(#13977,#13985,#13986,#13987));
#13977 = ORIENTED_EDGE('',*,*,#13978,.F.);
#13978 = EDGE_CURVE('',#13872,#13979,#13981,.T.);
#13979 = VERTEX_POINT('',#13980);
#13980 = CARTESIAN_POINT('',(258.,162.,9.));
#13981 = LINE('',#13982,#13983);
#13982 = CARTESIAN_POINT('',(238.,162.,9.));
#13983 = VECTOR('',#13984,1.);
#13984 = DIRECTION('',(1.,0.,0.));
#13985 = ORIENTED_EDGE('',*,*,#13879,.T.);
#13986 = ORIENTED_EDGE('',*,*,#13942,.T.);
#13987 = ORIENTED_EDGE('',*,*,#13988,.F.);
#13988 = EDGE_CURVE('',#13979,#13935,#13989,.T.);
#13989 = LINE('',#13990,#13991);
#13990 = CARTESIAN_POINT('',(258.,162.,9.));
#13991 = VECTOR('',#13992,1.);
#13992 = DIRECTION('',(0.,0.,1.));
#13993 = PLANE('',#13994);
#13994 = AXIS2_PLACEMENT_3D('',#13995,#13996,#13997);
#13995 = CARTESIAN_POINT('',(238.,162.,9.));
#13996 = DIRECTION('',(0.,1.,0.));
#13997 = DIRECTION('',(0.,0.,1.));
#13998 = ADVANCED_FACE('',(#13999,#14010,#14021),#14032,.F.);
#13999 = FACE_BOUND('',#14000,.F.);
#14000 = EDGE_LOOP('',(#14001,#14002,#14003,#14009));
#14001 = ORIENTED_EDGE('',*,*,#13871,.F.);
#14002 = ORIENTED_EDGE('',*,*,#13901,.T.);
#14003 = ORIENTED_EDGE('',*,*,#14004,.T.);
#14004 = EDGE_CURVE('',#13902,#13979,#14005,.T.);
#14005 = LINE('',#14006,#14007);
#14006 = CARTESIAN_POINT('',(258.,25.,9.));
#14007 = VECTOR('',#14008,1.);
#14008 = DIRECTION('',(0.,1.,0.));
#14009 = ORIENTED_EDGE('',*,*,#13978,.F.);
#14010 = FACE_BOUND('',#14011,.F.);
#14011 = EDGE_LOOP('',(#14012));
#14012 = ORIENTED_EDGE('',*,*,#14013,.F.);
#14013 = EDGE_CURVE('',#14014,#14014,#14016,.T.);
#14014 = VERTEX_POINT('',#14015);
#14015 = CARTESIAN_POINT('',(254.7,45.,9.));
#14016 = CIRCLE('',#14017,1.7);
#14017 = AXIS2_PLACEMENT_3D('',#14018,#14019,#14020);
#14018 = CARTESIAN_POINT('',(253.,45.,9.));
#14019 = DIRECTION('',(0.,0.,1.));
#14020 = DIRECTION('',(1.,0.,0.));
#14021 = FACE_BOUND('',#14022,.F.);
#14022 = EDGE_LOOP('',(#14023));
#14023 = ORIENTED_EDGE('',*,*,#14024,.F.);
#14024 = EDGE_CURVE('',#14025,#14025,#14027,.T.);
#14025 = VERTEX_POINT('',#14026);
#14026 = CARTESIAN_POINT('',(254.7,145.,9.));
#14027 = CIRCLE('',#14028,1.7);
#14028 = AXIS2_PLACEMENT_3D('',#14029,#14030,#14031);
#14029 = CARTESIAN_POINT('',(253.,145.,9.));
#14030 = DIRECTION('',(0.,0.,1.));
#14031 = DIRECTION('',(1.,0.,0.));
#14032 = PLANE('',#14033);
#14033 = AXIS2_PLACEMENT_3D('',#14034,#14035,#14036);
#14034 = CARTESIAN_POINT('',(238.,25.,9.));
#14035 = DIRECTION('',(0.,0.,1.));
#14036 = DIRECTION('',(1.,0.,0.));
#14037 = ADVANCED_FACE('',(#14038),#14044,.T.);
#14038 = FACE_BOUND('',#14039,.T.);
#14039 = EDGE_LOOP('',(#14040,#14041,#14042,#14043));
#14040 = ORIENTED_EDGE('',*,*,#13918,.F.);
#14041 = ORIENTED_EDGE('',*,*,#14004,.T.);
#14042 = ORIENTED_EDGE('',*,*,#13988,.T.);
#14043 = ORIENTED_EDGE('',*,*,#13934,.F.);
#14044 = PLANE('',#14045);
#14045 = AXIS2_PLACEMENT_3D('',#14046,#14047,#14048);
#14046 = CARTESIAN_POINT('',(258.,25.,9.));
#14047 = DIRECTION('',(1.,0.,0.));
#14048 = DIRECTION('',(0.,0.,1.));
#14049 = ADVANCED_FACE('',(#14050),#14061,.F.);
#14050 = FACE_BOUND('',#14051,.F.);
#14051 = EDGE_LOOP('',(#14052,#14053,#14059,#14060));
#14052 = ORIENTED_EDGE('',*,*,#13950,.F.);
#14053 = ORIENTED_EDGE('',*,*,#14054,.F.);
#14054 = EDGE_CURVE('',#14014,#13951,#14055,.T.);
#14055 = LINE('',#14056,#14057);
#14056 = CARTESIAN_POINT('',(254.7,45.,8.));
#14057 = VECTOR('',#14058,1.);
#14058 = DIRECTION('',(0.,0.,1.));
#14059 = ORIENTED_EDGE('',*,*,#14013,.T.);
#14060 = ORIENTED_EDGE('',*,*,#14054,.T.);
#14061 = CYLINDRICAL_SURFACE('',#14062,1.7);
#14062 = AXIS2_PLACEMENT_3D('',#14063,#14064,#14065);
#14063 = CARTESIAN_POINT('',(253.,45.,8.));
#14064 = DIRECTION('',(0.,0.,1.));
#14065 = DIRECTION('',(1.,0.,0.));
#14066 = ADVANCED_FACE('',(#14067),#14078,.F.);
#14067 = FACE_BOUND('',#14068,.F.);
#14068 = EDGE_LOOP('',(#14069,#14070,#14076,#14077));
#14069 = ORIENTED_EDGE('',*,*,#13961,.F.);
#14070 = ORIENTED_EDGE('',*,*,#14071,.F.);
#14071 = EDGE_CURVE('',#14025,#13962,#14072,.T.);
#14072 = LINE('',#14073,#14074);
#14073 = CARTESIAN_POINT('',(254.7,145.,8.));
#14074 = VECTOR('',#14075,1.);
#14075 = DIRECTION('',(0.,0.,1.));
#14076 = ORIENTED_EDGE('',*,*,#14024,.T.);
#14077 = ORIENTED_EDGE('',*,*,#14071,.T.);
#14078 = CYLINDRICAL_SURFACE('',#14079,1.7);
#14079 = AXIS2_PLACEMENT_3D('',#14080,#14081,#14082);
#14080 = CARTESIAN_POINT('',(253.,145.,8.));
#14081 = DIRECTION('',(0.,0.,1.));
#14082 = DIRECTION('',(1.,0.,0.));
#14083 = MANIFOLD_SOLID_BREP('',#14084);
#14084 = CLOSED_SHELL('',(#14085,#14125,#14158,#14189,#14222,#14253,
    #14286,#14326,#14357,#14484,#14506,#14598,#14661,#14753,#14807,
    #14829,#14851,#14868,#14946,#14963,#14987,#15063,#15075,#15097,
    #15109,#15126,#15181,#15193,#15210,#15227,#15249,#15304,#15316,
    #15328,#15345,#15416,#15440,#15504,#15521,#15592,#15616,#15680,
    #15697,#15714,#15731,#15748,#15765,#15782,#15794,#15811,#15828,
    #15845,#15862,#15879,#15891,#16156,#16187,#16218,#16251,#16271,
    #16288,#16321,#16341,#16358,#16391,#16411,#16428,#16461,#16481,
    #16498,#16531,#16551,#16568,#16601,#16621,#16638,#16669,#16693,
    #16711,#16722,#16753,#16777,#16795,#16806,#16837,#16861,#16879,
    #16890,#16921,#16945,#16963,#16974,#17004,#17107,#17138,#17162,
    #17186,#17203,#17249,#17280,#17304,#17328,#17345,#17357,#17371,
    #17385));
#14085 = ADVANCED_FACE('',(#14086),#14120,.T.);
#14086 = FACE_BOUND('',#14087,.T.);
#14087 = EDGE_LOOP('',(#14088,#14098,#14106,#14114));
#14088 = ORIENTED_EDGE('',*,*,#14089,.F.);
#14089 = EDGE_CURVE('',#14090,#14092,#14094,.T.);
#14090 = VERTEX_POINT('',#14091);
#14091 = CARTESIAN_POINT('',(250.68337520964,3.,3.));
#14092 = VERTEX_POINT('',#14093);
#14093 = CARTESIAN_POINT('',(250.68337520964,3.,22.));
#14094 = LINE('',#14095,#14096);
#14095 = CARTESIAN_POINT('',(250.68337520964,3.,0.));
#14096 = VECTOR('',#14097,1.);
#14097 = DIRECTION('',(0.,0.,1.));
#14098 = ORIENTED_EDGE('',*,*,#14099,.F.);
#14099 = EDGE_CURVE('',#14100,#14090,#14102,.T.);
#14100 = VERTEX_POINT('',#14101);
#14101 = CARTESIAN_POINT('',(11.316624790355,3.,3.));
#14102 = LINE('',#14103,#14104);
#14103 = CARTESIAN_POINT('',(3.,3.,3.));
#14104 = VECTOR('',#14105,1.);
#14105 = DIRECTION('',(1.,0.,0.));
#14106 = ORIENTED_EDGE('',*,*,#14107,.T.);
#14107 = EDGE_CURVE('',#14100,#14108,#14110,.T.);
#14108 = VERTEX_POINT('',#14109);
#14109 = CARTESIAN_POINT('',(11.316624790355,3.,22.));
#14110 = LINE('',#14111,#14112);
#14111 = CARTESIAN_POINT('',(11.316624790355,3.,0.));
#14112 = VECTOR('',#14113,1.);
#14113 = DIRECTION('',(0.,0.,1.));
#14114 = ORIENTED_EDGE('',*,*,#14115,.F.);
#14115 = EDGE_CURVE('',#14092,#14108,#14116,.T.);
#14116 = LINE('',#14117,#14118);
#14117 = CARTESIAN_POINT('',(1.5,3.,22.));
#14118 = VECTOR('',#14119,1.);
#14119 = DIRECTION('',(-1.,0.,0.));
#14120 = PLANE('',#14121);
#14121 = AXIS2_PLACEMENT_3D('',#14122,#14123,#14124);
#14122 = CARTESIAN_POINT('',(3.,3.,3.));
#14123 = DIRECTION('',(0.,1.,0.));
#14124 = DIRECTION('',(0.,0.,1.));
#14125 = ADVANCED_FACE('',(#14126),#14153,.T.);
#14126 = FACE_BOUND('',#14127,.T.);
#14127 = EDGE_LOOP('',(#14128,#14137,#14145,#14152));
#14128 = ORIENTED_EDGE('',*,*,#14129,.F.);
#14129 = EDGE_CURVE('',#14130,#14092,#14132,.T.);
#14130 = VERTEX_POINT('',#14131);
#14131 = CARTESIAN_POINT('',(259.,11.316624790355,22.));
#14132 = CIRCLE('',#14133,6.);
#14133 = AXIS2_PLACEMENT_3D('',#14134,#14135,#14136);
#14134 = CARTESIAN_POINT('',(254.,8.,22.));
#14135 = DIRECTION('',(0.,0.,1.));
#14136 = DIRECTION('',(1.,0.,0.));
#14137 = ORIENTED_EDGE('',*,*,#14138,.F.);
#14138 = EDGE_CURVE('',#14139,#14130,#14141,.T.);
#14139 = VERTEX_POINT('',#14140);
#14140 = CARTESIAN_POINT('',(259.,11.316624790355,3.));
#14141 = LINE('',#14142,#14143);
#14142 = CARTESIAN_POINT('',(259.,11.316624790355,0.));
#14143 = VECTOR('',#14144,1.);
#14144 = DIRECTION('',(0.,0.,1.));
#14145 = ORIENTED_EDGE('',*,*,#14146,.T.);
#14146 = EDGE_CURVE('',#14139,#14090,#14147,.T.);
#14147 = CIRCLE('',#14148,6.);
#14148 = AXIS2_PLACEMENT_3D('',#14149,#14150,#14151);
#14149 = CARTESIAN_POINT('',(254.,8.,3.));
#14150 = DIRECTION('',(0.,0.,1.));
#14151 = DIRECTION('',(1.,0.,0.));
#14152 = ORIENTED_EDGE('',*,*,#14089,.T.);
#14153 = CYLINDRICAL_SURFACE('',#14154,6.);
#14154 = AXIS2_PLACEMENT_3D('',#14155,#14156,#14157);
#14155 = CARTESIAN_POINT('',(254.,8.,0.));
#14156 = DIRECTION('',(0.,0.,1.));
#14157 = DIRECTION('',(1.,0.,0.));
#14158 = ADVANCED_FACE('',(#14159),#14184,.F.);
#14159 = FACE_BOUND('',#14160,.F.);
#14160 = EDGE_LOOP('',(#14161,#14162,#14170,#14178));
#14161 = ORIENTED_EDGE('',*,*,#14138,.F.);
#14162 = ORIENTED_EDGE('',*,*,#14163,.T.);
#14163 = EDGE_CURVE('',#14139,#14164,#14166,.T.);
#14164 = VERTEX_POINT('',#14165);
#14165 = CARTESIAN_POINT('',(259.,121.68337520964,3.));
#14166 = LINE('',#14167,#14168);
#14167 = CARTESIAN_POINT('',(259.,3.,3.));
#14168 = VECTOR('',#14169,1.);
#14169 = DIRECTION('',(0.,1.,0.));
#14170 = ORIENTED_EDGE('',*,*,#14171,.T.);
#14171 = EDGE_CURVE('',#14164,#14172,#14174,.T.);
#14172 = VERTEX_POINT('',#14173);
#14173 = CARTESIAN_POINT('',(259.,121.68337520964,22.));
#14174 = LINE('',#14175,#14176);
#14175 = CARTESIAN_POINT('',(259.,121.68337520964,0.));
#14176 = VECTOR('',#14177,1.);
#14177 = DIRECTION('',(0.,0.,1.));
#14178 = ORIENTED_EDGE('',*,*,#14179,.F.);
#14179 = EDGE_CURVE('',#14130,#14172,#14180,.T.);
#14180 = LINE('',#14181,#14182);
#14181 = CARTESIAN_POINT('',(259.,1.5,22.));
#14182 = VECTOR('',#14183,1.);
#14183 = DIRECTION('',(0.,1.,0.));
#14184 = PLANE('',#14185);
#14185 = AXIS2_PLACEMENT_3D('',#14186,#14187,#14188);
#14186 = CARTESIAN_POINT('',(259.,3.,3.));
#14187 = DIRECTION('',(1.,0.,0.));
#14188 = DIRECTION('',(0.,0.,1.));
#14189 = ADVANCED_FACE('',(#14190),#14217,.T.);
#14190 = FACE_BOUND('',#14191,.T.);
#14191 = EDGE_LOOP('',(#14192,#14201,#14209,#14216));
#14192 = ORIENTED_EDGE('',*,*,#14193,.F.);
#14193 = EDGE_CURVE('',#14194,#14172,#14196,.T.);
#14194 = VERTEX_POINT('',#14195);
#14195 = CARTESIAN_POINT('',(259.,128.31662479035,22.));
#14196 = CIRCLE('',#14197,6.);
#14197 = AXIS2_PLACEMENT_3D('',#14198,#14199,#14200);
#14198 = CARTESIAN_POINT('',(254.,125.,22.));
#14199 = DIRECTION('',(0.,0.,1.));
#14200 = DIRECTION('',(1.,0.,0.));
#14201 = ORIENTED_EDGE('',*,*,#14202,.F.);
#14202 = EDGE_CURVE('',#14203,#14194,#14205,.T.);
#14203 = VERTEX_POINT('',#14204);
#14204 = CARTESIAN_POINT('',(259.,128.31662479035,3.));
#14205 = LINE('',#14206,#14207);
#14206 = CARTESIAN_POINT('',(259.,128.31662479035,0.));
#14207 = VECTOR('',#14208,1.);
#14208 = DIRECTION('',(0.,0.,1.));
#14209 = ORIENTED_EDGE('',*,*,#14210,.T.);
#14210 = EDGE_CURVE('',#14203,#14164,#14211,.T.);
#14211 = CIRCLE('',#14212,6.);
#14212 = AXIS2_PLACEMENT_3D('',#14213,#14214,#14215);
#14213 = CARTESIAN_POINT('',(254.,125.,3.));
#14214 = DIRECTION('',(0.,0.,1.));
#14215 = DIRECTION('',(1.,0.,0.));
#14216 = ORIENTED_EDGE('',*,*,#14171,.T.);
#14217 = CYLINDRICAL_SURFACE('',#14218,6.);
#14218 = AXIS2_PLACEMENT_3D('',#14219,#14220,#14221);
#14219 = CARTESIAN_POINT('',(254.,125.,0.));
#14220 = DIRECTION('',(0.,0.,1.));
#14221 = DIRECTION('',(1.,0.,0.));
#14222 = ADVANCED_FACE('',(#14223),#14248,.F.);
#14223 = FACE_BOUND('',#14224,.F.);
#14224 = EDGE_LOOP('',(#14225,#14226,#14234,#14242));
#14225 = ORIENTED_EDGE('',*,*,#14202,.F.);
#14226 = ORIENTED_EDGE('',*,*,#14227,.T.);
#14227 = EDGE_CURVE('',#14203,#14228,#14230,.T.);
#14228 = VERTEX_POINT('',#14229);
#14229 = CARTESIAN_POINT('',(259.,238.68337520964,3.));
#14230 = LINE('',#14231,#14232);
#14231 = CARTESIAN_POINT('',(259.,3.,3.));
#14232 = VECTOR('',#14233,1.);
#14233 = DIRECTION('',(0.,1.,0.));
#14234 = ORIENTED_EDGE('',*,*,#14235,.T.);
#14235 = EDGE_CURVE('',#14228,#14236,#14238,.T.);
#14236 = VERTEX_POINT('',#14237);
#14237 = CARTESIAN_POINT('',(259.,238.68337520964,22.));
#14238 = LINE('',#14239,#14240);
#14239 = CARTESIAN_POINT('',(259.,238.68337520964,0.));
#14240 = VECTOR('',#14241,1.);
#14241 = DIRECTION('',(0.,0.,1.));
#14242 = ORIENTED_EDGE('',*,*,#14243,.F.);
#14243 = EDGE_CURVE('',#14194,#14236,#14244,.T.);
#14244 = LINE('',#14245,#14246);
#14245 = CARTESIAN_POINT('',(259.,1.5,22.));
#14246 = VECTOR('',#14247,1.);
#14247 = DIRECTION('',(0.,1.,0.));
#14248 = PLANE('',#14249);
#14249 = AXIS2_PLACEMENT_3D('',#14250,#14251,#14252);
#14250 = CARTESIAN_POINT('',(259.,3.,3.));
#14251 = DIRECTION('',(1.,0.,0.));
#14252 = DIRECTION('',(0.,0.,1.));
#14253 = ADVANCED_FACE('',(#14254),#14281,.T.);
#14254 = FACE_BOUND('',#14255,.T.);
#14255 = EDGE_LOOP('',(#14256,#14257,#14266,#14274));
#14256 = ORIENTED_EDGE('',*,*,#14235,.T.);
#14257 = ORIENTED_EDGE('',*,*,#14258,.F.);
#14258 = EDGE_CURVE('',#14259,#14236,#14261,.T.);
#14259 = VERTEX_POINT('',#14260);
#14260 = CARTESIAN_POINT('',(250.68337520964,247.,22.));
#14261 = CIRCLE('',#14262,6.);
#14262 = AXIS2_PLACEMENT_3D('',#14263,#14264,#14265);
#14263 = CARTESIAN_POINT('',(254.,242.,22.));
#14264 = DIRECTION('',(0.,0.,1.));
#14265 = DIRECTION('',(1.,0.,0.));
#14266 = ORIENTED_EDGE('',*,*,#14267,.F.);
#14267 = EDGE_CURVE('',#14268,#14259,#14270,.T.);
#14268 = VERTEX_POINT('',#14269);
#14269 = CARTESIAN_POINT('',(250.68337520964,247.,3.));
#14270 = LINE('',#14271,#14272);
#14271 = CARTESIAN_POINT('',(250.68337520964,247.,0.));
#14272 = VECTOR('',#14273,1.);
#14273 = DIRECTION('',(0.,0.,1.));
#14274 = ORIENTED_EDGE('',*,*,#14275,.T.);
#14275 = EDGE_CURVE('',#14268,#14228,#14276,.T.);
#14276 = CIRCLE('',#14277,6.);
#14277 = AXIS2_PLACEMENT_3D('',#14278,#14279,#14280);
#14278 = CARTESIAN_POINT('',(254.,242.,3.));
#14279 = DIRECTION('',(0.,0.,1.));
#14280 = DIRECTION('',(1.,0.,0.));
#14281 = CYLINDRICAL_SURFACE('',#14282,6.);
#14282 = AXIS2_PLACEMENT_3D('',#14283,#14284,#14285);
#14283 = CARTESIAN_POINT('',(254.,242.,0.));
#14284 = DIRECTION('',(0.,0.,1.));
#14285 = DIRECTION('',(1.,0.,0.));
#14286 = ADVANCED_FACE('',(#14287),#14321,.F.);
#14287 = FACE_BOUND('',#14288,.F.);
#14288 = EDGE_LOOP('',(#14289,#14299,#14307,#14315));
#14289 = ORIENTED_EDGE('',*,*,#14290,.F.);
#14290 = EDGE_CURVE('',#14291,#14293,#14295,.T.);
#14291 = VERTEX_POINT('',#14292);
#14292 = CARTESIAN_POINT('',(0.,0.,0.));
#14293 = VERTEX_POINT('',#14294);
#14294 = CARTESIAN_POINT('',(0.,0.,22.));
#14295 = LINE('',#14296,#14297);
#14296 = CARTESIAN_POINT('',(0.,0.,0.));
#14297 = VECTOR('',#14298,1.);
#14298 = DIRECTION('',(0.,0.,1.));
#14299 = ORIENTED_EDGE('',*,*,#14300,.T.);
#14300 = EDGE_CURVE('',#14291,#14301,#14303,.T.);
#14301 = VERTEX_POINT('',#14302);
#14302 = CARTESIAN_POINT('',(0.,250.,0.));
#14303 = LINE('',#14304,#14305);
#14304 = CARTESIAN_POINT('',(0.,0.,0.));
#14305 = VECTOR('',#14306,1.);
#14306 = DIRECTION('',(0.,1.,0.));
#14307 = ORIENTED_EDGE('',*,*,#14308,.T.);
#14308 = EDGE_CURVE('',#14301,#14309,#14311,.T.);
#14309 = VERTEX_POINT('',#14310);
#14310 = CARTESIAN_POINT('',(0.,250.,22.));
#14311 = LINE('',#14312,#14313);
#14312 = CARTESIAN_POINT('',(0.,250.,0.));
#14313 = VECTOR('',#14314,1.);
#14314 = DIRECTION('',(0.,0.,1.));
#14315 = ORIENTED_EDGE('',*,*,#14316,.F.);
#14316 = EDGE_CURVE('',#14293,#14309,#14317,.T.);
#14317 = LINE('',#14318,#14319);
#14318 = CARTESIAN_POINT('',(0.,0.,22.));
#14319 = VECTOR('',#14320,1.);
#14320 = DIRECTION('',(0.,1.,0.));
#14321 = PLANE('',#14322);
#14322 = AXIS2_PLACEMENT_3D('',#14323,#14324,#14325);
#14323 = CARTESIAN_POINT('',(0.,0.,0.));
#14324 = DIRECTION('',(1.,0.,0.));
#14325 = DIRECTION('',(0.,0.,1.));
#14326 = ADVANCED_FACE('',(#14327),#14352,.F.);
#14327 = FACE_BOUND('',#14328,.F.);
#14328 = EDGE_LOOP('',(#14329,#14337,#14338,#14346));
#14329 = ORIENTED_EDGE('',*,*,#14330,.F.);
#14330 = EDGE_CURVE('',#14291,#14331,#14333,.T.);
#14331 = VERTEX_POINT('',#14332);
#14332 = CARTESIAN_POINT('',(262.,0.,0.));
#14333 = LINE('',#14334,#14335);
#14334 = CARTESIAN_POINT('',(0.,0.,0.));
#14335 = VECTOR('',#14336,1.);
#14336 = DIRECTION('',(1.,0.,0.));
#14337 = ORIENTED_EDGE('',*,*,#14290,.T.);
#14338 = ORIENTED_EDGE('',*,*,#14339,.T.);
#14339 = EDGE_CURVE('',#14293,#14340,#14342,.T.);
#14340 = VERTEX_POINT('',#14341);
#14341 = CARTESIAN_POINT('',(262.,0.,22.));
#14342 = LINE('',#14343,#14344);
#14343 = CARTESIAN_POINT('',(0.,0.,22.));
#14344 = VECTOR('',#14345,1.);
#14345 = DIRECTION('',(1.,0.,0.));
#14346 = ORIENTED_EDGE('',*,*,#14347,.F.);
#14347 = EDGE_CURVE('',#14331,#14340,#14348,.T.);
#14348 = LINE('',#14349,#14350);
#14349 = CARTESIAN_POINT('',(262.,0.,0.));
#14350 = VECTOR('',#14351,1.);
#14351 = DIRECTION('',(0.,0.,1.));
#14352 = PLANE('',#14353);
#14353 = AXIS2_PLACEMENT_3D('',#14354,#14355,#14356);
#14354 = CARTESIAN_POINT('',(0.,0.,0.));
#14355 = DIRECTION('',(0.,1.,0.));
#14356 = DIRECTION('',(0.,0.,1.));
#14357 = ADVANCED_FACE('',(#14358),#14479,.T.);
#14358 = FACE_BOUND('',#14359,.T.);
#14359 = EDGE_LOOP('',(#14360,#14370,#14378,#14386,#14394,#14402,#14410,
    #14418,#14424,#14425,#14433,#14441,#14449,#14457,#14465,#14473));
#14360 = ORIENTED_EDGE('',*,*,#14361,.F.);
#14361 = EDGE_CURVE('',#14362,#14364,#14366,.T.);
#14362 = VERTEX_POINT('',#14363);
#14363 = CARTESIAN_POINT('',(148.,250.,22.));
#14364 = VERTEX_POINT('',#14365);
#14365 = CARTESIAN_POINT('',(148.,250.,3.));
#14366 = LINE('',#14367,#14368);
#14367 = CARTESIAN_POINT('',(148.,250.,1.5));
#14368 = VECTOR('',#14369,1.);
#14369 = DIRECTION('',(0.,0.,-1.));
#14370 = ORIENTED_EDGE('',*,*,#14371,.T.);
#14371 = EDGE_CURVE('',#14362,#14372,#14374,.T.);
#14372 = VERTEX_POINT('',#14373);
#14373 = CARTESIAN_POINT('',(214.5,250.,22.));
#14374 = LINE('',#14375,#14376);
#14375 = CARTESIAN_POINT('',(0.,250.,22.));
#14376 = VECTOR('',#14377,1.);
#14377 = DIRECTION('',(1.,0.,0.));
#14378 = ORIENTED_EDGE('',*,*,#14379,.F.);
#14379 = EDGE_CURVE('',#14380,#14372,#14382,.T.);
#14380 = VERTEX_POINT('',#14381);
#14381 = CARTESIAN_POINT('',(214.5,250.,15.));
#14382 = LINE('',#14383,#14384);
#14383 = CARTESIAN_POINT('',(214.5,250.,12.314019095735));
#14384 = VECTOR('',#14385,1.);
#14385 = DIRECTION('',(0.,0.,1.));
#14386 = ORIENTED_EDGE('',*,*,#14387,.T.);
#14387 = EDGE_CURVE('',#14380,#14388,#14390,.T.);
#14388 = VERTEX_POINT('',#14389);
#14389 = CARTESIAN_POINT('',(233.5,250.,15.));
#14390 = LINE('',#14391,#14392);
#14391 = CARTESIAN_POINT('',(107.25,250.,15.));
#14392 = VECTOR('',#14393,1.);
#14393 = DIRECTION('',(1.,0.,0.));
#14394 = ORIENTED_EDGE('',*,*,#14395,.F.);
#14395 = EDGE_CURVE('',#14396,#14388,#14398,.T.);
#14396 = VERTEX_POINT('',#14397);
#14397 = CARTESIAN_POINT('',(233.5,250.,22.));
#14398 = LINE('',#14399,#14400);
#14399 = CARTESIAN_POINT('',(233.5,250.,12.314019095735));
#14400 = VECTOR('',#14401,1.);
#14401 = DIRECTION('',(0.,0.,-1.));
#14402 = ORIENTED_EDGE('',*,*,#14403,.T.);
#14403 = EDGE_CURVE('',#14396,#14404,#14406,.T.);
#14404 = VERTEX_POINT('',#14405);
#14405 = CARTESIAN_POINT('',(262.,250.,22.));
#14406 = LINE('',#14407,#14408);
#14407 = CARTESIAN_POINT('',(0.,250.,22.));
#14408 = VECTOR('',#14409,1.);
#14409 = DIRECTION('',(1.,0.,0.));
#14410 = ORIENTED_EDGE('',*,*,#14411,.F.);
#14411 = EDGE_CURVE('',#14412,#14404,#14414,.T.);
#14412 = VERTEX_POINT('',#14413);
#14413 = CARTESIAN_POINT('',(262.,250.,0.));
#14414 = LINE('',#14415,#14416);
#14415 = CARTESIAN_POINT('',(262.,250.,0.));
#14416 = VECTOR('',#14417,1.);
#14417 = DIRECTION('',(0.,0.,1.));
#14418 = ORIENTED_EDGE('',*,*,#14419,.F.);
#14419 = EDGE_CURVE('',#14301,#14412,#14420,.T.);
#14420 = LINE('',#14421,#14422);
#14421 = CARTESIAN_POINT('',(0.,250.,0.));
#14422 = VECTOR('',#14423,1.);
#14423 = DIRECTION('',(1.,0.,0.));
#14424 = ORIENTED_EDGE('',*,*,#14308,.T.);
#14425 = ORIENTED_EDGE('',*,*,#14426,.T.);
#14426 = EDGE_CURVE('',#14309,#14427,#14429,.T.);
#14427 = VERTEX_POINT('',#14428);
#14428 = CARTESIAN_POINT('',(28.5,250.,22.));
#14429 = LINE('',#14430,#14431);
#14430 = CARTESIAN_POINT('',(0.,250.,22.));
#14431 = VECTOR('',#14432,1.);
#14432 = DIRECTION('',(1.,0.,0.));
#14433 = ORIENTED_EDGE('',*,*,#14434,.F.);
#14434 = EDGE_CURVE('',#14435,#14427,#14437,.T.);
#14435 = VERTEX_POINT('',#14436);
#14436 = CARTESIAN_POINT('',(28.5,250.,15.));
#14437 = LINE('',#14438,#14439);
#14438 = CARTESIAN_POINT('',(28.5,250.,12.314019095735));
#14439 = VECTOR('',#14440,1.);
#14440 = DIRECTION('',(0.,0.,1.));
#14441 = ORIENTED_EDGE('',*,*,#14442,.T.);
#14442 = EDGE_CURVE('',#14435,#14443,#14445,.T.);
#14443 = VERTEX_POINT('',#14444);
#14444 = CARTESIAN_POINT('',(47.5,250.,15.));
#14445 = LINE('',#14446,#14447);
#14446 = CARTESIAN_POINT('',(14.25,250.,15.));
#14447 = VECTOR('',#14448,1.);
#14448 = DIRECTION('',(1.,0.,0.));
#14449 = ORIENTED_EDGE('',*,*,#14450,.F.);
#14450 = EDGE_CURVE('',#14451,#14443,#14453,.T.);
#14451 = VERTEX_POINT('',#14452);
#14452 = CARTESIAN_POINT('',(47.5,250.,22.));
#14453 = LINE('',#14454,#14455);
#14454 = CARTESIAN_POINT('',(47.5,250.,12.314019095735));
#14455 = VECTOR('',#14456,1.);
#14456 = DIRECTION('',(0.,0.,-1.));
#14457 = ORIENTED_EDGE('',*,*,#14458,.T.);
#14458 = EDGE_CURVE('',#14451,#14459,#14461,.T.);
#14459 = VERTEX_POINT('',#14460);
#14460 = CARTESIAN_POINT('',(114.,250.,22.));
#14461 = LINE('',#14462,#14463);
#14462 = CARTESIAN_POINT('',(0.,250.,22.));
#14463 = VECTOR('',#14464,1.);
#14464 = DIRECTION('',(1.,0.,0.));
#14465 = ORIENTED_EDGE('',*,*,#14466,.T.);
#14466 = EDGE_CURVE('',#14459,#14467,#14469,.T.);
#14467 = VERTEX_POINT('',#14468);
#14468 = CARTESIAN_POINT('',(114.,250.,3.));
#14469 = LINE('',#14470,#14471);
#14470 = CARTESIAN_POINT('',(114.,250.,1.5));
#14471 = VECTOR('',#14472,1.);
#14472 = DIRECTION('',(0.,0.,-1.));
#14473 = ORIENTED_EDGE('',*,*,#14474,.T.);
#14474 = EDGE_CURVE('',#14467,#14364,#14475,.T.);
#14475 = LINE('',#14476,#14477);
#14476 = CARTESIAN_POINT('',(57.,250.,3.));
#14477 = VECTOR('',#14478,1.);
#14478 = DIRECTION('',(1.,0.,0.));
#14479 = PLANE('',#14480);
#14480 = AXIS2_PLACEMENT_3D('',#14481,#14482,#14483);
#14481 = CARTESIAN_POINT('',(0.,250.,0.));
#14482 = DIRECTION('',(0.,1.,0.));
#14483 = DIRECTION('',(0.,0.,1.));
#14484 = ADVANCED_FACE('',(#14485),#14501,.T.);
#14485 = FACE_BOUND('',#14486,.T.);
#14486 = EDGE_LOOP('',(#14487,#14488,#14494,#14495));
#14487 = ORIENTED_EDGE('',*,*,#14347,.F.);
#14488 = ORIENTED_EDGE('',*,*,#14489,.T.);
#14489 = EDGE_CURVE('',#14331,#14412,#14490,.T.);
#14490 = LINE('',#14491,#14492);
#14491 = CARTESIAN_POINT('',(262.,0.,0.));
#14492 = VECTOR('',#14493,1.);
#14493 = DIRECTION('',(0.,1.,0.));
#14494 = ORIENTED_EDGE('',*,*,#14411,.T.);
#14495 = ORIENTED_EDGE('',*,*,#14496,.F.);
#14496 = EDGE_CURVE('',#14340,#14404,#14497,.T.);
#14497 = LINE('',#14498,#14499);
#14498 = CARTESIAN_POINT('',(262.,0.,22.));
#14499 = VECTOR('',#14500,1.);
#14500 = DIRECTION('',(0.,1.,0.));
#14501 = PLANE('',#14502);
#14502 = AXIS2_PLACEMENT_3D('',#14503,#14504,#14505);
#14503 = CARTESIAN_POINT('',(262.,0.,0.));
#14504 = DIRECTION('',(1.,0.,0.));
#14505 = DIRECTION('',(0.,0.,1.));
#14506 = ADVANCED_FACE('',(#14507,#14582),#14593,.T.);
#14507 = FACE_BOUND('',#14508,.T.);
#14508 = EDGE_LOOP('',(#14509,#14519,#14527,#14536,#14545,#14553,#14559,
    #14560,#14568,#14576));
#14509 = ORIENTED_EDGE('',*,*,#14510,.T.);
#14510 = EDGE_CURVE('',#14511,#14513,#14515,.T.);
#14511 = VERTEX_POINT('',#14512);
#14512 = CARTESIAN_POINT('',(28.5,244.,15.));
#14513 = VERTEX_POINT('',#14514);
#14514 = CARTESIAN_POINT('',(28.5,244.,28.5));
#14515 = LINE('',#14516,#14517);
#14516 = CARTESIAN_POINT('',(28.5,244.,15.));
#14517 = VECTOR('',#14518,1.);
#14518 = DIRECTION('',(0.,0.,1.));
#14519 = ORIENTED_EDGE('',*,*,#14520,.T.);
#14520 = EDGE_CURVE('',#14513,#14521,#14523,.T.);
#14521 = VERTEX_POINT('',#14522);
#14522 = CARTESIAN_POINT('',(28.5,248.,28.5));
#14523 = LINE('',#14524,#14525);
#14524 = CARTESIAN_POINT('',(28.5,244.,28.5));
#14525 = VECTOR('',#14526,1.);
#14526 = DIRECTION('',(0.,1.,0.));
#14527 = ORIENTED_EDGE('',*,*,#14528,.F.);
#14528 = EDGE_CURVE('',#14529,#14521,#14531,.T.);
#14529 = VERTEX_POINT('',#14530);
#14530 = CARTESIAN_POINT('',(28.5,255.,35.5));
#14531 = CIRCLE('',#14532,7.);
#14532 = AXIS2_PLACEMENT_3D('',#14533,#14534,#14535);
#14533 = CARTESIAN_POINT('',(28.5,255.,28.5));
#14534 = DIRECTION('',(1.,0.,-0.));
#14535 = DIRECTION('',(0.,0.,1.));
#14536 = ORIENTED_EDGE('',*,*,#14537,.F.);
#14537 = EDGE_CURVE('',#14538,#14529,#14540,.T.);
#14538 = VERTEX_POINT('',#14539);
#14539 = CARTESIAN_POINT('',(28.5,255.,21.5));
#14540 = CIRCLE('',#14541,7.);
#14541 = AXIS2_PLACEMENT_3D('',#14542,#14543,#14544);
#14542 = CARTESIAN_POINT('',(28.5,255.,28.5));
#14543 = DIRECTION('',(1.,0.,-0.));
#14544 = DIRECTION('',(0.,0.,1.));
#14545 = ORIENTED_EDGE('',*,*,#14546,.F.);
#14546 = EDGE_CURVE('',#14547,#14538,#14549,.T.);
#14547 = VERTEX_POINT('',#14548);
#14548 = CARTESIAN_POINT('',(28.5,255.,15.));
#14549 = LINE('',#14550,#14551);
#14550 = CARTESIAN_POINT('',(28.5,255.,15.));
#14551 = VECTOR('',#14552,1.);
#14552 = DIRECTION('',(0.,0.,1.));
#14553 = ORIENTED_EDGE('',*,*,#14554,.F.);
#14554 = EDGE_CURVE('',#14435,#14547,#14555,.T.);
#14555 = LINE('',#14556,#14557);
#14556 = CARTESIAN_POINT('',(28.5,244.,15.));
#14557 = VECTOR('',#14558,1.);
#14558 = DIRECTION('',(0.,1.,0.));
#14559 = ORIENTED_EDGE('',*,*,#14434,.T.);
#14560 = ORIENTED_EDGE('',*,*,#14561,.T.);
#14561 = EDGE_CURVE('',#14427,#14562,#14564,.T.);
#14562 = VERTEX_POINT('',#14563);
#14563 = CARTESIAN_POINT('',(28.5,247.,22.));
#14564 = LINE('',#14565,#14566);
#14565 = CARTESIAN_POINT('',(28.5,125.94879142157,22.));
#14566 = VECTOR('',#14567,1.);
#14567 = DIRECTION('',(0.,-1.,0.));
#14568 = ORIENTED_EDGE('',*,*,#14569,.F.);
#14569 = EDGE_CURVE('',#14570,#14562,#14572,.T.);
#14570 = VERTEX_POINT('',#14571);
#14571 = CARTESIAN_POINT('',(28.5,247.,15.));
#14572 = LINE('',#14573,#14574);
#14573 = CARTESIAN_POINT('',(28.5,247.,13.814019095735));
#14574 = VECTOR('',#14575,1.);
#14575 = DIRECTION('',(0.,0.,1.));
#14576 = ORIENTED_EDGE('',*,*,#14577,.F.);
#14577 = EDGE_CURVE('',#14511,#14570,#14578,.T.);
#14578 = LINE('',#14579,#14580);
#14579 = CARTESIAN_POINT('',(28.5,244.,15.));
#14580 = VECTOR('',#14581,1.);
#14581 = DIRECTION('',(0.,1.,0.));
#14582 = FACE_BOUND('',#14583,.T.);
#14583 = EDGE_LOOP('',(#14584));
#14584 = ORIENTED_EDGE('',*,*,#14585,.T.);
#14585 = EDGE_CURVE('',#14586,#14586,#14588,.T.);
#14586 = VERTEX_POINT('',#14587);
#14587 = CARTESIAN_POINT('',(28.5,255.,30.7));
#14588 = CIRCLE('',#14589,2.2);
#14589 = AXIS2_PLACEMENT_3D('',#14590,#14591,#14592);
#14590 = CARTESIAN_POINT('',(28.5,255.,28.5));
#14591 = DIRECTION('',(1.,0.,-0.));
#14592 = DIRECTION('',(0.,0.,1.));
#14593 = PLANE('',#14594);
#14594 = AXIS2_PLACEMENT_3D('',#14595,#14596,#14597);
#14595 = CARTESIAN_POINT('',(28.5,251.89758284315,24.628038191471));
#14596 = DIRECTION('',(-1.,-0.,-0.));
#14597 = DIRECTION('',(0.,0.,-1.));
#14598 = ADVANCED_FACE('',(#14599),#14656,.F.);
#14599 = FACE_BOUND('',#14600,.F.);
#14600 = EDGE_LOOP('',(#14601,#14611,#14619,#14627,#14635,#14641,#14642,
    #14650));
#14601 = ORIENTED_EDGE('',*,*,#14602,.F.);
#14602 = EDGE_CURVE('',#14603,#14605,#14607,.T.);
#14603 = VERTEX_POINT('',#14604);
#14604 = CARTESIAN_POINT('',(114.,247.,22.));
#14605 = VERTEX_POINT('',#14606);
#14606 = CARTESIAN_POINT('',(47.5,247.,22.));
#14607 = LINE('',#14608,#14609);
#14608 = CARTESIAN_POINT('',(1.5,247.,22.));
#14609 = VECTOR('',#14610,1.);
#14610 = DIRECTION('',(-1.,0.,0.));
#14611 = ORIENTED_EDGE('',*,*,#14612,.T.);
#14612 = EDGE_CURVE('',#14603,#14613,#14615,.T.);
#14613 = VERTEX_POINT('',#14614);
#14614 = CARTESIAN_POINT('',(114.,247.,3.));
#14615 = LINE('',#14616,#14617);
#14616 = CARTESIAN_POINT('',(114.,247.,3.));
#14617 = VECTOR('',#14618,1.);
#14618 = DIRECTION('',(0.,0.,-1.));
#14619 = ORIENTED_EDGE('',*,*,#14620,.F.);
#14620 = EDGE_CURVE('',#14621,#14613,#14623,.T.);
#14621 = VERTEX_POINT('',#14622);
#14622 = CARTESIAN_POINT('',(11.316624790355,247.,3.));
#14623 = LINE('',#14624,#14625);
#14624 = CARTESIAN_POINT('',(3.,247.,3.));
#14625 = VECTOR('',#14626,1.);
#14626 = DIRECTION('',(1.,0.,0.));
#14627 = ORIENTED_EDGE('',*,*,#14628,.T.);
#14628 = EDGE_CURVE('',#14621,#14629,#14631,.T.);
#14629 = VERTEX_POINT('',#14630);
#14630 = CARTESIAN_POINT('',(11.316624790355,247.,22.));
#14631 = LINE('',#14632,#14633);
#14632 = CARTESIAN_POINT('',(11.316624790355,247.,0.));
#14633 = VECTOR('',#14634,1.);
#14634 = DIRECTION('',(0.,0.,1.));
#14635 = ORIENTED_EDGE('',*,*,#14636,.F.);
#14636 = EDGE_CURVE('',#14562,#14629,#14637,.T.);
#14637 = LINE('',#14638,#14639);
#14638 = CARTESIAN_POINT('',(1.5,247.,22.));
#14639 = VECTOR('',#14640,1.);
#14640 = DIRECTION('',(-1.,0.,0.));
#14641 = ORIENTED_EDGE('',*,*,#14569,.F.);
#14642 = ORIENTED_EDGE('',*,*,#14643,.T.);
#14643 = EDGE_CURVE('',#14570,#14644,#14646,.T.);
#14644 = VERTEX_POINT('',#14645);
#14645 = CARTESIAN_POINT('',(47.5,247.,15.));
#14646 = LINE('',#14647,#14648);
#14647 = CARTESIAN_POINT('',(15.75,247.,15.));
#14648 = VECTOR('',#14649,1.);
#14649 = DIRECTION('',(1.,0.,0.));
#14650 = ORIENTED_EDGE('',*,*,#14651,.F.);
#14651 = EDGE_CURVE('',#14605,#14644,#14652,.T.);
#14652 = LINE('',#14653,#14654);
#14653 = CARTESIAN_POINT('',(47.5,247.,13.814019095735));
#14654 = VECTOR('',#14655,1.);
#14655 = DIRECTION('',(0.,0.,-1.));
#14656 = PLANE('',#14657);
#14657 = AXIS2_PLACEMENT_3D('',#14658,#14659,#14660);
#14658 = CARTESIAN_POINT('',(3.,247.,3.));
#14659 = DIRECTION('',(0.,1.,0.));
#14660 = DIRECTION('',(0.,0.,1.));
#14661 = ADVANCED_FACE('',(#14662,#14737),#14748,.T.);
#14662 = FACE_BOUND('',#14663,.T.);
#14663 = EDGE_LOOP('',(#14664,#14674,#14682,#14690,#14698,#14704,#14705,
    #14713,#14721,#14730));
#14664 = ORIENTED_EDGE('',*,*,#14665,.F.);
#14665 = EDGE_CURVE('',#14666,#14668,#14670,.T.);
#14666 = VERTEX_POINT('',#14667);
#14667 = CARTESIAN_POINT('',(233.5,244.,28.5));
#14668 = VERTEX_POINT('',#14669);
#14669 = CARTESIAN_POINT('',(233.5,248.,28.5));
#14670 = LINE('',#14671,#14672);
#14671 = CARTESIAN_POINT('',(233.5,244.,28.5));
#14672 = VECTOR('',#14673,1.);
#14673 = DIRECTION('',(0.,1.,0.));
#14674 = ORIENTED_EDGE('',*,*,#14675,.F.);
#14675 = EDGE_CURVE('',#14676,#14666,#14678,.T.);
#14676 = VERTEX_POINT('',#14677);
#14677 = CARTESIAN_POINT('',(233.5,244.,15.));
#14678 = LINE('',#14679,#14680);
#14679 = CARTESIAN_POINT('',(233.5,244.,15.));
#14680 = VECTOR('',#14681,1.);
#14681 = DIRECTION('',(0.,0.,1.));
#14682 = ORIENTED_EDGE('',*,*,#14683,.T.);
#14683 = EDGE_CURVE('',#14676,#14684,#14686,.T.);
#14684 = VERTEX_POINT('',#14685);
#14685 = CARTESIAN_POINT('',(233.5,247.,15.));
#14686 = LINE('',#14687,#14688);
#14687 = CARTESIAN_POINT('',(233.5,244.,15.));
#14688 = VECTOR('',#14689,1.);
#14689 = DIRECTION('',(0.,1.,0.));
#14690 = ORIENTED_EDGE('',*,*,#14691,.F.);
#14691 = EDGE_CURVE('',#14692,#14684,#14694,.T.);
#14692 = VERTEX_POINT('',#14693);
#14693 = CARTESIAN_POINT('',(233.5,247.,22.));
#14694 = LINE('',#14695,#14696);
#14695 = CARTESIAN_POINT('',(233.5,247.,13.814019095735));
#14696 = VECTOR('',#14697,1.);
#14697 = DIRECTION('',(0.,0.,-1.));
#14698 = ORIENTED_EDGE('',*,*,#14699,.T.);
#14699 = EDGE_CURVE('',#14692,#14396,#14700,.T.);
#14700 = LINE('',#14701,#14702);
#14701 = CARTESIAN_POINT('',(233.5,125.94879142157,22.));
#14702 = VECTOR('',#14703,1.);
#14703 = DIRECTION('',(0.,1.,0.));
#14704 = ORIENTED_EDGE('',*,*,#14395,.T.);
#14705 = ORIENTED_EDGE('',*,*,#14706,.T.);
#14706 = EDGE_CURVE('',#14388,#14707,#14709,.T.);
#14707 = VERTEX_POINT('',#14708);
#14708 = CARTESIAN_POINT('',(233.5,255.,15.));
#14709 = LINE('',#14710,#14711);
#14710 = CARTESIAN_POINT('',(233.5,244.,15.));
#14711 = VECTOR('',#14712,1.);
#14712 = DIRECTION('',(0.,1.,0.));
#14713 = ORIENTED_EDGE('',*,*,#14714,.T.);
#14714 = EDGE_CURVE('',#14707,#14715,#14717,.T.);
#14715 = VERTEX_POINT('',#14716);
#14716 = CARTESIAN_POINT('',(233.5,255.,21.5));
#14717 = LINE('',#14718,#14719);
#14718 = CARTESIAN_POINT('',(233.5,255.,15.));
#14719 = VECTOR('',#14720,1.);
#14720 = DIRECTION('',(0.,0.,1.));
#14721 = ORIENTED_EDGE('',*,*,#14722,.T.);
#14722 = EDGE_CURVE('',#14715,#14723,#14725,.T.);
#14723 = VERTEX_POINT('',#14724);
#14724 = CARTESIAN_POINT('',(233.5,255.,35.5));
#14725 = CIRCLE('',#14726,7.);
#14726 = AXIS2_PLACEMENT_3D('',#14727,#14728,#14729);
#14727 = CARTESIAN_POINT('',(233.5,255.,28.5));
#14728 = DIRECTION('',(1.,0.,-0.));
#14729 = DIRECTION('',(0.,0.,1.));
#14730 = ORIENTED_EDGE('',*,*,#14731,.T.);
#14731 = EDGE_CURVE('',#14723,#14668,#14732,.T.);
#14732 = CIRCLE('',#14733,7.);
#14733 = AXIS2_PLACEMENT_3D('',#14734,#14735,#14736);
#14734 = CARTESIAN_POINT('',(233.5,255.,28.5));
#14735 = DIRECTION('',(1.,0.,-0.));
#14736 = DIRECTION('',(0.,0.,1.));
#14737 = FACE_BOUND('',#14738,.T.);
#14738 = EDGE_LOOP('',(#14739));
#14739 = ORIENTED_EDGE('',*,*,#14740,.F.);
#14740 = EDGE_CURVE('',#14741,#14741,#14743,.T.);
#14741 = VERTEX_POINT('',#14742);
#14742 = CARTESIAN_POINT('',(233.5,255.,30.7));
#14743 = CIRCLE('',#14744,2.2);
#14744 = AXIS2_PLACEMENT_3D('',#14745,#14746,#14747);
#14745 = CARTESIAN_POINT('',(233.5,255.,28.5));
#14746 = DIRECTION('',(1.,0.,-0.));
#14747 = DIRECTION('',(0.,0.,1.));
#14748 = PLANE('',#14749);
#14749 = AXIS2_PLACEMENT_3D('',#14750,#14751,#14752);
#14750 = CARTESIAN_POINT('',(233.5,251.89758284315,24.628038191471));
#14751 = DIRECTION('',(1.,0.,0.));
#14752 = DIRECTION('',(0.,0.,1.));
#14753 = ADVANCED_FACE('',(#14754),#14802,.F.);
#14754 = FACE_BOUND('',#14755,.F.);
#14755 = EDGE_LOOP('',(#14756,#14757,#14765,#14773,#14781,#14789,#14795,
    #14796));
#14756 = ORIENTED_EDGE('',*,*,#14267,.F.);
#14757 = ORIENTED_EDGE('',*,*,#14758,.F.);
#14758 = EDGE_CURVE('',#14759,#14268,#14761,.T.);
#14759 = VERTEX_POINT('',#14760);
#14760 = CARTESIAN_POINT('',(148.,247.,3.));
#14761 = LINE('',#14762,#14763);
#14762 = CARTESIAN_POINT('',(3.,247.,3.));
#14763 = VECTOR('',#14764,1.);
#14764 = DIRECTION('',(1.,0.,0.));
#14765 = ORIENTED_EDGE('',*,*,#14766,.F.);
#14766 = EDGE_CURVE('',#14767,#14759,#14769,.T.);
#14767 = VERTEX_POINT('',#14768);
#14768 = CARTESIAN_POINT('',(148.,247.,22.));
#14769 = LINE('',#14770,#14771);
#14770 = CARTESIAN_POINT('',(148.,247.,3.));
#14771 = VECTOR('',#14772,1.);
#14772 = DIRECTION('',(0.,0.,-1.));
#14773 = ORIENTED_EDGE('',*,*,#14774,.F.);
#14774 = EDGE_CURVE('',#14775,#14767,#14777,.T.);
#14775 = VERTEX_POINT('',#14776);
#14776 = CARTESIAN_POINT('',(214.5,247.,22.));
#14777 = LINE('',#14778,#14779);
#14778 = CARTESIAN_POINT('',(1.5,247.,22.));
#14779 = VECTOR('',#14780,1.);
#14780 = DIRECTION('',(-1.,0.,0.));
#14781 = ORIENTED_EDGE('',*,*,#14782,.F.);
#14782 = EDGE_CURVE('',#14783,#14775,#14785,.T.);
#14783 = VERTEX_POINT('',#14784);
#14784 = CARTESIAN_POINT('',(214.5,247.,15.));
#14785 = LINE('',#14786,#14787);
#14786 = CARTESIAN_POINT('',(214.5,247.,13.814019095735));
#14787 = VECTOR('',#14788,1.);
#14788 = DIRECTION('',(0.,0.,1.));
#14789 = ORIENTED_EDGE('',*,*,#14790,.T.);
#14790 = EDGE_CURVE('',#14783,#14684,#14791,.T.);
#14791 = LINE('',#14792,#14793);
#14792 = CARTESIAN_POINT('',(108.75,247.,15.));
#14793 = VECTOR('',#14794,1.);
#14794 = DIRECTION('',(1.,0.,0.));
#14795 = ORIENTED_EDGE('',*,*,#14691,.F.);
#14796 = ORIENTED_EDGE('',*,*,#14797,.F.);
#14797 = EDGE_CURVE('',#14259,#14692,#14798,.T.);
#14798 = LINE('',#14799,#14800);
#14799 = CARTESIAN_POINT('',(1.5,247.,22.));
#14800 = VECTOR('',#14801,1.);
#14801 = DIRECTION('',(-1.,0.,0.));
#14802 = PLANE('',#14803);
#14803 = AXIS2_PLACEMENT_3D('',#14804,#14805,#14806);
#14804 = CARTESIAN_POINT('',(3.,247.,3.));
#14805 = DIRECTION('',(0.,1.,0.));
#14806 = DIRECTION('',(0.,0.,1.));
#14807 = ADVANCED_FACE('',(#14808),#14824,.F.);
#14808 = FACE_BOUND('',#14809,.F.);
#14809 = EDGE_LOOP('',(#14810,#14811,#14817,#14818));
#14810 = ORIENTED_EDGE('',*,*,#14766,.T.);
#14811 = ORIENTED_EDGE('',*,*,#14812,.T.);
#14812 = EDGE_CURVE('',#14759,#14364,#14813,.T.);
#14813 = LINE('',#14814,#14815);
#14814 = CARTESIAN_POINT('',(148.,246.,3.));
#14815 = VECTOR('',#14816,1.);
#14816 = DIRECTION('',(0.,1.,0.));
#14817 = ORIENTED_EDGE('',*,*,#14361,.F.);
#14818 = ORIENTED_EDGE('',*,*,#14819,.F.);
#14819 = EDGE_CURVE('',#14767,#14362,#14820,.T.);
#14820 = LINE('',#14821,#14822);
#14821 = CARTESIAN_POINT('',(148.,123.,22.));
#14822 = VECTOR('',#14823,1.);
#14823 = DIRECTION('',(0.,1.,0.));
#14824 = PLANE('',#14825);
#14825 = AXIS2_PLACEMENT_3D('',#14826,#14827,#14828);
#14826 = CARTESIAN_POINT('',(148.,246.,3.));
#14827 = DIRECTION('',(1.,0.,0.));
#14828 = DIRECTION('',(0.,0.,1.));
#14829 = ADVANCED_FACE('',(#14830),#14846,.T.);
#14830 = FACE_BOUND('',#14831,.T.);
#14831 = EDGE_LOOP('',(#14832,#14833,#14839,#14840));
#14832 = ORIENTED_EDGE('',*,*,#14612,.T.);
#14833 = ORIENTED_EDGE('',*,*,#14834,.T.);
#14834 = EDGE_CURVE('',#14613,#14467,#14835,.T.);
#14835 = LINE('',#14836,#14837);
#14836 = CARTESIAN_POINT('',(114.,246.,3.));
#14837 = VECTOR('',#14838,1.);
#14838 = DIRECTION('',(0.,1.,0.));
#14839 = ORIENTED_EDGE('',*,*,#14466,.F.);
#14840 = ORIENTED_EDGE('',*,*,#14841,.F.);
#14841 = EDGE_CURVE('',#14603,#14459,#14842,.T.);
#14842 = LINE('',#14843,#14844);
#14843 = CARTESIAN_POINT('',(114.,123.,22.));
#14844 = VECTOR('',#14845,1.);
#14845 = DIRECTION('',(0.,1.,0.));
#14846 = PLANE('',#14847);
#14847 = AXIS2_PLACEMENT_3D('',#14848,#14849,#14850);
#14848 = CARTESIAN_POINT('',(114.,246.,3.));
#14849 = DIRECTION('',(1.,0.,0.));
#14850 = DIRECTION('',(0.,0.,1.));
#14851 = ADVANCED_FACE('',(#14852),#14863,.T.);
#14852 = FACE_BOUND('',#14853,.T.);
#14853 = EDGE_LOOP('',(#14854,#14855,#14861,#14862));
#14854 = ORIENTED_EDGE('',*,*,#14458,.F.);
#14855 = ORIENTED_EDGE('',*,*,#14856,.F.);
#14856 = EDGE_CURVE('',#14605,#14451,#14857,.T.);
#14857 = LINE('',#14858,#14859);
#14858 = CARTESIAN_POINT('',(47.5,125.94879142157,22.));
#14859 = VECTOR('',#14860,1.);
#14860 = DIRECTION('',(0.,1.,0.));
#14861 = ORIENTED_EDGE('',*,*,#14602,.F.);
#14862 = ORIENTED_EDGE('',*,*,#14841,.T.);
#14863 = PLANE('',#14864);
#14864 = AXIS2_PLACEMENT_3D('',#14865,#14866,#14867);
#14865 = CARTESIAN_POINT('',(0.,0.,22.));
#14866 = DIRECTION('',(0.,0.,1.));
#14867 = DIRECTION('',(1.,0.,0.));
#14868 = ADVANCED_FACE('',(#14869,#14930),#14941,.T.);
#14869 = FACE_BOUND('',#14870,.T.);
#14870 = EDGE_LOOP('',(#14871,#14881,#14889,#14895,#14896,#14897,#14898,
    #14906,#14914,#14923));
#14871 = ORIENTED_EDGE('',*,*,#14872,.F.);
#14872 = EDGE_CURVE('',#14873,#14875,#14877,.T.);
#14873 = VERTEX_POINT('',#14874);
#14874 = CARTESIAN_POINT('',(47.5,244.,28.5));
#14875 = VERTEX_POINT('',#14876);
#14876 = CARTESIAN_POINT('',(47.5,248.,28.5));
#14877 = LINE('',#14878,#14879);
#14878 = CARTESIAN_POINT('',(47.5,244.,28.5));
#14879 = VECTOR('',#14880,1.);
#14880 = DIRECTION('',(0.,1.,0.));
#14881 = ORIENTED_EDGE('',*,*,#14882,.F.);
#14882 = EDGE_CURVE('',#14883,#14873,#14885,.T.);
#14883 = VERTEX_POINT('',#14884);
#14884 = CARTESIAN_POINT('',(47.5,244.,15.));
#14885 = LINE('',#14886,#14887);
#14886 = CARTESIAN_POINT('',(47.5,244.,15.));
#14887 = VECTOR('',#14888,1.);
#14888 = DIRECTION('',(0.,0.,1.));
#14889 = ORIENTED_EDGE('',*,*,#14890,.T.);
#14890 = EDGE_CURVE('',#14883,#14644,#14891,.T.);
#14891 = LINE('',#14892,#14893);
#14892 = CARTESIAN_POINT('',(47.5,244.,15.));
#14893 = VECTOR('',#14894,1.);
#14894 = DIRECTION('',(0.,1.,0.));
#14895 = ORIENTED_EDGE('',*,*,#14651,.F.);
#14896 = ORIENTED_EDGE('',*,*,#14856,.T.);
#14897 = ORIENTED_EDGE('',*,*,#14450,.T.);
#14898 = ORIENTED_EDGE('',*,*,#14899,.T.);
#14899 = EDGE_CURVE('',#14443,#14900,#14902,.T.);
#14900 = VERTEX_POINT('',#14901);
#14901 = CARTESIAN_POINT('',(47.5,255.,15.));
#14902 = LINE('',#14903,#14904);
#14903 = CARTESIAN_POINT('',(47.5,244.,15.));
#14904 = VECTOR('',#14905,1.);
#14905 = DIRECTION('',(0.,1.,0.));
#14906 = ORIENTED_EDGE('',*,*,#14907,.T.);
#14907 = EDGE_CURVE('',#14900,#14908,#14910,.T.);
#14908 = VERTEX_POINT('',#14909);
#14909 = CARTESIAN_POINT('',(47.5,255.,21.5));
#14910 = LINE('',#14911,#14912);
#14911 = CARTESIAN_POINT('',(47.5,255.,15.));
#14912 = VECTOR('',#14913,1.);
#14913 = DIRECTION('',(0.,0.,1.));
#14914 = ORIENTED_EDGE('',*,*,#14915,.T.);
#14915 = EDGE_CURVE('',#14908,#14916,#14918,.T.);
#14916 = VERTEX_POINT('',#14917);
#14917 = CARTESIAN_POINT('',(47.5,255.,35.5));
#14918 = CIRCLE('',#14919,7.);
#14919 = AXIS2_PLACEMENT_3D('',#14920,#14921,#14922);
#14920 = CARTESIAN_POINT('',(47.5,255.,28.5));
#14921 = DIRECTION('',(1.,0.,-0.));
#14922 = DIRECTION('',(0.,0.,1.));
#14923 = ORIENTED_EDGE('',*,*,#14924,.T.);
#14924 = EDGE_CURVE('',#14916,#14875,#14925,.T.);
#14925 = CIRCLE('',#14926,7.);
#14926 = AXIS2_PLACEMENT_3D('',#14927,#14928,#14929);
#14927 = CARTESIAN_POINT('',(47.5,255.,28.5));
#14928 = DIRECTION('',(1.,0.,-0.));
#14929 = DIRECTION('',(0.,0.,1.));
#14930 = FACE_BOUND('',#14931,.T.);
#14931 = EDGE_LOOP('',(#14932));
#14932 = ORIENTED_EDGE('',*,*,#14933,.F.);
#14933 = EDGE_CURVE('',#14934,#14934,#14936,.T.);
#14934 = VERTEX_POINT('',#14935);
#14935 = CARTESIAN_POINT('',(47.5,255.,30.7));
#14936 = CIRCLE('',#14937,2.2);
#14937 = AXIS2_PLACEMENT_3D('',#14938,#14939,#14940);
#14938 = CARTESIAN_POINT('',(47.5,255.,28.5));
#14939 = DIRECTION('',(1.,0.,-0.));
#14940 = DIRECTION('',(0.,0.,1.));
#14941 = PLANE('',#14942);
#14942 = AXIS2_PLACEMENT_3D('',#14943,#14944,#14945);
#14943 = CARTESIAN_POINT('',(47.5,251.89758284315,24.628038191471));
#14944 = DIRECTION('',(1.,0.,0.));
#14945 = DIRECTION('',(0.,0.,1.));
#14946 = ADVANCED_FACE('',(#14947),#14958,.F.);
#14947 = FACE_BOUND('',#14948,.F.);
#14948 = EDGE_LOOP('',(#14949,#14950,#14951,#14952));
#14949 = ORIENTED_EDGE('',*,*,#14554,.F.);
#14950 = ORIENTED_EDGE('',*,*,#14442,.T.);
#14951 = ORIENTED_EDGE('',*,*,#14899,.T.);
#14952 = ORIENTED_EDGE('',*,*,#14953,.F.);
#14953 = EDGE_CURVE('',#14547,#14900,#14954,.T.);
#14954 = LINE('',#14955,#14956);
#14955 = CARTESIAN_POINT('',(28.5,255.,15.));
#14956 = VECTOR('',#14957,1.);
#14957 = DIRECTION('',(1.,0.,0.));
#14958 = PLANE('',#14959);
#14959 = AXIS2_PLACEMENT_3D('',#14960,#14961,#14962);
#14960 = CARTESIAN_POINT('',(28.5,244.,15.));
#14961 = DIRECTION('',(0.,0.,1.));
#14962 = DIRECTION('',(1.,0.,0.));
#14963 = ADVANCED_FACE('',(#14964),#14982,.F.);
#14964 = FACE_BOUND('',#14965,.F.);
#14965 = EDGE_LOOP('',(#14966,#14974,#14975,#14976));
#14966 = ORIENTED_EDGE('',*,*,#14967,.F.);
#14967 = EDGE_CURVE('',#14380,#14968,#14970,.T.);
#14968 = VERTEX_POINT('',#14969);
#14969 = CARTESIAN_POINT('',(214.5,255.,15.));
#14970 = LINE('',#14971,#14972);
#14971 = CARTESIAN_POINT('',(214.5,244.,15.));
#14972 = VECTOR('',#14973,1.);
#14973 = DIRECTION('',(0.,1.,0.));
#14974 = ORIENTED_EDGE('',*,*,#14387,.T.);
#14975 = ORIENTED_EDGE('',*,*,#14706,.T.);
#14976 = ORIENTED_EDGE('',*,*,#14977,.F.);
#14977 = EDGE_CURVE('',#14968,#14707,#14978,.T.);
#14978 = LINE('',#14979,#14980);
#14979 = CARTESIAN_POINT('',(214.5,255.,15.));
#14980 = VECTOR('',#14981,1.);
#14981 = DIRECTION('',(1.,0.,0.));
#14982 = PLANE('',#14983);
#14983 = AXIS2_PLACEMENT_3D('',#14984,#14985,#14986);
#14984 = CARTESIAN_POINT('',(214.5,244.,15.));
#14985 = DIRECTION('',(0.,0.,1.));
#14986 = DIRECTION('',(1.,0.,0.));
#14987 = ADVANCED_FACE('',(#14988,#15047),#15058,.T.);
#14988 = FACE_BOUND('',#14989,.T.);
#14989 = EDGE_LOOP('',(#14990,#15000,#15008,#15017,#15026,#15032,#15033,
    #15034,#15040,#15041));
#14990 = ORIENTED_EDGE('',*,*,#14991,.T.);
#14991 = EDGE_CURVE('',#14992,#14994,#14996,.T.);
#14992 = VERTEX_POINT('',#14993);
#14993 = CARTESIAN_POINT('',(214.5,244.,15.));
#14994 = VERTEX_POINT('',#14995);
#14995 = CARTESIAN_POINT('',(214.5,244.,28.5));
#14996 = LINE('',#14997,#14998);
#14997 = CARTESIAN_POINT('',(214.5,244.,15.));
#14998 = VECTOR('',#14999,1.);
#14999 = DIRECTION('',(0.,0.,1.));
#15000 = ORIENTED_EDGE('',*,*,#15001,.T.);
#15001 = EDGE_CURVE('',#14994,#15002,#15004,.T.);
#15002 = VERTEX_POINT('',#15003);
#15003 = CARTESIAN_POINT('',(214.5,248.,28.5));
#15004 = LINE('',#15005,#15006);
#15005 = CARTESIAN_POINT('',(214.5,244.,28.5));
#15006 = VECTOR('',#15007,1.);
#15007 = DIRECTION('',(0.,1.,0.));
#15008 = ORIENTED_EDGE('',*,*,#15009,.F.);
#15009 = EDGE_CURVE('',#15010,#15002,#15012,.T.);
#15010 = VERTEX_POINT('',#15011);
#15011 = CARTESIAN_POINT('',(214.5,255.,35.5));
#15012 = CIRCLE('',#15013,7.);
#15013 = AXIS2_PLACEMENT_3D('',#15014,#15015,#15016);
#15014 = CARTESIAN_POINT('',(214.5,255.,28.5));
#15015 = DIRECTION('',(1.,0.,-0.));
#15016 = DIRECTION('',(0.,0.,1.));
#15017 = ORIENTED_EDGE('',*,*,#15018,.F.);
#15018 = EDGE_CURVE('',#15019,#15010,#15021,.T.);
#15019 = VERTEX_POINT('',#15020);
#15020 = CARTESIAN_POINT('',(214.5,255.,21.5));
#15021 = CIRCLE('',#15022,7.);
#15022 = AXIS2_PLACEMENT_3D('',#15023,#15024,#15025);
#15023 = CARTESIAN_POINT('',(214.5,255.,28.5));
#15024 = DIRECTION('',(1.,0.,-0.));
#15025 = DIRECTION('',(0.,0.,1.));
#15026 = ORIENTED_EDGE('',*,*,#15027,.F.);
#15027 = EDGE_CURVE('',#14968,#15019,#15028,.T.);
#15028 = LINE('',#15029,#15030);
#15029 = CARTESIAN_POINT('',(214.5,255.,15.));
#15030 = VECTOR('',#15031,1.);
#15031 = DIRECTION('',(0.,0.,1.));
#15032 = ORIENTED_EDGE('',*,*,#14967,.F.);
#15033 = ORIENTED_EDGE('',*,*,#14379,.T.);
#15034 = ORIENTED_EDGE('',*,*,#15035,.T.);
#15035 = EDGE_CURVE('',#14372,#14775,#15036,.T.);
#15036 = LINE('',#15037,#15038);
#15037 = CARTESIAN_POINT('',(214.5,125.94879142157,22.));
#15038 = VECTOR('',#15039,1.);
#15039 = DIRECTION('',(0.,-1.,0.));
#15040 = ORIENTED_EDGE('',*,*,#14782,.F.);
#15041 = ORIENTED_EDGE('',*,*,#15042,.F.);
#15042 = EDGE_CURVE('',#14992,#14783,#15043,.T.);
#15043 = LINE('',#15044,#15045);
#15044 = CARTESIAN_POINT('',(214.5,244.,15.));
#15045 = VECTOR('',#15046,1.);
#15046 = DIRECTION('',(0.,1.,0.));
#15047 = FACE_BOUND('',#15048,.T.);
#15048 = EDGE_LOOP('',(#15049));
#15049 = ORIENTED_EDGE('',*,*,#15050,.T.);
#15050 = EDGE_CURVE('',#15051,#15051,#15053,.T.);
#15051 = VERTEX_POINT('',#15052);
#15052 = CARTESIAN_POINT('',(214.5,255.,30.7));
#15053 = CIRCLE('',#15054,2.2);
#15054 = AXIS2_PLACEMENT_3D('',#15055,#15056,#15057);
#15055 = CARTESIAN_POINT('',(214.5,255.,28.5));
#15056 = DIRECTION('',(1.,0.,-0.));
#15057 = DIRECTION('',(0.,0.,1.));
#15058 = PLANE('',#15059);
#15059 = AXIS2_PLACEMENT_3D('',#15060,#15061,#15062);
#15060 = CARTESIAN_POINT('',(214.5,251.89758284315,24.628038191471));
#15061 = DIRECTION('',(-1.,-0.,-0.));
#15062 = DIRECTION('',(0.,0.,-1.));
#15063 = ADVANCED_FACE('',(#15064),#15070,.T.);
#15064 = FACE_BOUND('',#15065,.T.);
#15065 = EDGE_LOOP('',(#15066,#15067,#15068,#15069));
#15066 = ORIENTED_EDGE('',*,*,#15035,.F.);
#15067 = ORIENTED_EDGE('',*,*,#14371,.F.);
#15068 = ORIENTED_EDGE('',*,*,#14819,.F.);
#15069 = ORIENTED_EDGE('',*,*,#14774,.F.);
#15070 = PLANE('',#15071);
#15071 = AXIS2_PLACEMENT_3D('',#15072,#15073,#15074);
#15072 = CARTESIAN_POINT('',(0.,0.,22.));
#15073 = DIRECTION('',(0.,0.,1.));
#15074 = DIRECTION('',(1.,0.,0.));
#15075 = ADVANCED_FACE('',(#15076),#15092,.F.);
#15076 = FACE_BOUND('',#15077,.F.);
#15077 = EDGE_LOOP('',(#15078,#15084,#15085,#15091));
#15078 = ORIENTED_EDGE('',*,*,#15079,.F.);
#15079 = EDGE_CURVE('',#14511,#14883,#15080,.T.);
#15080 = LINE('',#15081,#15082);
#15081 = CARTESIAN_POINT('',(28.5,244.,15.));
#15082 = VECTOR('',#15083,1.);
#15083 = DIRECTION('',(1.,0.,0.));
#15084 = ORIENTED_EDGE('',*,*,#14510,.T.);
#15085 = ORIENTED_EDGE('',*,*,#15086,.T.);
#15086 = EDGE_CURVE('',#14513,#14873,#15087,.T.);
#15087 = LINE('',#15088,#15089);
#15088 = CARTESIAN_POINT('',(28.5,244.,28.5));
#15089 = VECTOR('',#15090,1.);
#15090 = DIRECTION('',(1.,0.,0.));
#15091 = ORIENTED_EDGE('',*,*,#14882,.F.);
#15092 = PLANE('',#15093);
#15093 = AXIS2_PLACEMENT_3D('',#15094,#15095,#15096);
#15094 = CARTESIAN_POINT('',(28.5,244.,15.));
#15095 = DIRECTION('',(0.,1.,0.));
#15096 = DIRECTION('',(0.,0.,1.));
#15097 = ADVANCED_FACE('',(#15098),#15104,.F.);
#15098 = FACE_BOUND('',#15099,.F.);
#15099 = EDGE_LOOP('',(#15100,#15101,#15102,#15103));
#15100 = ORIENTED_EDGE('',*,*,#14577,.F.);
#15101 = ORIENTED_EDGE('',*,*,#15079,.T.);
#15102 = ORIENTED_EDGE('',*,*,#14890,.T.);
#15103 = ORIENTED_EDGE('',*,*,#14643,.F.);
#15104 = PLANE('',#15105);
#15105 = AXIS2_PLACEMENT_3D('',#15106,#15107,#15108);
#15106 = CARTESIAN_POINT('',(28.5,244.,15.));
#15107 = DIRECTION('',(0.,0.,1.));
#15108 = DIRECTION('',(1.,0.,0.));
#15109 = ADVANCED_FACE('',(#15110),#15121,.T.);
#15110 = FACE_BOUND('',#15111,.T.);
#15111 = EDGE_LOOP('',(#15112,#15113,#15114,#15115));
#15112 = ORIENTED_EDGE('',*,*,#14907,.F.);
#15113 = ORIENTED_EDGE('',*,*,#14953,.F.);
#15114 = ORIENTED_EDGE('',*,*,#14546,.T.);
#15115 = ORIENTED_EDGE('',*,*,#15116,.T.);
#15116 = EDGE_CURVE('',#14538,#14908,#15117,.T.);
#15117 = LINE('',#15118,#15119);
#15118 = CARTESIAN_POINT('',(28.5,255.,21.5));
#15119 = VECTOR('',#15120,1.);
#15120 = DIRECTION('',(1.,0.,0.));
#15121 = PLANE('',#15122);
#15122 = AXIS2_PLACEMENT_3D('',#15123,#15124,#15125);
#15123 = CARTESIAN_POINT('',(28.5,255.,15.));
#15124 = DIRECTION('',(0.,1.,0.));
#15125 = DIRECTION('',(0.,0.,1.));
#15126 = ADVANCED_FACE('',(#15127,#15140),#15176,.T.);
#15127 = FACE_BOUND('',#15128,.T.);
#15128 = EDGE_LOOP('',(#15129,#15130,#15131,#15132,#15138,#15139));
#15129 = ORIENTED_EDGE('',*,*,#15116,.F.);
#15130 = ORIENTED_EDGE('',*,*,#14537,.T.);
#15131 = ORIENTED_EDGE('',*,*,#14528,.T.);
#15132 = ORIENTED_EDGE('',*,*,#15133,.T.);
#15133 = EDGE_CURVE('',#14521,#14875,#15134,.T.);
#15134 = LINE('',#15135,#15136);
#15135 = CARTESIAN_POINT('',(28.5,248.,28.5));
#15136 = VECTOR('',#15137,1.);
#15137 = DIRECTION('',(1.,0.,0.));
#15138 = ORIENTED_EDGE('',*,*,#14924,.F.);
#15139 = ORIENTED_EDGE('',*,*,#14915,.F.);
#15140 = FACE_BOUND('',#15141,.T.);
#15141 = EDGE_LOOP('',(#15142,#15153,#15161,#15170));
#15142 = ORIENTED_EDGE('',*,*,#15143,.F.);
#15143 = EDGE_CURVE('',#15144,#15146,#15148,.T.);
#15144 = VERTEX_POINT('',#15145);
#15145 = CARTESIAN_POINT('',(33.,261.96165326757,27.768300757126));
#15146 = VERTEX_POINT('',#15147);
#15147 = CARTESIAN_POINT('',(33.,262.,28.5));
#15148 = CIRCLE('',#15149,7.);
#15149 = AXIS2_PLACEMENT_3D('',#15150,#15151,#15152);
#15150 = CARTESIAN_POINT('',(33.,255.,28.5));
#15151 = DIRECTION('',(1.,0.,-0.));
#15152 = DIRECTION('',(0.,0.,1.));
#15153 = ORIENTED_EDGE('',*,*,#15154,.T.);
#15154 = EDGE_CURVE('',#15144,#15155,#15157,.T.);
#15155 = VERTEX_POINT('',#15156);
#15156 = CARTESIAN_POINT('',(43.,261.96165326757,27.768300757126));
#15157 = LINE('',#15158,#15159);
#15158 = CARTESIAN_POINT('',(28.5,261.96165326757,27.768300757126));
#15159 = VECTOR('',#15160,1.);
#15160 = DIRECTION('',(1.,0.,0.));
#15161 = ORIENTED_EDGE('',*,*,#15162,.T.);
#15162 = EDGE_CURVE('',#15155,#15163,#15165,.T.);
#15163 = VERTEX_POINT('',#15164);
#15164 = CARTESIAN_POINT('',(43.,262.,28.5));
#15165 = CIRCLE('',#15166,7.);
#15166 = AXIS2_PLACEMENT_3D('',#15167,#15168,#15169);
#15167 = CARTESIAN_POINT('',(43.,255.,28.5));
#15168 = DIRECTION('',(1.,0.,-0.));
#15169 = DIRECTION('',(0.,0.,1.));
#15170 = ORIENTED_EDGE('',*,*,#15171,.F.);
#15171 = EDGE_CURVE('',#15146,#15163,#15172,.T.);
#15172 = LINE('',#15173,#15174);
#15173 = CARTESIAN_POINT('',(28.5,262.,28.5));
#15174 = VECTOR('',#15175,1.);
#15175 = DIRECTION('',(1.,0.,0.));
#15176 = CYLINDRICAL_SURFACE('',#15177,7.);
#15177 = AXIS2_PLACEMENT_3D('',#15178,#15179,#15180);
#15178 = CARTESIAN_POINT('',(28.5,255.,28.5));
#15179 = DIRECTION('',(1.,0.,0.));
#15180 = DIRECTION('',(0.,0.,1.));
#15181 = ADVANCED_FACE('',(#15182),#15188,.T.);
#15182 = FACE_BOUND('',#15183,.T.);
#15183 = EDGE_LOOP('',(#15184,#15185,#15186,#15187));
#15184 = ORIENTED_EDGE('',*,*,#14520,.F.);
#15185 = ORIENTED_EDGE('',*,*,#15086,.T.);
#15186 = ORIENTED_EDGE('',*,*,#14872,.T.);
#15187 = ORIENTED_EDGE('',*,*,#15133,.F.);
#15188 = PLANE('',#15189);
#15189 = AXIS2_PLACEMENT_3D('',#15190,#15191,#15192);
#15190 = CARTESIAN_POINT('',(28.5,244.,28.5));
#15191 = DIRECTION('',(0.,0.,1.));
#15192 = DIRECTION('',(1.,0.,0.));
#15193 = ADVANCED_FACE('',(#15194),#15205,.F.);
#15194 = FACE_BOUND('',#15195,.F.);
#15195 = EDGE_LOOP('',(#15196,#15197,#15203,#15204));
#15196 = ORIENTED_EDGE('',*,*,#14933,.F.);
#15197 = ORIENTED_EDGE('',*,*,#15198,.F.);
#15198 = EDGE_CURVE('',#14586,#14934,#15199,.T.);
#15199 = LINE('',#15200,#15201);
#15200 = CARTESIAN_POINT('',(27.5,255.,30.7));
#15201 = VECTOR('',#15202,1.);
#15202 = DIRECTION('',(1.,0.,0.));
#15203 = ORIENTED_EDGE('',*,*,#14585,.T.);
#15204 = ORIENTED_EDGE('',*,*,#15198,.T.);
#15205 = CYLINDRICAL_SURFACE('',#15206,2.2);
#15206 = AXIS2_PLACEMENT_3D('',#15207,#15208,#15209);
#15207 = CARTESIAN_POINT('',(27.5,255.,28.5));
#15208 = DIRECTION('',(1.,0.,0.));
#15209 = DIRECTION('',(0.,0.,1.));
#15210 = ADVANCED_FACE('',(#15211),#15222,.F.);
#15211 = FACE_BOUND('',#15212,.F.);
#15212 = EDGE_LOOP('',(#15213,#15214,#15220,#15221));
#15213 = ORIENTED_EDGE('',*,*,#15042,.F.);
#15214 = ORIENTED_EDGE('',*,*,#15215,.T.);
#15215 = EDGE_CURVE('',#14992,#14676,#15216,.T.);
#15216 = LINE('',#15217,#15218);
#15217 = CARTESIAN_POINT('',(214.5,244.,15.));
#15218 = VECTOR('',#15219,1.);
#15219 = DIRECTION('',(1.,0.,0.));
#15220 = ORIENTED_EDGE('',*,*,#14683,.T.);
#15221 = ORIENTED_EDGE('',*,*,#14790,.F.);
#15222 = PLANE('',#15223);
#15223 = AXIS2_PLACEMENT_3D('',#15224,#15225,#15226);
#15224 = CARTESIAN_POINT('',(214.5,244.,15.));
#15225 = DIRECTION('',(0.,0.,1.));
#15226 = DIRECTION('',(1.,0.,0.));
#15227 = ADVANCED_FACE('',(#15228),#15244,.T.);
#15228 = FACE_BOUND('',#15229,.T.);
#15229 = EDGE_LOOP('',(#15230,#15231,#15237,#15238));
#15230 = ORIENTED_EDGE('',*,*,#15001,.F.);
#15231 = ORIENTED_EDGE('',*,*,#15232,.T.);
#15232 = EDGE_CURVE('',#14994,#14666,#15233,.T.);
#15233 = LINE('',#15234,#15235);
#15234 = CARTESIAN_POINT('',(214.5,244.,28.5));
#15235 = VECTOR('',#15236,1.);
#15236 = DIRECTION('',(1.,0.,0.));
#15237 = ORIENTED_EDGE('',*,*,#14665,.T.);
#15238 = ORIENTED_EDGE('',*,*,#15239,.F.);
#15239 = EDGE_CURVE('',#15002,#14668,#15240,.T.);
#15240 = LINE('',#15241,#15242);
#15241 = CARTESIAN_POINT('',(214.5,248.,28.5));
#15242 = VECTOR('',#15243,1.);
#15243 = DIRECTION('',(1.,0.,0.));
#15244 = PLANE('',#15245);
#15245 = AXIS2_PLACEMENT_3D('',#15246,#15247,#15248);
#15246 = CARTESIAN_POINT('',(214.5,244.,28.5));
#15247 = DIRECTION('',(0.,0.,1.));
#15248 = DIRECTION('',(1.,0.,0.));
#15249 = ADVANCED_FACE('',(#15250,#15263),#15299,.T.);
#15250 = FACE_BOUND('',#15251,.T.);
#15251 = EDGE_LOOP('',(#15252,#15258,#15259,#15260,#15261,#15262));
#15252 = ORIENTED_EDGE('',*,*,#15253,.F.);
#15253 = EDGE_CURVE('',#15019,#14715,#15254,.T.);
#15254 = LINE('',#15255,#15256);
#15255 = CARTESIAN_POINT('',(214.5,255.,21.5));
#15256 = VECTOR('',#15257,1.);
#15257 = DIRECTION('',(1.,0.,0.));
#15258 = ORIENTED_EDGE('',*,*,#15018,.T.);
#15259 = ORIENTED_EDGE('',*,*,#15009,.T.);
#15260 = ORIENTED_EDGE('',*,*,#15239,.T.);
#15261 = ORIENTED_EDGE('',*,*,#14731,.F.);
#15262 = ORIENTED_EDGE('',*,*,#14722,.F.);
#15263 = FACE_BOUND('',#15264,.T.);
#15264 = EDGE_LOOP('',(#15265,#15276,#15284,#15293));
#15265 = ORIENTED_EDGE('',*,*,#15266,.F.);
#15266 = EDGE_CURVE('',#15267,#15269,#15271,.T.);
#15267 = VERTEX_POINT('',#15268);
#15268 = CARTESIAN_POINT('',(219.,261.96165326757,27.768300757126));
#15269 = VERTEX_POINT('',#15270);
#15270 = CARTESIAN_POINT('',(219.,262.,28.5));
#15271 = CIRCLE('',#15272,7.);
#15272 = AXIS2_PLACEMENT_3D('',#15273,#15274,#15275);
#15273 = CARTESIAN_POINT('',(219.,255.,28.5));
#15274 = DIRECTION('',(1.,0.,-0.));
#15275 = DIRECTION('',(0.,0.,1.));
#15276 = ORIENTED_EDGE('',*,*,#15277,.T.);
#15277 = EDGE_CURVE('',#15267,#15278,#15280,.T.);
#15278 = VERTEX_POINT('',#15279);
#15279 = CARTESIAN_POINT('',(229.,261.96165326757,27.768300757126));
#15280 = LINE('',#15281,#15282);
#15281 = CARTESIAN_POINT('',(214.5,261.96165326757,27.768300757126));
#15282 = VECTOR('',#15283,1.);
#15283 = DIRECTION('',(1.,0.,0.));
#15284 = ORIENTED_EDGE('',*,*,#15285,.T.);
#15285 = EDGE_CURVE('',#15278,#15286,#15288,.T.);
#15286 = VERTEX_POINT('',#15287);
#15287 = CARTESIAN_POINT('',(229.,262.,28.5));
#15288 = CIRCLE('',#15289,7.);
#15289 = AXIS2_PLACEMENT_3D('',#15290,#15291,#15292);
#15290 = CARTESIAN_POINT('',(229.,255.,28.5));
#15291 = DIRECTION('',(1.,0.,-0.));
#15292 = DIRECTION('',(0.,0.,1.));
#15293 = ORIENTED_EDGE('',*,*,#15294,.F.);
#15294 = EDGE_CURVE('',#15269,#15286,#15295,.T.);
#15295 = LINE('',#15296,#15297);
#15296 = CARTESIAN_POINT('',(214.5,262.,28.5));
#15297 = VECTOR('',#15298,1.);
#15298 = DIRECTION('',(1.,0.,0.));
#15299 = CYLINDRICAL_SURFACE('',#15300,7.);
#15300 = AXIS2_PLACEMENT_3D('',#15301,#15302,#15303);
#15301 = CARTESIAN_POINT('',(214.5,255.,28.5));
#15302 = DIRECTION('',(1.,0.,0.));
#15303 = DIRECTION('',(0.,0.,1.));
#15304 = ADVANCED_FACE('',(#15305),#15311,.T.);
#15305 = FACE_BOUND('',#15306,.T.);
#15306 = EDGE_LOOP('',(#15307,#15308,#15309,#15310));
#15307 = ORIENTED_EDGE('',*,*,#14714,.F.);
#15308 = ORIENTED_EDGE('',*,*,#14977,.F.);
#15309 = ORIENTED_EDGE('',*,*,#15027,.T.);
#15310 = ORIENTED_EDGE('',*,*,#15253,.T.);
#15311 = PLANE('',#15312);
#15312 = AXIS2_PLACEMENT_3D('',#15313,#15314,#15315);
#15313 = CARTESIAN_POINT('',(214.5,255.,15.));
#15314 = DIRECTION('',(0.,1.,0.));
#15315 = DIRECTION('',(0.,0.,1.));
#15316 = ADVANCED_FACE('',(#15317),#15323,.F.);
#15317 = FACE_BOUND('',#15318,.F.);
#15318 = EDGE_LOOP('',(#15319,#15320,#15321,#15322));
#15319 = ORIENTED_EDGE('',*,*,#15215,.F.);
#15320 = ORIENTED_EDGE('',*,*,#14991,.T.);
#15321 = ORIENTED_EDGE('',*,*,#15232,.T.);
#15322 = ORIENTED_EDGE('',*,*,#14675,.F.);
#15323 = PLANE('',#15324);
#15324 = AXIS2_PLACEMENT_3D('',#15325,#15326,#15327);
#15325 = CARTESIAN_POINT('',(214.5,244.,15.));
#15326 = DIRECTION('',(0.,1.,0.));
#15327 = DIRECTION('',(0.,0.,1.));
#15328 = ADVANCED_FACE('',(#15329),#15340,.F.);
#15329 = FACE_BOUND('',#15330,.F.);
#15330 = EDGE_LOOP('',(#15331,#15332,#15338,#15339));
#15331 = ORIENTED_EDGE('',*,*,#14740,.F.);
#15332 = ORIENTED_EDGE('',*,*,#15333,.F.);
#15333 = EDGE_CURVE('',#15051,#14741,#15334,.T.);
#15334 = LINE('',#15335,#15336);
#15335 = CARTESIAN_POINT('',(213.5,255.,30.7));
#15336 = VECTOR('',#15337,1.);
#15337 = DIRECTION('',(1.,0.,0.));
#15338 = ORIENTED_EDGE('',*,*,#15050,.T.);
#15339 = ORIENTED_EDGE('',*,*,#15333,.T.);
#15340 = CYLINDRICAL_SURFACE('',#15341,2.2);
#15341 = AXIS2_PLACEMENT_3D('',#15342,#15343,#15344);
#15342 = CARTESIAN_POINT('',(213.5,255.,28.5));
#15343 = DIRECTION('',(1.,0.,0.));
#15344 = DIRECTION('',(0.,0.,1.));
#15345 = ADVANCED_FACE('',(#15346),#15411,.F.);
#15346 = FACE_BOUND('',#15347,.F.);
#15347 = EDGE_LOOP('',(#15348,#15356,#15364,#15372,#15380,#15388,#15396,
    #15404,#15410));
#15348 = ORIENTED_EDGE('',*,*,#15349,.T.);
#15349 = EDGE_CURVE('',#15144,#15350,#15352,.T.);
#15350 = VERTEX_POINT('',#15351);
#15351 = CARTESIAN_POINT('',(33.,265.93974084905,27.350186904056));
#15352 = LINE('',#15353,#15354);
#15353 = CARTESIAN_POINT('',(33.,261.46439231989,27.82056498876));
#15354 = VECTOR('',#15355,1.);
#15355 = DIRECTION('',(0.,0.994521895368,-0.104528463268));
#15356 = ORIENTED_EDGE('',*,*,#15357,.T.);
#15357 = EDGE_CURVE('',#15350,#15358,#15360,.T.);
#15358 = VERTEX_POINT('',#15359);
#15359 = CARTESIAN_POINT('',(33.,265.958141679,27.541286829776));
#15360 = LINE('',#15361,#15362);
#15361 = CARTESIAN_POINT('',(33.,265.93974084905,27.350186904056));
#15362 = VECTOR('',#15363,1.);
#15363 = DIRECTION('',(0.,9.584575252016E-02,0.995396198367));
#15364 = ORIENTED_EDGE('',*,*,#15365,.T.);
#15365 = EDGE_CURVE('',#15358,#15366,#15368,.T.);
#15366 = VERTEX_POINT('',#15367);
#15367 = CARTESIAN_POINT('',(33.,265.97320455285,27.732678788815));
#15368 = LINE('',#15369,#15370);
#15369 = CARTESIAN_POINT('',(33.,265.958141679,27.541286829776));
#15370 = VECTOR('',#15371,1.);
#15371 = DIRECTION('',(0.,7.84590957279E-02,0.996917333733));
#15372 = ORIENTED_EDGE('',*,*,#15373,.T.);
#15373 = EDGE_CURVE('',#15366,#15374,#15376,.T.);
#15374 = VERTEX_POINT('',#15375);
#15375 = CARTESIAN_POINT('',(33.,265.9849248823,27.924304481328));
#15376 = LINE('',#15377,#15378);
#15377 = CARTESIAN_POINT('',(33.,265.97320455285,27.732678788815));
#15378 = VECTOR('',#15379,1.);
#15379 = DIRECTION('',(0.,6.104853953491E-02,0.998134798422));
#15380 = ORIENTED_EDGE('',*,*,#15381,.T.);
#15381 = EDGE_CURVE('',#15374,#15382,#15384,.T.);
#15382 = VERTEX_POINT('',#15383);
#15383 = CARTESIAN_POINT('',(33.,265.99329909721,28.116105536272));
#15384 = LINE('',#15385,#15386);
#15385 = CARTESIAN_POINT('',(33.,265.9849248823,27.924304481328));
#15386 = VECTOR('',#15387,1.);
#15387 = DIRECTION('',(0.,4.361938736531E-02,0.999048221582));
#15388 = ORIENTED_EDGE('',*,*,#15389,.T.);
#15389 = EDGE_CURVE('',#15382,#15390,#15392,.T.);
#15390 = VERTEX_POINT('',#15391);
#15391 = CARTESIAN_POINT('',(33.,265.99832464672,28.30802352919));
#15392 = LINE('',#15393,#15394);
#15393 = CARTESIAN_POINT('',(33.,265.99329909721,28.116105536272));
#15394 = VECTOR('',#15395,1.);
#15395 = DIRECTION('',(0.,2.617694830765E-02,0.999657324976));
#15396 = ORIENTED_EDGE('',*,*,#15397,.T.);
#15397 = EDGE_CURVE('',#15390,#15398,#15400,.T.);
#15398 = VERTEX_POINT('',#15399);
#15399 = CARTESIAN_POINT('',(33.,266.,28.5));
#15400 = LINE('',#15401,#15402);
#15401 = CARTESIAN_POINT('',(33.,265.99832464672,28.30802352919));
#15402 = VECTOR('',#15403,1.);
#15403 = DIRECTION('',(0.,8.72653549851E-03,0.999961923064));
#15404 = ORIENTED_EDGE('',*,*,#15405,.T.);
#15405 = EDGE_CURVE('',#15398,#15146,#15406,.T.);
#15406 = LINE('',#15407,#15408);
#15407 = CARTESIAN_POINT('',(33.,266.,28.5));
#15408 = VECTOR('',#15409,1.);
#15409 = DIRECTION('',(0.,-1.,0.));
#15410 = ORIENTED_EDGE('',*,*,#15143,.F.);
#15411 = PLANE('',#15412);
#15412 = AXIS2_PLACEMENT_3D('',#15413,#15414,#15415);
#15413 = CARTESIAN_POINT('',(33.,263.8250433499,28.037499075955));
#15414 = DIRECTION('',(1.,0.,0.));
#15415 = DIRECTION('',(0.,0.,1.));
#15416 = ADVANCED_FACE('',(#15417),#15435,.F.);
#15417 = FACE_BOUND('',#15418,.F.);
#15418 = EDGE_LOOP('',(#15419,#15420,#15421,#15429));
#15419 = ORIENTED_EDGE('',*,*,#15349,.F.);
#15420 = ORIENTED_EDGE('',*,*,#15154,.T.);
#15421 = ORIENTED_EDGE('',*,*,#15422,.T.);
#15422 = EDGE_CURVE('',#15155,#15423,#15425,.T.);
#15423 = VERTEX_POINT('',#15424);
#15424 = CARTESIAN_POINT('',(43.,265.93974084905,27.350186904056));
#15425 = LINE('',#15426,#15427);
#15426 = CARTESIAN_POINT('',(43.,261.46439231989,27.82056498876));
#15427 = VECTOR('',#15428,1.);
#15428 = DIRECTION('',(0.,0.994521895368,-0.104528463268));
#15429 = ORIENTED_EDGE('',*,*,#15430,.F.);
#15430 = EDGE_CURVE('',#15350,#15423,#15431,.T.);
#15431 = LINE('',#15432,#15433);
#15432 = CARTESIAN_POINT('',(33.,265.93974084905,27.350186904056));
#15433 = VECTOR('',#15434,1.);
#15434 = DIRECTION('',(1.,0.,0.));
#15435 = PLANE('',#15436);
#15436 = AXIS2_PLACEMENT_3D('',#15437,#15438,#15439);
#15437 = CARTESIAN_POINT('',(33.,261.46439231989,27.82056498876));
#15438 = DIRECTION('',(0.,0.104528463268,0.994521895368));
#15439 = DIRECTION('',(0.,0.994521895368,-0.104528463268));
#15440 = ADVANCED_FACE('',(#15441),#15499,.T.);
#15441 = FACE_BOUND('',#15442,.T.);
#15442 = EDGE_LOOP('',(#15443,#15444,#15452,#15460,#15468,#15476,#15484,
    #15492,#15498));
#15443 = ORIENTED_EDGE('',*,*,#15422,.T.);
#15444 = ORIENTED_EDGE('',*,*,#15445,.T.);
#15445 = EDGE_CURVE('',#15423,#15446,#15448,.T.);
#15446 = VERTEX_POINT('',#15447);
#15447 = CARTESIAN_POINT('',(43.,265.958141679,27.541286829776));
#15448 = LINE('',#15449,#15450);
#15449 = CARTESIAN_POINT('',(43.,265.93974084905,27.350186904056));
#15450 = VECTOR('',#15451,1.);
#15451 = DIRECTION('',(0.,9.584575252016E-02,0.995396198367));
#15452 = ORIENTED_EDGE('',*,*,#15453,.T.);
#15453 = EDGE_CURVE('',#15446,#15454,#15456,.T.);
#15454 = VERTEX_POINT('',#15455);
#15455 = CARTESIAN_POINT('',(43.,265.97320455285,27.732678788815));
#15456 = LINE('',#15457,#15458);
#15457 = CARTESIAN_POINT('',(43.,265.958141679,27.541286829776));
#15458 = VECTOR('',#15459,1.);
#15459 = DIRECTION('',(0.,7.84590957279E-02,0.996917333733));
#15460 = ORIENTED_EDGE('',*,*,#15461,.T.);
#15461 = EDGE_CURVE('',#15454,#15462,#15464,.T.);
#15462 = VERTEX_POINT('',#15463);
#15463 = CARTESIAN_POINT('',(43.,265.9849248823,27.924304481328));
#15464 = LINE('',#15465,#15466);
#15465 = CARTESIAN_POINT('',(43.,265.97320455285,27.732678788815));
#15466 = VECTOR('',#15467,1.);
#15467 = DIRECTION('',(0.,6.104853953491E-02,0.998134798422));
#15468 = ORIENTED_EDGE('',*,*,#15469,.T.);
#15469 = EDGE_CURVE('',#15462,#15470,#15472,.T.);
#15470 = VERTEX_POINT('',#15471);
#15471 = CARTESIAN_POINT('',(43.,265.99329909721,28.116105536272));
#15472 = LINE('',#15473,#15474);
#15473 = CARTESIAN_POINT('',(43.,265.9849248823,27.924304481328));
#15474 = VECTOR('',#15475,1.);
#15475 = DIRECTION('',(0.,4.361938736531E-02,0.999048221582));
#15476 = ORIENTED_EDGE('',*,*,#15477,.T.);
#15477 = EDGE_CURVE('',#15470,#15478,#15480,.T.);
#15478 = VERTEX_POINT('',#15479);
#15479 = CARTESIAN_POINT('',(43.,265.99832464672,28.30802352919));
#15480 = LINE('',#15481,#15482);
#15481 = CARTESIAN_POINT('',(43.,265.99329909721,28.116105536272));
#15482 = VECTOR('',#15483,1.);
#15483 = DIRECTION('',(0.,2.617694830765E-02,0.999657324976));
#15484 = ORIENTED_EDGE('',*,*,#15485,.T.);
#15485 = EDGE_CURVE('',#15478,#15486,#15488,.T.);
#15486 = VERTEX_POINT('',#15487);
#15487 = CARTESIAN_POINT('',(43.,266.,28.5));
#15488 = LINE('',#15489,#15490);
#15489 = CARTESIAN_POINT('',(43.,265.99832464672,28.30802352919));
#15490 = VECTOR('',#15491,1.);
#15491 = DIRECTION('',(0.,8.72653549851E-03,0.999961923064));
#15492 = ORIENTED_EDGE('',*,*,#15493,.T.);
#15493 = EDGE_CURVE('',#15486,#15163,#15494,.T.);
#15494 = LINE('',#15495,#15496);
#15495 = CARTESIAN_POINT('',(43.,266.,28.5));
#15496 = VECTOR('',#15497,1.);
#15497 = DIRECTION('',(0.,-1.,0.));
#15498 = ORIENTED_EDGE('',*,*,#15162,.F.);
#15499 = PLANE('',#15500);
#15500 = AXIS2_PLACEMENT_3D('',#15501,#15502,#15503);
#15501 = CARTESIAN_POINT('',(43.,263.8250433499,28.037499075955));
#15502 = DIRECTION('',(1.,0.,0.));
#15503 = DIRECTION('',(0.,0.,1.));
#15504 = ADVANCED_FACE('',(#15505),#15516,.F.);
#15505 = FACE_BOUND('',#15506,.F.);
#15506 = EDGE_LOOP('',(#15507,#15508,#15514,#15515));
#15507 = ORIENTED_EDGE('',*,*,#15405,.F.);
#15508 = ORIENTED_EDGE('',*,*,#15509,.T.);
#15509 = EDGE_CURVE('',#15398,#15486,#15510,.T.);
#15510 = LINE('',#15511,#15512);
#15511 = CARTESIAN_POINT('',(33.,266.,28.5));
#15512 = VECTOR('',#15513,1.);
#15513 = DIRECTION('',(1.,0.,0.));
#15514 = ORIENTED_EDGE('',*,*,#15493,.T.);
#15515 = ORIENTED_EDGE('',*,*,#15171,.F.);
#15516 = PLANE('',#15517);
#15517 = AXIS2_PLACEMENT_3D('',#15518,#15519,#15520);
#15518 = CARTESIAN_POINT('',(33.,266.,28.5));
#15519 = DIRECTION('',(0.,0.,-1.));
#15520 = DIRECTION('',(0.,-1.,0.));
#15521 = ADVANCED_FACE('',(#15522),#15587,.F.);
#15522 = FACE_BOUND('',#15523,.F.);
#15523 = EDGE_LOOP('',(#15524,#15532,#15540,#15548,#15556,#15564,#15572,
    #15580,#15586));
#15524 = ORIENTED_EDGE('',*,*,#15525,.T.);
#15525 = EDGE_CURVE('',#15267,#15526,#15528,.T.);
#15526 = VERTEX_POINT('',#15527);
#15527 = CARTESIAN_POINT('',(219.,265.93974084905,27.350186904056));
#15528 = LINE('',#15529,#15530);
#15529 = CARTESIAN_POINT('',(219.,261.46439231989,27.82056498876));
#15530 = VECTOR('',#15531,1.);
#15531 = DIRECTION('',(0.,0.994521895368,-0.104528463268));
#15532 = ORIENTED_EDGE('',*,*,#15533,.T.);
#15533 = EDGE_CURVE('',#15526,#15534,#15536,.T.);
#15534 = VERTEX_POINT('',#15535);
#15535 = CARTESIAN_POINT('',(219.,265.958141679,27.541286829776));
#15536 = LINE('',#15537,#15538);
#15537 = CARTESIAN_POINT('',(219.,265.93974084905,27.350186904056));
#15538 = VECTOR('',#15539,1.);
#15539 = DIRECTION('',(0.,9.584575252016E-02,0.995396198367));
#15540 = ORIENTED_EDGE('',*,*,#15541,.T.);
#15541 = EDGE_CURVE('',#15534,#15542,#15544,.T.);
#15542 = VERTEX_POINT('',#15543);
#15543 = CARTESIAN_POINT('',(219.,265.97320455285,27.732678788815));
#15544 = LINE('',#15545,#15546);
#15545 = CARTESIAN_POINT('',(219.,265.958141679,27.541286829776));
#15546 = VECTOR('',#15547,1.);
#15547 = DIRECTION('',(0.,7.84590957279E-02,0.996917333733));
#15548 = ORIENTED_EDGE('',*,*,#15549,.T.);
#15549 = EDGE_CURVE('',#15542,#15550,#15552,.T.);
#15550 = VERTEX_POINT('',#15551);
#15551 = CARTESIAN_POINT('',(219.,265.9849248823,27.924304481328));
#15552 = LINE('',#15553,#15554);
#15553 = CARTESIAN_POINT('',(219.,265.97320455285,27.732678788815));
#15554 = VECTOR('',#15555,1.);
#15555 = DIRECTION('',(0.,6.104853953491E-02,0.998134798422));
#15556 = ORIENTED_EDGE('',*,*,#15557,.T.);
#15557 = EDGE_CURVE('',#15550,#15558,#15560,.T.);
#15558 = VERTEX_POINT('',#15559);
#15559 = CARTESIAN_POINT('',(219.,265.99329909721,28.116105536272));
#15560 = LINE('',#15561,#15562);
#15561 = CARTESIAN_POINT('',(219.,265.9849248823,27.924304481328));
#15562 = VECTOR('',#15563,1.);
#15563 = DIRECTION('',(0.,4.361938736531E-02,0.999048221582));
#15564 = ORIENTED_EDGE('',*,*,#15565,.T.);
#15565 = EDGE_CURVE('',#15558,#15566,#15568,.T.);
#15566 = VERTEX_POINT('',#15567);
#15567 = CARTESIAN_POINT('',(219.,265.99832464672,28.30802352919));
#15568 = LINE('',#15569,#15570);
#15569 = CARTESIAN_POINT('',(219.,265.99329909721,28.116105536272));
#15570 = VECTOR('',#15571,1.);
#15571 = DIRECTION('',(0.,2.617694830765E-02,0.999657324976));
#15572 = ORIENTED_EDGE('',*,*,#15573,.T.);
#15573 = EDGE_CURVE('',#15566,#15574,#15576,.T.);
#15574 = VERTEX_POINT('',#15575);
#15575 = CARTESIAN_POINT('',(219.,266.,28.5));
#15576 = LINE('',#15577,#15578);
#15577 = CARTESIAN_POINT('',(219.,265.99832464672,28.30802352919));
#15578 = VECTOR('',#15579,1.);
#15579 = DIRECTION('',(0.,8.72653549851E-03,0.999961923064));
#15580 = ORIENTED_EDGE('',*,*,#15581,.T.);
#15581 = EDGE_CURVE('',#15574,#15269,#15582,.T.);
#15582 = LINE('',#15583,#15584);
#15583 = CARTESIAN_POINT('',(219.,266.,28.5));
#15584 = VECTOR('',#15585,1.);
#15585 = DIRECTION('',(0.,-1.,0.));
#15586 = ORIENTED_EDGE('',*,*,#15266,.F.);
#15587 = PLANE('',#15588);
#15588 = AXIS2_PLACEMENT_3D('',#15589,#15590,#15591);
#15589 = CARTESIAN_POINT('',(219.,263.8250433499,28.037499075955));
#15590 = DIRECTION('',(1.,0.,0.));
#15591 = DIRECTION('',(0.,0.,1.));
#15592 = ADVANCED_FACE('',(#15593),#15611,.F.);
#15593 = FACE_BOUND('',#15594,.F.);
#15594 = EDGE_LOOP('',(#15595,#15596,#15597,#15605));
#15595 = ORIENTED_EDGE('',*,*,#15525,.F.);
#15596 = ORIENTED_EDGE('',*,*,#15277,.T.);
#15597 = ORIENTED_EDGE('',*,*,#15598,.T.);
#15598 = EDGE_CURVE('',#15278,#15599,#15601,.T.);
#15599 = VERTEX_POINT('',#15600);
#15600 = CARTESIAN_POINT('',(229.,265.93974084905,27.350186904056));
#15601 = LINE('',#15602,#15603);
#15602 = CARTESIAN_POINT('',(229.,261.46439231989,27.82056498876));
#15603 = VECTOR('',#15604,1.);
#15604 = DIRECTION('',(0.,0.994521895368,-0.104528463268));
#15605 = ORIENTED_EDGE('',*,*,#15606,.F.);
#15606 = EDGE_CURVE('',#15526,#15599,#15607,.T.);
#15607 = LINE('',#15608,#15609);
#15608 = CARTESIAN_POINT('',(219.,265.93974084905,27.350186904056));
#15609 = VECTOR('',#15610,1.);
#15610 = DIRECTION('',(1.,0.,0.));
#15611 = PLANE('',#15612);
#15612 = AXIS2_PLACEMENT_3D('',#15613,#15614,#15615);
#15613 = CARTESIAN_POINT('',(219.,261.46439231989,27.82056498876));
#15614 = DIRECTION('',(0.,0.104528463268,0.994521895368));
#15615 = DIRECTION('',(0.,0.994521895368,-0.104528463268));
#15616 = ADVANCED_FACE('',(#15617),#15675,.T.);
#15617 = FACE_BOUND('',#15618,.T.);
#15618 = EDGE_LOOP('',(#15619,#15620,#15628,#15636,#15644,#15652,#15660,
    #15668,#15674));
#15619 = ORIENTED_EDGE('',*,*,#15598,.T.);
#15620 = ORIENTED_EDGE('',*,*,#15621,.T.);
#15621 = EDGE_CURVE('',#15599,#15622,#15624,.T.);
#15622 = VERTEX_POINT('',#15623);
#15623 = CARTESIAN_POINT('',(229.,265.958141679,27.541286829776));
#15624 = LINE('',#15625,#15626);
#15625 = CARTESIAN_POINT('',(229.,265.93974084905,27.350186904056));
#15626 = VECTOR('',#15627,1.);
#15627 = DIRECTION('',(0.,9.584575252016E-02,0.995396198367));
#15628 = ORIENTED_EDGE('',*,*,#15629,.T.);
#15629 = EDGE_CURVE('',#15622,#15630,#15632,.T.);
#15630 = VERTEX_POINT('',#15631);
#15631 = CARTESIAN_POINT('',(229.,265.97320455285,27.732678788815));
#15632 = LINE('',#15633,#15634);
#15633 = CARTESIAN_POINT('',(229.,265.958141679,27.541286829776));
#15634 = VECTOR('',#15635,1.);
#15635 = DIRECTION('',(0.,7.84590957279E-02,0.996917333733));
#15636 = ORIENTED_EDGE('',*,*,#15637,.T.);
#15637 = EDGE_CURVE('',#15630,#15638,#15640,.T.);
#15638 = VERTEX_POINT('',#15639);
#15639 = CARTESIAN_POINT('',(229.,265.9849248823,27.924304481328));
#15640 = LINE('',#15641,#15642);
#15641 = CARTESIAN_POINT('',(229.,265.97320455285,27.732678788815));
#15642 = VECTOR('',#15643,1.);
#15643 = DIRECTION('',(0.,6.104853953491E-02,0.998134798422));
#15644 = ORIENTED_EDGE('',*,*,#15645,.T.);
#15645 = EDGE_CURVE('',#15638,#15646,#15648,.T.);
#15646 = VERTEX_POINT('',#15647);
#15647 = CARTESIAN_POINT('',(229.,265.99329909721,28.116105536272));
#15648 = LINE('',#15649,#15650);
#15649 = CARTESIAN_POINT('',(229.,265.9849248823,27.924304481328));
#15650 = VECTOR('',#15651,1.);
#15651 = DIRECTION('',(0.,4.361938736531E-02,0.999048221582));
#15652 = ORIENTED_EDGE('',*,*,#15653,.T.);
#15653 = EDGE_CURVE('',#15646,#15654,#15656,.T.);
#15654 = VERTEX_POINT('',#15655);
#15655 = CARTESIAN_POINT('',(229.,265.99832464672,28.30802352919));
#15656 = LINE('',#15657,#15658);
#15657 = CARTESIAN_POINT('',(229.,265.99329909721,28.116105536272));
#15658 = VECTOR('',#15659,1.);
#15659 = DIRECTION('',(0.,2.617694830765E-02,0.999657324976));
#15660 = ORIENTED_EDGE('',*,*,#15661,.T.);
#15661 = EDGE_CURVE('',#15654,#15662,#15664,.T.);
#15662 = VERTEX_POINT('',#15663);
#15663 = CARTESIAN_POINT('',(229.,266.,28.5));
#15664 = LINE('',#15665,#15666);
#15665 = CARTESIAN_POINT('',(229.,265.99832464672,28.30802352919));
#15666 = VECTOR('',#15667,1.);
#15667 = DIRECTION('',(0.,8.72653549851E-03,0.999961923064));
#15668 = ORIENTED_EDGE('',*,*,#15669,.T.);
#15669 = EDGE_CURVE('',#15662,#15286,#15670,.T.);
#15670 = LINE('',#15671,#15672);
#15671 = CARTESIAN_POINT('',(229.,266.,28.5));
#15672 = VECTOR('',#15673,1.);
#15673 = DIRECTION('',(0.,-1.,0.));
#15674 = ORIENTED_EDGE('',*,*,#15285,.F.);
#15675 = PLANE('',#15676);
#15676 = AXIS2_PLACEMENT_3D('',#15677,#15678,#15679);
#15677 = CARTESIAN_POINT('',(229.,263.8250433499,28.037499075955));
#15678 = DIRECTION('',(1.,0.,0.));
#15679 = DIRECTION('',(0.,0.,1.));
#15680 = ADVANCED_FACE('',(#15681),#15692,.F.);
#15681 = FACE_BOUND('',#15682,.F.);
#15682 = EDGE_LOOP('',(#15683,#15684,#15690,#15691));
#15683 = ORIENTED_EDGE('',*,*,#15581,.F.);
#15684 = ORIENTED_EDGE('',*,*,#15685,.T.);
#15685 = EDGE_CURVE('',#15574,#15662,#15686,.T.);
#15686 = LINE('',#15687,#15688);
#15687 = CARTESIAN_POINT('',(219.,266.,28.5));
#15688 = VECTOR('',#15689,1.);
#15689 = DIRECTION('',(1.,0.,0.));
#15690 = ORIENTED_EDGE('',*,*,#15669,.T.);
#15691 = ORIENTED_EDGE('',*,*,#15294,.F.);
#15692 = PLANE('',#15693);
#15693 = AXIS2_PLACEMENT_3D('',#15694,#15695,#15696);
#15694 = CARTESIAN_POINT('',(219.,266.,28.5));
#15695 = DIRECTION('',(0.,0.,-1.));
#15696 = DIRECTION('',(0.,-1.,0.));
#15697 = ADVANCED_FACE('',(#15698),#15709,.F.);
#15698 = FACE_BOUND('',#15699,.F.);
#15699 = EDGE_LOOP('',(#15700,#15706,#15707,#15708));
#15700 = ORIENTED_EDGE('',*,*,#15701,.T.);
#15701 = EDGE_CURVE('',#15390,#15478,#15702,.T.);
#15702 = LINE('',#15703,#15704);
#15703 = CARTESIAN_POINT('',(33.,265.99832464672,28.30802352919));
#15704 = VECTOR('',#15705,1.);
#15705 = DIRECTION('',(1.,0.,0.));
#15706 = ORIENTED_EDGE('',*,*,#15485,.T.);
#15707 = ORIENTED_EDGE('',*,*,#15509,.F.);
#15708 = ORIENTED_EDGE('',*,*,#15397,.F.);
#15709 = PLANE('',#15710);
#15710 = AXIS2_PLACEMENT_3D('',#15711,#15712,#15713);
#15711 = CARTESIAN_POINT('',(33.,265.99832464672,28.30802352919));
#15712 = DIRECTION('',(0.,-0.999961923064,8.72653549851E-03));
#15713 = DIRECTION('',(0.,8.72653549851E-03,0.999961923064));
#15714 = ADVANCED_FACE('',(#15715),#15726,.F.);
#15715 = FACE_BOUND('',#15716,.F.);
#15716 = EDGE_LOOP('',(#15717,#15723,#15724,#15725));
#15717 = ORIENTED_EDGE('',*,*,#15718,.T.);
#15718 = EDGE_CURVE('',#15382,#15470,#15719,.T.);
#15719 = LINE('',#15720,#15721);
#15720 = CARTESIAN_POINT('',(33.,265.99329909721,28.116105536272));
#15721 = VECTOR('',#15722,1.);
#15722 = DIRECTION('',(1.,0.,0.));
#15723 = ORIENTED_EDGE('',*,*,#15477,.T.);
#15724 = ORIENTED_EDGE('',*,*,#15701,.F.);
#15725 = ORIENTED_EDGE('',*,*,#15389,.F.);
#15726 = PLANE('',#15727);
#15727 = AXIS2_PLACEMENT_3D('',#15728,#15729,#15730);
#15728 = CARTESIAN_POINT('',(33.,265.99329909721,28.116105536272));
#15729 = DIRECTION('',(0.,-0.999657324976,2.617694830765E-02));
#15730 = DIRECTION('',(0.,2.617694830765E-02,0.999657324976));
#15731 = ADVANCED_FACE('',(#15732),#15743,.F.);
#15732 = FACE_BOUND('',#15733,.F.);
#15733 = EDGE_LOOP('',(#15734,#15740,#15741,#15742));
#15734 = ORIENTED_EDGE('',*,*,#15735,.T.);
#15735 = EDGE_CURVE('',#15374,#15462,#15736,.T.);
#15736 = LINE('',#15737,#15738);
#15737 = CARTESIAN_POINT('',(33.,265.9849248823,27.924304481328));
#15738 = VECTOR('',#15739,1.);
#15739 = DIRECTION('',(1.,0.,0.));
#15740 = ORIENTED_EDGE('',*,*,#15469,.T.);
#15741 = ORIENTED_EDGE('',*,*,#15718,.F.);
#15742 = ORIENTED_EDGE('',*,*,#15381,.F.);
#15743 = PLANE('',#15744);
#15744 = AXIS2_PLACEMENT_3D('',#15745,#15746,#15747);
#15745 = CARTESIAN_POINT('',(33.,265.9849248823,27.924304481328));
#15746 = DIRECTION('',(0.,-0.999048221582,4.361938736531E-02));
#15747 = DIRECTION('',(0.,4.361938736531E-02,0.999048221582));
#15748 = ADVANCED_FACE('',(#15749),#15760,.F.);
#15749 = FACE_BOUND('',#15750,.F.);
#15750 = EDGE_LOOP('',(#15751,#15757,#15758,#15759));
#15751 = ORIENTED_EDGE('',*,*,#15752,.T.);
#15752 = EDGE_CURVE('',#15366,#15454,#15753,.T.);
#15753 = LINE('',#15754,#15755);
#15754 = CARTESIAN_POINT('',(33.,265.97320455285,27.732678788815));
#15755 = VECTOR('',#15756,1.);
#15756 = DIRECTION('',(1.,0.,0.));
#15757 = ORIENTED_EDGE('',*,*,#15461,.T.);
#15758 = ORIENTED_EDGE('',*,*,#15735,.F.);
#15759 = ORIENTED_EDGE('',*,*,#15373,.F.);
#15760 = PLANE('',#15761);
#15761 = AXIS2_PLACEMENT_3D('',#15762,#15763,#15764);
#15762 = CARTESIAN_POINT('',(33.,265.97320455285,27.732678788815));
#15763 = DIRECTION('',(0.,-0.998134798422,6.104853953491E-02));
#15764 = DIRECTION('',(0.,6.104853953491E-02,0.998134798422));
#15765 = ADVANCED_FACE('',(#15766),#15777,.F.);
#15766 = FACE_BOUND('',#15767,.F.);
#15767 = EDGE_LOOP('',(#15768,#15774,#15775,#15776));
#15768 = ORIENTED_EDGE('',*,*,#15769,.T.);
#15769 = EDGE_CURVE('',#15358,#15446,#15770,.T.);
#15770 = LINE('',#15771,#15772);
#15771 = CARTESIAN_POINT('',(33.,265.958141679,27.541286829776));
#15772 = VECTOR('',#15773,1.);
#15773 = DIRECTION('',(1.,0.,0.));
#15774 = ORIENTED_EDGE('',*,*,#15453,.T.);
#15775 = ORIENTED_EDGE('',*,*,#15752,.F.);
#15776 = ORIENTED_EDGE('',*,*,#15365,.F.);
#15777 = PLANE('',#15778);
#15778 = AXIS2_PLACEMENT_3D('',#15779,#15780,#15781);
#15779 = CARTESIAN_POINT('',(33.,265.958141679,27.541286829776));
#15780 = DIRECTION('',(0.,-0.996917333733,7.84590957279E-02));
#15781 = DIRECTION('',(0.,7.84590957279E-02,0.996917333733));
#15782 = ADVANCED_FACE('',(#15783),#15789,.F.);
#15783 = FACE_BOUND('',#15784,.F.);
#15784 = EDGE_LOOP('',(#15785,#15786,#15787,#15788));
#15785 = ORIENTED_EDGE('',*,*,#15430,.T.);
#15786 = ORIENTED_EDGE('',*,*,#15445,.T.);
#15787 = ORIENTED_EDGE('',*,*,#15769,.F.);
#15788 = ORIENTED_EDGE('',*,*,#15357,.F.);
#15789 = PLANE('',#15790);
#15790 = AXIS2_PLACEMENT_3D('',#15791,#15792,#15793);
#15791 = CARTESIAN_POINT('',(33.,265.93974084905,27.350186904056));
#15792 = DIRECTION('',(0.,-0.995396198367,9.584575252016E-02));
#15793 = DIRECTION('',(0.,9.584575252016E-02,0.995396198367));
#15794 = ADVANCED_FACE('',(#15795),#15806,.F.);
#15795 = FACE_BOUND('',#15796,.F.);
#15796 = EDGE_LOOP('',(#15797,#15803,#15804,#15805));
#15797 = ORIENTED_EDGE('',*,*,#15798,.T.);
#15798 = EDGE_CURVE('',#15566,#15654,#15799,.T.);
#15799 = LINE('',#15800,#15801);
#15800 = CARTESIAN_POINT('',(219.,265.99832464672,28.30802352919));
#15801 = VECTOR('',#15802,1.);
#15802 = DIRECTION('',(1.,0.,0.));
#15803 = ORIENTED_EDGE('',*,*,#15661,.T.);
#15804 = ORIENTED_EDGE('',*,*,#15685,.F.);
#15805 = ORIENTED_EDGE('',*,*,#15573,.F.);
#15806 = PLANE('',#15807);
#15807 = AXIS2_PLACEMENT_3D('',#15808,#15809,#15810);
#15808 = CARTESIAN_POINT('',(219.,265.99832464672,28.30802352919));
#15809 = DIRECTION('',(0.,-0.999961923064,8.72653549851E-03));
#15810 = DIRECTION('',(0.,8.72653549851E-03,0.999961923064));
#15811 = ADVANCED_FACE('',(#15812),#15823,.F.);
#15812 = FACE_BOUND('',#15813,.F.);
#15813 = EDGE_LOOP('',(#15814,#15820,#15821,#15822));
#15814 = ORIENTED_EDGE('',*,*,#15815,.T.);
#15815 = EDGE_CURVE('',#15558,#15646,#15816,.T.);
#15816 = LINE('',#15817,#15818);
#15817 = CARTESIAN_POINT('',(219.,265.99329909721,28.116105536272));
#15818 = VECTOR('',#15819,1.);
#15819 = DIRECTION('',(1.,0.,0.));
#15820 = ORIENTED_EDGE('',*,*,#15653,.T.);
#15821 = ORIENTED_EDGE('',*,*,#15798,.F.);
#15822 = ORIENTED_EDGE('',*,*,#15565,.F.);
#15823 = PLANE('',#15824);
#15824 = AXIS2_PLACEMENT_3D('',#15825,#15826,#15827);
#15825 = CARTESIAN_POINT('',(219.,265.99329909721,28.116105536272));
#15826 = DIRECTION('',(0.,-0.999657324976,2.617694830765E-02));
#15827 = DIRECTION('',(0.,2.617694830765E-02,0.999657324976));
#15828 = ADVANCED_FACE('',(#15829),#15840,.F.);
#15829 = FACE_BOUND('',#15830,.F.);
#15830 = EDGE_LOOP('',(#15831,#15837,#15838,#15839));
#15831 = ORIENTED_EDGE('',*,*,#15832,.T.);
#15832 = EDGE_CURVE('',#15550,#15638,#15833,.T.);
#15833 = LINE('',#15834,#15835);
#15834 = CARTESIAN_POINT('',(219.,265.9849248823,27.924304481328));
#15835 = VECTOR('',#15836,1.);
#15836 = DIRECTION('',(1.,0.,0.));
#15837 = ORIENTED_EDGE('',*,*,#15645,.T.);
#15838 = ORIENTED_EDGE('',*,*,#15815,.F.);
#15839 = ORIENTED_EDGE('',*,*,#15557,.F.);
#15840 = PLANE('',#15841);
#15841 = AXIS2_PLACEMENT_3D('',#15842,#15843,#15844);
#15842 = CARTESIAN_POINT('',(219.,265.9849248823,27.924304481328));
#15843 = DIRECTION('',(0.,-0.999048221582,4.361938736531E-02));
#15844 = DIRECTION('',(0.,4.361938736531E-02,0.999048221582));
#15845 = ADVANCED_FACE('',(#15846),#15857,.F.);
#15846 = FACE_BOUND('',#15847,.F.);
#15847 = EDGE_LOOP('',(#15848,#15854,#15855,#15856));
#15848 = ORIENTED_EDGE('',*,*,#15849,.T.);
#15849 = EDGE_CURVE('',#15542,#15630,#15850,.T.);
#15850 = LINE('',#15851,#15852);
#15851 = CARTESIAN_POINT('',(219.,265.97320455285,27.732678788815));
#15852 = VECTOR('',#15853,1.);
#15853 = DIRECTION('',(1.,0.,0.));
#15854 = ORIENTED_EDGE('',*,*,#15637,.T.);
#15855 = ORIENTED_EDGE('',*,*,#15832,.F.);
#15856 = ORIENTED_EDGE('',*,*,#15549,.F.);
#15857 = PLANE('',#15858);
#15858 = AXIS2_PLACEMENT_3D('',#15859,#15860,#15861);
#15859 = CARTESIAN_POINT('',(219.,265.97320455285,27.732678788815));
#15860 = DIRECTION('',(0.,-0.998134798422,6.104853953491E-02));
#15861 = DIRECTION('',(0.,6.104853953491E-02,0.998134798422));
#15862 = ADVANCED_FACE('',(#15863),#15874,.F.);
#15863 = FACE_BOUND('',#15864,.F.);
#15864 = EDGE_LOOP('',(#15865,#15871,#15872,#15873));
#15865 = ORIENTED_EDGE('',*,*,#15866,.T.);
#15866 = EDGE_CURVE('',#15534,#15622,#15867,.T.);
#15867 = LINE('',#15868,#15869);
#15868 = CARTESIAN_POINT('',(219.,265.958141679,27.541286829776));
#15869 = VECTOR('',#15870,1.);
#15870 = DIRECTION('',(1.,0.,0.));
#15871 = ORIENTED_EDGE('',*,*,#15629,.T.);
#15872 = ORIENTED_EDGE('',*,*,#15849,.F.);
#15873 = ORIENTED_EDGE('',*,*,#15541,.F.);
#15874 = PLANE('',#15875);
#15875 = AXIS2_PLACEMENT_3D('',#15876,#15877,#15878);
#15876 = CARTESIAN_POINT('',(219.,265.958141679,27.541286829776));
#15877 = DIRECTION('',(0.,-0.996917333733,7.84590957279E-02));
#15878 = DIRECTION('',(0.,7.84590957279E-02,0.996917333733));
#15879 = ADVANCED_FACE('',(#15880),#15886,.F.);
#15880 = FACE_BOUND('',#15881,.F.);
#15881 = EDGE_LOOP('',(#15882,#15883,#15884,#15885));
#15882 = ORIENTED_EDGE('',*,*,#15606,.T.);
#15883 = ORIENTED_EDGE('',*,*,#15621,.T.);
#15884 = ORIENTED_EDGE('',*,*,#15866,.F.);
#15885 = ORIENTED_EDGE('',*,*,#15533,.F.);
#15886 = PLANE('',#15887);
#15887 = AXIS2_PLACEMENT_3D('',#15888,#15889,#15890);
#15888 = CARTESIAN_POINT('',(219.,265.93974084905,27.350186904056));
#15889 = DIRECTION('',(0.,-0.995396198367,9.584575252016E-02));
#15890 = DIRECTION('',(0.,9.584575252016E-02,0.995396198367));
#15891 = ADVANCED_FACE('',(#15892,#15977,#15988,#15999,#16010,#16021,
    #16032,#16043,#16070,#16097,#16124),#16151,.T.);
#15892 = FACE_BOUND('',#15893,.T.);
#15893 = EDGE_LOOP('',(#15894,#15895,#15896,#15897,#15898,#15899,#15900,
    #15901,#15902,#15903,#15904,#15905,#15906,#15907,#15916,#15925,
    #15933,#15942,#15951,#15959,#15968,#15975,#15976));
#15894 = ORIENTED_EDGE('',*,*,#14426,.F.);
#15895 = ORIENTED_EDGE('',*,*,#14316,.F.);
#15896 = ORIENTED_EDGE('',*,*,#14339,.T.);
#15897 = ORIENTED_EDGE('',*,*,#14496,.T.);
#15898 = ORIENTED_EDGE('',*,*,#14403,.F.);
#15899 = ORIENTED_EDGE('',*,*,#14699,.F.);
#15900 = ORIENTED_EDGE('',*,*,#14797,.F.);
#15901 = ORIENTED_EDGE('',*,*,#14258,.T.);
#15902 = ORIENTED_EDGE('',*,*,#14243,.F.);
#15903 = ORIENTED_EDGE('',*,*,#14193,.T.);
#15904 = ORIENTED_EDGE('',*,*,#14179,.F.);
#15905 = ORIENTED_EDGE('',*,*,#14129,.T.);
#15906 = ORIENTED_EDGE('',*,*,#14115,.T.);
#15907 = ORIENTED_EDGE('',*,*,#15908,.T.);
#15908 = EDGE_CURVE('',#14108,#15909,#15911,.T.);
#15909 = VERTEX_POINT('',#15910);
#15910 = CARTESIAN_POINT('',(14.,8.,22.));
#15911 = CIRCLE('',#15912,6.);
#15912 = AXIS2_PLACEMENT_3D('',#15913,#15914,#15915);
#15913 = CARTESIAN_POINT('',(8.,8.,22.));
#15914 = DIRECTION('',(0.,0.,1.));
#15915 = DIRECTION('',(1.,0.,0.));
#15916 = ORIENTED_EDGE('',*,*,#15917,.T.);
#15917 = EDGE_CURVE('',#15909,#15918,#15920,.T.);
#15918 = VERTEX_POINT('',#15919);
#15919 = CARTESIAN_POINT('',(3.,11.316624790356,22.));
#15920 = CIRCLE('',#15921,6.);
#15921 = AXIS2_PLACEMENT_3D('',#15922,#15923,#15924);
#15922 = CARTESIAN_POINT('',(8.,8.,22.));
#15923 = DIRECTION('',(0.,0.,1.));
#15924 = DIRECTION('',(1.,0.,0.));
#15925 = ORIENTED_EDGE('',*,*,#15926,.T.);
#15926 = EDGE_CURVE('',#15918,#15927,#15929,.T.);
#15927 = VERTEX_POINT('',#15928);
#15928 = CARTESIAN_POINT('',(3.,121.68337520964,22.));
#15929 = LINE('',#15930,#15931);
#15930 = CARTESIAN_POINT('',(3.,1.5,22.));
#15931 = VECTOR('',#15932,1.);
#15932 = DIRECTION('',(0.,1.,0.));
#15933 = ORIENTED_EDGE('',*,*,#15934,.T.);
#15934 = EDGE_CURVE('',#15927,#15935,#15937,.T.);
#15935 = VERTEX_POINT('',#15936);
#15936 = CARTESIAN_POINT('',(14.,125.,22.));
#15937 = CIRCLE('',#15938,6.);
#15938 = AXIS2_PLACEMENT_3D('',#15939,#15940,#15941);
#15939 = CARTESIAN_POINT('',(8.,125.,22.));
#15940 = DIRECTION('',(0.,0.,1.));
#15941 = DIRECTION('',(1.,0.,0.));
#15942 = ORIENTED_EDGE('',*,*,#15943,.T.);
#15943 = EDGE_CURVE('',#15935,#15944,#15946,.T.);
#15944 = VERTEX_POINT('',#15945);
#15945 = CARTESIAN_POINT('',(3.,128.31662479035,22.));
#15946 = CIRCLE('',#15947,6.);
#15947 = AXIS2_PLACEMENT_3D('',#15948,#15949,#15950);
#15948 = CARTESIAN_POINT('',(8.,125.,22.));
#15949 = DIRECTION('',(0.,0.,1.));
#15950 = DIRECTION('',(1.,0.,0.));
#15951 = ORIENTED_EDGE('',*,*,#15952,.T.);
#15952 = EDGE_CURVE('',#15944,#15953,#15955,.T.);
#15953 = VERTEX_POINT('',#15954);
#15954 = CARTESIAN_POINT('',(3.,238.68337520964,22.));
#15955 = LINE('',#15956,#15957);
#15956 = CARTESIAN_POINT('',(3.,1.5,22.));
#15957 = VECTOR('',#15958,1.);
#15958 = DIRECTION('',(0.,1.,0.));
#15959 = ORIENTED_EDGE('',*,*,#15960,.T.);
#15960 = EDGE_CURVE('',#15953,#15961,#15963,.T.);
#15961 = VERTEX_POINT('',#15962);
#15962 = CARTESIAN_POINT('',(14.,242.,22.));
#15963 = CIRCLE('',#15964,6.);
#15964 = AXIS2_PLACEMENT_3D('',#15965,#15966,#15967);
#15965 = CARTESIAN_POINT('',(8.,242.,22.));
#15966 = DIRECTION('',(0.,0.,1.));
#15967 = DIRECTION('',(1.,0.,0.));
#15968 = ORIENTED_EDGE('',*,*,#15969,.T.);
#15969 = EDGE_CURVE('',#15961,#14629,#15970,.T.);
#15970 = CIRCLE('',#15971,6.);
#15971 = AXIS2_PLACEMENT_3D('',#15972,#15973,#15974);
#15972 = CARTESIAN_POINT('',(8.,242.,22.));
#15973 = DIRECTION('',(0.,0.,1.));
#15974 = DIRECTION('',(1.,0.,0.));
#15975 = ORIENTED_EDGE('',*,*,#14636,.F.);
#15976 = ORIENTED_EDGE('',*,*,#14561,.F.);
#15977 = FACE_BOUND('',#15978,.T.);
#15978 = EDGE_LOOP('',(#15979));
#15979 = ORIENTED_EDGE('',*,*,#15980,.F.);
#15980 = EDGE_CURVE('',#15981,#15981,#15983,.T.);
#15981 = VERTEX_POINT('',#15982);
#15982 = CARTESIAN_POINT('',(9.7,125.,22.));
#15983 = CIRCLE('',#15984,1.7);
#15984 = AXIS2_PLACEMENT_3D('',#15985,#15986,#15987);
#15985 = CARTESIAN_POINT('',(8.,125.,22.));
#15986 = DIRECTION('',(0.,0.,1.));
#15987 = DIRECTION('',(1.,0.,0.));
#15988 = FACE_BOUND('',#15989,.T.);
#15989 = EDGE_LOOP('',(#15990));
#15990 = ORIENTED_EDGE('',*,*,#15991,.F.);
#15991 = EDGE_CURVE('',#15992,#15992,#15994,.T.);
#15992 = VERTEX_POINT('',#15993);
#15993 = CARTESIAN_POINT('',(9.7,8.,22.));
#15994 = CIRCLE('',#15995,1.7);
#15995 = AXIS2_PLACEMENT_3D('',#15996,#15997,#15998);
#15996 = CARTESIAN_POINT('',(8.,8.,22.));
#15997 = DIRECTION('',(0.,0.,1.));
#15998 = DIRECTION('',(1.,0.,0.));
#15999 = FACE_BOUND('',#16000,.T.);
#16000 = EDGE_LOOP('',(#16001));
#16001 = ORIENTED_EDGE('',*,*,#16002,.F.);
#16002 = EDGE_CURVE('',#16003,#16003,#16005,.T.);
#16003 = VERTEX_POINT('',#16004);
#16004 = CARTESIAN_POINT('',(255.7,125.,22.));
#16005 = CIRCLE('',#16006,1.7);
#16006 = AXIS2_PLACEMENT_3D('',#16007,#16008,#16009);
#16007 = CARTESIAN_POINT('',(254.,125.,22.));
#16008 = DIRECTION('',(0.,0.,1.));
#16009 = DIRECTION('',(1.,0.,0.));
#16010 = FACE_BOUND('',#16011,.T.);
#16011 = EDGE_LOOP('',(#16012));
#16012 = ORIENTED_EDGE('',*,*,#16013,.F.);
#16013 = EDGE_CURVE('',#16014,#16014,#16016,.T.);
#16014 = VERTEX_POINT('',#16015);
#16015 = CARTESIAN_POINT('',(9.7,242.,22.));
#16016 = CIRCLE('',#16017,1.7);
#16017 = AXIS2_PLACEMENT_3D('',#16018,#16019,#16020);
#16018 = CARTESIAN_POINT('',(8.,242.,22.));
#16019 = DIRECTION('',(0.,0.,1.));
#16020 = DIRECTION('',(1.,0.,0.));
#16021 = FACE_BOUND('',#16022,.T.);
#16022 = EDGE_LOOP('',(#16023));
#16023 = ORIENTED_EDGE('',*,*,#16024,.F.);
#16024 = EDGE_CURVE('',#16025,#16025,#16027,.T.);
#16025 = VERTEX_POINT('',#16026);
#16026 = CARTESIAN_POINT('',(255.7,8.,22.));
#16027 = CIRCLE('',#16028,1.7);
#16028 = AXIS2_PLACEMENT_3D('',#16029,#16030,#16031);
#16029 = CARTESIAN_POINT('',(254.,8.,22.));
#16030 = DIRECTION('',(0.,0.,1.));
#16031 = DIRECTION('',(1.,0.,0.));
#16032 = FACE_BOUND('',#16033,.T.);
#16033 = EDGE_LOOP('',(#16034));
#16034 = ORIENTED_EDGE('',*,*,#16035,.F.);
#16035 = EDGE_CURVE('',#16036,#16036,#16038,.T.);
#16036 = VERTEX_POINT('',#16037);
#16037 = CARTESIAN_POINT('',(255.7,242.,22.));
#16038 = CIRCLE('',#16039,1.7);
#16039 = AXIS2_PLACEMENT_3D('',#16040,#16041,#16042);
#16040 = CARTESIAN_POINT('',(254.,242.,22.));
#16041 = DIRECTION('',(0.,0.,1.));
#16042 = DIRECTION('',(1.,0.,0.));
#16043 = FACE_BOUND('',#16044,.T.);
#16044 = EDGE_LOOP('',(#16045,#16055,#16064));
#16045 = ORIENTED_EDGE('',*,*,#16046,.F.);
#16046 = EDGE_CURVE('',#16047,#16049,#16051,.T.);
#16047 = VERTEX_POINT('',#16048);
#16048 = CARTESIAN_POINT('',(259.,245.31662479035,22.));
#16049 = VERTEX_POINT('',#16050);
#16050 = CARTESIAN_POINT('',(259.,247.,22.));
#16051 = LINE('',#16052,#16053);
#16052 = CARTESIAN_POINT('',(259.,1.5,22.));
#16053 = VECTOR('',#16054,1.);
#16054 = DIRECTION('',(0.,1.,0.));
#16055 = ORIENTED_EDGE('',*,*,#16056,.T.);
#16056 = EDGE_CURVE('',#16047,#16057,#16059,.T.);
#16057 = VERTEX_POINT('',#16058);
#16058 = CARTESIAN_POINT('',(257.31662479035,247.,22.));
#16059 = CIRCLE('',#16060,6.);
#16060 = AXIS2_PLACEMENT_3D('',#16061,#16062,#16063);
#16061 = CARTESIAN_POINT('',(254.,242.,22.));
#16062 = DIRECTION('',(0.,0.,1.));
#16063 = DIRECTION('',(1.,0.,0.));
#16064 = ORIENTED_EDGE('',*,*,#16065,.F.);
#16065 = EDGE_CURVE('',#16049,#16057,#16066,.T.);
#16066 = LINE('',#16067,#16068);
#16067 = CARTESIAN_POINT('',(1.5,247.,22.));
#16068 = VECTOR('',#16069,1.);
#16069 = DIRECTION('',(-1.,0.,0.));
#16070 = FACE_BOUND('',#16071,.T.);
#16071 = EDGE_LOOP('',(#16072,#16082,#16091));
#16072 = ORIENTED_EDGE('',*,*,#16073,.T.);
#16073 = EDGE_CURVE('',#16074,#16076,#16078,.T.);
#16074 = VERTEX_POINT('',#16075);
#16075 = CARTESIAN_POINT('',(259.,3.,22.));
#16076 = VERTEX_POINT('',#16077);
#16077 = CARTESIAN_POINT('',(257.31662479035,3.,22.));
#16078 = LINE('',#16079,#16080);
#16079 = CARTESIAN_POINT('',(1.5,3.,22.));
#16080 = VECTOR('',#16081,1.);
#16081 = DIRECTION('',(-1.,0.,0.));
#16082 = ORIENTED_EDGE('',*,*,#16083,.T.);
#16083 = EDGE_CURVE('',#16076,#16084,#16086,.T.);
#16084 = VERTEX_POINT('',#16085);
#16085 = CARTESIAN_POINT('',(259.,4.683375209645,22.));
#16086 = CIRCLE('',#16087,6.);
#16087 = AXIS2_PLACEMENT_3D('',#16088,#16089,#16090);
#16088 = CARTESIAN_POINT('',(254.,8.,22.));
#16089 = DIRECTION('',(0.,0.,1.));
#16090 = DIRECTION('',(1.,0.,0.));
#16091 = ORIENTED_EDGE('',*,*,#16092,.F.);
#16092 = EDGE_CURVE('',#16074,#16084,#16093,.T.);
#16093 = LINE('',#16094,#16095);
#16094 = CARTESIAN_POINT('',(259.,1.5,22.));
#16095 = VECTOR('',#16096,1.);
#16096 = DIRECTION('',(0.,1.,0.));
#16097 = FACE_BOUND('',#16098,.T.);
#16098 = EDGE_LOOP('',(#16099,#16109,#16118));
#16099 = ORIENTED_EDGE('',*,*,#16100,.F.);
#16100 = EDGE_CURVE('',#16101,#16103,#16105,.T.);
#16101 = VERTEX_POINT('',#16102);
#16102 = CARTESIAN_POINT('',(4.683375209645,247.,22.));
#16103 = VERTEX_POINT('',#16104);
#16104 = CARTESIAN_POINT('',(3.,247.,22.));
#16105 = LINE('',#16106,#16107);
#16106 = CARTESIAN_POINT('',(1.5,247.,22.));
#16107 = VECTOR('',#16108,1.);
#16108 = DIRECTION('',(-1.,0.,0.));
#16109 = ORIENTED_EDGE('',*,*,#16110,.T.);
#16110 = EDGE_CURVE('',#16101,#16111,#16113,.T.);
#16111 = VERTEX_POINT('',#16112);
#16112 = CARTESIAN_POINT('',(3.,245.31662479035,22.));
#16113 = CIRCLE('',#16114,6.);
#16114 = AXIS2_PLACEMENT_3D('',#16115,#16116,#16117);
#16115 = CARTESIAN_POINT('',(8.,242.,22.));
#16116 = DIRECTION('',(0.,0.,1.));
#16117 = DIRECTION('',(1.,0.,0.));
#16118 = ORIENTED_EDGE('',*,*,#16119,.T.);
#16119 = EDGE_CURVE('',#16111,#16103,#16120,.T.);
#16120 = LINE('',#16121,#16122);
#16121 = CARTESIAN_POINT('',(3.,1.5,22.));
#16122 = VECTOR('',#16123,1.);
#16123 = DIRECTION('',(0.,1.,0.));
#16124 = FACE_BOUND('',#16125,.T.);
#16125 = EDGE_LOOP('',(#16126,#16136,#16145));
#16126 = ORIENTED_EDGE('',*,*,#16127,.T.);
#16127 = EDGE_CURVE('',#16128,#16130,#16132,.T.);
#16128 = VERTEX_POINT('',#16129);
#16129 = CARTESIAN_POINT('',(3.,3.,22.));
#16130 = VERTEX_POINT('',#16131);
#16131 = CARTESIAN_POINT('',(3.,4.683375209644,22.));
#16132 = LINE('',#16133,#16134);
#16133 = CARTESIAN_POINT('',(3.,1.5,22.));
#16134 = VECTOR('',#16135,1.);
#16135 = DIRECTION('',(0.,1.,0.));
#16136 = ORIENTED_EDGE('',*,*,#16137,.T.);
#16137 = EDGE_CURVE('',#16130,#16138,#16140,.T.);
#16138 = VERTEX_POINT('',#16139);
#16139 = CARTESIAN_POINT('',(4.683375209645,3.,22.));
#16140 = CIRCLE('',#16141,6.);
#16141 = AXIS2_PLACEMENT_3D('',#16142,#16143,#16144);
#16142 = CARTESIAN_POINT('',(8.,8.,22.));
#16143 = DIRECTION('',(0.,0.,1.));
#16144 = DIRECTION('',(1.,0.,0.));
#16145 = ORIENTED_EDGE('',*,*,#16146,.T.);
#16146 = EDGE_CURVE('',#16138,#16128,#16147,.T.);
#16147 = LINE('',#16148,#16149);
#16148 = CARTESIAN_POINT('',(1.5,3.,22.));
#16149 = VECTOR('',#16150,1.);
#16150 = DIRECTION('',(-1.,0.,0.));
#16151 = PLANE('',#16152);
#16152 = AXIS2_PLACEMENT_3D('',#16153,#16154,#16155);
#16153 = CARTESIAN_POINT('',(130.71223202215,95.277006628321,22.));
#16154 = DIRECTION('',(0.,0.,1.));
#16155 = DIRECTION('',(1.,0.,0.));
#16156 = ADVANCED_FACE('',(#16157),#16182,.T.);
#16157 = FACE_BOUND('',#16158,.T.);
#16158 = EDGE_LOOP('',(#16159,#16167,#16175,#16181));
#16159 = ORIENTED_EDGE('',*,*,#16160,.F.);
#16160 = EDGE_CURVE('',#16161,#15918,#16163,.T.);
#16161 = VERTEX_POINT('',#16162);
#16162 = CARTESIAN_POINT('',(3.,11.316624790355,3.));
#16163 = LINE('',#16164,#16165);
#16164 = CARTESIAN_POINT('',(3.,11.316624790355,0.));
#16165 = VECTOR('',#16166,1.);
#16166 = DIRECTION('',(0.,0.,1.));
#16167 = ORIENTED_EDGE('',*,*,#16168,.T.);
#16168 = EDGE_CURVE('',#16161,#16169,#16171,.T.);
#16169 = VERTEX_POINT('',#16170);
#16170 = CARTESIAN_POINT('',(3.,121.68337520964,3.));
#16171 = LINE('',#16172,#16173);
#16172 = CARTESIAN_POINT('',(3.,3.,3.));
#16173 = VECTOR('',#16174,1.);
#16174 = DIRECTION('',(0.,1.,0.));
#16175 = ORIENTED_EDGE('',*,*,#16176,.T.);
#16176 = EDGE_CURVE('',#16169,#15927,#16177,.T.);
#16177 = LINE('',#16178,#16179);
#16178 = CARTESIAN_POINT('',(3.,121.68337520964,0.));
#16179 = VECTOR('',#16180,1.);
#16180 = DIRECTION('',(0.,0.,1.));
#16181 = ORIENTED_EDGE('',*,*,#15926,.F.);
#16182 = PLANE('',#16183);
#16183 = AXIS2_PLACEMENT_3D('',#16184,#16185,#16186);
#16184 = CARTESIAN_POINT('',(3.,3.,3.));
#16185 = DIRECTION('',(1.,0.,0.));
#16186 = DIRECTION('',(0.,0.,1.));
#16187 = ADVANCED_FACE('',(#16188),#16213,.T.);
#16188 = FACE_BOUND('',#16189,.T.);
#16189 = EDGE_LOOP('',(#16190,#16198,#16206,#16212));
#16190 = ORIENTED_EDGE('',*,*,#16191,.F.);
#16191 = EDGE_CURVE('',#16192,#15944,#16194,.T.);
#16192 = VERTEX_POINT('',#16193);
#16193 = CARTESIAN_POINT('',(3.,128.31662479035,3.));
#16194 = LINE('',#16195,#16196);
#16195 = CARTESIAN_POINT('',(3.,128.31662479035,0.));
#16196 = VECTOR('',#16197,1.);
#16197 = DIRECTION('',(0.,0.,1.));
#16198 = ORIENTED_EDGE('',*,*,#16199,.T.);
#16199 = EDGE_CURVE('',#16192,#16200,#16202,.T.);
#16200 = VERTEX_POINT('',#16201);
#16201 = CARTESIAN_POINT('',(3.,238.68337520964,3.));
#16202 = LINE('',#16203,#16204);
#16203 = CARTESIAN_POINT('',(3.,3.,3.));
#16204 = VECTOR('',#16205,1.);
#16205 = DIRECTION('',(0.,1.,0.));
#16206 = ORIENTED_EDGE('',*,*,#16207,.T.);
#16207 = EDGE_CURVE('',#16200,#15953,#16208,.T.);
#16208 = LINE('',#16209,#16210);
#16209 = CARTESIAN_POINT('',(3.,238.68337520964,0.));
#16210 = VECTOR('',#16211,1.);
#16211 = DIRECTION('',(0.,0.,1.));
#16212 = ORIENTED_EDGE('',*,*,#15952,.F.);
#16213 = PLANE('',#16214);
#16214 = AXIS2_PLACEMENT_3D('',#16215,#16216,#16217);
#16215 = CARTESIAN_POINT('',(3.,3.,3.));
#16216 = DIRECTION('',(1.,0.,0.));
#16217 = DIRECTION('',(0.,0.,1.));
#16218 = ADVANCED_FACE('',(#16219),#16246,.F.);
#16219 = FACE_BOUND('',#16220,.F.);
#16220 = EDGE_LOOP('',(#16221,#16231,#16238,#16239));
#16221 = ORIENTED_EDGE('',*,*,#16222,.T.);
#16222 = EDGE_CURVE('',#16223,#16225,#16227,.T.);
#16223 = VERTEX_POINT('',#16224);
#16224 = CARTESIAN_POINT('',(12.1,125.,0.));
#16225 = VERTEX_POINT('',#16226);
#16226 = CARTESIAN_POINT('',(12.1,125.,13.5));
#16227 = LINE('',#16228,#16229);
#16228 = CARTESIAN_POINT('',(12.1,125.,-1.));
#16229 = VECTOR('',#16230,1.);
#16230 = DIRECTION('',(0.,0.,1.));
#16231 = ORIENTED_EDGE('',*,*,#16232,.F.);
#16232 = EDGE_CURVE('',#16225,#16225,#16233,.T.);
#16233 = CIRCLE('',#16234,4.1);
#16234 = AXIS2_PLACEMENT_3D('',#16235,#16236,#16237);
#16235 = CARTESIAN_POINT('',(8.,125.,13.5));
#16236 = DIRECTION('',(0.,0.,1.));
#16237 = DIRECTION('',(1.,0.,0.));
#16238 = ORIENTED_EDGE('',*,*,#16222,.F.);
#16239 = ORIENTED_EDGE('',*,*,#16240,.T.);
#16240 = EDGE_CURVE('',#16223,#16223,#16241,.T.);
#16241 = CIRCLE('',#16242,4.1);
#16242 = AXIS2_PLACEMENT_3D('',#16243,#16244,#16245);
#16243 = CARTESIAN_POINT('',(8.,125.,0.));
#16244 = DIRECTION('',(0.,0.,1.));
#16245 = DIRECTION('',(1.,0.,0.));
#16246 = CYLINDRICAL_SURFACE('',#16247,4.1);
#16247 = AXIS2_PLACEMENT_3D('',#16248,#16249,#16250);
#16248 = CARTESIAN_POINT('',(8.,125.,-1.));
#16249 = DIRECTION('',(0.,0.,1.));
#16250 = DIRECTION('',(1.,0.,0.));
#16251 = ADVANCED_FACE('',(#16252,#16255),#16266,.F.);
#16252 = FACE_BOUND('',#16253,.F.);
#16253 = EDGE_LOOP('',(#16254));
#16254 = ORIENTED_EDGE('',*,*,#16232,.T.);
#16255 = FACE_BOUND('',#16256,.F.);
#16256 = EDGE_LOOP('',(#16257));
#16257 = ORIENTED_EDGE('',*,*,#16258,.F.);
#16258 = EDGE_CURVE('',#16259,#16259,#16261,.T.);
#16259 = VERTEX_POINT('',#16260);
#16260 = CARTESIAN_POINT('',(9.7,125.,13.5));
#16261 = CIRCLE('',#16262,1.7);
#16262 = AXIS2_PLACEMENT_3D('',#16263,#16264,#16265);
#16263 = CARTESIAN_POINT('',(8.,125.,13.5));
#16264 = DIRECTION('',(0.,0.,1.));
#16265 = DIRECTION('',(1.,0.,0.));
#16266 = PLANE('',#16267);
#16267 = AXIS2_PLACEMENT_3D('',#16268,#16269,#16270);
#16268 = CARTESIAN_POINT('',(8.,125.,13.5));
#16269 = DIRECTION('',(0.,0.,1.));
#16270 = DIRECTION('',(1.,0.,0.));
#16271 = ADVANCED_FACE('',(#16272),#16283,.F.);
#16272 = FACE_BOUND('',#16273,.F.);
#16273 = EDGE_LOOP('',(#16274,#16275,#16281,#16282));
#16274 = ORIENTED_EDGE('',*,*,#15980,.F.);
#16275 = ORIENTED_EDGE('',*,*,#16276,.F.);
#16276 = EDGE_CURVE('',#16259,#15981,#16277,.T.);
#16277 = LINE('',#16278,#16279);
#16278 = CARTESIAN_POINT('',(9.7,125.,13.5));
#16279 = VECTOR('',#16280,1.);
#16280 = DIRECTION('',(0.,0.,1.));
#16281 = ORIENTED_EDGE('',*,*,#16258,.T.);
#16282 = ORIENTED_EDGE('',*,*,#16276,.T.);
#16283 = CYLINDRICAL_SURFACE('',#16284,1.7);
#16284 = AXIS2_PLACEMENT_3D('',#16285,#16286,#16287);
#16285 = CARTESIAN_POINT('',(8.,125.,13.5));
#16286 = DIRECTION('',(0.,0.,1.));
#16287 = DIRECTION('',(1.,0.,0.));
#16288 = ADVANCED_FACE('',(#16289),#16316,.F.);
#16289 = FACE_BOUND('',#16290,.F.);
#16290 = EDGE_LOOP('',(#16291,#16301,#16308,#16309));
#16291 = ORIENTED_EDGE('',*,*,#16292,.T.);
#16292 = EDGE_CURVE('',#16293,#16295,#16297,.T.);
#16293 = VERTEX_POINT('',#16294);
#16294 = CARTESIAN_POINT('',(12.1,8.,0.));
#16295 = VERTEX_POINT('',#16296);
#16296 = CARTESIAN_POINT('',(12.1,8.,13.5));
#16297 = LINE('',#16298,#16299);
#16298 = CARTESIAN_POINT('',(12.1,8.,-1.));
#16299 = VECTOR('',#16300,1.);
#16300 = DIRECTION('',(0.,0.,1.));
#16301 = ORIENTED_EDGE('',*,*,#16302,.F.);
#16302 = EDGE_CURVE('',#16295,#16295,#16303,.T.);
#16303 = CIRCLE('',#16304,4.1);
#16304 = AXIS2_PLACEMENT_3D('',#16305,#16306,#16307);
#16305 = CARTESIAN_POINT('',(8.,8.,13.5));
#16306 = DIRECTION('',(0.,0.,1.));
#16307 = DIRECTION('',(1.,0.,0.));
#16308 = ORIENTED_EDGE('',*,*,#16292,.F.);
#16309 = ORIENTED_EDGE('',*,*,#16310,.T.);
#16310 = EDGE_CURVE('',#16293,#16293,#16311,.T.);
#16311 = CIRCLE('',#16312,4.1);
#16312 = AXIS2_PLACEMENT_3D('',#16313,#16314,#16315);
#16313 = CARTESIAN_POINT('',(8.,8.,0.));
#16314 = DIRECTION('',(0.,0.,1.));
#16315 = DIRECTION('',(1.,0.,0.));
#16316 = CYLINDRICAL_SURFACE('',#16317,4.1);
#16317 = AXIS2_PLACEMENT_3D('',#16318,#16319,#16320);
#16318 = CARTESIAN_POINT('',(8.,8.,-1.));
#16319 = DIRECTION('',(0.,0.,1.));
#16320 = DIRECTION('',(1.,0.,0.));
#16321 = ADVANCED_FACE('',(#16322,#16325),#16336,.F.);
#16322 = FACE_BOUND('',#16323,.F.);
#16323 = EDGE_LOOP('',(#16324));
#16324 = ORIENTED_EDGE('',*,*,#16302,.T.);
#16325 = FACE_BOUND('',#16326,.F.);
#16326 = EDGE_LOOP('',(#16327));
#16327 = ORIENTED_EDGE('',*,*,#16328,.F.);
#16328 = EDGE_CURVE('',#16329,#16329,#16331,.T.);
#16329 = VERTEX_POINT('',#16330);
#16330 = CARTESIAN_POINT('',(9.7,8.,13.5));
#16331 = CIRCLE('',#16332,1.7);
#16332 = AXIS2_PLACEMENT_3D('',#16333,#16334,#16335);
#16333 = CARTESIAN_POINT('',(8.,8.,13.5));
#16334 = DIRECTION('',(0.,0.,1.));
#16335 = DIRECTION('',(1.,0.,0.));
#16336 = PLANE('',#16337);
#16337 = AXIS2_PLACEMENT_3D('',#16338,#16339,#16340);
#16338 = CARTESIAN_POINT('',(8.,8.,13.5));
#16339 = DIRECTION('',(0.,0.,1.));
#16340 = DIRECTION('',(1.,0.,0.));
#16341 = ADVANCED_FACE('',(#16342),#16353,.F.);
#16342 = FACE_BOUND('',#16343,.F.);
#16343 = EDGE_LOOP('',(#16344,#16345,#16351,#16352));
#16344 = ORIENTED_EDGE('',*,*,#15991,.F.);
#16345 = ORIENTED_EDGE('',*,*,#16346,.F.);
#16346 = EDGE_CURVE('',#16329,#15992,#16347,.T.);
#16347 = LINE('',#16348,#16349);
#16348 = CARTESIAN_POINT('',(9.7,8.,13.5));
#16349 = VECTOR('',#16350,1.);
#16350 = DIRECTION('',(0.,0.,1.));
#16351 = ORIENTED_EDGE('',*,*,#16328,.T.);
#16352 = ORIENTED_EDGE('',*,*,#16346,.T.);
#16353 = CYLINDRICAL_SURFACE('',#16354,1.7);
#16354 = AXIS2_PLACEMENT_3D('',#16355,#16356,#16357);
#16355 = CARTESIAN_POINT('',(8.,8.,13.5));
#16356 = DIRECTION('',(0.,0.,1.));
#16357 = DIRECTION('',(1.,0.,0.));
#16358 = ADVANCED_FACE('',(#16359),#16386,.F.);
#16359 = FACE_BOUND('',#16360,.F.);
#16360 = EDGE_LOOP('',(#16361,#16371,#16378,#16379));
#16361 = ORIENTED_EDGE('',*,*,#16362,.T.);
#16362 = EDGE_CURVE('',#16363,#16365,#16367,.T.);
#16363 = VERTEX_POINT('',#16364);
#16364 = CARTESIAN_POINT('',(258.1,125.,0.));
#16365 = VERTEX_POINT('',#16366);
#16366 = CARTESIAN_POINT('',(258.1,125.,13.5));
#16367 = LINE('',#16368,#16369);
#16368 = CARTESIAN_POINT('',(258.1,125.,-1.));
#16369 = VECTOR('',#16370,1.);
#16370 = DIRECTION('',(0.,0.,1.));
#16371 = ORIENTED_EDGE('',*,*,#16372,.F.);
#16372 = EDGE_CURVE('',#16365,#16365,#16373,.T.);
#16373 = CIRCLE('',#16374,4.1);
#16374 = AXIS2_PLACEMENT_3D('',#16375,#16376,#16377);
#16375 = CARTESIAN_POINT('',(254.,125.,13.5));
#16376 = DIRECTION('',(0.,0.,1.));
#16377 = DIRECTION('',(1.,0.,0.));
#16378 = ORIENTED_EDGE('',*,*,#16362,.F.);
#16379 = ORIENTED_EDGE('',*,*,#16380,.T.);
#16380 = EDGE_CURVE('',#16363,#16363,#16381,.T.);
#16381 = CIRCLE('',#16382,4.1);
#16382 = AXIS2_PLACEMENT_3D('',#16383,#16384,#16385);
#16383 = CARTESIAN_POINT('',(254.,125.,0.));
#16384 = DIRECTION('',(0.,0.,1.));
#16385 = DIRECTION('',(1.,0.,0.));
#16386 = CYLINDRICAL_SURFACE('',#16387,4.1);
#16387 = AXIS2_PLACEMENT_3D('',#16388,#16389,#16390);
#16388 = CARTESIAN_POINT('',(254.,125.,-1.));
#16389 = DIRECTION('',(0.,0.,1.));
#16390 = DIRECTION('',(1.,0.,0.));
#16391 = ADVANCED_FACE('',(#16392,#16395),#16406,.F.);
#16392 = FACE_BOUND('',#16393,.F.);
#16393 = EDGE_LOOP('',(#16394));
#16394 = ORIENTED_EDGE('',*,*,#16372,.T.);
#16395 = FACE_BOUND('',#16396,.F.);
#16396 = EDGE_LOOP('',(#16397));
#16397 = ORIENTED_EDGE('',*,*,#16398,.F.);
#16398 = EDGE_CURVE('',#16399,#16399,#16401,.T.);
#16399 = VERTEX_POINT('',#16400);
#16400 = CARTESIAN_POINT('',(255.7,125.,13.5));
#16401 = CIRCLE('',#16402,1.7);
#16402 = AXIS2_PLACEMENT_3D('',#16403,#16404,#16405);
#16403 = CARTESIAN_POINT('',(254.,125.,13.5));
#16404 = DIRECTION('',(0.,0.,1.));
#16405 = DIRECTION('',(1.,0.,0.));
#16406 = PLANE('',#16407);
#16407 = AXIS2_PLACEMENT_3D('',#16408,#16409,#16410);
#16408 = CARTESIAN_POINT('',(254.,125.,13.5));
#16409 = DIRECTION('',(0.,0.,1.));
#16410 = DIRECTION('',(1.,0.,0.));
#16411 = ADVANCED_FACE('',(#16412),#16423,.F.);
#16412 = FACE_BOUND('',#16413,.F.);
#16413 = EDGE_LOOP('',(#16414,#16415,#16421,#16422));
#16414 = ORIENTED_EDGE('',*,*,#16002,.F.);
#16415 = ORIENTED_EDGE('',*,*,#16416,.F.);
#16416 = EDGE_CURVE('',#16399,#16003,#16417,.T.);
#16417 = LINE('',#16418,#16419);
#16418 = CARTESIAN_POINT('',(255.7,125.,13.5));
#16419 = VECTOR('',#16420,1.);
#16420 = DIRECTION('',(0.,0.,1.));
#16421 = ORIENTED_EDGE('',*,*,#16398,.T.);
#16422 = ORIENTED_EDGE('',*,*,#16416,.T.);
#16423 = CYLINDRICAL_SURFACE('',#16424,1.7);
#16424 = AXIS2_PLACEMENT_3D('',#16425,#16426,#16427);
#16425 = CARTESIAN_POINT('',(254.,125.,13.5));
#16426 = DIRECTION('',(0.,0.,1.));
#16427 = DIRECTION('',(1.,0.,0.));
#16428 = ADVANCED_FACE('',(#16429),#16456,.F.);
#16429 = FACE_BOUND('',#16430,.F.);
#16430 = EDGE_LOOP('',(#16431,#16441,#16448,#16449));
#16431 = ORIENTED_EDGE('',*,*,#16432,.T.);
#16432 = EDGE_CURVE('',#16433,#16435,#16437,.T.);
#16433 = VERTEX_POINT('',#16434);
#16434 = CARTESIAN_POINT('',(12.1,242.,0.));
#16435 = VERTEX_POINT('',#16436);
#16436 = CARTESIAN_POINT('',(12.1,242.,13.5));
#16437 = LINE('',#16438,#16439);
#16438 = CARTESIAN_POINT('',(12.1,242.,-1.));
#16439 = VECTOR('',#16440,1.);
#16440 = DIRECTION('',(0.,0.,1.));
#16441 = ORIENTED_EDGE('',*,*,#16442,.F.);
#16442 = EDGE_CURVE('',#16435,#16435,#16443,.T.);
#16443 = CIRCLE('',#16444,4.1);
#16444 = AXIS2_PLACEMENT_3D('',#16445,#16446,#16447);
#16445 = CARTESIAN_POINT('',(8.,242.,13.5));
#16446 = DIRECTION('',(0.,0.,1.));
#16447 = DIRECTION('',(1.,0.,0.));
#16448 = ORIENTED_EDGE('',*,*,#16432,.F.);
#16449 = ORIENTED_EDGE('',*,*,#16450,.T.);
#16450 = EDGE_CURVE('',#16433,#16433,#16451,.T.);
#16451 = CIRCLE('',#16452,4.1);
#16452 = AXIS2_PLACEMENT_3D('',#16453,#16454,#16455);
#16453 = CARTESIAN_POINT('',(8.,242.,0.));
#16454 = DIRECTION('',(0.,0.,1.));
#16455 = DIRECTION('',(1.,0.,0.));
#16456 = CYLINDRICAL_SURFACE('',#16457,4.1);
#16457 = AXIS2_PLACEMENT_3D('',#16458,#16459,#16460);
#16458 = CARTESIAN_POINT('',(8.,242.,-1.));
#16459 = DIRECTION('',(0.,0.,1.));
#16460 = DIRECTION('',(1.,0.,0.));
#16461 = ADVANCED_FACE('',(#16462,#16465),#16476,.F.);
#16462 = FACE_BOUND('',#16463,.F.);
#16463 = EDGE_LOOP('',(#16464));
#16464 = ORIENTED_EDGE('',*,*,#16442,.T.);
#16465 = FACE_BOUND('',#16466,.F.);
#16466 = EDGE_LOOP('',(#16467));
#16467 = ORIENTED_EDGE('',*,*,#16468,.F.);
#16468 = EDGE_CURVE('',#16469,#16469,#16471,.T.);
#16469 = VERTEX_POINT('',#16470);
#16470 = CARTESIAN_POINT('',(9.7,242.,13.5));
#16471 = CIRCLE('',#16472,1.7);
#16472 = AXIS2_PLACEMENT_3D('',#16473,#16474,#16475);
#16473 = CARTESIAN_POINT('',(8.,242.,13.5));
#16474 = DIRECTION('',(0.,0.,1.));
#16475 = DIRECTION('',(1.,0.,0.));
#16476 = PLANE('',#16477);
#16477 = AXIS2_PLACEMENT_3D('',#16478,#16479,#16480);
#16478 = CARTESIAN_POINT('',(8.,242.,13.5));
#16479 = DIRECTION('',(0.,0.,1.));
#16480 = DIRECTION('',(1.,0.,0.));
#16481 = ADVANCED_FACE('',(#16482),#16493,.F.);
#16482 = FACE_BOUND('',#16483,.F.);
#16483 = EDGE_LOOP('',(#16484,#16485,#16491,#16492));
#16484 = ORIENTED_EDGE('',*,*,#16013,.F.);
#16485 = ORIENTED_EDGE('',*,*,#16486,.F.);
#16486 = EDGE_CURVE('',#16469,#16014,#16487,.T.);
#16487 = LINE('',#16488,#16489);
#16488 = CARTESIAN_POINT('',(9.7,242.,13.5));
#16489 = VECTOR('',#16490,1.);
#16490 = DIRECTION('',(0.,0.,1.));
#16491 = ORIENTED_EDGE('',*,*,#16468,.T.);
#16492 = ORIENTED_EDGE('',*,*,#16486,.T.);
#16493 = CYLINDRICAL_SURFACE('',#16494,1.7);
#16494 = AXIS2_PLACEMENT_3D('',#16495,#16496,#16497);
#16495 = CARTESIAN_POINT('',(8.,242.,13.5));
#16496 = DIRECTION('',(0.,0.,1.));
#16497 = DIRECTION('',(1.,0.,0.));
#16498 = ADVANCED_FACE('',(#16499),#16526,.F.);
#16499 = FACE_BOUND('',#16500,.F.);
#16500 = EDGE_LOOP('',(#16501,#16511,#16518,#16519));
#16501 = ORIENTED_EDGE('',*,*,#16502,.T.);
#16502 = EDGE_CURVE('',#16503,#16505,#16507,.T.);
#16503 = VERTEX_POINT('',#16504);
#16504 = CARTESIAN_POINT('',(258.1,8.,0.));
#16505 = VERTEX_POINT('',#16506);
#16506 = CARTESIAN_POINT('',(258.1,8.,13.5));
#16507 = LINE('',#16508,#16509);
#16508 = CARTESIAN_POINT('',(258.1,8.,-1.));
#16509 = VECTOR('',#16510,1.);
#16510 = DIRECTION('',(0.,0.,1.));
#16511 = ORIENTED_EDGE('',*,*,#16512,.F.);
#16512 = EDGE_CURVE('',#16505,#16505,#16513,.T.);
#16513 = CIRCLE('',#16514,4.1);
#16514 = AXIS2_PLACEMENT_3D('',#16515,#16516,#16517);
#16515 = CARTESIAN_POINT('',(254.,8.,13.5));
#16516 = DIRECTION('',(0.,0.,1.));
#16517 = DIRECTION('',(1.,0.,0.));
#16518 = ORIENTED_EDGE('',*,*,#16502,.F.);
#16519 = ORIENTED_EDGE('',*,*,#16520,.T.);
#16520 = EDGE_CURVE('',#16503,#16503,#16521,.T.);
#16521 = CIRCLE('',#16522,4.1);
#16522 = AXIS2_PLACEMENT_3D('',#16523,#16524,#16525);
#16523 = CARTESIAN_POINT('',(254.,8.,0.));
#16524 = DIRECTION('',(0.,0.,1.));
#16525 = DIRECTION('',(1.,0.,0.));
#16526 = CYLINDRICAL_SURFACE('',#16527,4.1);
#16527 = AXIS2_PLACEMENT_3D('',#16528,#16529,#16530);
#16528 = CARTESIAN_POINT('',(254.,8.,-1.));
#16529 = DIRECTION('',(0.,0.,1.));
#16530 = DIRECTION('',(1.,0.,0.));
#16531 = ADVANCED_FACE('',(#16532,#16535),#16546,.F.);
#16532 = FACE_BOUND('',#16533,.F.);
#16533 = EDGE_LOOP('',(#16534));
#16534 = ORIENTED_EDGE('',*,*,#16512,.T.);
#16535 = FACE_BOUND('',#16536,.F.);
#16536 = EDGE_LOOP('',(#16537));
#16537 = ORIENTED_EDGE('',*,*,#16538,.F.);
#16538 = EDGE_CURVE('',#16539,#16539,#16541,.T.);
#16539 = VERTEX_POINT('',#16540);
#16540 = CARTESIAN_POINT('',(255.7,8.,13.5));
#16541 = CIRCLE('',#16542,1.7);
#16542 = AXIS2_PLACEMENT_3D('',#16543,#16544,#16545);
#16543 = CARTESIAN_POINT('',(254.,8.,13.5));
#16544 = DIRECTION('',(0.,0.,1.));
#16545 = DIRECTION('',(1.,0.,0.));
#16546 = PLANE('',#16547);
#16547 = AXIS2_PLACEMENT_3D('',#16548,#16549,#16550);
#16548 = CARTESIAN_POINT('',(254.,8.,13.5));
#16549 = DIRECTION('',(0.,0.,1.));
#16550 = DIRECTION('',(1.,0.,0.));
#16551 = ADVANCED_FACE('',(#16552),#16563,.F.);
#16552 = FACE_BOUND('',#16553,.F.);
#16553 = EDGE_LOOP('',(#16554,#16555,#16561,#16562));
#16554 = ORIENTED_EDGE('',*,*,#16024,.F.);
#16555 = ORIENTED_EDGE('',*,*,#16556,.F.);
#16556 = EDGE_CURVE('',#16539,#16025,#16557,.T.);
#16557 = LINE('',#16558,#16559);
#16558 = CARTESIAN_POINT('',(255.7,8.,13.5));
#16559 = VECTOR('',#16560,1.);
#16560 = DIRECTION('',(0.,0.,1.));
#16561 = ORIENTED_EDGE('',*,*,#16538,.T.);
#16562 = ORIENTED_EDGE('',*,*,#16556,.T.);
#16563 = CYLINDRICAL_SURFACE('',#16564,1.7);
#16564 = AXIS2_PLACEMENT_3D('',#16565,#16566,#16567);
#16565 = CARTESIAN_POINT('',(254.,8.,13.5));
#16566 = DIRECTION('',(0.,0.,1.));
#16567 = DIRECTION('',(1.,0.,0.));
#16568 = ADVANCED_FACE('',(#16569),#16596,.F.);
#16569 = FACE_BOUND('',#16570,.F.);
#16570 = EDGE_LOOP('',(#16571,#16581,#16588,#16589));
#16571 = ORIENTED_EDGE('',*,*,#16572,.T.);
#16572 = EDGE_CURVE('',#16573,#16575,#16577,.T.);
#16573 = VERTEX_POINT('',#16574);
#16574 = CARTESIAN_POINT('',(258.1,242.,0.));
#16575 = VERTEX_POINT('',#16576);
#16576 = CARTESIAN_POINT('',(258.1,242.,13.5));
#16577 = LINE('',#16578,#16579);
#16578 = CARTESIAN_POINT('',(258.1,242.,-1.));
#16579 = VECTOR('',#16580,1.);
#16580 = DIRECTION('',(0.,0.,1.));
#16581 = ORIENTED_EDGE('',*,*,#16582,.F.);
#16582 = EDGE_CURVE('',#16575,#16575,#16583,.T.);
#16583 = CIRCLE('',#16584,4.1);
#16584 = AXIS2_PLACEMENT_3D('',#16585,#16586,#16587);
#16585 = CARTESIAN_POINT('',(254.,242.,13.5));
#16586 = DIRECTION('',(0.,0.,1.));
#16587 = DIRECTION('',(1.,0.,0.));
#16588 = ORIENTED_EDGE('',*,*,#16572,.F.);
#16589 = ORIENTED_EDGE('',*,*,#16590,.T.);
#16590 = EDGE_CURVE('',#16573,#16573,#16591,.T.);
#16591 = CIRCLE('',#16592,4.1);
#16592 = AXIS2_PLACEMENT_3D('',#16593,#16594,#16595);
#16593 = CARTESIAN_POINT('',(254.,242.,0.));
#16594 = DIRECTION('',(0.,0.,1.));
#16595 = DIRECTION('',(1.,0.,0.));
#16596 = CYLINDRICAL_SURFACE('',#16597,4.1);
#16597 = AXIS2_PLACEMENT_3D('',#16598,#16599,#16600);
#16598 = CARTESIAN_POINT('',(254.,242.,-1.));
#16599 = DIRECTION('',(0.,0.,1.));
#16600 = DIRECTION('',(1.,0.,0.));
#16601 = ADVANCED_FACE('',(#16602,#16605),#16616,.F.);
#16602 = FACE_BOUND('',#16603,.F.);
#16603 = EDGE_LOOP('',(#16604));
#16604 = ORIENTED_EDGE('',*,*,#16582,.T.);
#16605 = FACE_BOUND('',#16606,.F.);
#16606 = EDGE_LOOP('',(#16607));
#16607 = ORIENTED_EDGE('',*,*,#16608,.F.);
#16608 = EDGE_CURVE('',#16609,#16609,#16611,.T.);
#16609 = VERTEX_POINT('',#16610);
#16610 = CARTESIAN_POINT('',(255.7,242.,13.5));
#16611 = CIRCLE('',#16612,1.7);
#16612 = AXIS2_PLACEMENT_3D('',#16613,#16614,#16615);
#16613 = CARTESIAN_POINT('',(254.,242.,13.5));
#16614 = DIRECTION('',(0.,0.,1.));
#16615 = DIRECTION('',(1.,0.,0.));
#16616 = PLANE('',#16617);
#16617 = AXIS2_PLACEMENT_3D('',#16618,#16619,#16620);
#16618 = CARTESIAN_POINT('',(254.,242.,13.5));
#16619 = DIRECTION('',(0.,0.,1.));
#16620 = DIRECTION('',(1.,0.,0.));
#16621 = ADVANCED_FACE('',(#16622),#16633,.F.);
#16622 = FACE_BOUND('',#16623,.F.);
#16623 = EDGE_LOOP('',(#16624,#16625,#16631,#16632));
#16624 = ORIENTED_EDGE('',*,*,#16035,.F.);
#16625 = ORIENTED_EDGE('',*,*,#16626,.F.);
#16626 = EDGE_CURVE('',#16609,#16036,#16627,.T.);
#16627 = LINE('',#16628,#16629);
#16628 = CARTESIAN_POINT('',(255.7,242.,13.5));
#16629 = VECTOR('',#16630,1.);
#16630 = DIRECTION('',(0.,0.,1.));
#16631 = ORIENTED_EDGE('',*,*,#16608,.T.);
#16632 = ORIENTED_EDGE('',*,*,#16626,.T.);
#16633 = CYLINDRICAL_SURFACE('',#16634,1.7);
#16634 = AXIS2_PLACEMENT_3D('',#16635,#16636,#16637);
#16635 = CARTESIAN_POINT('',(254.,242.,13.5));
#16636 = DIRECTION('',(0.,0.,1.));
#16637 = DIRECTION('',(1.,0.,0.));
#16638 = ADVANCED_FACE('',(#16639),#16664,.F.);
#16639 = FACE_BOUND('',#16640,.F.);
#16640 = EDGE_LOOP('',(#16641,#16649,#16657,#16663));
#16641 = ORIENTED_EDGE('',*,*,#16642,.F.);
#16642 = EDGE_CURVE('',#16643,#16047,#16645,.T.);
#16643 = VERTEX_POINT('',#16644);
#16644 = CARTESIAN_POINT('',(259.,245.31662479035,3.));
#16645 = LINE('',#16646,#16647);
#16646 = CARTESIAN_POINT('',(259.,245.31662479035,0.));
#16647 = VECTOR('',#16648,1.);
#16648 = DIRECTION('',(0.,0.,1.));
#16649 = ORIENTED_EDGE('',*,*,#16650,.T.);
#16650 = EDGE_CURVE('',#16643,#16651,#16653,.T.);
#16651 = VERTEX_POINT('',#16652);
#16652 = CARTESIAN_POINT('',(259.,247.,3.));
#16653 = LINE('',#16654,#16655);
#16654 = CARTESIAN_POINT('',(259.,3.,3.));
#16655 = VECTOR('',#16656,1.);
#16656 = DIRECTION('',(0.,1.,0.));
#16657 = ORIENTED_EDGE('',*,*,#16658,.T.);
#16658 = EDGE_CURVE('',#16651,#16049,#16659,.T.);
#16659 = LINE('',#16660,#16661);
#16660 = CARTESIAN_POINT('',(259.,247.,3.));
#16661 = VECTOR('',#16662,1.);
#16662 = DIRECTION('',(0.,0.,1.));
#16663 = ORIENTED_EDGE('',*,*,#16046,.F.);
#16664 = PLANE('',#16665);
#16665 = AXIS2_PLACEMENT_3D('',#16666,#16667,#16668);
#16666 = CARTESIAN_POINT('',(259.,3.,3.));
#16667 = DIRECTION('',(1.,0.,0.));
#16668 = DIRECTION('',(0.,0.,1.));
#16669 = ADVANCED_FACE('',(#16670),#16688,.F.);
#16670 = FACE_BOUND('',#16671,.F.);
#16671 = EDGE_LOOP('',(#16672,#16673,#16681,#16687));
#16672 = ORIENTED_EDGE('',*,*,#16658,.F.);
#16673 = ORIENTED_EDGE('',*,*,#16674,.F.);
#16674 = EDGE_CURVE('',#16675,#16651,#16677,.T.);
#16675 = VERTEX_POINT('',#16676);
#16676 = CARTESIAN_POINT('',(257.31662479035,247.,3.));
#16677 = LINE('',#16678,#16679);
#16678 = CARTESIAN_POINT('',(3.,247.,3.));
#16679 = VECTOR('',#16680,1.);
#16680 = DIRECTION('',(1.,0.,0.));
#16681 = ORIENTED_EDGE('',*,*,#16682,.T.);
#16682 = EDGE_CURVE('',#16675,#16057,#16683,.T.);
#16683 = LINE('',#16684,#16685);
#16684 = CARTESIAN_POINT('',(257.31662479035,247.,0.));
#16685 = VECTOR('',#16686,1.);
#16686 = DIRECTION('',(0.,0.,1.));
#16687 = ORIENTED_EDGE('',*,*,#16065,.F.);
#16688 = PLANE('',#16689);
#16689 = AXIS2_PLACEMENT_3D('',#16690,#16691,#16692);
#16690 = CARTESIAN_POINT('',(3.,247.,3.));
#16691 = DIRECTION('',(0.,1.,0.));
#16692 = DIRECTION('',(0.,0.,1.));
#16693 = ADVANCED_FACE('',(#16694),#16706,.T.);
#16694 = FACE_BOUND('',#16695,.T.);
#16695 = EDGE_LOOP('',(#16696,#16697,#16698,#16705));
#16696 = ORIENTED_EDGE('',*,*,#16056,.F.);
#16697 = ORIENTED_EDGE('',*,*,#16642,.F.);
#16698 = ORIENTED_EDGE('',*,*,#16699,.T.);
#16699 = EDGE_CURVE('',#16643,#16675,#16700,.T.);
#16700 = CIRCLE('',#16701,6.);
#16701 = AXIS2_PLACEMENT_3D('',#16702,#16703,#16704);
#16702 = CARTESIAN_POINT('',(254.,242.,3.));
#16703 = DIRECTION('',(0.,0.,1.));
#16704 = DIRECTION('',(1.,0.,0.));
#16705 = ORIENTED_EDGE('',*,*,#16682,.T.);
#16706 = CYLINDRICAL_SURFACE('',#16707,6.);
#16707 = AXIS2_PLACEMENT_3D('',#16708,#16709,#16710);
#16708 = CARTESIAN_POINT('',(254.,242.,0.));
#16709 = DIRECTION('',(0.,0.,1.));
#16710 = DIRECTION('',(1.,0.,0.));
#16711 = ADVANCED_FACE('',(#16712),#16717,.T.);
#16712 = FACE_BOUND('',#16713,.T.);
#16713 = EDGE_LOOP('',(#16714,#16715,#16716));
#16714 = ORIENTED_EDGE('',*,*,#16674,.F.);
#16715 = ORIENTED_EDGE('',*,*,#16699,.F.);
#16716 = ORIENTED_EDGE('',*,*,#16650,.T.);
#16717 = PLANE('',#16718);
#16718 = AXIS2_PLACEMENT_3D('',#16719,#16720,#16721);
#16719 = CARTESIAN_POINT('',(3.,3.,3.));
#16720 = DIRECTION('',(0.,0.,1.));
#16721 = DIRECTION('',(1.,0.,0.));
#16722 = ADVANCED_FACE('',(#16723),#16748,.T.);
#16723 = FACE_BOUND('',#16724,.T.);
#16724 = EDGE_LOOP('',(#16725,#16733,#16741,#16747));
#16725 = ORIENTED_EDGE('',*,*,#16726,.F.);
#16726 = EDGE_CURVE('',#16727,#16074,#16729,.T.);
#16727 = VERTEX_POINT('',#16728);
#16728 = CARTESIAN_POINT('',(259.,3.,3.));
#16729 = LINE('',#16730,#16731);
#16730 = CARTESIAN_POINT('',(259.,3.,3.));
#16731 = VECTOR('',#16732,1.);
#16732 = DIRECTION('',(0.,0.,1.));
#16733 = ORIENTED_EDGE('',*,*,#16734,.F.);
#16734 = EDGE_CURVE('',#16735,#16727,#16737,.T.);
#16735 = VERTEX_POINT('',#16736);
#16736 = CARTESIAN_POINT('',(257.31662479035,3.,3.));
#16737 = LINE('',#16738,#16739);
#16738 = CARTESIAN_POINT('',(3.,3.,3.));
#16739 = VECTOR('',#16740,1.);
#16740 = DIRECTION('',(1.,0.,0.));
#16741 = ORIENTED_EDGE('',*,*,#16742,.T.);
#16742 = EDGE_CURVE('',#16735,#16076,#16743,.T.);
#16743 = LINE('',#16744,#16745);
#16744 = CARTESIAN_POINT('',(257.31662479035,3.,0.));
#16745 = VECTOR('',#16746,1.);
#16746 = DIRECTION('',(0.,0.,1.));
#16747 = ORIENTED_EDGE('',*,*,#16073,.F.);
#16748 = PLANE('',#16749);
#16749 = AXIS2_PLACEMENT_3D('',#16750,#16751,#16752);
#16750 = CARTESIAN_POINT('',(3.,3.,3.));
#16751 = DIRECTION('',(0.,1.,0.));
#16752 = DIRECTION('',(0.,0.,1.));
#16753 = ADVANCED_FACE('',(#16754),#16772,.F.);
#16754 = FACE_BOUND('',#16755,.F.);
#16755 = EDGE_LOOP('',(#16756,#16757,#16765,#16771));
#16756 = ORIENTED_EDGE('',*,*,#16726,.F.);
#16757 = ORIENTED_EDGE('',*,*,#16758,.T.);
#16758 = EDGE_CURVE('',#16727,#16759,#16761,.T.);
#16759 = VERTEX_POINT('',#16760);
#16760 = CARTESIAN_POINT('',(259.,4.683375209645,3.));
#16761 = LINE('',#16762,#16763);
#16762 = CARTESIAN_POINT('',(259.,3.,3.));
#16763 = VECTOR('',#16764,1.);
#16764 = DIRECTION('',(0.,1.,0.));
#16765 = ORIENTED_EDGE('',*,*,#16766,.T.);
#16766 = EDGE_CURVE('',#16759,#16084,#16767,.T.);
#16767 = LINE('',#16768,#16769);
#16768 = CARTESIAN_POINT('',(259.,4.683375209645,0.));
#16769 = VECTOR('',#16770,1.);
#16770 = DIRECTION('',(0.,0.,1.));
#16771 = ORIENTED_EDGE('',*,*,#16092,.F.);
#16772 = PLANE('',#16773);
#16773 = AXIS2_PLACEMENT_3D('',#16774,#16775,#16776);
#16774 = CARTESIAN_POINT('',(259.,3.,3.));
#16775 = DIRECTION('',(1.,0.,0.));
#16776 = DIRECTION('',(0.,0.,1.));
#16777 = ADVANCED_FACE('',(#16778),#16790,.T.);
#16778 = FACE_BOUND('',#16779,.T.);
#16779 = EDGE_LOOP('',(#16780,#16781,#16782,#16783));
#16780 = ORIENTED_EDGE('',*,*,#16766,.T.);
#16781 = ORIENTED_EDGE('',*,*,#16083,.F.);
#16782 = ORIENTED_EDGE('',*,*,#16742,.F.);
#16783 = ORIENTED_EDGE('',*,*,#16784,.T.);
#16784 = EDGE_CURVE('',#16735,#16759,#16785,.T.);
#16785 = CIRCLE('',#16786,6.);
#16786 = AXIS2_PLACEMENT_3D('',#16787,#16788,#16789);
#16787 = CARTESIAN_POINT('',(254.,8.,3.));
#16788 = DIRECTION('',(0.,0.,1.));
#16789 = DIRECTION('',(1.,0.,0.));
#16790 = CYLINDRICAL_SURFACE('',#16791,6.);
#16791 = AXIS2_PLACEMENT_3D('',#16792,#16793,#16794);
#16792 = CARTESIAN_POINT('',(254.,8.,0.));
#16793 = DIRECTION('',(0.,0.,1.));
#16794 = DIRECTION('',(1.,0.,0.));
#16795 = ADVANCED_FACE('',(#16796),#16801,.T.);
#16796 = FACE_BOUND('',#16797,.T.);
#16797 = EDGE_LOOP('',(#16798,#16799,#16800));
#16798 = ORIENTED_EDGE('',*,*,#16784,.F.);
#16799 = ORIENTED_EDGE('',*,*,#16734,.T.);
#16800 = ORIENTED_EDGE('',*,*,#16758,.T.);
#16801 = PLANE('',#16802);
#16802 = AXIS2_PLACEMENT_3D('',#16803,#16804,#16805);
#16803 = CARTESIAN_POINT('',(3.,3.,3.));
#16804 = DIRECTION('',(0.,0.,1.));
#16805 = DIRECTION('',(1.,0.,0.));
#16806 = ADVANCED_FACE('',(#16807),#16832,.F.);
#16807 = FACE_BOUND('',#16808,.F.);
#16808 = EDGE_LOOP('',(#16809,#16817,#16825,#16831));
#16809 = ORIENTED_EDGE('',*,*,#16810,.F.);
#16810 = EDGE_CURVE('',#16811,#16101,#16813,.T.);
#16811 = VERTEX_POINT('',#16812);
#16812 = CARTESIAN_POINT('',(4.683375209645,247.,3.));
#16813 = LINE('',#16814,#16815);
#16814 = CARTESIAN_POINT('',(4.683375209645,247.,0.));
#16815 = VECTOR('',#16816,1.);
#16816 = DIRECTION('',(0.,0.,1.));
#16817 = ORIENTED_EDGE('',*,*,#16818,.F.);
#16818 = EDGE_CURVE('',#16819,#16811,#16821,.T.);
#16819 = VERTEX_POINT('',#16820);
#16820 = CARTESIAN_POINT('',(3.,247.,3.));
#16821 = LINE('',#16822,#16823);
#16822 = CARTESIAN_POINT('',(3.,247.,3.));
#16823 = VECTOR('',#16824,1.);
#16824 = DIRECTION('',(1.,0.,0.));
#16825 = ORIENTED_EDGE('',*,*,#16826,.T.);
#16826 = EDGE_CURVE('',#16819,#16103,#16827,.T.);
#16827 = LINE('',#16828,#16829);
#16828 = CARTESIAN_POINT('',(3.,247.,3.));
#16829 = VECTOR('',#16830,1.);
#16830 = DIRECTION('',(0.,0.,1.));
#16831 = ORIENTED_EDGE('',*,*,#16100,.F.);
#16832 = PLANE('',#16833);
#16833 = AXIS2_PLACEMENT_3D('',#16834,#16835,#16836);
#16834 = CARTESIAN_POINT('',(3.,247.,3.));
#16835 = DIRECTION('',(0.,1.,0.));
#16836 = DIRECTION('',(0.,0.,1.));
#16837 = ADVANCED_FACE('',(#16838),#16856,.T.);
#16838 = FACE_BOUND('',#16839,.T.);
#16839 = EDGE_LOOP('',(#16840,#16848,#16854,#16855));
#16840 = ORIENTED_EDGE('',*,*,#16841,.F.);
#16841 = EDGE_CURVE('',#16842,#16111,#16844,.T.);
#16842 = VERTEX_POINT('',#16843);
#16843 = CARTESIAN_POINT('',(3.,245.31662479035,3.));
#16844 = LINE('',#16845,#16846);
#16845 = CARTESIAN_POINT('',(3.,245.31662479035,0.));
#16846 = VECTOR('',#16847,1.);
#16847 = DIRECTION('',(0.,0.,1.));
#16848 = ORIENTED_EDGE('',*,*,#16849,.T.);
#16849 = EDGE_CURVE('',#16842,#16819,#16850,.T.);
#16850 = LINE('',#16851,#16852);
#16851 = CARTESIAN_POINT('',(3.,3.,3.));
#16852 = VECTOR('',#16853,1.);
#16853 = DIRECTION('',(0.,1.,0.));
#16854 = ORIENTED_EDGE('',*,*,#16826,.T.);
#16855 = ORIENTED_EDGE('',*,*,#16119,.F.);
#16856 = PLANE('',#16857);
#16857 = AXIS2_PLACEMENT_3D('',#16858,#16859,#16860);
#16858 = CARTESIAN_POINT('',(3.,3.,3.));
#16859 = DIRECTION('',(1.,0.,0.));
#16860 = DIRECTION('',(0.,0.,1.));
#16861 = ADVANCED_FACE('',(#16862),#16874,.T.);
#16862 = FACE_BOUND('',#16863,.T.);
#16863 = EDGE_LOOP('',(#16864,#16865,#16866,#16873));
#16864 = ORIENTED_EDGE('',*,*,#16110,.F.);
#16865 = ORIENTED_EDGE('',*,*,#16810,.F.);
#16866 = ORIENTED_EDGE('',*,*,#16867,.T.);
#16867 = EDGE_CURVE('',#16811,#16842,#16868,.T.);
#16868 = CIRCLE('',#16869,6.);
#16869 = AXIS2_PLACEMENT_3D('',#16870,#16871,#16872);
#16870 = CARTESIAN_POINT('',(8.,242.,3.));
#16871 = DIRECTION('',(0.,0.,1.));
#16872 = DIRECTION('',(1.,0.,0.));
#16873 = ORIENTED_EDGE('',*,*,#16841,.T.);
#16874 = CYLINDRICAL_SURFACE('',#16875,6.);
#16875 = AXIS2_PLACEMENT_3D('',#16876,#16877,#16878);
#16876 = CARTESIAN_POINT('',(8.,242.,0.));
#16877 = DIRECTION('',(0.,0.,1.));
#16878 = DIRECTION('',(1.,0.,0.));
#16879 = ADVANCED_FACE('',(#16880),#16885,.T.);
#16880 = FACE_BOUND('',#16881,.T.);
#16881 = EDGE_LOOP('',(#16882,#16883,#16884));
#16882 = ORIENTED_EDGE('',*,*,#16849,.F.);
#16883 = ORIENTED_EDGE('',*,*,#16867,.F.);
#16884 = ORIENTED_EDGE('',*,*,#16818,.F.);
#16885 = PLANE('',#16886);
#16886 = AXIS2_PLACEMENT_3D('',#16887,#16888,#16889);
#16887 = CARTESIAN_POINT('',(3.,3.,3.));
#16888 = DIRECTION('',(0.,0.,1.));
#16889 = DIRECTION('',(1.,0.,0.));
#16890 = ADVANCED_FACE('',(#16891),#16916,.T.);
#16891 = FACE_BOUND('',#16892,.T.);
#16892 = EDGE_LOOP('',(#16893,#16901,#16909,#16915));
#16893 = ORIENTED_EDGE('',*,*,#16894,.F.);
#16894 = EDGE_CURVE('',#16895,#16128,#16897,.T.);
#16895 = VERTEX_POINT('',#16896);
#16896 = CARTESIAN_POINT('',(3.,3.,3.));
#16897 = LINE('',#16898,#16899);
#16898 = CARTESIAN_POINT('',(3.,3.,3.));
#16899 = VECTOR('',#16900,1.);
#16900 = DIRECTION('',(0.,0.,1.));
#16901 = ORIENTED_EDGE('',*,*,#16902,.T.);
#16902 = EDGE_CURVE('',#16895,#16903,#16905,.T.);
#16903 = VERTEX_POINT('',#16904);
#16904 = CARTESIAN_POINT('',(3.,4.683375209645,3.));
#16905 = LINE('',#16906,#16907);
#16906 = CARTESIAN_POINT('',(3.,3.,3.));
#16907 = VECTOR('',#16908,1.);
#16908 = DIRECTION('',(0.,1.,0.));
#16909 = ORIENTED_EDGE('',*,*,#16910,.T.);
#16910 = EDGE_CURVE('',#16903,#16130,#16911,.T.);
#16911 = LINE('',#16912,#16913);
#16912 = CARTESIAN_POINT('',(3.,4.683375209645,0.));
#16913 = VECTOR('',#16914,1.);
#16914 = DIRECTION('',(0.,0.,1.));
#16915 = ORIENTED_EDGE('',*,*,#16127,.F.);
#16916 = PLANE('',#16917);
#16917 = AXIS2_PLACEMENT_3D('',#16918,#16919,#16920);
#16918 = CARTESIAN_POINT('',(3.,3.,3.));
#16919 = DIRECTION('',(1.,0.,0.));
#16920 = DIRECTION('',(0.,0.,1.));
#16921 = ADVANCED_FACE('',(#16922),#16940,.T.);
#16922 = FACE_BOUND('',#16923,.T.);
#16923 = EDGE_LOOP('',(#16924,#16932,#16938,#16939));
#16924 = ORIENTED_EDGE('',*,*,#16925,.F.);
#16925 = EDGE_CURVE('',#16926,#16138,#16928,.T.);
#16926 = VERTEX_POINT('',#16927);
#16927 = CARTESIAN_POINT('',(4.683375209645,3.,3.));
#16928 = LINE('',#16929,#16930);
#16929 = CARTESIAN_POINT('',(4.683375209645,3.,0.));
#16930 = VECTOR('',#16931,1.);
#16931 = DIRECTION('',(0.,0.,1.));
#16932 = ORIENTED_EDGE('',*,*,#16933,.F.);
#16933 = EDGE_CURVE('',#16895,#16926,#16934,.T.);
#16934 = LINE('',#16935,#16936);
#16935 = CARTESIAN_POINT('',(3.,3.,3.));
#16936 = VECTOR('',#16937,1.);
#16937 = DIRECTION('',(1.,0.,0.));
#16938 = ORIENTED_EDGE('',*,*,#16894,.T.);
#16939 = ORIENTED_EDGE('',*,*,#16146,.F.);
#16940 = PLANE('',#16941);
#16941 = AXIS2_PLACEMENT_3D('',#16942,#16943,#16944);
#16942 = CARTESIAN_POINT('',(3.,3.,3.));
#16943 = DIRECTION('',(0.,1.,0.));
#16944 = DIRECTION('',(0.,0.,1.));
#16945 = ADVANCED_FACE('',(#16946),#16958,.T.);
#16946 = FACE_BOUND('',#16947,.T.);
#16947 = EDGE_LOOP('',(#16948,#16949,#16950,#16957));
#16948 = ORIENTED_EDGE('',*,*,#16137,.F.);
#16949 = ORIENTED_EDGE('',*,*,#16910,.F.);
#16950 = ORIENTED_EDGE('',*,*,#16951,.T.);
#16951 = EDGE_CURVE('',#16903,#16926,#16952,.T.);
#16952 = CIRCLE('',#16953,6.);
#16953 = AXIS2_PLACEMENT_3D('',#16954,#16955,#16956);
#16954 = CARTESIAN_POINT('',(8.,8.,3.));
#16955 = DIRECTION('',(0.,0.,1.));
#16956 = DIRECTION('',(1.,0.,0.));
#16957 = ORIENTED_EDGE('',*,*,#16925,.T.);
#16958 = CYLINDRICAL_SURFACE('',#16959,6.);
#16959 = AXIS2_PLACEMENT_3D('',#16960,#16961,#16962);
#16960 = CARTESIAN_POINT('',(8.,8.,0.));
#16961 = DIRECTION('',(0.,0.,1.));
#16962 = DIRECTION('',(1.,0.,0.));
#16963 = ADVANCED_FACE('',(#16964),#16969,.T.);
#16964 = FACE_BOUND('',#16965,.T.);
#16965 = EDGE_LOOP('',(#16966,#16967,#16968));
#16966 = ORIENTED_EDGE('',*,*,#16902,.F.);
#16967 = ORIENTED_EDGE('',*,*,#16933,.T.);
#16968 = ORIENTED_EDGE('',*,*,#16951,.F.);
#16969 = PLANE('',#16970);
#16970 = AXIS2_PLACEMENT_3D('',#16971,#16972,#16973);
#16971 = CARTESIAN_POINT('',(3.,3.,3.));
#16972 = DIRECTION('',(0.,0.,1.));
#16973 = DIRECTION('',(1.,0.,0.));
#16974 = ADVANCED_FACE('',(#16975,#16981,#16984,#16987,#16990,#16993,
    #16996),#16999,.F.);
#16975 = FACE_BOUND('',#16976,.T.);
#16976 = EDGE_LOOP('',(#16977,#16978,#16979,#16980));
#16977 = ORIENTED_EDGE('',*,*,#14300,.T.);
#16978 = ORIENTED_EDGE('',*,*,#14419,.T.);
#16979 = ORIENTED_EDGE('',*,*,#14489,.F.);
#16980 = ORIENTED_EDGE('',*,*,#14330,.F.);
#16981 = FACE_BOUND('',#16982,.F.);
#16982 = EDGE_LOOP('',(#16983));
#16983 = ORIENTED_EDGE('',*,*,#16520,.F.);
#16984 = FACE_BOUND('',#16985,.F.);
#16985 = EDGE_LOOP('',(#16986));
#16986 = ORIENTED_EDGE('',*,*,#16380,.F.);
#16987 = FACE_BOUND('',#16988,.F.);
#16988 = EDGE_LOOP('',(#16989));
#16989 = ORIENTED_EDGE('',*,*,#16590,.F.);
#16990 = FACE_BOUND('',#16991,.F.);
#16991 = EDGE_LOOP('',(#16992));
#16992 = ORIENTED_EDGE('',*,*,#16310,.F.);
#16993 = FACE_BOUND('',#16994,.F.);
#16994 = EDGE_LOOP('',(#16995));
#16995 = ORIENTED_EDGE('',*,*,#16240,.F.);
#16996 = FACE_BOUND('',#16997,.F.);
#16997 = EDGE_LOOP('',(#16998));
#16998 = ORIENTED_EDGE('',*,*,#16450,.F.);
#16999 = PLANE('',#17000);
#17000 = AXIS2_PLACEMENT_3D('',#17001,#17002,#17003);
#17001 = CARTESIAN_POINT('',(0.,0.,0.));
#17002 = DIRECTION('',(0.,0.,1.));
#17003 = DIRECTION('',(1.,0.,0.));
#17004 = ADVANCED_FACE('',(#17005,#17068),#17102,.T.);
#17005 = FACE_BOUND('',#17006,.T.);
#17006 = EDGE_LOOP('',(#17007,#17008,#17009,#17018,#17025,#17026,#17035,
    #17042,#17043,#17052,#17059,#17060,#17061,#17062,#17063,#17064,
    #17065,#17066,#17067));
#17007 = ORIENTED_EDGE('',*,*,#14834,.F.);
#17008 = ORIENTED_EDGE('',*,*,#14620,.F.);
#17009 = ORIENTED_EDGE('',*,*,#17010,.F.);
#17010 = EDGE_CURVE('',#17011,#14621,#17013,.T.);
#17011 = VERTEX_POINT('',#17012);
#17012 = CARTESIAN_POINT('',(14.,242.,3.));
#17013 = CIRCLE('',#17014,6.);
#17014 = AXIS2_PLACEMENT_3D('',#17015,#17016,#17017);
#17015 = CARTESIAN_POINT('',(8.,242.,3.));
#17016 = DIRECTION('',(0.,0.,1.));
#17017 = DIRECTION('',(1.,0.,0.));
#17018 = ORIENTED_EDGE('',*,*,#17019,.F.);
#17019 = EDGE_CURVE('',#16200,#17011,#17020,.T.);
#17020 = CIRCLE('',#17021,6.);
#17021 = AXIS2_PLACEMENT_3D('',#17022,#17023,#17024);
#17022 = CARTESIAN_POINT('',(8.,242.,3.));
#17023 = DIRECTION('',(0.,0.,1.));
#17024 = DIRECTION('',(1.,0.,0.));
#17025 = ORIENTED_EDGE('',*,*,#16199,.F.);
#17026 = ORIENTED_EDGE('',*,*,#17027,.F.);
#17027 = EDGE_CURVE('',#17028,#16192,#17030,.T.);
#17028 = VERTEX_POINT('',#17029);
#17029 = CARTESIAN_POINT('',(14.,125.,3.));
#17030 = CIRCLE('',#17031,6.);
#17031 = AXIS2_PLACEMENT_3D('',#17032,#17033,#17034);
#17032 = CARTESIAN_POINT('',(8.,125.,3.));
#17033 = DIRECTION('',(0.,0.,1.));
#17034 = DIRECTION('',(1.,0.,0.));
#17035 = ORIENTED_EDGE('',*,*,#17036,.F.);
#17036 = EDGE_CURVE('',#16169,#17028,#17037,.T.);
#17037 = CIRCLE('',#17038,6.);
#17038 = AXIS2_PLACEMENT_3D('',#17039,#17040,#17041);
#17039 = CARTESIAN_POINT('',(8.,125.,3.));
#17040 = DIRECTION('',(0.,0.,1.));
#17041 = DIRECTION('',(1.,0.,0.));
#17042 = ORIENTED_EDGE('',*,*,#16168,.F.);
#17043 = ORIENTED_EDGE('',*,*,#17044,.F.);
#17044 = EDGE_CURVE('',#17045,#16161,#17047,.T.);
#17045 = VERTEX_POINT('',#17046);
#17046 = CARTESIAN_POINT('',(14.,8.,3.));
#17047 = CIRCLE('',#17048,6.);
#17048 = AXIS2_PLACEMENT_3D('',#17049,#17050,#17051);
#17049 = CARTESIAN_POINT('',(8.,8.,3.));
#17050 = DIRECTION('',(0.,0.,1.));
#17051 = DIRECTION('',(1.,0.,0.));
#17052 = ORIENTED_EDGE('',*,*,#17053,.F.);
#17053 = EDGE_CURVE('',#14100,#17045,#17054,.T.);
#17054 = CIRCLE('',#17055,6.);
#17055 = AXIS2_PLACEMENT_3D('',#17056,#17057,#17058);
#17056 = CARTESIAN_POINT('',(8.,8.,3.));
#17057 = DIRECTION('',(0.,0.,1.));
#17058 = DIRECTION('',(1.,0.,0.));
#17059 = ORIENTED_EDGE('',*,*,#14099,.T.);
#17060 = ORIENTED_EDGE('',*,*,#14146,.F.);
#17061 = ORIENTED_EDGE('',*,*,#14163,.T.);
#17062 = ORIENTED_EDGE('',*,*,#14210,.F.);
#17063 = ORIENTED_EDGE('',*,*,#14227,.T.);
#17064 = ORIENTED_EDGE('',*,*,#14275,.F.);
#17065 = ORIENTED_EDGE('',*,*,#14758,.F.);
#17066 = ORIENTED_EDGE('',*,*,#14812,.T.);
#17067 = ORIENTED_EDGE('',*,*,#14474,.F.);
#17068 = FACE_BOUND('',#17069,.T.);
#17069 = EDGE_LOOP('',(#17070,#17080,#17088,#17096));
#17070 = ORIENTED_EDGE('',*,*,#17071,.F.);
#17071 = EDGE_CURVE('',#17072,#17074,#17076,.T.);
#17072 = VERTEX_POINT('',#17073);
#17073 = CARTESIAN_POINT('',(33.25,62.,3.));
#17074 = VERTEX_POINT('',#17075);
#17075 = CARTESIAN_POINT('',(228.75,62.,3.));
#17076 = LINE('',#17077,#17078);
#17077 = CARTESIAN_POINT('',(33.25,62.,3.));
#17078 = VECTOR('',#17079,1.);
#17079 = DIRECTION('',(1.,0.,0.));
#17080 = ORIENTED_EDGE('',*,*,#17081,.T.);
#17081 = EDGE_CURVE('',#17072,#17082,#17084,.T.);
#17082 = VERTEX_POINT('',#17083);
#17083 = CARTESIAN_POINT('',(33.25,188.,3.));
#17084 = LINE('',#17085,#17086);
#17085 = CARTESIAN_POINT('',(33.25,62.,3.));
#17086 = VECTOR('',#17087,1.);
#17087 = DIRECTION('',(0.,1.,0.));
#17088 = ORIENTED_EDGE('',*,*,#17089,.T.);
#17089 = EDGE_CURVE('',#17082,#17090,#17092,.T.);
#17090 = VERTEX_POINT('',#17091);
#17091 = CARTESIAN_POINT('',(228.75,188.,3.));
#17092 = LINE('',#17093,#17094);
#17093 = CARTESIAN_POINT('',(33.25,188.,3.));
#17094 = VECTOR('',#17095,1.);
#17095 = DIRECTION('',(1.,0.,0.));
#17096 = ORIENTED_EDGE('',*,*,#17097,.F.);
#17097 = EDGE_CURVE('',#17074,#17090,#17098,.T.);
#17098 = LINE('',#17099,#17100);
#17099 = CARTESIAN_POINT('',(228.75,62.,3.));
#17100 = VECTOR('',#17101,1.);
#17101 = DIRECTION('',(0.,1.,0.));
#17102 = PLANE('',#17103);
#17103 = AXIS2_PLACEMENT_3D('',#17104,#17105,#17106);
#17104 = CARTESIAN_POINT('',(130.54626917428,125.79182209669,3.));
#17105 = DIRECTION('',(0.,0.,1.));
#17106 = DIRECTION('',(1.,0.,0.));
#17107 = ADVANCED_FACE('',(#17108),#17133,.F.);
#17108 = FACE_BOUND('',#17109,.F.);
#17109 = EDGE_LOOP('',(#17110,#17111,#17119,#17127));
#17110 = ORIENTED_EDGE('',*,*,#17071,.F.);
#17111 = ORIENTED_EDGE('',*,*,#17112,.T.);
#17112 = EDGE_CURVE('',#17072,#17113,#17115,.T.);
#17113 = VERTEX_POINT('',#17114);
#17114 = CARTESIAN_POINT('',(33.25,62.,6.));
#17115 = LINE('',#17116,#17117);
#17116 = CARTESIAN_POINT('',(33.25,62.,3.));
#17117 = VECTOR('',#17118,1.);
#17118 = DIRECTION('',(0.,0.,1.));
#17119 = ORIENTED_EDGE('',*,*,#17120,.T.);
#17120 = EDGE_CURVE('',#17113,#17121,#17123,.T.);
#17121 = VERTEX_POINT('',#17122);
#17122 = CARTESIAN_POINT('',(228.75,62.,6.));
#17123 = LINE('',#17124,#17125);
#17124 = CARTESIAN_POINT('',(33.25,62.,6.));
#17125 = VECTOR('',#17126,1.);
#17126 = DIRECTION('',(1.,0.,0.));
#17127 = ORIENTED_EDGE('',*,*,#17128,.F.);
#17128 = EDGE_CURVE('',#17074,#17121,#17129,.T.);
#17129 = LINE('',#17130,#17131);
#17130 = CARTESIAN_POINT('',(228.75,62.,3.));
#17131 = VECTOR('',#17132,1.);
#17132 = DIRECTION('',(0.,0.,1.));
#17133 = PLANE('',#17134);
#17134 = AXIS2_PLACEMENT_3D('',#17135,#17136,#17137);
#17135 = CARTESIAN_POINT('',(33.25,62.,3.));
#17136 = DIRECTION('',(0.,1.,0.));
#17137 = DIRECTION('',(0.,0.,1.));
#17138 = ADVANCED_FACE('',(#17139),#17157,.F.);
#17139 = FACE_BOUND('',#17140,.F.);
#17140 = EDGE_LOOP('',(#17141,#17142,#17143,#17151));
#17141 = ORIENTED_EDGE('',*,*,#17112,.F.);
#17142 = ORIENTED_EDGE('',*,*,#17081,.T.);
#17143 = ORIENTED_EDGE('',*,*,#17144,.T.);
#17144 = EDGE_CURVE('',#17082,#17145,#17147,.T.);
#17145 = VERTEX_POINT('',#17146);
#17146 = CARTESIAN_POINT('',(33.25,188.,6.));
#17147 = LINE('',#17148,#17149);
#17148 = CARTESIAN_POINT('',(33.25,188.,3.));
#17149 = VECTOR('',#17150,1.);
#17150 = DIRECTION('',(0.,0.,1.));
#17151 = ORIENTED_EDGE('',*,*,#17152,.F.);
#17152 = EDGE_CURVE('',#17113,#17145,#17153,.T.);
#17153 = LINE('',#17154,#17155);
#17154 = CARTESIAN_POINT('',(33.25,62.,6.));
#17155 = VECTOR('',#17156,1.);
#17156 = DIRECTION('',(0.,1.,0.));
#17157 = PLANE('',#17158);
#17158 = AXIS2_PLACEMENT_3D('',#17159,#17160,#17161);
#17159 = CARTESIAN_POINT('',(33.25,62.,3.));
#17160 = DIRECTION('',(1.,0.,0.));
#17161 = DIRECTION('',(0.,0.,1.));
#17162 = ADVANCED_FACE('',(#17163),#17181,.T.);
#17163 = FACE_BOUND('',#17164,.T.);
#17164 = EDGE_LOOP('',(#17165,#17166,#17167,#17175));
#17165 = ORIENTED_EDGE('',*,*,#17128,.F.);
#17166 = ORIENTED_EDGE('',*,*,#17097,.T.);
#17167 = ORIENTED_EDGE('',*,*,#17168,.T.);
#17168 = EDGE_CURVE('',#17090,#17169,#17171,.T.);
#17169 = VERTEX_POINT('',#17170);
#17170 = CARTESIAN_POINT('',(228.75,188.,6.));
#17171 = LINE('',#17172,#17173);
#17172 = CARTESIAN_POINT('',(228.75,188.,3.));
#17173 = VECTOR('',#17174,1.);
#17174 = DIRECTION('',(0.,0.,1.));
#17175 = ORIENTED_EDGE('',*,*,#17176,.F.);
#17176 = EDGE_CURVE('',#17121,#17169,#17177,.T.);
#17177 = LINE('',#17178,#17179);
#17178 = CARTESIAN_POINT('',(228.75,62.,6.));
#17179 = VECTOR('',#17180,1.);
#17180 = DIRECTION('',(0.,1.,0.));
#17181 = PLANE('',#17182);
#17182 = AXIS2_PLACEMENT_3D('',#17183,#17184,#17185);
#17183 = CARTESIAN_POINT('',(228.75,62.,3.));
#17184 = DIRECTION('',(1.,0.,0.));
#17185 = DIRECTION('',(0.,0.,1.));
#17186 = ADVANCED_FACE('',(#17187),#17198,.T.);
#17187 = FACE_BOUND('',#17188,.T.);
#17188 = EDGE_LOOP('',(#17189,#17190,#17191,#17197));
#17189 = ORIENTED_EDGE('',*,*,#17089,.F.);
#17190 = ORIENTED_EDGE('',*,*,#17144,.T.);
#17191 = ORIENTED_EDGE('',*,*,#17192,.T.);
#17192 = EDGE_CURVE('',#17145,#17169,#17193,.T.);
#17193 = LINE('',#17194,#17195);
#17194 = CARTESIAN_POINT('',(33.25,188.,6.));
#17195 = VECTOR('',#17196,1.);
#17196 = DIRECTION('',(1.,0.,0.));
#17197 = ORIENTED_EDGE('',*,*,#17168,.F.);
#17198 = PLANE('',#17199);
#17199 = AXIS2_PLACEMENT_3D('',#17200,#17201,#17202);
#17200 = CARTESIAN_POINT('',(33.25,188.,3.));
#17201 = DIRECTION('',(0.,1.,0.));
#17202 = DIRECTION('',(0.,0.,1.));
#17203 = ADVANCED_FACE('',(#17204,#17210),#17244,.T.);
#17204 = FACE_BOUND('',#17205,.T.);
#17205 = EDGE_LOOP('',(#17206,#17207,#17208,#17209));
#17206 = ORIENTED_EDGE('',*,*,#17152,.F.);
#17207 = ORIENTED_EDGE('',*,*,#17120,.T.);
#17208 = ORIENTED_EDGE('',*,*,#17176,.T.);
#17209 = ORIENTED_EDGE('',*,*,#17192,.F.);
#17210 = FACE_BOUND('',#17211,.T.);
#17211 = EDGE_LOOP('',(#17212,#17222,#17230,#17238));
#17212 = ORIENTED_EDGE('',*,*,#17213,.T.);
#17213 = EDGE_CURVE('',#17214,#17216,#17218,.T.);
#17214 = VERTEX_POINT('',#17215);
#17215 = CARTESIAN_POINT('',(226.25,64.5,6.));
#17216 = VERTEX_POINT('',#17217);
#17217 = CARTESIAN_POINT('',(35.75,64.5,6.));
#17218 = LINE('',#17219,#17220);
#17219 = CARTESIAN_POINT('',(34.5,64.5,6.));
#17220 = VECTOR('',#17221,1.);
#17221 = DIRECTION('',(-1.,0.,0.));
#17222 = ORIENTED_EDGE('',*,*,#17223,.T.);
#17223 = EDGE_CURVE('',#17216,#17224,#17226,.T.);
#17224 = VERTEX_POINT('',#17225);
#17225 = CARTESIAN_POINT('',(35.75,185.5,6.));
#17226 = LINE('',#17227,#17228);
#17227 = CARTESIAN_POINT('',(35.75,63.25,6.));
#17228 = VECTOR('',#17229,1.);
#17229 = DIRECTION('',(0.,1.,0.));
#17230 = ORIENTED_EDGE('',*,*,#17231,.F.);
#17231 = EDGE_CURVE('',#17232,#17224,#17234,.T.);
#17232 = VERTEX_POINT('',#17233);
#17233 = CARTESIAN_POINT('',(226.25,185.5,6.));
#17234 = LINE('',#17235,#17236);
#17235 = CARTESIAN_POINT('',(34.5,185.5,6.));
#17236 = VECTOR('',#17237,1.);
#17237 = DIRECTION('',(-1.,0.,0.));
#17238 = ORIENTED_EDGE('',*,*,#17239,.F.);
#17239 = EDGE_CURVE('',#17214,#17232,#17240,.T.);
#17240 = LINE('',#17241,#17242);
#17241 = CARTESIAN_POINT('',(226.25,63.25,6.));
#17242 = VECTOR('',#17243,1.);
#17243 = DIRECTION('',(0.,1.,0.));
#17244 = PLANE('',#17245);
#17245 = AXIS2_PLACEMENT_3D('',#17246,#17247,#17248);
#17246 = CARTESIAN_POINT('',(33.25,62.,6.));
#17247 = DIRECTION('',(0.,0.,1.));
#17248 = DIRECTION('',(1.,0.,0.));
#17249 = ADVANCED_FACE('',(#17250),#17275,.T.);
#17250 = FACE_BOUND('',#17251,.T.);
#17251 = EDGE_LOOP('',(#17252,#17260,#17268,#17274));
#17252 = ORIENTED_EDGE('',*,*,#17253,.F.);
#17253 = EDGE_CURVE('',#17254,#17214,#17256,.T.);
#17254 = VERTEX_POINT('',#17255);
#17255 = CARTESIAN_POINT('',(226.25,64.5,3.));
#17256 = LINE('',#17257,#17258);
#17257 = CARTESIAN_POINT('',(226.25,64.5,2.));
#17258 = VECTOR('',#17259,1.);
#17259 = DIRECTION('',(0.,0.,1.));
#17260 = ORIENTED_EDGE('',*,*,#17261,.T.);
#17261 = EDGE_CURVE('',#17254,#17262,#17264,.T.);
#17262 = VERTEX_POINT('',#17263);
#17263 = CARTESIAN_POINT('',(35.75,64.5,3.));
#17264 = LINE('',#17265,#17266);
#17265 = CARTESIAN_POINT('',(34.5,64.5,3.));
#17266 = VECTOR('',#17267,1.);
#17267 = DIRECTION('',(-1.,0.,0.));
#17268 = ORIENTED_EDGE('',*,*,#17269,.T.);
#17269 = EDGE_CURVE('',#17262,#17216,#17270,.T.);
#17270 = LINE('',#17271,#17272);
#17271 = CARTESIAN_POINT('',(35.75,64.5,2.));
#17272 = VECTOR('',#17273,1.);
#17273 = DIRECTION('',(0.,0.,1.));
#17274 = ORIENTED_EDGE('',*,*,#17213,.F.);
#17275 = PLANE('',#17276);
#17276 = AXIS2_PLACEMENT_3D('',#17277,#17278,#17279);
#17277 = CARTESIAN_POINT('',(35.75,64.5,2.));
#17278 = DIRECTION('',(0.,1.,0.));
#17279 = DIRECTION('',(0.,0.,1.));
#17280 = ADVANCED_FACE('',(#17281),#17299,.F.);
#17281 = FACE_BOUND('',#17282,.F.);
#17282 = EDGE_LOOP('',(#17283,#17284,#17292,#17298));
#17283 = ORIENTED_EDGE('',*,*,#17253,.F.);
#17284 = ORIENTED_EDGE('',*,*,#17285,.T.);
#17285 = EDGE_CURVE('',#17254,#17286,#17288,.T.);
#17286 = VERTEX_POINT('',#17287);
#17287 = CARTESIAN_POINT('',(226.25,185.5,3.));
#17288 = LINE('',#17289,#17290);
#17289 = CARTESIAN_POINT('',(226.25,63.25,3.));
#17290 = VECTOR('',#17291,1.);
#17291 = DIRECTION('',(0.,1.,0.));
#17292 = ORIENTED_EDGE('',*,*,#17293,.T.);
#17293 = EDGE_CURVE('',#17286,#17232,#17294,.T.);
#17294 = LINE('',#17295,#17296);
#17295 = CARTESIAN_POINT('',(226.25,185.5,2.));
#17296 = VECTOR('',#17297,1.);
#17297 = DIRECTION('',(0.,0.,1.));
#17298 = ORIENTED_EDGE('',*,*,#17239,.F.);
#17299 = PLANE('',#17300);
#17300 = AXIS2_PLACEMENT_3D('',#17301,#17302,#17303);
#17301 = CARTESIAN_POINT('',(226.25,64.5,2.));
#17302 = DIRECTION('',(1.,0.,0.));
#17303 = DIRECTION('',(0.,0.,1.));
#17304 = ADVANCED_FACE('',(#17305),#17323,.F.);
#17305 = FACE_BOUND('',#17306,.F.);
#17306 = EDGE_LOOP('',(#17307,#17308,#17316,#17322));
#17307 = ORIENTED_EDGE('',*,*,#17293,.F.);
#17308 = ORIENTED_EDGE('',*,*,#17309,.T.);
#17309 = EDGE_CURVE('',#17286,#17310,#17312,.T.);
#17310 = VERTEX_POINT('',#17311);
#17311 = CARTESIAN_POINT('',(35.75,185.5,3.));
#17312 = LINE('',#17313,#17314);
#17313 = CARTESIAN_POINT('',(34.5,185.5,3.));
#17314 = VECTOR('',#17315,1.);
#17315 = DIRECTION('',(-1.,0.,0.));
#17316 = ORIENTED_EDGE('',*,*,#17317,.T.);
#17317 = EDGE_CURVE('',#17310,#17224,#17318,.T.);
#17318 = LINE('',#17319,#17320);
#17319 = CARTESIAN_POINT('',(35.75,185.5,2.));
#17320 = VECTOR('',#17321,1.);
#17321 = DIRECTION('',(0.,0.,1.));
#17322 = ORIENTED_EDGE('',*,*,#17231,.F.);
#17323 = PLANE('',#17324);
#17324 = AXIS2_PLACEMENT_3D('',#17325,#17326,#17327);
#17325 = CARTESIAN_POINT('',(35.75,185.5,2.));
#17326 = DIRECTION('',(0.,1.,0.));
#17327 = DIRECTION('',(0.,0.,1.));
#17328 = ADVANCED_FACE('',(#17329),#17340,.T.);
#17329 = FACE_BOUND('',#17330,.T.);
#17330 = EDGE_LOOP('',(#17331,#17332,#17338,#17339));
#17331 = ORIENTED_EDGE('',*,*,#17269,.F.);
#17332 = ORIENTED_EDGE('',*,*,#17333,.T.);
#17333 = EDGE_CURVE('',#17262,#17310,#17334,.T.);
#17334 = LINE('',#17335,#17336);
#17335 = CARTESIAN_POINT('',(35.75,63.25,3.));
#17336 = VECTOR('',#17337,1.);
#17337 = DIRECTION('',(0.,1.,0.));
#17338 = ORIENTED_EDGE('',*,*,#17317,.T.);
#17339 = ORIENTED_EDGE('',*,*,#17223,.F.);
#17340 = PLANE('',#17341);
#17341 = AXIS2_PLACEMENT_3D('',#17342,#17343,#17344);
#17342 = CARTESIAN_POINT('',(35.75,64.5,2.));
#17343 = DIRECTION('',(1.,0.,0.));
#17344 = DIRECTION('',(0.,0.,1.));
#17345 = ADVANCED_FACE('',(#17346),#17352,.T.);
#17346 = FACE_BOUND('',#17347,.T.);
#17347 = EDGE_LOOP('',(#17348,#17349,#17350,#17351));
#17348 = ORIENTED_EDGE('',*,*,#17261,.F.);
#17349 = ORIENTED_EDGE('',*,*,#17285,.T.);
#17350 = ORIENTED_EDGE('',*,*,#17309,.T.);
#17351 = ORIENTED_EDGE('',*,*,#17333,.F.);
#17352 = PLANE('',#17353);
#17353 = AXIS2_PLACEMENT_3D('',#17354,#17355,#17356);
#17354 = CARTESIAN_POINT('',(3.,3.,3.));
#17355 = DIRECTION('',(0.,0.,1.));
#17356 = DIRECTION('',(1.,0.,0.));
#17357 = ADVANCED_FACE('',(#17358),#17366,.T.);
#17358 = FACE_BOUND('',#17359,.T.);
#17359 = EDGE_LOOP('',(#17360,#17361,#17362,#17363,#17364,#17365));
#17360 = ORIENTED_EDGE('',*,*,#15960,.F.);
#17361 = ORIENTED_EDGE('',*,*,#16207,.F.);
#17362 = ORIENTED_EDGE('',*,*,#17019,.T.);
#17363 = ORIENTED_EDGE('',*,*,#17010,.T.);
#17364 = ORIENTED_EDGE('',*,*,#14628,.T.);
#17365 = ORIENTED_EDGE('',*,*,#15969,.F.);
#17366 = CYLINDRICAL_SURFACE('',#17367,6.);
#17367 = AXIS2_PLACEMENT_3D('',#17368,#17369,#17370);
#17368 = CARTESIAN_POINT('',(8.,242.,0.));
#17369 = DIRECTION('',(0.,0.,1.));
#17370 = DIRECTION('',(1.,0.,0.));
#17371 = ADVANCED_FACE('',(#17372),#17380,.T.);
#17372 = FACE_BOUND('',#17373,.T.);
#17373 = EDGE_LOOP('',(#17374,#17375,#17376,#17377,#17378,#17379));
#17374 = ORIENTED_EDGE('',*,*,#15934,.F.);
#17375 = ORIENTED_EDGE('',*,*,#16176,.F.);
#17376 = ORIENTED_EDGE('',*,*,#17036,.T.);
#17377 = ORIENTED_EDGE('',*,*,#17027,.T.);
#17378 = ORIENTED_EDGE('',*,*,#16191,.T.);
#17379 = ORIENTED_EDGE('',*,*,#15943,.F.);
#17380 = CYLINDRICAL_SURFACE('',#17381,6.);
#17381 = AXIS2_PLACEMENT_3D('',#17382,#17383,#17384);
#17382 = CARTESIAN_POINT('',(8.,125.,0.));
#17383 = DIRECTION('',(0.,0.,1.));
#17384 = DIRECTION('',(1.,0.,0.));
#17385 = ADVANCED_FACE('',(#17386),#17394,.T.);
#17386 = FACE_BOUND('',#17387,.T.);
#17387 = EDGE_LOOP('',(#17388,#17389,#17390,#17391,#17392,#17393));
#17388 = ORIENTED_EDGE('',*,*,#15908,.F.);
#17389 = ORIENTED_EDGE('',*,*,#14107,.F.);
#17390 = ORIENTED_EDGE('',*,*,#17053,.T.);
#17391 = ORIENTED_EDGE('',*,*,#17044,.T.);
#17392 = ORIENTED_EDGE('',*,*,#16160,.T.);
#17393 = ORIENTED_EDGE('',*,*,#15917,.F.);
#17394 = CYLINDRICAL_SURFACE('',#17395,6.);
#17395 = AXIS2_PLACEMENT_3D('',#17396,#17397,#17398);
#17396 = CARTESIAN_POINT('',(8.,8.,0.));
#17397 = DIRECTION('',(0.,0.,1.));
#17398 = DIRECTION('',(1.,0.,0.));
#17399 = MANIFOLD_SOLID_BREP('',#17400);
#17400 = CLOSED_SHELL('',(#17401,#17441,#17472,#17690,#17714,#18225,
    #18242,#18259,#18276,#18293,#18310,#18327,#18344,#18361,#18378,
    #18395,#18412,#18429,#18446,#18463,#18480,#18497,#18514,#18531,
    #18548,#18565,#18577,#18599,#18616,#18633,#18645,#18676,#18700,
    #18724,#18748,#18772,#18789,#18820,#18844,#18868,#18892,#18916,
    #18933,#18964,#18988,#19012,#19036,#19060,#19077,#19108,#19132,
    #19156,#19180,#19204,#19221,#19252,#19276,#19300,#19324,#19348,
    #19365,#19396,#19420,#19444,#19468,#19492,#19509,#19534,#19559,
    #19584,#19609,#19634,#19659,#19684,#19709,#19734,#19759,#19784,
    #19809,#19818,#19827,#19836,#19845,#19854));
#17401 = ADVANCED_FACE('',(#17402),#17436,.F.);
#17402 = FACE_BOUND('',#17403,.F.);
#17403 = EDGE_LOOP('',(#17404,#17414,#17422,#17430));
#17404 = ORIENTED_EDGE('',*,*,#17405,.F.);
#17405 = EDGE_CURVE('',#17406,#17408,#17410,.T.);
#17406 = VERTEX_POINT('',#17407);
#17407 = CARTESIAN_POINT('',(0.,0.,22.));
#17408 = VERTEX_POINT('',#17409);
#17409 = CARTESIAN_POINT('',(0.,0.,27.));
#17410 = LINE('',#17411,#17412);
#17411 = CARTESIAN_POINT('',(0.,0.,22.));
#17412 = VECTOR('',#17413,1.);
#17413 = DIRECTION('',(0.,0.,1.));
#17414 = ORIENTED_EDGE('',*,*,#17415,.T.);
#17415 = EDGE_CURVE('',#17406,#17416,#17418,.T.);
#17416 = VERTEX_POINT('',#17417);
#17417 = CARTESIAN_POINT('',(0.,250.,22.));
#17418 = LINE('',#17419,#17420);
#17419 = CARTESIAN_POINT('',(0.,0.,22.));
#17420 = VECTOR('',#17421,1.);
#17421 = DIRECTION('',(0.,1.,0.));
#17422 = ORIENTED_EDGE('',*,*,#17423,.T.);
#17423 = EDGE_CURVE('',#17416,#17424,#17426,.T.);
#17424 = VERTEX_POINT('',#17425);
#17425 = CARTESIAN_POINT('',(0.,250.,27.));
#17426 = LINE('',#17427,#17428);
#17427 = CARTESIAN_POINT('',(0.,250.,22.));
#17428 = VECTOR('',#17429,1.);
#17429 = DIRECTION('',(0.,0.,1.));
#17430 = ORIENTED_EDGE('',*,*,#17431,.F.);
#17431 = EDGE_CURVE('',#17408,#17424,#17432,.T.);
#17432 = LINE('',#17433,#17434);
#17433 = CARTESIAN_POINT('',(0.,0.,27.));
#17434 = VECTOR('',#17435,1.);
#17435 = DIRECTION('',(0.,1.,0.));
#17436 = PLANE('',#17437);
#17437 = AXIS2_PLACEMENT_3D('',#17438,#17439,#17440);
#17438 = CARTESIAN_POINT('',(0.,0.,22.));
#17439 = DIRECTION('',(1.,0.,0.));
#17440 = DIRECTION('',(0.,0.,1.));
#17441 = ADVANCED_FACE('',(#17442),#17467,.F.);
#17442 = FACE_BOUND('',#17443,.F.);
#17443 = EDGE_LOOP('',(#17444,#17452,#17453,#17461));
#17444 = ORIENTED_EDGE('',*,*,#17445,.F.);
#17445 = EDGE_CURVE('',#17406,#17446,#17448,.T.);
#17446 = VERTEX_POINT('',#17447);
#17447 = CARTESIAN_POINT('',(262.,0.,22.));
#17448 = LINE('',#17449,#17450);
#17449 = CARTESIAN_POINT('',(0.,0.,22.));
#17450 = VECTOR('',#17451,1.);
#17451 = DIRECTION('',(1.,0.,0.));
#17452 = ORIENTED_EDGE('',*,*,#17405,.T.);
#17453 = ORIENTED_EDGE('',*,*,#17454,.T.);
#17454 = EDGE_CURVE('',#17408,#17455,#17457,.T.);
#17455 = VERTEX_POINT('',#17456);
#17456 = CARTESIAN_POINT('',(262.,0.,27.));
#17457 = LINE('',#17458,#17459);
#17458 = CARTESIAN_POINT('',(0.,0.,27.));
#17459 = VECTOR('',#17460,1.);
#17460 = DIRECTION('',(1.,0.,0.));
#17461 = ORIENTED_EDGE('',*,*,#17462,.F.);
#17462 = EDGE_CURVE('',#17446,#17455,#17463,.T.);
#17463 = LINE('',#17464,#17465);
#17464 = CARTESIAN_POINT('',(262.,0.,22.));
#17465 = VECTOR('',#17466,1.);
#17466 = DIRECTION('',(0.,0.,1.));
#17467 = PLANE('',#17468);
#17468 = AXIS2_PLACEMENT_3D('',#17469,#17470,#17471);
#17469 = CARTESIAN_POINT('',(0.,0.,22.));
#17470 = DIRECTION('',(0.,1.,0.));
#17471 = DIRECTION('',(0.,0.,1.));
#17472 = ADVANCED_FACE('',(#17473,#17651),#17685,.T.);
#17473 = FACE_BOUND('',#17474,.T.);
#17474 = EDGE_LOOP('',(#17475,#17483,#17484,#17485,#17493,#17501,#17509,
    #17517,#17525,#17533,#17541,#17549,#17557,#17565,#17573,#17581,
    #17589,#17597,#17605,#17613,#17621,#17629,#17637,#17645));
#17475 = ORIENTED_EDGE('',*,*,#17476,.F.);
#17476 = EDGE_CURVE('',#17424,#17477,#17479,.T.);
#17477 = VERTEX_POINT('',#17478);
#17478 = CARTESIAN_POINT('',(19.7,250.,27.));
#17479 = LINE('',#17480,#17481);
#17480 = CARTESIAN_POINT('',(0.,250.,27.));
#17481 = VECTOR('',#17482,1.);
#17482 = DIRECTION('',(1.,0.,0.));
#17483 = ORIENTED_EDGE('',*,*,#17431,.F.);
#17484 = ORIENTED_EDGE('',*,*,#17454,.T.);
#17485 = ORIENTED_EDGE('',*,*,#17486,.T.);
#17486 = EDGE_CURVE('',#17455,#17487,#17489,.T.);
#17487 = VERTEX_POINT('',#17488);
#17488 = CARTESIAN_POINT('',(262.,250.,27.));
#17489 = LINE('',#17490,#17491);
#17490 = CARTESIAN_POINT('',(262.,0.,27.));
#17491 = VECTOR('',#17492,1.);
#17492 = DIRECTION('',(0.,1.,0.));
#17493 = ORIENTED_EDGE('',*,*,#17494,.F.);
#17494 = EDGE_CURVE('',#17495,#17487,#17497,.T.);
#17495 = VERTEX_POINT('',#17496);
#17496 = CARTESIAN_POINT('',(242.3,250.,27.));
#17497 = LINE('',#17498,#17499);
#17498 = CARTESIAN_POINT('',(0.,250.,27.));
#17499 = VECTOR('',#17500,1.);
#17500 = DIRECTION('',(1.,0.,0.));
#17501 = ORIENTED_EDGE('',*,*,#17502,.F.);
#17502 = EDGE_CURVE('',#17503,#17495,#17505,.T.);
#17503 = VERTEX_POINT('',#17504);
#17504 = CARTESIAN_POINT('',(242.3,247.8,27.));
#17505 = LINE('',#17506,#17507);
#17506 = CARTESIAN_POINT('',(242.3,123.9,27.));
#17507 = VECTOR('',#17508,1.);
#17508 = DIRECTION('',(0.,1.,0.));
#17509 = ORIENTED_EDGE('',*,*,#17510,.T.);
#17510 = EDGE_CURVE('',#17503,#17511,#17513,.T.);
#17511 = VERTEX_POINT('',#17512);
#17512 = CARTESIAN_POINT('',(233.8,247.8,27.));
#17513 = LINE('',#17514,#17515);
#17514 = CARTESIAN_POINT('',(102.85,247.8,27.));
#17515 = VECTOR('',#17516,1.);
#17516 = DIRECTION('',(-1.,0.,0.));
#17517 = ORIENTED_EDGE('',*,*,#17518,.F.);
#17518 = EDGE_CURVE('',#17519,#17511,#17521,.T.);
#17519 = VERTEX_POINT('',#17520);
#17520 = CARTESIAN_POINT('',(233.8,243.7,27.));
#17521 = LINE('',#17522,#17523);
#17522 = CARTESIAN_POINT('',(233.8,121.85,27.));
#17523 = VECTOR('',#17524,1.);
#17524 = DIRECTION('',(0.,1.,0.));
#17525 = ORIENTED_EDGE('',*,*,#17526,.T.);
#17526 = EDGE_CURVE('',#17519,#17527,#17529,.T.);
#17527 = VERTEX_POINT('',#17528);
#17528 = CARTESIAN_POINT('',(214.2,243.7,27.));
#17529 = LINE('',#17530,#17531);
#17530 = CARTESIAN_POINT('',(107.1,243.7,27.));
#17531 = VECTOR('',#17532,1.);
#17532 = DIRECTION('',(-1.,0.,0.));
#17533 = ORIENTED_EDGE('',*,*,#17534,.T.);
#17534 = EDGE_CURVE('',#17527,#17535,#17537,.T.);
#17535 = VERTEX_POINT('',#17536);
#17536 = CARTESIAN_POINT('',(214.2,247.8,27.));
#17537 = LINE('',#17538,#17539);
#17538 = CARTESIAN_POINT('',(214.2,121.85,27.));
#17539 = VECTOR('',#17540,1.);
#17540 = DIRECTION('',(0.,1.,0.));
#17541 = ORIENTED_EDGE('',*,*,#17542,.T.);
#17542 = EDGE_CURVE('',#17535,#17543,#17545,.T.);
#17543 = VERTEX_POINT('',#17544);
#17544 = CARTESIAN_POINT('',(205.7,247.8,27.));
#17545 = LINE('',#17546,#17547);
#17546 = CARTESIAN_POINT('',(102.85,247.8,27.));
#17547 = VECTOR('',#17548,1.);
#17548 = DIRECTION('',(-1.,0.,0.));
#17549 = ORIENTED_EDGE('',*,*,#17550,.T.);
#17550 = EDGE_CURVE('',#17543,#17551,#17553,.T.);
#17551 = VERTEX_POINT('',#17552);
#17552 = CARTESIAN_POINT('',(205.7,250.,27.));
#17553 = LINE('',#17554,#17555);
#17554 = CARTESIAN_POINT('',(205.7,123.9,27.));
#17555 = VECTOR('',#17556,1.);
#17556 = DIRECTION('',(0.,1.,0.));
#17557 = ORIENTED_EDGE('',*,*,#17558,.F.);
#17558 = EDGE_CURVE('',#17559,#17551,#17561,.T.);
#17559 = VERTEX_POINT('',#17560);
#17560 = CARTESIAN_POINT('',(148.,250.,27.));
#17561 = LINE('',#17562,#17563);
#17562 = CARTESIAN_POINT('',(0.,250.,27.));
#17563 = VECTOR('',#17564,1.);
#17564 = DIRECTION('',(1.,0.,0.));
#17565 = ORIENTED_EDGE('',*,*,#17566,.F.);
#17566 = EDGE_CURVE('',#17567,#17559,#17569,.T.);
#17567 = VERTEX_POINT('',#17568);
#17568 = CARTESIAN_POINT('',(148.,246.,27.));
#17569 = LINE('',#17570,#17571);
#17570 = CARTESIAN_POINT('',(148.,123.,27.));
#17571 = VECTOR('',#17572,1.);
#17572 = DIRECTION('',(0.,1.,0.));
#17573 = ORIENTED_EDGE('',*,*,#17574,.T.);
#17574 = EDGE_CURVE('',#17567,#17575,#17577,.T.);
#17575 = VERTEX_POINT('',#17576);
#17576 = CARTESIAN_POINT('',(114.,246.,27.));
#17577 = LINE('',#17578,#17579);
#17578 = CARTESIAN_POINT('',(57.,246.,27.));
#17579 = VECTOR('',#17580,1.);
#17580 = DIRECTION('',(-1.,0.,0.));
#17581 = ORIENTED_EDGE('',*,*,#17582,.T.);
#17582 = EDGE_CURVE('',#17575,#17583,#17585,.T.);
#17583 = VERTEX_POINT('',#17584);
#17584 = CARTESIAN_POINT('',(114.,250.,27.));
#17585 = LINE('',#17586,#17587);
#17586 = CARTESIAN_POINT('',(114.,123.,27.));
#17587 = VECTOR('',#17588,1.);
#17588 = DIRECTION('',(0.,1.,0.));
#17589 = ORIENTED_EDGE('',*,*,#17590,.F.);
#17590 = EDGE_CURVE('',#17591,#17583,#17593,.T.);
#17591 = VERTEX_POINT('',#17592);
#17592 = CARTESIAN_POINT('',(56.3,250.,27.));
#17593 = LINE('',#17594,#17595);
#17594 = CARTESIAN_POINT('',(0.,250.,27.));
#17595 = VECTOR('',#17596,1.);
#17596 = DIRECTION('',(1.,0.,0.));
#17597 = ORIENTED_EDGE('',*,*,#17598,.F.);
#17598 = EDGE_CURVE('',#17599,#17591,#17601,.T.);
#17599 = VERTEX_POINT('',#17600);
#17600 = CARTESIAN_POINT('',(56.3,247.8,27.));
#17601 = LINE('',#17602,#17603);
#17602 = CARTESIAN_POINT('',(56.3,123.9,27.));
#17603 = VECTOR('',#17604,1.);
#17604 = DIRECTION('',(0.,1.,0.));
#17605 = ORIENTED_EDGE('',*,*,#17606,.T.);
#17606 = EDGE_CURVE('',#17599,#17607,#17609,.T.);
#17607 = VERTEX_POINT('',#17608);
#17608 = CARTESIAN_POINT('',(47.8,247.8,27.));
#17609 = LINE('',#17610,#17611);
#17610 = CARTESIAN_POINT('',(9.85,247.8,27.));
#17611 = VECTOR('',#17612,1.);
#17612 = DIRECTION('',(-1.,0.,0.));
#17613 = ORIENTED_EDGE('',*,*,#17614,.F.);
#17614 = EDGE_CURVE('',#17615,#17607,#17617,.T.);
#17615 = VERTEX_POINT('',#17616);
#17616 = CARTESIAN_POINT('',(47.8,243.7,27.));
#17617 = LINE('',#17618,#17619);
#17618 = CARTESIAN_POINT('',(47.8,121.85,27.));
#17619 = VECTOR('',#17620,1.);
#17620 = DIRECTION('',(0.,1.,0.));
#17621 = ORIENTED_EDGE('',*,*,#17622,.T.);
#17622 = EDGE_CURVE('',#17615,#17623,#17625,.T.);
#17623 = VERTEX_POINT('',#17624);
#17624 = CARTESIAN_POINT('',(28.2,243.7,27.));
#17625 = LINE('',#17626,#17627);
#17626 = CARTESIAN_POINT('',(14.1,243.7,27.));
#17627 = VECTOR('',#17628,1.);
#17628 = DIRECTION('',(-1.,0.,0.));
#17629 = ORIENTED_EDGE('',*,*,#17630,.T.);
#17630 = EDGE_CURVE('',#17623,#17631,#17633,.T.);
#17631 = VERTEX_POINT('',#17632);
#17632 = CARTESIAN_POINT('',(28.2,247.8,27.));
#17633 = LINE('',#17634,#17635);
#17634 = CARTESIAN_POINT('',(28.2,121.85,27.));
#17635 = VECTOR('',#17636,1.);
#17636 = DIRECTION('',(0.,1.,0.));
#17637 = ORIENTED_EDGE('',*,*,#17638,.T.);
#17638 = EDGE_CURVE('',#17631,#17639,#17641,.T.);
#17639 = VERTEX_POINT('',#17640);
#17640 = CARTESIAN_POINT('',(19.7,247.8,27.));
#17641 = LINE('',#17642,#17643);
#17642 = CARTESIAN_POINT('',(9.85,247.8,27.));
#17643 = VECTOR('',#17644,1.);
#17644 = DIRECTION('',(-1.,0.,0.));
#17645 = ORIENTED_EDGE('',*,*,#17646,.T.);
#17646 = EDGE_CURVE('',#17639,#17477,#17647,.T.);
#17647 = LINE('',#17648,#17649);
#17648 = CARTESIAN_POINT('',(19.7,123.9,27.));
#17649 = VECTOR('',#17650,1.);
#17650 = DIRECTION('',(0.,1.,0.));
#17651 = FACE_BOUND('',#17652,.T.);
#17652 = EDGE_LOOP('',(#17653,#17663,#17671,#17679));
#17653 = ORIENTED_EDGE('',*,*,#17654,.T.);
#17654 = EDGE_CURVE('',#17655,#17657,#17659,.T.);
#17655 = VERTEX_POINT('',#17656);
#17656 = CARTESIAN_POINT('',(209.75,80.,27.));
#17657 = VERTEX_POINT('',#17658);
#17658 = CARTESIAN_POINT('',(52.25,80.,27.));
#17659 = LINE('',#17660,#17661);
#17660 = CARTESIAN_POINT('',(26.125,80.,27.));
#17661 = VECTOR('',#17662,1.);
#17662 = DIRECTION('',(-1.,0.,0.));
#17663 = ORIENTED_EDGE('',*,*,#17664,.T.);
#17664 = EDGE_CURVE('',#17657,#17665,#17667,.T.);
#17665 = VERTEX_POINT('',#17666);
#17666 = CARTESIAN_POINT('',(52.25,170.,27.));
#17667 = LINE('',#17668,#17669);
#17668 = CARTESIAN_POINT('',(52.25,40.,27.));
#17669 = VECTOR('',#17670,1.);
#17670 = DIRECTION('',(0.,1.,0.));
#17671 = ORIENTED_EDGE('',*,*,#17672,.F.);
#17672 = EDGE_CURVE('',#17673,#17665,#17675,.T.);
#17673 = VERTEX_POINT('',#17674);
#17674 = CARTESIAN_POINT('',(209.75,170.,27.));
#17675 = LINE('',#17676,#17677);
#17676 = CARTESIAN_POINT('',(26.125,170.,27.));
#17677 = VECTOR('',#17678,1.);
#17678 = DIRECTION('',(-1.,0.,0.));
#17679 = ORIENTED_EDGE('',*,*,#17680,.F.);
#17680 = EDGE_CURVE('',#17655,#17673,#17681,.T.);
#17681 = LINE('',#17682,#17683);
#17682 = CARTESIAN_POINT('',(209.75,40.,27.));
#17683 = VECTOR('',#17684,1.);
#17684 = DIRECTION('',(0.,1.,0.));
#17685 = PLANE('',#17686);
#17686 = AXIS2_PLACEMENT_3D('',#17687,#17688,#17689);
#17687 = CARTESIAN_POINT('',(0.,0.,27.));
#17688 = DIRECTION('',(0.,0.,1.));
#17689 = DIRECTION('',(1.,0.,0.));
#17690 = ADVANCED_FACE('',(#17691),#17709,.T.);
#17691 = FACE_BOUND('',#17692,.T.);
#17692 = EDGE_LOOP('',(#17693,#17701,#17702,#17703));
#17693 = ORIENTED_EDGE('',*,*,#17694,.F.);
#17694 = EDGE_CURVE('',#17416,#17695,#17697,.T.);
#17695 = VERTEX_POINT('',#17696);
#17696 = CARTESIAN_POINT('',(19.7,250.,22.));
#17697 = LINE('',#17698,#17699);
#17698 = CARTESIAN_POINT('',(0.,250.,22.));
#17699 = VECTOR('',#17700,1.);
#17700 = DIRECTION('',(1.,0.,0.));
#17701 = ORIENTED_EDGE('',*,*,#17423,.T.);
#17702 = ORIENTED_EDGE('',*,*,#17476,.T.);
#17703 = ORIENTED_EDGE('',*,*,#17704,.T.);
#17704 = EDGE_CURVE('',#17477,#17695,#17705,.T.);
#17705 = LINE('',#17706,#17707);
#17706 = CARTESIAN_POINT('',(19.7,250.,21.5));
#17707 = VECTOR('',#17708,1.);
#17708 = DIRECTION('',(0.,0.,-1.));
#17709 = PLANE('',#17710);
#17710 = AXIS2_PLACEMENT_3D('',#17711,#17712,#17713);
#17711 = CARTESIAN_POINT('',(0.,250.,22.));
#17712 = DIRECTION('',(0.,1.,0.));
#17713 = DIRECTION('',(0.,0.,1.));
#17714 = ADVANCED_FACE('',(#17715,#17886,#17936,#17986,#18036,#18070,
    #18120,#18170),#18220,.F.);
#17715 = FACE_BOUND('',#17716,.F.);
#17716 = EDGE_LOOP('',(#17717,#17718,#17719,#17720,#17728,#17736,#17744,
    #17752,#17760,#17768,#17776,#17784,#17792,#17800,#17808,#17816,
    #17824,#17832,#17840,#17848,#17856,#17864,#17872,#17880));
#17717 = ORIENTED_EDGE('',*,*,#17694,.F.);
#17718 = ORIENTED_EDGE('',*,*,#17415,.F.);
#17719 = ORIENTED_EDGE('',*,*,#17445,.T.);
#17720 = ORIENTED_EDGE('',*,*,#17721,.T.);
#17721 = EDGE_CURVE('',#17446,#17722,#17724,.T.);
#17722 = VERTEX_POINT('',#17723);
#17723 = CARTESIAN_POINT('',(262.,250.,22.));
#17724 = LINE('',#17725,#17726);
#17725 = CARTESIAN_POINT('',(262.,0.,22.));
#17726 = VECTOR('',#17727,1.);
#17727 = DIRECTION('',(0.,1.,0.));
#17728 = ORIENTED_EDGE('',*,*,#17729,.F.);
#17729 = EDGE_CURVE('',#17730,#17722,#17732,.T.);
#17730 = VERTEX_POINT('',#17731);
#17731 = CARTESIAN_POINT('',(242.3,250.,22.));
#17732 = LINE('',#17733,#17734);
#17733 = CARTESIAN_POINT('',(0.,250.,22.));
#17734 = VECTOR('',#17735,1.);
#17735 = DIRECTION('',(1.,0.,0.));
#17736 = ORIENTED_EDGE('',*,*,#17737,.F.);
#17737 = EDGE_CURVE('',#17738,#17730,#17740,.T.);
#17738 = VERTEX_POINT('',#17739);
#17739 = CARTESIAN_POINT('',(242.3,247.8,22.));
#17740 = LINE('',#17741,#17742);
#17741 = CARTESIAN_POINT('',(242.3,123.9,22.));
#17742 = VECTOR('',#17743,1.);
#17743 = DIRECTION('',(0.,1.,0.));
#17744 = ORIENTED_EDGE('',*,*,#17745,.T.);
#17745 = EDGE_CURVE('',#17738,#17746,#17748,.T.);
#17746 = VERTEX_POINT('',#17747);
#17747 = CARTESIAN_POINT('',(233.8,247.8,22.));
#17748 = LINE('',#17749,#17750);
#17749 = CARTESIAN_POINT('',(102.85,247.8,22.));
#17750 = VECTOR('',#17751,1.);
#17751 = DIRECTION('',(-1.,0.,0.));
#17752 = ORIENTED_EDGE('',*,*,#17753,.F.);
#17753 = EDGE_CURVE('',#17754,#17746,#17756,.T.);
#17754 = VERTEX_POINT('',#17755);
#17755 = CARTESIAN_POINT('',(233.8,243.7,22.));
#17756 = LINE('',#17757,#17758);
#17757 = CARTESIAN_POINT('',(233.8,121.85,22.));
#17758 = VECTOR('',#17759,1.);
#17759 = DIRECTION('',(0.,1.,0.));
#17760 = ORIENTED_EDGE('',*,*,#17761,.T.);
#17761 = EDGE_CURVE('',#17754,#17762,#17764,.T.);
#17762 = VERTEX_POINT('',#17763);
#17763 = CARTESIAN_POINT('',(214.2,243.7,22.));
#17764 = LINE('',#17765,#17766);
#17765 = CARTESIAN_POINT('',(107.1,243.7,22.));
#17766 = VECTOR('',#17767,1.);
#17767 = DIRECTION('',(-1.,0.,0.));
#17768 = ORIENTED_EDGE('',*,*,#17769,.T.);
#17769 = EDGE_CURVE('',#17762,#17770,#17772,.T.);
#17770 = VERTEX_POINT('',#17771);
#17771 = CARTESIAN_POINT('',(214.2,247.8,22.));
#17772 = LINE('',#17773,#17774);
#17773 = CARTESIAN_POINT('',(214.2,121.85,22.));
#17774 = VECTOR('',#17775,1.);
#17775 = DIRECTION('',(0.,1.,0.));
#17776 = ORIENTED_EDGE('',*,*,#17777,.T.);
#17777 = EDGE_CURVE('',#17770,#17778,#17780,.T.);
#17778 = VERTEX_POINT('',#17779);
#17779 = CARTESIAN_POINT('',(205.7,247.8,22.));
#17780 = LINE('',#17781,#17782);
#17781 = CARTESIAN_POINT('',(102.85,247.8,22.));
#17782 = VECTOR('',#17783,1.);
#17783 = DIRECTION('',(-1.,0.,0.));
#17784 = ORIENTED_EDGE('',*,*,#17785,.T.);
#17785 = EDGE_CURVE('',#17778,#17786,#17788,.T.);
#17786 = VERTEX_POINT('',#17787);
#17787 = CARTESIAN_POINT('',(205.7,250.,22.));
#17788 = LINE('',#17789,#17790);
#17789 = CARTESIAN_POINT('',(205.7,123.9,22.));
#17790 = VECTOR('',#17791,1.);
#17791 = DIRECTION('',(0.,1.,0.));
#17792 = ORIENTED_EDGE('',*,*,#17793,.F.);
#17793 = EDGE_CURVE('',#17794,#17786,#17796,.T.);
#17794 = VERTEX_POINT('',#17795);
#17795 = CARTESIAN_POINT('',(148.,250.,22.));
#17796 = LINE('',#17797,#17798);
#17797 = CARTESIAN_POINT('',(0.,250.,22.));
#17798 = VECTOR('',#17799,1.);
#17799 = DIRECTION('',(1.,0.,0.));
#17800 = ORIENTED_EDGE('',*,*,#17801,.F.);
#17801 = EDGE_CURVE('',#17802,#17794,#17804,.T.);
#17802 = VERTEX_POINT('',#17803);
#17803 = CARTESIAN_POINT('',(148.,246.,22.));
#17804 = LINE('',#17805,#17806);
#17805 = CARTESIAN_POINT('',(148.,123.,22.));
#17806 = VECTOR('',#17807,1.);
#17807 = DIRECTION('',(0.,1.,0.));
#17808 = ORIENTED_EDGE('',*,*,#17809,.T.);
#17809 = EDGE_CURVE('',#17802,#17810,#17812,.T.);
#17810 = VERTEX_POINT('',#17811);
#17811 = CARTESIAN_POINT('',(114.,246.,22.));
#17812 = LINE('',#17813,#17814);
#17813 = CARTESIAN_POINT('',(57.,246.,22.));
#17814 = VECTOR('',#17815,1.);
#17815 = DIRECTION('',(-1.,0.,0.));
#17816 = ORIENTED_EDGE('',*,*,#17817,.T.);
#17817 = EDGE_CURVE('',#17810,#17818,#17820,.T.);
#17818 = VERTEX_POINT('',#17819);
#17819 = CARTESIAN_POINT('',(114.,250.,22.));
#17820 = LINE('',#17821,#17822);
#17821 = CARTESIAN_POINT('',(114.,123.,22.));
#17822 = VECTOR('',#17823,1.);
#17823 = DIRECTION('',(0.,1.,0.));
#17824 = ORIENTED_EDGE('',*,*,#17825,.F.);
#17825 = EDGE_CURVE('',#17826,#17818,#17828,.T.);
#17826 = VERTEX_POINT('',#17827);
#17827 = CARTESIAN_POINT('',(56.3,250.,22.));
#17828 = LINE('',#17829,#17830);
#17829 = CARTESIAN_POINT('',(0.,250.,22.));
#17830 = VECTOR('',#17831,1.);
#17831 = DIRECTION('',(1.,0.,0.));
#17832 = ORIENTED_EDGE('',*,*,#17833,.F.);
#17833 = EDGE_CURVE('',#17834,#17826,#17836,.T.);
#17834 = VERTEX_POINT('',#17835);
#17835 = CARTESIAN_POINT('',(56.3,247.8,22.));
#17836 = LINE('',#17837,#17838);
#17837 = CARTESIAN_POINT('',(56.3,123.9,22.));
#17838 = VECTOR('',#17839,1.);
#17839 = DIRECTION('',(0.,1.,0.));
#17840 = ORIENTED_EDGE('',*,*,#17841,.T.);
#17841 = EDGE_CURVE('',#17834,#17842,#17844,.T.);
#17842 = VERTEX_POINT('',#17843);
#17843 = CARTESIAN_POINT('',(47.8,247.8,22.));
#17844 = LINE('',#17845,#17846);
#17845 = CARTESIAN_POINT('',(9.85,247.8,22.));
#17846 = VECTOR('',#17847,1.);
#17847 = DIRECTION('',(-1.,0.,0.));
#17848 = ORIENTED_EDGE('',*,*,#17849,.F.);
#17849 = EDGE_CURVE('',#17850,#17842,#17852,.T.);
#17850 = VERTEX_POINT('',#17851);
#17851 = CARTESIAN_POINT('',(47.8,243.7,22.));
#17852 = LINE('',#17853,#17854);
#17853 = CARTESIAN_POINT('',(47.8,121.85,22.));
#17854 = VECTOR('',#17855,1.);
#17855 = DIRECTION('',(0.,1.,0.));
#17856 = ORIENTED_EDGE('',*,*,#17857,.T.);
#17857 = EDGE_CURVE('',#17850,#17858,#17860,.T.);
#17858 = VERTEX_POINT('',#17859);
#17859 = CARTESIAN_POINT('',(28.2,243.7,22.));
#17860 = LINE('',#17861,#17862);
#17861 = CARTESIAN_POINT('',(14.1,243.7,22.));
#17862 = VECTOR('',#17863,1.);
#17863 = DIRECTION('',(-1.,0.,0.));
#17864 = ORIENTED_EDGE('',*,*,#17865,.T.);
#17865 = EDGE_CURVE('',#17858,#17866,#17868,.T.);
#17866 = VERTEX_POINT('',#17867);
#17867 = CARTESIAN_POINT('',(28.2,247.8,22.));
#17868 = LINE('',#17869,#17870);
#17869 = CARTESIAN_POINT('',(28.2,121.85,22.));
#17870 = VECTOR('',#17871,1.);
#17871 = DIRECTION('',(0.,1.,0.));
#17872 = ORIENTED_EDGE('',*,*,#17873,.T.);
#17873 = EDGE_CURVE('',#17866,#17874,#17876,.T.);
#17874 = VERTEX_POINT('',#17875);
#17875 = CARTESIAN_POINT('',(19.7,247.8,22.));
#17876 = LINE('',#17877,#17878);
#17877 = CARTESIAN_POINT('',(9.85,247.8,22.));
#17878 = VECTOR('',#17879,1.);
#17879 = DIRECTION('',(-1.,0.,0.));
#17880 = ORIENTED_EDGE('',*,*,#17881,.T.);
#17881 = EDGE_CURVE('',#17874,#17695,#17882,.T.);
#17882 = LINE('',#17883,#17884);
#17883 = CARTESIAN_POINT('',(19.7,123.9,22.));
#17884 = VECTOR('',#17885,1.);
#17885 = DIRECTION('',(0.,1.,0.));
#17886 = FACE_BOUND('',#17887,.F.);
#17887 = EDGE_LOOP('',(#17888,#17898,#17906,#17914,#17922,#17930));
#17888 = ORIENTED_EDGE('',*,*,#17889,.F.);
#17889 = EDGE_CURVE('',#17890,#17892,#17894,.T.);
#17890 = VERTEX_POINT('',#17891);
#17891 = CARTESIAN_POINT('',(10.9,9.67431578065,22.));
#17892 = VERTEX_POINT('',#17893);
#17893 = CARTESIAN_POINT('',(8.,11.3486315613,22.));
#17894 = LINE('',#17895,#17896);
#17895 = CARTESIAN_POINT('',(10.9,9.67431578065,22.));
#17896 = VECTOR('',#17897,1.);
#17897 = DIRECTION('',(-0.866025403784,0.5,0.));
#17898 = ORIENTED_EDGE('',*,*,#17899,.F.);
#17899 = EDGE_CURVE('',#17900,#17890,#17902,.T.);
#17900 = VERTEX_POINT('',#17901);
#17901 = CARTESIAN_POINT('',(10.9,6.32568421935,22.));
#17902 = LINE('',#17903,#17904);
#17903 = CARTESIAN_POINT('',(10.9,6.32568421935,22.));
#17904 = VECTOR('',#17905,1.);
#17905 = DIRECTION('',(5.304724652093E-16,1.,0.));
#17906 = ORIENTED_EDGE('',*,*,#17907,.F.);
#17907 = EDGE_CURVE('',#17908,#17900,#17910,.T.);
#17908 = VERTEX_POINT('',#17909);
#17909 = CARTESIAN_POINT('',(8.,4.6513684387,22.));
#17910 = LINE('',#17911,#17912);
#17911 = CARTESIAN_POINT('',(8.,4.6513684387,22.));
#17912 = VECTOR('',#17913,1.);
#17913 = DIRECTION('',(0.866025403784,0.5,0.));
#17914 = ORIENTED_EDGE('',*,*,#17915,.F.);
#17915 = EDGE_CURVE('',#17916,#17908,#17918,.T.);
#17916 = VERTEX_POINT('',#17917);
#17917 = CARTESIAN_POINT('',(5.1,6.32568421935,22.));
#17918 = LINE('',#17919,#17920);
#17919 = CARTESIAN_POINT('',(5.1,6.32568421935,22.));
#17920 = VECTOR('',#17921,1.);
#17921 = DIRECTION('',(0.866025403784,-0.5,0.));
#17922 = ORIENTED_EDGE('',*,*,#17923,.F.);
#17923 = EDGE_CURVE('',#17924,#17916,#17926,.T.);
#17924 = VERTEX_POINT('',#17925);
#17925 = CARTESIAN_POINT('',(5.1,9.67431578065,22.));
#17926 = LINE('',#17927,#17928);
#17927 = CARTESIAN_POINT('',(5.1,9.67431578065,22.));
#17928 = VECTOR('',#17929,1.);
#17929 = DIRECTION('',(0.,-1.,0.));
#17930 = ORIENTED_EDGE('',*,*,#17931,.F.);
#17931 = EDGE_CURVE('',#17892,#17924,#17932,.T.);
#17932 = LINE('',#17933,#17934);
#17933 = CARTESIAN_POINT('',(8.,11.3486315613,22.));
#17934 = VECTOR('',#17935,1.);
#17935 = DIRECTION('',(-0.866025403784,-0.5,0.));
#17936 = FACE_BOUND('',#17937,.F.);
#17937 = EDGE_LOOP('',(#17938,#17948,#17956,#17964,#17972,#17980));
#17938 = ORIENTED_EDGE('',*,*,#17939,.F.);
#17939 = EDGE_CURVE('',#17940,#17942,#17944,.T.);
#17940 = VERTEX_POINT('',#17941);
#17941 = CARTESIAN_POINT('',(10.9,126.67431578065,22.));
#17942 = VERTEX_POINT('',#17943);
#17943 = CARTESIAN_POINT('',(8.,128.3486315613,22.));
#17944 = LINE('',#17945,#17946);
#17945 = CARTESIAN_POINT('',(10.9,126.67431578065,22.));
#17946 = VECTOR('',#17947,1.);
#17947 = DIRECTION('',(-0.866025403784,0.5,0.));
#17948 = ORIENTED_EDGE('',*,*,#17949,.F.);
#17949 = EDGE_CURVE('',#17950,#17940,#17952,.T.);
#17950 = VERTEX_POINT('',#17951);
#17951 = CARTESIAN_POINT('',(10.9,123.32568421935,22.));
#17952 = LINE('',#17953,#17954);
#17953 = CARTESIAN_POINT('',(10.9,123.32568421935,22.));
#17954 = VECTOR('',#17955,1.);
#17955 = DIRECTION('',(5.304724652093E-16,1.,0.));
#17956 = ORIENTED_EDGE('',*,*,#17957,.F.);
#17957 = EDGE_CURVE('',#17958,#17950,#17960,.T.);
#17958 = VERTEX_POINT('',#17959);
#17959 = CARTESIAN_POINT('',(8.,121.6513684387,22.));
#17960 = LINE('',#17961,#17962);
#17961 = CARTESIAN_POINT('',(8.,121.6513684387,22.));
#17962 = VECTOR('',#17963,1.);
#17963 = DIRECTION('',(0.866025403784,0.5,0.));
#17964 = ORIENTED_EDGE('',*,*,#17965,.F.);
#17965 = EDGE_CURVE('',#17966,#17958,#17968,.T.);
#17966 = VERTEX_POINT('',#17967);
#17967 = CARTESIAN_POINT('',(5.1,123.32568421935,22.));
#17968 = LINE('',#17969,#17970);
#17969 = CARTESIAN_POINT('',(5.1,123.32568421935,22.));
#17970 = VECTOR('',#17971,1.);
#17971 = DIRECTION('',(0.866025403784,-0.5,0.));
#17972 = ORIENTED_EDGE('',*,*,#17973,.F.);
#17973 = EDGE_CURVE('',#17974,#17966,#17976,.T.);
#17974 = VERTEX_POINT('',#17975);
#17975 = CARTESIAN_POINT('',(5.1,126.67431578065,22.));
#17976 = LINE('',#17977,#17978);
#17977 = CARTESIAN_POINT('',(5.1,126.67431578065,22.));
#17978 = VECTOR('',#17979,1.);
#17979 = DIRECTION('',(0.,-1.,0.));
#17980 = ORIENTED_EDGE('',*,*,#17981,.F.);
#17981 = EDGE_CURVE('',#17942,#17974,#17982,.T.);
#17982 = LINE('',#17983,#17984);
#17983 = CARTESIAN_POINT('',(8.,128.3486315613,22.));
#17984 = VECTOR('',#17985,1.);
#17985 = DIRECTION('',(-0.866025403784,-0.5,0.));
#17986 = FACE_BOUND('',#17987,.F.);
#17987 = EDGE_LOOP('',(#17988,#17998,#18006,#18014,#18022,#18030));
#17988 = ORIENTED_EDGE('',*,*,#17989,.F.);
#17989 = EDGE_CURVE('',#17990,#17992,#17994,.T.);
#17990 = VERTEX_POINT('',#17991);
#17991 = CARTESIAN_POINT('',(256.9,9.67431578065,22.));
#17992 = VERTEX_POINT('',#17993);
#17993 = CARTESIAN_POINT('',(254.,11.3486315613,22.));
#17994 = LINE('',#17995,#17996);
#17995 = CARTESIAN_POINT('',(256.9,9.67431578065,22.));
#17996 = VECTOR('',#17997,1.);
#17997 = DIRECTION('',(-0.866025403784,0.5,0.));
#17998 = ORIENTED_EDGE('',*,*,#17999,.F.);
#17999 = EDGE_CURVE('',#18000,#17990,#18002,.T.);
#18000 = VERTEX_POINT('',#18001);
#18001 = CARTESIAN_POINT('',(256.9,6.32568421935,22.));
#18002 = LINE('',#18003,#18004);
#18003 = CARTESIAN_POINT('',(256.9,6.32568421935,22.));
#18004 = VECTOR('',#18005,1.);
#18005 = DIRECTION('',(0.,1.,0.));
#18006 = ORIENTED_EDGE('',*,*,#18007,.F.);
#18007 = EDGE_CURVE('',#18008,#18000,#18010,.T.);
#18008 = VERTEX_POINT('',#18009);
#18009 = CARTESIAN_POINT('',(254.,4.6513684387,22.));
#18010 = LINE('',#18011,#18012);
#18011 = CARTESIAN_POINT('',(254.,4.6513684387,22.));
#18012 = VECTOR('',#18013,1.);
#18013 = DIRECTION('',(0.866025403784,0.5,0.));
#18014 = ORIENTED_EDGE('',*,*,#18015,.F.);
#18015 = EDGE_CURVE('',#18016,#18008,#18018,.T.);
#18016 = VERTEX_POINT('',#18017);
#18017 = CARTESIAN_POINT('',(251.1,6.32568421935,22.));
#18018 = LINE('',#18019,#18020);
#18019 = CARTESIAN_POINT('',(251.1,6.32568421935,22.));
#18020 = VECTOR('',#18021,1.);
#18021 = DIRECTION('',(0.866025403784,-0.5,0.));
#18022 = ORIENTED_EDGE('',*,*,#18023,.F.);
#18023 = EDGE_CURVE('',#18024,#18016,#18026,.T.);
#18024 = VERTEX_POINT('',#18025);
#18025 = CARTESIAN_POINT('',(251.1,9.67431578065,22.));
#18026 = LINE('',#18027,#18028);
#18027 = CARTESIAN_POINT('',(251.1,9.67431578065,22.));
#18028 = VECTOR('',#18029,1.);
#18029 = DIRECTION('',(0.,-1.,0.));
#18030 = ORIENTED_EDGE('',*,*,#18031,.F.);
#18031 = EDGE_CURVE('',#17992,#18024,#18032,.T.);
#18032 = LINE('',#18033,#18034);
#18033 = CARTESIAN_POINT('',(254.,11.3486315613,22.));
#18034 = VECTOR('',#18035,1.);
#18035 = DIRECTION('',(-0.866025403784,-0.5,0.));
#18036 = FACE_BOUND('',#18037,.F.);
#18037 = EDGE_LOOP('',(#18038,#18048,#18056,#18064));
#18038 = ORIENTED_EDGE('',*,*,#18039,.T.);
#18039 = EDGE_CURVE('',#18040,#18042,#18044,.T.);
#18040 = VERTEX_POINT('',#18041);
#18041 = CARTESIAN_POINT('',(209.75,80.,22.));
#18042 = VERTEX_POINT('',#18043);
#18043 = CARTESIAN_POINT('',(52.25,80.,22.));
#18044 = LINE('',#18045,#18046);
#18045 = CARTESIAN_POINT('',(26.125,80.,22.));
#18046 = VECTOR('',#18047,1.);
#18047 = DIRECTION('',(-1.,0.,0.));
#18048 = ORIENTED_EDGE('',*,*,#18049,.T.);
#18049 = EDGE_CURVE('',#18042,#18050,#18052,.T.);
#18050 = VERTEX_POINT('',#18051);
#18051 = CARTESIAN_POINT('',(52.25,170.,22.));
#18052 = LINE('',#18053,#18054);
#18053 = CARTESIAN_POINT('',(52.25,40.,22.));
#18054 = VECTOR('',#18055,1.);
#18055 = DIRECTION('',(0.,1.,0.));
#18056 = ORIENTED_EDGE('',*,*,#18057,.F.);
#18057 = EDGE_CURVE('',#18058,#18050,#18060,.T.);
#18058 = VERTEX_POINT('',#18059);
#18059 = CARTESIAN_POINT('',(209.75,170.,22.));
#18060 = LINE('',#18061,#18062);
#18061 = CARTESIAN_POINT('',(26.125,170.,22.));
#18062 = VECTOR('',#18063,1.);
#18063 = DIRECTION('',(-1.,0.,0.));
#18064 = ORIENTED_EDGE('',*,*,#18065,.F.);
#18065 = EDGE_CURVE('',#18040,#18058,#18066,.T.);
#18066 = LINE('',#18067,#18068);
#18067 = CARTESIAN_POINT('',(209.75,40.,22.));
#18068 = VECTOR('',#18069,1.);
#18069 = DIRECTION('',(0.,1.,0.));
#18070 = FACE_BOUND('',#18071,.F.);
#18071 = EDGE_LOOP('',(#18072,#18082,#18090,#18098,#18106,#18114));
#18072 = ORIENTED_EDGE('',*,*,#18073,.F.);
#18073 = EDGE_CURVE('',#18074,#18076,#18078,.T.);
#18074 = VERTEX_POINT('',#18075);
#18075 = CARTESIAN_POINT('',(256.9,126.67431578065,22.));
#18076 = VERTEX_POINT('',#18077);
#18077 = CARTESIAN_POINT('',(254.,128.3486315613,22.));
#18078 = LINE('',#18079,#18080);
#18079 = CARTESIAN_POINT('',(256.9,126.67431578065,22.));
#18080 = VECTOR('',#18081,1.);
#18081 = DIRECTION('',(-0.866025403784,0.5,0.));
#18082 = ORIENTED_EDGE('',*,*,#18083,.F.);
#18083 = EDGE_CURVE('',#18084,#18074,#18086,.T.);
#18084 = VERTEX_POINT('',#18085);
#18085 = CARTESIAN_POINT('',(256.9,123.32568421935,22.));
#18086 = LINE('',#18087,#18088);
#18087 = CARTESIAN_POINT('',(256.9,123.32568421935,22.));
#18088 = VECTOR('',#18089,1.);
#18089 = DIRECTION('',(0.,1.,0.));
#18090 = ORIENTED_EDGE('',*,*,#18091,.F.);
#18091 = EDGE_CURVE('',#18092,#18084,#18094,.T.);
#18092 = VERTEX_POINT('',#18093);
#18093 = CARTESIAN_POINT('',(254.,121.6513684387,22.));
#18094 = LINE('',#18095,#18096);
#18095 = CARTESIAN_POINT('',(254.,121.6513684387,22.));
#18096 = VECTOR('',#18097,1.);
#18097 = DIRECTION('',(0.866025403784,0.5,0.));
#18098 = ORIENTED_EDGE('',*,*,#18099,.F.);
#18099 = EDGE_CURVE('',#18100,#18092,#18102,.T.);
#18100 = VERTEX_POINT('',#18101);
#18101 = CARTESIAN_POINT('',(251.1,123.32568421935,22.));
#18102 = LINE('',#18103,#18104);
#18103 = CARTESIAN_POINT('',(251.1,123.32568421935,22.));
#18104 = VECTOR('',#18105,1.);
#18105 = DIRECTION('',(0.866025403784,-0.5,0.));
#18106 = ORIENTED_EDGE('',*,*,#18107,.F.);
#18107 = EDGE_CURVE('',#18108,#18100,#18110,.T.);
#18108 = VERTEX_POINT('',#18109);
#18109 = CARTESIAN_POINT('',(251.1,126.67431578065,22.));
#18110 = LINE('',#18111,#18112);
#18111 = CARTESIAN_POINT('',(251.1,126.67431578065,22.));
#18112 = VECTOR('',#18113,1.);
#18113 = DIRECTION('',(0.,-1.,0.));
#18114 = ORIENTED_EDGE('',*,*,#18115,.F.);
#18115 = EDGE_CURVE('',#18076,#18108,#18116,.T.);
#18116 = LINE('',#18117,#18118);
#18117 = CARTESIAN_POINT('',(254.,128.3486315613,22.));
#18118 = VECTOR('',#18119,1.);
#18119 = DIRECTION('',(-0.866025403784,-0.5,0.));
#18120 = FACE_BOUND('',#18121,.F.);
#18121 = EDGE_LOOP('',(#18122,#18132,#18140,#18148,#18156,#18164));
#18122 = ORIENTED_EDGE('',*,*,#18123,.F.);
#18123 = EDGE_CURVE('',#18124,#18126,#18128,.T.);
#18124 = VERTEX_POINT('',#18125);
#18125 = CARTESIAN_POINT('',(10.9,243.67431578065,22.));
#18126 = VERTEX_POINT('',#18127);
#18127 = CARTESIAN_POINT('',(8.,245.3486315613,22.));
#18128 = LINE('',#18129,#18130);
#18129 = CARTESIAN_POINT('',(10.9,243.67431578065,22.));
#18130 = VECTOR('',#18131,1.);
#18131 = DIRECTION('',(-0.866025403784,0.5,0.));
#18132 = ORIENTED_EDGE('',*,*,#18133,.F.);
#18133 = EDGE_CURVE('',#18134,#18124,#18136,.T.);
#18134 = VERTEX_POINT('',#18135);
#18135 = CARTESIAN_POINT('',(10.9,240.32568421935,22.));
#18136 = LINE('',#18137,#18138);
#18137 = CARTESIAN_POINT('',(10.9,240.32568421935,22.));
#18138 = VECTOR('',#18139,1.);
#18139 = DIRECTION('',(5.304724652093E-16,1.,0.));
#18140 = ORIENTED_EDGE('',*,*,#18141,.F.);
#18141 = EDGE_CURVE('',#18142,#18134,#18144,.T.);
#18142 = VERTEX_POINT('',#18143);
#18143 = CARTESIAN_POINT('',(8.,238.6513684387,22.));
#18144 = LINE('',#18145,#18146);
#18145 = CARTESIAN_POINT('',(8.,238.6513684387,22.));
#18146 = VECTOR('',#18147,1.);
#18147 = DIRECTION('',(0.866025403784,0.5,0.));
#18148 = ORIENTED_EDGE('',*,*,#18149,.F.);
#18149 = EDGE_CURVE('',#18150,#18142,#18152,.T.);
#18150 = VERTEX_POINT('',#18151);
#18151 = CARTESIAN_POINT('',(5.1,240.32568421935,22.));
#18152 = LINE('',#18153,#18154);
#18153 = CARTESIAN_POINT('',(5.1,240.32568421935,22.));
#18154 = VECTOR('',#18155,1.);
#18155 = DIRECTION('',(0.866025403784,-0.5,0.));
#18156 = ORIENTED_EDGE('',*,*,#18157,.F.);
#18157 = EDGE_CURVE('',#18158,#18150,#18160,.T.);
#18158 = VERTEX_POINT('',#18159);
#18159 = CARTESIAN_POINT('',(5.1,243.67431578065,22.));
#18160 = LINE('',#18161,#18162);
#18161 = CARTESIAN_POINT('',(5.1,243.67431578065,22.));
#18162 = VECTOR('',#18163,1.);
#18163 = DIRECTION('',(0.,-1.,0.));
#18164 = ORIENTED_EDGE('',*,*,#18165,.F.);
#18165 = EDGE_CURVE('',#18126,#18158,#18166,.T.);
#18166 = LINE('',#18167,#18168);
#18167 = CARTESIAN_POINT('',(8.,245.3486315613,22.));
#18168 = VECTOR('',#18169,1.);
#18169 = DIRECTION('',(-0.866025403784,-0.5,0.));
#18170 = FACE_BOUND('',#18171,.F.);
#18171 = EDGE_LOOP('',(#18172,#18182,#18190,#18198,#18206,#18214));
#18172 = ORIENTED_EDGE('',*,*,#18173,.F.);
#18173 = EDGE_CURVE('',#18174,#18176,#18178,.T.);
#18174 = VERTEX_POINT('',#18175);
#18175 = CARTESIAN_POINT('',(256.9,243.67431578065,22.));
#18176 = VERTEX_POINT('',#18177);
#18177 = CARTESIAN_POINT('',(254.,245.3486315613,22.));
#18178 = LINE('',#18179,#18180);
#18179 = CARTESIAN_POINT('',(256.9,243.67431578065,22.));
#18180 = VECTOR('',#18181,1.);
#18181 = DIRECTION('',(-0.866025403784,0.5,0.));
#18182 = ORIENTED_EDGE('',*,*,#18183,.F.);
#18183 = EDGE_CURVE('',#18184,#18174,#18186,.T.);
#18184 = VERTEX_POINT('',#18185);
#18185 = CARTESIAN_POINT('',(256.9,240.32568421935,22.));
#18186 = LINE('',#18187,#18188);
#18187 = CARTESIAN_POINT('',(256.9,240.32568421935,22.));
#18188 = VECTOR('',#18189,1.);
#18189 = DIRECTION('',(0.,1.,0.));
#18190 = ORIENTED_EDGE('',*,*,#18191,.F.);
#18191 = EDGE_CURVE('',#18192,#18184,#18194,.T.);
#18192 = VERTEX_POINT('',#18193);
#18193 = CARTESIAN_POINT('',(254.,238.6513684387,22.));
#18194 = LINE('',#18195,#18196);
#18195 = CARTESIAN_POINT('',(254.,238.6513684387,22.));
#18196 = VECTOR('',#18197,1.);
#18197 = DIRECTION('',(0.866025403784,0.5,0.));
#18198 = ORIENTED_EDGE('',*,*,#18199,.F.);
#18199 = EDGE_CURVE('',#18200,#18192,#18202,.T.);
#18200 = VERTEX_POINT('',#18201);
#18201 = CARTESIAN_POINT('',(251.1,240.32568421935,22.));
#18202 = LINE('',#18203,#18204);
#18203 = CARTESIAN_POINT('',(251.1,240.32568421935,22.));
#18204 = VECTOR('',#18205,1.);
#18205 = DIRECTION('',(0.866025403784,-0.5,0.));
#18206 = ORIENTED_EDGE('',*,*,#18207,.F.);
#18207 = EDGE_CURVE('',#18208,#18200,#18210,.T.);
#18208 = VERTEX_POINT('',#18209);
#18209 = CARTESIAN_POINT('',(251.1,243.67431578065,22.));
#18210 = LINE('',#18211,#18212);
#18211 = CARTESIAN_POINT('',(251.1,243.67431578065,22.));
#18212 = VECTOR('',#18213,1.);
#18213 = DIRECTION('',(0.,-1.,0.));
#18214 = ORIENTED_EDGE('',*,*,#18215,.F.);
#18215 = EDGE_CURVE('',#18176,#18208,#18216,.T.);
#18216 = LINE('',#18217,#18218);
#18217 = CARTESIAN_POINT('',(254.,245.3486315613,22.));
#18218 = VECTOR('',#18219,1.);
#18219 = DIRECTION('',(-0.866025403784,-0.5,0.));
#18220 = PLANE('',#18221);
#18221 = AXIS2_PLACEMENT_3D('',#18222,#18223,#18224);
#18222 = CARTESIAN_POINT('',(0.,0.,22.));
#18223 = DIRECTION('',(0.,0.,1.));
#18224 = DIRECTION('',(1.,0.,0.));
#18225 = ADVANCED_FACE('',(#18226),#18237,.T.);
#18226 = FACE_BOUND('',#18227,.T.);
#18227 = EDGE_LOOP('',(#18228,#18229,#18230,#18236));
#18228 = ORIENTED_EDGE('',*,*,#17462,.F.);
#18229 = ORIENTED_EDGE('',*,*,#17721,.T.);
#18230 = ORIENTED_EDGE('',*,*,#18231,.T.);
#18231 = EDGE_CURVE('',#17722,#17487,#18232,.T.);
#18232 = LINE('',#18233,#18234);
#18233 = CARTESIAN_POINT('',(262.,250.,22.));
#18234 = VECTOR('',#18235,1.);
#18235 = DIRECTION('',(0.,0.,1.));
#18236 = ORIENTED_EDGE('',*,*,#17486,.F.);
#18237 = PLANE('',#18238);
#18238 = AXIS2_PLACEMENT_3D('',#18239,#18240,#18241);
#18239 = CARTESIAN_POINT('',(262.,0.,22.));
#18240 = DIRECTION('',(1.,0.,0.));
#18241 = DIRECTION('',(0.,0.,1.));
#18242 = ADVANCED_FACE('',(#18243),#18254,.T.);
#18243 = FACE_BOUND('',#18244,.T.);
#18244 = EDGE_LOOP('',(#18245,#18251,#18252,#18253));
#18245 = ORIENTED_EDGE('',*,*,#18246,.F.);
#18246 = EDGE_CURVE('',#17874,#17639,#18247,.T.);
#18247 = LINE('',#18248,#18249);
#18248 = CARTESIAN_POINT('',(19.7,247.8,21.));
#18249 = VECTOR('',#18250,1.);
#18250 = DIRECTION('',(0.,0.,1.));
#18251 = ORIENTED_EDGE('',*,*,#17881,.T.);
#18252 = ORIENTED_EDGE('',*,*,#17704,.F.);
#18253 = ORIENTED_EDGE('',*,*,#17646,.F.);
#18254 = PLANE('',#18255);
#18255 = AXIS2_PLACEMENT_3D('',#18256,#18257,#18258);
#18256 = CARTESIAN_POINT('',(19.7,247.8,21.));
#18257 = DIRECTION('',(1.,0.,0.));
#18258 = DIRECTION('',(0.,0.,1.));
#18259 = ADVANCED_FACE('',(#18260),#18271,.T.);
#18260 = FACE_BOUND('',#18261,.T.);
#18261 = EDGE_LOOP('',(#18262,#18263,#18264,#18265));
#18262 = ORIENTED_EDGE('',*,*,#17873,.T.);
#18263 = ORIENTED_EDGE('',*,*,#18246,.T.);
#18264 = ORIENTED_EDGE('',*,*,#17638,.F.);
#18265 = ORIENTED_EDGE('',*,*,#18266,.F.);
#18266 = EDGE_CURVE('',#17866,#17631,#18267,.T.);
#18267 = LINE('',#18268,#18269);
#18268 = CARTESIAN_POINT('',(28.2,247.8,21.));
#18269 = VECTOR('',#18270,1.);
#18270 = DIRECTION('',(0.,0.,1.));
#18271 = PLANE('',#18272);
#18272 = AXIS2_PLACEMENT_3D('',#18273,#18274,#18275);
#18273 = CARTESIAN_POINT('',(19.7,247.8,21.));
#18274 = DIRECTION('',(0.,1.,0.));
#18275 = DIRECTION('',(0.,0.,1.));
#18276 = ADVANCED_FACE('',(#18277),#18288,.T.);
#18277 = FACE_BOUND('',#18278,.T.);
#18278 = EDGE_LOOP('',(#18279,#18285,#18286,#18287));
#18279 = ORIENTED_EDGE('',*,*,#18280,.F.);
#18280 = EDGE_CURVE('',#17858,#17623,#18281,.T.);
#18281 = LINE('',#18282,#18283);
#18282 = CARTESIAN_POINT('',(28.2,243.7,21.));
#18283 = VECTOR('',#18284,1.);
#18284 = DIRECTION('',(0.,0.,1.));
#18285 = ORIENTED_EDGE('',*,*,#17865,.T.);
#18286 = ORIENTED_EDGE('',*,*,#18266,.T.);
#18287 = ORIENTED_EDGE('',*,*,#17630,.F.);
#18288 = PLANE('',#18289);
#18289 = AXIS2_PLACEMENT_3D('',#18290,#18291,#18292);
#18290 = CARTESIAN_POINT('',(28.2,243.7,21.));
#18291 = DIRECTION('',(1.,0.,0.));
#18292 = DIRECTION('',(0.,0.,1.));
#18293 = ADVANCED_FACE('',(#18294),#18305,.T.);
#18294 = FACE_BOUND('',#18295,.T.);
#18295 = EDGE_LOOP('',(#18296,#18302,#18303,#18304));
#18296 = ORIENTED_EDGE('',*,*,#18297,.F.);
#18297 = EDGE_CURVE('',#17850,#17615,#18298,.T.);
#18298 = LINE('',#18299,#18300);
#18299 = CARTESIAN_POINT('',(47.8,243.7,21.));
#18300 = VECTOR('',#18301,1.);
#18301 = DIRECTION('',(0.,0.,1.));
#18302 = ORIENTED_EDGE('',*,*,#17857,.T.);
#18303 = ORIENTED_EDGE('',*,*,#18280,.T.);
#18304 = ORIENTED_EDGE('',*,*,#17622,.F.);
#18305 = PLANE('',#18306);
#18306 = AXIS2_PLACEMENT_3D('',#18307,#18308,#18309);
#18307 = CARTESIAN_POINT('',(28.2,243.7,21.));
#18308 = DIRECTION('',(0.,1.,0.));
#18309 = DIRECTION('',(0.,0.,1.));
#18310 = ADVANCED_FACE('',(#18311),#18322,.F.);
#18311 = FACE_BOUND('',#18312,.F.);
#18312 = EDGE_LOOP('',(#18313,#18314,#18315,#18321));
#18313 = ORIENTED_EDGE('',*,*,#18297,.F.);
#18314 = ORIENTED_EDGE('',*,*,#17849,.T.);
#18315 = ORIENTED_EDGE('',*,*,#18316,.T.);
#18316 = EDGE_CURVE('',#17842,#17607,#18317,.T.);
#18317 = LINE('',#18318,#18319);
#18318 = CARTESIAN_POINT('',(47.8,247.8,21.));
#18319 = VECTOR('',#18320,1.);
#18320 = DIRECTION('',(0.,0.,1.));
#18321 = ORIENTED_EDGE('',*,*,#17614,.F.);
#18322 = PLANE('',#18323);
#18323 = AXIS2_PLACEMENT_3D('',#18324,#18325,#18326);
#18324 = CARTESIAN_POINT('',(47.8,243.7,21.));
#18325 = DIRECTION('',(1.,0.,0.));
#18326 = DIRECTION('',(0.,0.,1.));
#18327 = ADVANCED_FACE('',(#18328),#18339,.T.);
#18328 = FACE_BOUND('',#18329,.T.);
#18329 = EDGE_LOOP('',(#18330,#18336,#18337,#18338));
#18330 = ORIENTED_EDGE('',*,*,#18331,.F.);
#18331 = EDGE_CURVE('',#17834,#17599,#18332,.T.);
#18332 = LINE('',#18333,#18334);
#18333 = CARTESIAN_POINT('',(56.3,247.8,21.));
#18334 = VECTOR('',#18335,1.);
#18335 = DIRECTION('',(0.,0.,1.));
#18336 = ORIENTED_EDGE('',*,*,#17841,.T.);
#18337 = ORIENTED_EDGE('',*,*,#18316,.T.);
#18338 = ORIENTED_EDGE('',*,*,#17606,.F.);
#18339 = PLANE('',#18340);
#18340 = AXIS2_PLACEMENT_3D('',#18341,#18342,#18343);
#18341 = CARTESIAN_POINT('',(19.7,247.8,21.));
#18342 = DIRECTION('',(0.,1.,0.));
#18343 = DIRECTION('',(0.,0.,1.));
#18344 = ADVANCED_FACE('',(#18345),#18356,.F.);
#18345 = FACE_BOUND('',#18346,.F.);
#18346 = EDGE_LOOP('',(#18347,#18348,#18349,#18355));
#18347 = ORIENTED_EDGE('',*,*,#18331,.F.);
#18348 = ORIENTED_EDGE('',*,*,#17833,.T.);
#18349 = ORIENTED_EDGE('',*,*,#18350,.F.);
#18350 = EDGE_CURVE('',#17591,#17826,#18351,.T.);
#18351 = LINE('',#18352,#18353);
#18352 = CARTESIAN_POINT('',(56.3,250.,21.5));
#18353 = VECTOR('',#18354,1.);
#18354 = DIRECTION('',(0.,0.,-1.));
#18355 = ORIENTED_EDGE('',*,*,#17598,.F.);
#18356 = PLANE('',#18357);
#18357 = AXIS2_PLACEMENT_3D('',#18358,#18359,#18360);
#18358 = CARTESIAN_POINT('',(56.3,247.8,21.));
#18359 = DIRECTION('',(1.,0.,0.));
#18360 = DIRECTION('',(0.,0.,1.));
#18361 = ADVANCED_FACE('',(#18362),#18373,.T.);
#18362 = FACE_BOUND('',#18363,.T.);
#18363 = EDGE_LOOP('',(#18364,#18365,#18366,#18367));
#18364 = ORIENTED_EDGE('',*,*,#17825,.F.);
#18365 = ORIENTED_EDGE('',*,*,#18350,.F.);
#18366 = ORIENTED_EDGE('',*,*,#17590,.T.);
#18367 = ORIENTED_EDGE('',*,*,#18368,.T.);
#18368 = EDGE_CURVE('',#17583,#17818,#18369,.T.);
#18369 = LINE('',#18370,#18371);
#18370 = CARTESIAN_POINT('',(114.,250.,21.5));
#18371 = VECTOR('',#18372,1.);
#18372 = DIRECTION('',(0.,0.,-1.));
#18373 = PLANE('',#18374);
#18374 = AXIS2_PLACEMENT_3D('',#18375,#18376,#18377);
#18375 = CARTESIAN_POINT('',(0.,250.,22.));
#18376 = DIRECTION('',(0.,1.,0.));
#18377 = DIRECTION('',(0.,0.,1.));
#18378 = ADVANCED_FACE('',(#18379),#18390,.T.);
#18379 = FACE_BOUND('',#18380,.T.);
#18380 = EDGE_LOOP('',(#18381,#18387,#18388,#18389));
#18381 = ORIENTED_EDGE('',*,*,#18382,.F.);
#18382 = EDGE_CURVE('',#17810,#17575,#18383,.T.);
#18383 = LINE('',#18384,#18385);
#18384 = CARTESIAN_POINT('',(114.,246.,21.));
#18385 = VECTOR('',#18386,1.);
#18386 = DIRECTION('',(0.,0.,1.));
#18387 = ORIENTED_EDGE('',*,*,#17817,.T.);
#18388 = ORIENTED_EDGE('',*,*,#18368,.F.);
#18389 = ORIENTED_EDGE('',*,*,#17582,.F.);
#18390 = PLANE('',#18391);
#18391 = AXIS2_PLACEMENT_3D('',#18392,#18393,#18394);
#18392 = CARTESIAN_POINT('',(114.,246.,21.));
#18393 = DIRECTION('',(1.,0.,0.));
#18394 = DIRECTION('',(0.,0.,1.));
#18395 = ADVANCED_FACE('',(#18396),#18407,.T.);
#18396 = FACE_BOUND('',#18397,.T.);
#18397 = EDGE_LOOP('',(#18398,#18404,#18405,#18406));
#18398 = ORIENTED_EDGE('',*,*,#18399,.F.);
#18399 = EDGE_CURVE('',#17802,#17567,#18400,.T.);
#18400 = LINE('',#18401,#18402);
#18401 = CARTESIAN_POINT('',(148.,246.,21.));
#18402 = VECTOR('',#18403,1.);
#18403 = DIRECTION('',(0.,0.,1.));
#18404 = ORIENTED_EDGE('',*,*,#17809,.T.);
#18405 = ORIENTED_EDGE('',*,*,#18382,.T.);
#18406 = ORIENTED_EDGE('',*,*,#17574,.F.);
#18407 = PLANE('',#18408);
#18408 = AXIS2_PLACEMENT_3D('',#18409,#18410,#18411);
#18409 = CARTESIAN_POINT('',(114.,246.,21.));
#18410 = DIRECTION('',(0.,1.,0.));
#18411 = DIRECTION('',(0.,0.,1.));
#18412 = ADVANCED_FACE('',(#18413),#18424,.F.);
#18413 = FACE_BOUND('',#18414,.F.);
#18414 = EDGE_LOOP('',(#18415,#18416,#18417,#18423));
#18415 = ORIENTED_EDGE('',*,*,#18399,.F.);
#18416 = ORIENTED_EDGE('',*,*,#17801,.T.);
#18417 = ORIENTED_EDGE('',*,*,#18418,.F.);
#18418 = EDGE_CURVE('',#17559,#17794,#18419,.T.);
#18419 = LINE('',#18420,#18421);
#18420 = CARTESIAN_POINT('',(148.,250.,21.5));
#18421 = VECTOR('',#18422,1.);
#18422 = DIRECTION('',(0.,0.,-1.));
#18423 = ORIENTED_EDGE('',*,*,#17566,.F.);
#18424 = PLANE('',#18425);
#18425 = AXIS2_PLACEMENT_3D('',#18426,#18427,#18428);
#18426 = CARTESIAN_POINT('',(148.,246.,21.));
#18427 = DIRECTION('',(1.,0.,0.));
#18428 = DIRECTION('',(0.,0.,1.));
#18429 = ADVANCED_FACE('',(#18430),#18441,.T.);
#18430 = FACE_BOUND('',#18431,.T.);
#18431 = EDGE_LOOP('',(#18432,#18433,#18434,#18435));
#18432 = ORIENTED_EDGE('',*,*,#17793,.F.);
#18433 = ORIENTED_EDGE('',*,*,#18418,.F.);
#18434 = ORIENTED_EDGE('',*,*,#17558,.T.);
#18435 = ORIENTED_EDGE('',*,*,#18436,.T.);
#18436 = EDGE_CURVE('',#17551,#17786,#18437,.T.);
#18437 = LINE('',#18438,#18439);
#18438 = CARTESIAN_POINT('',(205.7,250.,21.5));
#18439 = VECTOR('',#18440,1.);
#18440 = DIRECTION('',(0.,0.,-1.));
#18441 = PLANE('',#18442);
#18442 = AXIS2_PLACEMENT_3D('',#18443,#18444,#18445);
#18443 = CARTESIAN_POINT('',(0.,250.,22.));
#18444 = DIRECTION('',(0.,1.,0.));
#18445 = DIRECTION('',(0.,0.,1.));
#18446 = ADVANCED_FACE('',(#18447),#18458,.T.);
#18447 = FACE_BOUND('',#18448,.T.);
#18448 = EDGE_LOOP('',(#18449,#18455,#18456,#18457));
#18449 = ORIENTED_EDGE('',*,*,#18450,.F.);
#18450 = EDGE_CURVE('',#17778,#17543,#18451,.T.);
#18451 = LINE('',#18452,#18453);
#18452 = CARTESIAN_POINT('',(205.7,247.8,21.));
#18453 = VECTOR('',#18454,1.);
#18454 = DIRECTION('',(0.,0.,1.));
#18455 = ORIENTED_EDGE('',*,*,#17785,.T.);
#18456 = ORIENTED_EDGE('',*,*,#18436,.F.);
#18457 = ORIENTED_EDGE('',*,*,#17550,.F.);
#18458 = PLANE('',#18459);
#18459 = AXIS2_PLACEMENT_3D('',#18460,#18461,#18462);
#18460 = CARTESIAN_POINT('',(205.7,247.8,21.));
#18461 = DIRECTION('',(1.,0.,0.));
#18462 = DIRECTION('',(0.,0.,1.));
#18463 = ADVANCED_FACE('',(#18464),#18475,.T.);
#18464 = FACE_BOUND('',#18465,.T.);
#18465 = EDGE_LOOP('',(#18466,#18467,#18468,#18469));
#18466 = ORIENTED_EDGE('',*,*,#17777,.T.);
#18467 = ORIENTED_EDGE('',*,*,#18450,.T.);
#18468 = ORIENTED_EDGE('',*,*,#17542,.F.);
#18469 = ORIENTED_EDGE('',*,*,#18470,.F.);
#18470 = EDGE_CURVE('',#17770,#17535,#18471,.T.);
#18471 = LINE('',#18472,#18473);
#18472 = CARTESIAN_POINT('',(214.2,247.8,21.));
#18473 = VECTOR('',#18474,1.);
#18474 = DIRECTION('',(0.,0.,1.));
#18475 = PLANE('',#18476);
#18476 = AXIS2_PLACEMENT_3D('',#18477,#18478,#18479);
#18477 = CARTESIAN_POINT('',(205.7,247.8,21.));
#18478 = DIRECTION('',(0.,1.,0.));
#18479 = DIRECTION('',(0.,0.,1.));
#18480 = ADVANCED_FACE('',(#18481),#18492,.T.);
#18481 = FACE_BOUND('',#18482,.T.);
#18482 = EDGE_LOOP('',(#18483,#18489,#18490,#18491));
#18483 = ORIENTED_EDGE('',*,*,#18484,.F.);
#18484 = EDGE_CURVE('',#17762,#17527,#18485,.T.);
#18485 = LINE('',#18486,#18487);
#18486 = CARTESIAN_POINT('',(214.2,243.7,21.));
#18487 = VECTOR('',#18488,1.);
#18488 = DIRECTION('',(0.,0.,1.));
#18489 = ORIENTED_EDGE('',*,*,#17769,.T.);
#18490 = ORIENTED_EDGE('',*,*,#18470,.T.);
#18491 = ORIENTED_EDGE('',*,*,#17534,.F.);
#18492 = PLANE('',#18493);
#18493 = AXIS2_PLACEMENT_3D('',#18494,#18495,#18496);
#18494 = CARTESIAN_POINT('',(214.2,243.7,21.));
#18495 = DIRECTION('',(1.,0.,0.));
#18496 = DIRECTION('',(0.,0.,1.));
#18497 = ADVANCED_FACE('',(#18498),#18509,.T.);
#18498 = FACE_BOUND('',#18499,.T.);
#18499 = EDGE_LOOP('',(#18500,#18506,#18507,#18508));
#18500 = ORIENTED_EDGE('',*,*,#18501,.F.);
#18501 = EDGE_CURVE('',#17754,#17519,#18502,.T.);
#18502 = LINE('',#18503,#18504);
#18503 = CARTESIAN_POINT('',(233.8,243.7,21.));
#18504 = VECTOR('',#18505,1.);
#18505 = DIRECTION('',(0.,0.,1.));
#18506 = ORIENTED_EDGE('',*,*,#17761,.T.);
#18507 = ORIENTED_EDGE('',*,*,#18484,.T.);
#18508 = ORIENTED_EDGE('',*,*,#17526,.F.);
#18509 = PLANE('',#18510);
#18510 = AXIS2_PLACEMENT_3D('',#18511,#18512,#18513);
#18511 = CARTESIAN_POINT('',(214.2,243.7,21.));
#18512 = DIRECTION('',(0.,1.,0.));
#18513 = DIRECTION('',(0.,0.,1.));
#18514 = ADVANCED_FACE('',(#18515),#18526,.F.);
#18515 = FACE_BOUND('',#18516,.F.);
#18516 = EDGE_LOOP('',(#18517,#18518,#18519,#18525));
#18517 = ORIENTED_EDGE('',*,*,#18501,.F.);
#18518 = ORIENTED_EDGE('',*,*,#17753,.T.);
#18519 = ORIENTED_EDGE('',*,*,#18520,.T.);
#18520 = EDGE_CURVE('',#17746,#17511,#18521,.T.);
#18521 = LINE('',#18522,#18523);
#18522 = CARTESIAN_POINT('',(233.8,247.8,21.));
#18523 = VECTOR('',#18524,1.);
#18524 = DIRECTION('',(0.,0.,1.));
#18525 = ORIENTED_EDGE('',*,*,#17518,.F.);
#18526 = PLANE('',#18527);
#18527 = AXIS2_PLACEMENT_3D('',#18528,#18529,#18530);
#18528 = CARTESIAN_POINT('',(233.8,243.7,21.));
#18529 = DIRECTION('',(1.,0.,0.));
#18530 = DIRECTION('',(0.,0.,1.));
#18531 = ADVANCED_FACE('',(#18532),#18543,.T.);
#18532 = FACE_BOUND('',#18533,.T.);
#18533 = EDGE_LOOP('',(#18534,#18540,#18541,#18542));
#18534 = ORIENTED_EDGE('',*,*,#18535,.F.);
#18535 = EDGE_CURVE('',#17738,#17503,#18536,.T.);
#18536 = LINE('',#18537,#18538);
#18537 = CARTESIAN_POINT('',(242.3,247.8,21.));
#18538 = VECTOR('',#18539,1.);
#18539 = DIRECTION('',(0.,0.,1.));
#18540 = ORIENTED_EDGE('',*,*,#17745,.T.);
#18541 = ORIENTED_EDGE('',*,*,#18520,.T.);
#18542 = ORIENTED_EDGE('',*,*,#17510,.F.);
#18543 = PLANE('',#18544);
#18544 = AXIS2_PLACEMENT_3D('',#18545,#18546,#18547);
#18545 = CARTESIAN_POINT('',(205.7,247.8,21.));
#18546 = DIRECTION('',(0.,1.,0.));
#18547 = DIRECTION('',(0.,0.,1.));
#18548 = ADVANCED_FACE('',(#18549),#18560,.F.);
#18549 = FACE_BOUND('',#18550,.F.);
#18550 = EDGE_LOOP('',(#18551,#18552,#18553,#18559));
#18551 = ORIENTED_EDGE('',*,*,#18535,.F.);
#18552 = ORIENTED_EDGE('',*,*,#17737,.T.);
#18553 = ORIENTED_EDGE('',*,*,#18554,.F.);
#18554 = EDGE_CURVE('',#17495,#17730,#18555,.T.);
#18555 = LINE('',#18556,#18557);
#18556 = CARTESIAN_POINT('',(242.3,250.,21.5));
#18557 = VECTOR('',#18558,1.);
#18558 = DIRECTION('',(0.,0.,-1.));
#18559 = ORIENTED_EDGE('',*,*,#17502,.F.);
#18560 = PLANE('',#18561);
#18561 = AXIS2_PLACEMENT_3D('',#18562,#18563,#18564);
#18562 = CARTESIAN_POINT('',(242.3,247.8,21.));
#18563 = DIRECTION('',(1.,0.,0.));
#18564 = DIRECTION('',(0.,0.,1.));
#18565 = ADVANCED_FACE('',(#18566),#18572,.T.);
#18566 = FACE_BOUND('',#18567,.T.);
#18567 = EDGE_LOOP('',(#18568,#18569,#18570,#18571));
#18568 = ORIENTED_EDGE('',*,*,#17729,.F.);
#18569 = ORIENTED_EDGE('',*,*,#18554,.F.);
#18570 = ORIENTED_EDGE('',*,*,#17494,.T.);
#18571 = ORIENTED_EDGE('',*,*,#18231,.F.);
#18572 = PLANE('',#18573);
#18573 = AXIS2_PLACEMENT_3D('',#18574,#18575,#18576);
#18574 = CARTESIAN_POINT('',(0.,250.,22.));
#18575 = DIRECTION('',(0.,1.,0.));
#18576 = DIRECTION('',(0.,0.,1.));
#18577 = ADVANCED_FACE('',(#18578),#18594,.T.);
#18578 = FACE_BOUND('',#18579,.T.);
#18579 = EDGE_LOOP('',(#18580,#18586,#18587,#18593));
#18580 = ORIENTED_EDGE('',*,*,#18581,.F.);
#18581 = EDGE_CURVE('',#18040,#17655,#18582,.T.);
#18582 = LINE('',#18583,#18584);
#18583 = CARTESIAN_POINT('',(209.75,80.,21.));
#18584 = VECTOR('',#18585,1.);
#18585 = DIRECTION('',(0.,0.,1.));
#18586 = ORIENTED_EDGE('',*,*,#18039,.T.);
#18587 = ORIENTED_EDGE('',*,*,#18588,.T.);
#18588 = EDGE_CURVE('',#18042,#17657,#18589,.T.);
#18589 = LINE('',#18590,#18591);
#18590 = CARTESIAN_POINT('',(52.25,80.,21.));
#18591 = VECTOR('',#18592,1.);
#18592 = DIRECTION('',(0.,0.,1.));
#18593 = ORIENTED_EDGE('',*,*,#17654,.F.);
#18594 = PLANE('',#18595);
#18595 = AXIS2_PLACEMENT_3D('',#18596,#18597,#18598);
#18596 = CARTESIAN_POINT('',(52.25,80.,21.));
#18597 = DIRECTION('',(0.,1.,0.));
#18598 = DIRECTION('',(0.,0.,1.));
#18599 = ADVANCED_FACE('',(#18600),#18611,.F.);
#18600 = FACE_BOUND('',#18601,.F.);
#18601 = EDGE_LOOP('',(#18602,#18603,#18604,#18610));
#18602 = ORIENTED_EDGE('',*,*,#18581,.F.);
#18603 = ORIENTED_EDGE('',*,*,#18065,.T.);
#18604 = ORIENTED_EDGE('',*,*,#18605,.T.);
#18605 = EDGE_CURVE('',#18058,#17673,#18606,.T.);
#18606 = LINE('',#18607,#18608);
#18607 = CARTESIAN_POINT('',(209.75,170.,21.));
#18608 = VECTOR('',#18609,1.);
#18609 = DIRECTION('',(0.,0.,1.));
#18610 = ORIENTED_EDGE('',*,*,#17680,.F.);
#18611 = PLANE('',#18612);
#18612 = AXIS2_PLACEMENT_3D('',#18613,#18614,#18615);
#18613 = CARTESIAN_POINT('',(209.75,80.,21.));
#18614 = DIRECTION('',(1.,0.,0.));
#18615 = DIRECTION('',(0.,0.,1.));
#18616 = ADVANCED_FACE('',(#18617),#18628,.T.);
#18617 = FACE_BOUND('',#18618,.T.);
#18618 = EDGE_LOOP('',(#18619,#18620,#18621,#18627));
#18619 = ORIENTED_EDGE('',*,*,#18588,.F.);
#18620 = ORIENTED_EDGE('',*,*,#18049,.T.);
#18621 = ORIENTED_EDGE('',*,*,#18622,.T.);
#18622 = EDGE_CURVE('',#18050,#17665,#18623,.T.);
#18623 = LINE('',#18624,#18625);
#18624 = CARTESIAN_POINT('',(52.25,170.,21.));
#18625 = VECTOR('',#18626,1.);
#18626 = DIRECTION('',(0.,0.,1.));
#18627 = ORIENTED_EDGE('',*,*,#17664,.F.);
#18628 = PLANE('',#18629);
#18629 = AXIS2_PLACEMENT_3D('',#18630,#18631,#18632);
#18630 = CARTESIAN_POINT('',(52.25,80.,21.));
#18631 = DIRECTION('',(1.,0.,0.));
#18632 = DIRECTION('',(0.,0.,1.));
#18633 = ADVANCED_FACE('',(#18634),#18640,.F.);
#18634 = FACE_BOUND('',#18635,.F.);
#18635 = EDGE_LOOP('',(#18636,#18637,#18638,#18639));
#18636 = ORIENTED_EDGE('',*,*,#18605,.F.);
#18637 = ORIENTED_EDGE('',*,*,#18057,.T.);
#18638 = ORIENTED_EDGE('',*,*,#18622,.T.);
#18639 = ORIENTED_EDGE('',*,*,#17672,.F.);
#18640 = PLANE('',#18641);
#18641 = AXIS2_PLACEMENT_3D('',#18642,#18643,#18644);
#18642 = CARTESIAN_POINT('',(52.25,170.,21.));
#18643 = DIRECTION('',(0.,1.,0.));
#18644 = DIRECTION('',(0.,0.,1.));
#18645 = ADVANCED_FACE('',(#18646),#18671,.T.);
#18646 = FACE_BOUND('',#18647,.T.);
#18647 = EDGE_LOOP('',(#18648,#18656,#18664,#18670));
#18648 = ORIENTED_EDGE('',*,*,#18649,.T.);
#18649 = EDGE_CURVE('',#17890,#18650,#18652,.T.);
#18650 = VERTEX_POINT('',#18651);
#18651 = CARTESIAN_POINT('',(10.9,9.67431578065,24.6));
#18652 = LINE('',#18653,#18654);
#18653 = CARTESIAN_POINT('',(10.9,9.67431578065,22.));
#18654 = VECTOR('',#18655,1.);
#18655 = DIRECTION('',(0.,0.,1.));
#18656 = ORIENTED_EDGE('',*,*,#18657,.T.);
#18657 = EDGE_CURVE('',#18650,#18658,#18660,.T.);
#18658 = VERTEX_POINT('',#18659);
#18659 = CARTESIAN_POINT('',(8.,11.3486315613,24.6));
#18660 = LINE('',#18661,#18662);
#18661 = CARTESIAN_POINT('',(10.9,9.67431578065,24.6));
#18662 = VECTOR('',#18663,1.);
#18663 = DIRECTION('',(-0.866025403784,0.5,0.));
#18664 = ORIENTED_EDGE('',*,*,#18665,.F.);
#18665 = EDGE_CURVE('',#17892,#18658,#18666,.T.);
#18666 = LINE('',#18667,#18668);
#18667 = CARTESIAN_POINT('',(8.,11.3486315613,22.));
#18668 = VECTOR('',#18669,1.);
#18669 = DIRECTION('',(0.,0.,1.));
#18670 = ORIENTED_EDGE('',*,*,#17889,.F.);
#18671 = PLANE('',#18672);
#18672 = AXIS2_PLACEMENT_3D('',#18673,#18674,#18675);
#18673 = CARTESIAN_POINT('',(10.9,9.67431578065,22.));
#18674 = DIRECTION('',(-0.5,-0.866025403784,0.));
#18675 = DIRECTION('',(-0.866025403784,0.5,0.));
#18676 = ADVANCED_FACE('',(#18677),#18695,.T.);
#18677 = FACE_BOUND('',#18678,.T.);
#18678 = EDGE_LOOP('',(#18679,#18687,#18693,#18694));
#18679 = ORIENTED_EDGE('',*,*,#18680,.T.);
#18680 = EDGE_CURVE('',#17900,#18681,#18683,.T.);
#18681 = VERTEX_POINT('',#18682);
#18682 = CARTESIAN_POINT('',(10.9,6.32568421935,24.6));
#18683 = LINE('',#18684,#18685);
#18684 = CARTESIAN_POINT('',(10.9,6.32568421935,22.));
#18685 = VECTOR('',#18686,1.);
#18686 = DIRECTION('',(0.,0.,1.));
#18687 = ORIENTED_EDGE('',*,*,#18688,.T.);
#18688 = EDGE_CURVE('',#18681,#18650,#18689,.T.);
#18689 = LINE('',#18690,#18691);
#18690 = CARTESIAN_POINT('',(10.9,6.32568421935,24.6));
#18691 = VECTOR('',#18692,1.);
#18692 = DIRECTION('',(5.304724652093E-16,1.,0.));
#18693 = ORIENTED_EDGE('',*,*,#18649,.F.);
#18694 = ORIENTED_EDGE('',*,*,#17899,.F.);
#18695 = PLANE('',#18696);
#18696 = AXIS2_PLACEMENT_3D('',#18697,#18698,#18699);
#18697 = CARTESIAN_POINT('',(10.9,6.32568421935,22.));
#18698 = DIRECTION('',(-1.,5.304724652093E-16,0.));
#18699 = DIRECTION('',(5.304724652093E-16,1.,0.));
#18700 = ADVANCED_FACE('',(#18701),#18719,.T.);
#18701 = FACE_BOUND('',#18702,.T.);
#18702 = EDGE_LOOP('',(#18703,#18704,#18712,#18718));
#18703 = ORIENTED_EDGE('',*,*,#18665,.T.);
#18704 = ORIENTED_EDGE('',*,*,#18705,.T.);
#18705 = EDGE_CURVE('',#18658,#18706,#18708,.T.);
#18706 = VERTEX_POINT('',#18707);
#18707 = CARTESIAN_POINT('',(5.1,9.67431578065,24.6));
#18708 = LINE('',#18709,#18710);
#18709 = CARTESIAN_POINT('',(8.,11.3486315613,24.6));
#18710 = VECTOR('',#18711,1.);
#18711 = DIRECTION('',(-0.866025403784,-0.5,0.));
#18712 = ORIENTED_EDGE('',*,*,#18713,.F.);
#18713 = EDGE_CURVE('',#17924,#18706,#18714,.T.);
#18714 = LINE('',#18715,#18716);
#18715 = CARTESIAN_POINT('',(5.1,9.67431578065,22.));
#18716 = VECTOR('',#18717,1.);
#18717 = DIRECTION('',(0.,0.,1.));
#18718 = ORIENTED_EDGE('',*,*,#17931,.F.);
#18719 = PLANE('',#18720);
#18720 = AXIS2_PLACEMENT_3D('',#18721,#18722,#18723);
#18721 = CARTESIAN_POINT('',(8.,11.3486315613,22.));
#18722 = DIRECTION('',(0.5,-0.866025403784,0.));
#18723 = DIRECTION('',(-0.866025403784,-0.5,0.));
#18724 = ADVANCED_FACE('',(#18725),#18743,.T.);
#18725 = FACE_BOUND('',#18726,.T.);
#18726 = EDGE_LOOP('',(#18727,#18735,#18741,#18742));
#18727 = ORIENTED_EDGE('',*,*,#18728,.T.);
#18728 = EDGE_CURVE('',#17908,#18729,#18731,.T.);
#18729 = VERTEX_POINT('',#18730);
#18730 = CARTESIAN_POINT('',(8.,4.6513684387,24.6));
#18731 = LINE('',#18732,#18733);
#18732 = CARTESIAN_POINT('',(8.,4.6513684387,22.));
#18733 = VECTOR('',#18734,1.);
#18734 = DIRECTION('',(0.,0.,1.));
#18735 = ORIENTED_EDGE('',*,*,#18736,.T.);
#18736 = EDGE_CURVE('',#18729,#18681,#18737,.T.);
#18737 = LINE('',#18738,#18739);
#18738 = CARTESIAN_POINT('',(8.,4.6513684387,24.6));
#18739 = VECTOR('',#18740,1.);
#18740 = DIRECTION('',(0.866025403784,0.5,0.));
#18741 = ORIENTED_EDGE('',*,*,#18680,.F.);
#18742 = ORIENTED_EDGE('',*,*,#17907,.F.);
#18743 = PLANE('',#18744);
#18744 = AXIS2_PLACEMENT_3D('',#18745,#18746,#18747);
#18745 = CARTESIAN_POINT('',(8.,4.6513684387,22.));
#18746 = DIRECTION('',(-0.5,0.866025403784,0.));
#18747 = DIRECTION('',(0.866025403784,0.5,0.));
#18748 = ADVANCED_FACE('',(#18749),#18767,.T.);
#18749 = FACE_BOUND('',#18750,.T.);
#18750 = EDGE_LOOP('',(#18751,#18752,#18760,#18766));
#18751 = ORIENTED_EDGE('',*,*,#18713,.T.);
#18752 = ORIENTED_EDGE('',*,*,#18753,.T.);
#18753 = EDGE_CURVE('',#18706,#18754,#18756,.T.);
#18754 = VERTEX_POINT('',#18755);
#18755 = CARTESIAN_POINT('',(5.1,6.32568421935,24.6));
#18756 = LINE('',#18757,#18758);
#18757 = CARTESIAN_POINT('',(5.1,9.67431578065,24.6));
#18758 = VECTOR('',#18759,1.);
#18759 = DIRECTION('',(0.,-1.,0.));
#18760 = ORIENTED_EDGE('',*,*,#18761,.F.);
#18761 = EDGE_CURVE('',#17916,#18754,#18762,.T.);
#18762 = LINE('',#18763,#18764);
#18763 = CARTESIAN_POINT('',(5.1,6.32568421935,22.));
#18764 = VECTOR('',#18765,1.);
#18765 = DIRECTION('',(0.,0.,1.));
#18766 = ORIENTED_EDGE('',*,*,#17923,.F.);
#18767 = PLANE('',#18768);
#18768 = AXIS2_PLACEMENT_3D('',#18769,#18770,#18771);
#18769 = CARTESIAN_POINT('',(5.1,9.67431578065,22.));
#18770 = DIRECTION('',(1.,0.,0.));
#18771 = DIRECTION('',(0.,-1.,0.));
#18772 = ADVANCED_FACE('',(#18773),#18784,.T.);
#18773 = FACE_BOUND('',#18774,.T.);
#18774 = EDGE_LOOP('',(#18775,#18776,#18782,#18783));
#18775 = ORIENTED_EDGE('',*,*,#18761,.T.);
#18776 = ORIENTED_EDGE('',*,*,#18777,.T.);
#18777 = EDGE_CURVE('',#18754,#18729,#18778,.T.);
#18778 = LINE('',#18779,#18780);
#18779 = CARTESIAN_POINT('',(5.1,6.32568421935,24.6));
#18780 = VECTOR('',#18781,1.);
#18781 = DIRECTION('',(0.866025403784,-0.5,0.));
#18782 = ORIENTED_EDGE('',*,*,#18728,.F.);
#18783 = ORIENTED_EDGE('',*,*,#17915,.F.);
#18784 = PLANE('',#18785);
#18785 = AXIS2_PLACEMENT_3D('',#18786,#18787,#18788);
#18786 = CARTESIAN_POINT('',(5.1,6.32568421935,22.));
#18787 = DIRECTION('',(0.5,0.866025403784,0.));
#18788 = DIRECTION('',(0.866025403784,-0.5,0.));
#18789 = ADVANCED_FACE('',(#18790),#18815,.T.);
#18790 = FACE_BOUND('',#18791,.T.);
#18791 = EDGE_LOOP('',(#18792,#18800,#18808,#18814));
#18792 = ORIENTED_EDGE('',*,*,#18793,.T.);
#18793 = EDGE_CURVE('',#17940,#18794,#18796,.T.);
#18794 = VERTEX_POINT('',#18795);
#18795 = CARTESIAN_POINT('',(10.9,126.67431578065,24.6));
#18796 = LINE('',#18797,#18798);
#18797 = CARTESIAN_POINT('',(10.9,126.67431578065,22.));
#18798 = VECTOR('',#18799,1.);
#18799 = DIRECTION('',(0.,0.,1.));
#18800 = ORIENTED_EDGE('',*,*,#18801,.T.);
#18801 = EDGE_CURVE('',#18794,#18802,#18804,.T.);
#18802 = VERTEX_POINT('',#18803);
#18803 = CARTESIAN_POINT('',(8.,128.3486315613,24.6));
#18804 = LINE('',#18805,#18806);
#18805 = CARTESIAN_POINT('',(10.9,126.67431578065,24.6));
#18806 = VECTOR('',#18807,1.);
#18807 = DIRECTION('',(-0.866025403784,0.5,0.));
#18808 = ORIENTED_EDGE('',*,*,#18809,.F.);
#18809 = EDGE_CURVE('',#17942,#18802,#18810,.T.);
#18810 = LINE('',#18811,#18812);
#18811 = CARTESIAN_POINT('',(8.,128.3486315613,22.));
#18812 = VECTOR('',#18813,1.);
#18813 = DIRECTION('',(0.,0.,1.));
#18814 = ORIENTED_EDGE('',*,*,#17939,.F.);
#18815 = PLANE('',#18816);
#18816 = AXIS2_PLACEMENT_3D('',#18817,#18818,#18819);
#18817 = CARTESIAN_POINT('',(10.9,126.67431578065,22.));
#18818 = DIRECTION('',(-0.5,-0.866025403784,0.));
#18819 = DIRECTION('',(-0.866025403784,0.5,0.));
#18820 = ADVANCED_FACE('',(#18821),#18839,.T.);
#18821 = FACE_BOUND('',#18822,.T.);
#18822 = EDGE_LOOP('',(#18823,#18831,#18837,#18838));
#18823 = ORIENTED_EDGE('',*,*,#18824,.T.);
#18824 = EDGE_CURVE('',#17950,#18825,#18827,.T.);
#18825 = VERTEX_POINT('',#18826);
#18826 = CARTESIAN_POINT('',(10.9,123.32568421935,24.6));
#18827 = LINE('',#18828,#18829);
#18828 = CARTESIAN_POINT('',(10.9,123.32568421935,22.));
#18829 = VECTOR('',#18830,1.);
#18830 = DIRECTION('',(0.,0.,1.));
#18831 = ORIENTED_EDGE('',*,*,#18832,.T.);
#18832 = EDGE_CURVE('',#18825,#18794,#18833,.T.);
#18833 = LINE('',#18834,#18835);
#18834 = CARTESIAN_POINT('',(10.9,123.32568421935,24.6));
#18835 = VECTOR('',#18836,1.);
#18836 = DIRECTION('',(5.304724652093E-16,1.,0.));
#18837 = ORIENTED_EDGE('',*,*,#18793,.F.);
#18838 = ORIENTED_EDGE('',*,*,#17949,.F.);
#18839 = PLANE('',#18840);
#18840 = AXIS2_PLACEMENT_3D('',#18841,#18842,#18843);
#18841 = CARTESIAN_POINT('',(10.9,123.32568421935,22.));
#18842 = DIRECTION('',(-1.,5.304724652093E-16,0.));
#18843 = DIRECTION('',(5.304724652093E-16,1.,0.));
#18844 = ADVANCED_FACE('',(#18845),#18863,.T.);
#18845 = FACE_BOUND('',#18846,.T.);
#18846 = EDGE_LOOP('',(#18847,#18848,#18856,#18862));
#18847 = ORIENTED_EDGE('',*,*,#18809,.T.);
#18848 = ORIENTED_EDGE('',*,*,#18849,.T.);
#18849 = EDGE_CURVE('',#18802,#18850,#18852,.T.);
#18850 = VERTEX_POINT('',#18851);
#18851 = CARTESIAN_POINT('',(5.1,126.67431578065,24.6));
#18852 = LINE('',#18853,#18854);
#18853 = CARTESIAN_POINT('',(8.,128.3486315613,24.6));
#18854 = VECTOR('',#18855,1.);
#18855 = DIRECTION('',(-0.866025403784,-0.5,0.));
#18856 = ORIENTED_EDGE('',*,*,#18857,.F.);
#18857 = EDGE_CURVE('',#17974,#18850,#18858,.T.);
#18858 = LINE('',#18859,#18860);
#18859 = CARTESIAN_POINT('',(5.1,126.67431578065,22.));
#18860 = VECTOR('',#18861,1.);
#18861 = DIRECTION('',(0.,0.,1.));
#18862 = ORIENTED_EDGE('',*,*,#17981,.F.);
#18863 = PLANE('',#18864);
#18864 = AXIS2_PLACEMENT_3D('',#18865,#18866,#18867);
#18865 = CARTESIAN_POINT('',(8.,128.3486315613,22.));
#18866 = DIRECTION('',(0.5,-0.866025403784,0.));
#18867 = DIRECTION('',(-0.866025403784,-0.5,0.));
#18868 = ADVANCED_FACE('',(#18869),#18887,.T.);
#18869 = FACE_BOUND('',#18870,.T.);
#18870 = EDGE_LOOP('',(#18871,#18879,#18885,#18886));
#18871 = ORIENTED_EDGE('',*,*,#18872,.T.);
#18872 = EDGE_CURVE('',#17958,#18873,#18875,.T.);
#18873 = VERTEX_POINT('',#18874);
#18874 = CARTESIAN_POINT('',(8.,121.6513684387,24.6));
#18875 = LINE('',#18876,#18877);
#18876 = CARTESIAN_POINT('',(8.,121.6513684387,22.));
#18877 = VECTOR('',#18878,1.);
#18878 = DIRECTION('',(0.,0.,1.));
#18879 = ORIENTED_EDGE('',*,*,#18880,.T.);
#18880 = EDGE_CURVE('',#18873,#18825,#18881,.T.);
#18881 = LINE('',#18882,#18883);
#18882 = CARTESIAN_POINT('',(8.,121.6513684387,24.6));
#18883 = VECTOR('',#18884,1.);
#18884 = DIRECTION('',(0.866025403784,0.5,0.));
#18885 = ORIENTED_EDGE('',*,*,#18824,.F.);
#18886 = ORIENTED_EDGE('',*,*,#17957,.F.);
#18887 = PLANE('',#18888);
#18888 = AXIS2_PLACEMENT_3D('',#18889,#18890,#18891);
#18889 = CARTESIAN_POINT('',(8.,121.6513684387,22.));
#18890 = DIRECTION('',(-0.5,0.866025403784,0.));
#18891 = DIRECTION('',(0.866025403784,0.5,0.));
#18892 = ADVANCED_FACE('',(#18893),#18911,.T.);
#18893 = FACE_BOUND('',#18894,.T.);
#18894 = EDGE_LOOP('',(#18895,#18896,#18904,#18910));
#18895 = ORIENTED_EDGE('',*,*,#18857,.T.);
#18896 = ORIENTED_EDGE('',*,*,#18897,.T.);
#18897 = EDGE_CURVE('',#18850,#18898,#18900,.T.);
#18898 = VERTEX_POINT('',#18899);
#18899 = CARTESIAN_POINT('',(5.1,123.32568421935,24.6));
#18900 = LINE('',#18901,#18902);
#18901 = CARTESIAN_POINT('',(5.1,126.67431578065,24.6));
#18902 = VECTOR('',#18903,1.);
#18903 = DIRECTION('',(0.,-1.,0.));
#18904 = ORIENTED_EDGE('',*,*,#18905,.F.);
#18905 = EDGE_CURVE('',#17966,#18898,#18906,.T.);
#18906 = LINE('',#18907,#18908);
#18907 = CARTESIAN_POINT('',(5.1,123.32568421935,22.));
#18908 = VECTOR('',#18909,1.);
#18909 = DIRECTION('',(0.,0.,1.));
#18910 = ORIENTED_EDGE('',*,*,#17973,.F.);
#18911 = PLANE('',#18912);
#18912 = AXIS2_PLACEMENT_3D('',#18913,#18914,#18915);
#18913 = CARTESIAN_POINT('',(5.1,126.67431578065,22.));
#18914 = DIRECTION('',(1.,0.,0.));
#18915 = DIRECTION('',(0.,-1.,0.));
#18916 = ADVANCED_FACE('',(#18917),#18928,.T.);
#18917 = FACE_BOUND('',#18918,.T.);
#18918 = EDGE_LOOP('',(#18919,#18920,#18926,#18927));
#18919 = ORIENTED_EDGE('',*,*,#18905,.T.);
#18920 = ORIENTED_EDGE('',*,*,#18921,.T.);
#18921 = EDGE_CURVE('',#18898,#18873,#18922,.T.);
#18922 = LINE('',#18923,#18924);
#18923 = CARTESIAN_POINT('',(5.1,123.32568421935,24.6));
#18924 = VECTOR('',#18925,1.);
#18925 = DIRECTION('',(0.866025403784,-0.5,0.));
#18926 = ORIENTED_EDGE('',*,*,#18872,.F.);
#18927 = ORIENTED_EDGE('',*,*,#17965,.F.);
#18928 = PLANE('',#18929);
#18929 = AXIS2_PLACEMENT_3D('',#18930,#18931,#18932);
#18930 = CARTESIAN_POINT('',(5.1,123.32568421935,22.));
#18931 = DIRECTION('',(0.5,0.866025403784,0.));
#18932 = DIRECTION('',(0.866025403784,-0.5,0.));
#18933 = ADVANCED_FACE('',(#18934),#18959,.T.);
#18934 = FACE_BOUND('',#18935,.T.);
#18935 = EDGE_LOOP('',(#18936,#18944,#18952,#18958));
#18936 = ORIENTED_EDGE('',*,*,#18937,.T.);
#18937 = EDGE_CURVE('',#17990,#18938,#18940,.T.);
#18938 = VERTEX_POINT('',#18939);
#18939 = CARTESIAN_POINT('',(256.9,9.67431578065,24.6));
#18940 = LINE('',#18941,#18942);
#18941 = CARTESIAN_POINT('',(256.9,9.67431578065,22.));
#18942 = VECTOR('',#18943,1.);
#18943 = DIRECTION('',(0.,0.,1.));
#18944 = ORIENTED_EDGE('',*,*,#18945,.T.);
#18945 = EDGE_CURVE('',#18938,#18946,#18948,.T.);
#18946 = VERTEX_POINT('',#18947);
#18947 = CARTESIAN_POINT('',(254.,11.3486315613,24.6));
#18948 = LINE('',#18949,#18950);
#18949 = CARTESIAN_POINT('',(256.9,9.67431578065,24.6));
#18950 = VECTOR('',#18951,1.);
#18951 = DIRECTION('',(-0.866025403784,0.5,0.));
#18952 = ORIENTED_EDGE('',*,*,#18953,.F.);
#18953 = EDGE_CURVE('',#17992,#18946,#18954,.T.);
#18954 = LINE('',#18955,#18956);
#18955 = CARTESIAN_POINT('',(254.,11.3486315613,22.));
#18956 = VECTOR('',#18957,1.);
#18957 = DIRECTION('',(0.,0.,1.));
#18958 = ORIENTED_EDGE('',*,*,#17989,.F.);
#18959 = PLANE('',#18960);
#18960 = AXIS2_PLACEMENT_3D('',#18961,#18962,#18963);
#18961 = CARTESIAN_POINT('',(256.9,9.67431578065,22.));
#18962 = DIRECTION('',(-0.5,-0.866025403784,0.));
#18963 = DIRECTION('',(-0.866025403784,0.5,0.));
#18964 = ADVANCED_FACE('',(#18965),#18983,.T.);
#18965 = FACE_BOUND('',#18966,.T.);
#18966 = EDGE_LOOP('',(#18967,#18975,#18981,#18982));
#18967 = ORIENTED_EDGE('',*,*,#18968,.T.);
#18968 = EDGE_CURVE('',#18000,#18969,#18971,.T.);
#18969 = VERTEX_POINT('',#18970);
#18970 = CARTESIAN_POINT('',(256.9,6.32568421935,24.6));
#18971 = LINE('',#18972,#18973);
#18972 = CARTESIAN_POINT('',(256.9,6.32568421935,22.));
#18973 = VECTOR('',#18974,1.);
#18974 = DIRECTION('',(0.,0.,1.));
#18975 = ORIENTED_EDGE('',*,*,#18976,.T.);
#18976 = EDGE_CURVE('',#18969,#18938,#18977,.T.);
#18977 = LINE('',#18978,#18979);
#18978 = CARTESIAN_POINT('',(256.9,6.32568421935,24.6));
#18979 = VECTOR('',#18980,1.);
#18980 = DIRECTION('',(0.,1.,0.));
#18981 = ORIENTED_EDGE('',*,*,#18937,.F.);
#18982 = ORIENTED_EDGE('',*,*,#17999,.F.);
#18983 = PLANE('',#18984);
#18984 = AXIS2_PLACEMENT_3D('',#18985,#18986,#18987);
#18985 = CARTESIAN_POINT('',(256.9,6.32568421935,22.));
#18986 = DIRECTION('',(-1.,0.,0.));
#18987 = DIRECTION('',(0.,1.,0.));
#18988 = ADVANCED_FACE('',(#18989),#19007,.T.);
#18989 = FACE_BOUND('',#18990,.T.);
#18990 = EDGE_LOOP('',(#18991,#18992,#19000,#19006));
#18991 = ORIENTED_EDGE('',*,*,#18953,.T.);
#18992 = ORIENTED_EDGE('',*,*,#18993,.T.);
#18993 = EDGE_CURVE('',#18946,#18994,#18996,.T.);
#18994 = VERTEX_POINT('',#18995);
#18995 = CARTESIAN_POINT('',(251.1,9.67431578065,24.6));
#18996 = LINE('',#18997,#18998);
#18997 = CARTESIAN_POINT('',(254.,11.3486315613,24.6));
#18998 = VECTOR('',#18999,1.);
#18999 = DIRECTION('',(-0.866025403784,-0.5,0.));
#19000 = ORIENTED_EDGE('',*,*,#19001,.F.);
#19001 = EDGE_CURVE('',#18024,#18994,#19002,.T.);
#19002 = LINE('',#19003,#19004);
#19003 = CARTESIAN_POINT('',(251.1,9.67431578065,22.));
#19004 = VECTOR('',#19005,1.);
#19005 = DIRECTION('',(0.,0.,1.));
#19006 = ORIENTED_EDGE('',*,*,#18031,.F.);
#19007 = PLANE('',#19008);
#19008 = AXIS2_PLACEMENT_3D('',#19009,#19010,#19011);
#19009 = CARTESIAN_POINT('',(254.,11.3486315613,22.));
#19010 = DIRECTION('',(0.5,-0.866025403784,0.));
#19011 = DIRECTION('',(-0.866025403784,-0.5,0.));
#19012 = ADVANCED_FACE('',(#19013),#19031,.T.);
#19013 = FACE_BOUND('',#19014,.T.);
#19014 = EDGE_LOOP('',(#19015,#19023,#19029,#19030));
#19015 = ORIENTED_EDGE('',*,*,#19016,.T.);
#19016 = EDGE_CURVE('',#18008,#19017,#19019,.T.);
#19017 = VERTEX_POINT('',#19018);
#19018 = CARTESIAN_POINT('',(254.,4.6513684387,24.6));
#19019 = LINE('',#19020,#19021);
#19020 = CARTESIAN_POINT('',(254.,4.6513684387,22.));
#19021 = VECTOR('',#19022,1.);
#19022 = DIRECTION('',(0.,0.,1.));
#19023 = ORIENTED_EDGE('',*,*,#19024,.T.);
#19024 = EDGE_CURVE('',#19017,#18969,#19025,.T.);
#19025 = LINE('',#19026,#19027);
#19026 = CARTESIAN_POINT('',(254.,4.6513684387,24.6));
#19027 = VECTOR('',#19028,1.);
#19028 = DIRECTION('',(0.866025403784,0.5,0.));
#19029 = ORIENTED_EDGE('',*,*,#18968,.F.);
#19030 = ORIENTED_EDGE('',*,*,#18007,.F.);
#19031 = PLANE('',#19032);
#19032 = AXIS2_PLACEMENT_3D('',#19033,#19034,#19035);
#19033 = CARTESIAN_POINT('',(254.,4.6513684387,22.));
#19034 = DIRECTION('',(-0.5,0.866025403784,0.));
#19035 = DIRECTION('',(0.866025403784,0.5,0.));
#19036 = ADVANCED_FACE('',(#19037),#19055,.T.);
#19037 = FACE_BOUND('',#19038,.T.);
#19038 = EDGE_LOOP('',(#19039,#19040,#19048,#19054));
#19039 = ORIENTED_EDGE('',*,*,#19001,.T.);
#19040 = ORIENTED_EDGE('',*,*,#19041,.T.);
#19041 = EDGE_CURVE('',#18994,#19042,#19044,.T.);
#19042 = VERTEX_POINT('',#19043);
#19043 = CARTESIAN_POINT('',(251.1,6.32568421935,24.6));
#19044 = LINE('',#19045,#19046);
#19045 = CARTESIAN_POINT('',(251.1,9.67431578065,24.6));
#19046 = VECTOR('',#19047,1.);
#19047 = DIRECTION('',(0.,-1.,0.));
#19048 = ORIENTED_EDGE('',*,*,#19049,.F.);
#19049 = EDGE_CURVE('',#18016,#19042,#19050,.T.);
#19050 = LINE('',#19051,#19052);
#19051 = CARTESIAN_POINT('',(251.1,6.32568421935,22.));
#19052 = VECTOR('',#19053,1.);
#19053 = DIRECTION('',(0.,0.,1.));
#19054 = ORIENTED_EDGE('',*,*,#18023,.F.);
#19055 = PLANE('',#19056);
#19056 = AXIS2_PLACEMENT_3D('',#19057,#19058,#19059);
#19057 = CARTESIAN_POINT('',(251.1,9.67431578065,22.));
#19058 = DIRECTION('',(1.,0.,0.));
#19059 = DIRECTION('',(0.,-1.,0.));
#19060 = ADVANCED_FACE('',(#19061),#19072,.T.);
#19061 = FACE_BOUND('',#19062,.T.);
#19062 = EDGE_LOOP('',(#19063,#19064,#19070,#19071));
#19063 = ORIENTED_EDGE('',*,*,#19049,.T.);
#19064 = ORIENTED_EDGE('',*,*,#19065,.T.);
#19065 = EDGE_CURVE('',#19042,#19017,#19066,.T.);
#19066 = LINE('',#19067,#19068);
#19067 = CARTESIAN_POINT('',(251.1,6.32568421935,24.6));
#19068 = VECTOR('',#19069,1.);
#19069 = DIRECTION('',(0.866025403784,-0.5,0.));
#19070 = ORIENTED_EDGE('',*,*,#19016,.F.);
#19071 = ORIENTED_EDGE('',*,*,#18015,.F.);
#19072 = PLANE('',#19073);
#19073 = AXIS2_PLACEMENT_3D('',#19074,#19075,#19076);
#19074 = CARTESIAN_POINT('',(251.1,6.32568421935,22.));
#19075 = DIRECTION('',(0.5,0.866025403784,0.));
#19076 = DIRECTION('',(0.866025403784,-0.5,0.));
#19077 = ADVANCED_FACE('',(#19078),#19103,.T.);
#19078 = FACE_BOUND('',#19079,.T.);
#19079 = EDGE_LOOP('',(#19080,#19088,#19096,#19102));
#19080 = ORIENTED_EDGE('',*,*,#19081,.T.);
#19081 = EDGE_CURVE('',#18074,#19082,#19084,.T.);
#19082 = VERTEX_POINT('',#19083);
#19083 = CARTESIAN_POINT('',(256.9,126.67431578065,24.6));
#19084 = LINE('',#19085,#19086);
#19085 = CARTESIAN_POINT('',(256.9,126.67431578065,22.));
#19086 = VECTOR('',#19087,1.);
#19087 = DIRECTION('',(0.,0.,1.));
#19088 = ORIENTED_EDGE('',*,*,#19089,.T.);
#19089 = EDGE_CURVE('',#19082,#19090,#19092,.T.);
#19090 = VERTEX_POINT('',#19091);
#19091 = CARTESIAN_POINT('',(254.,128.3486315613,24.6));
#19092 = LINE('',#19093,#19094);
#19093 = CARTESIAN_POINT('',(256.9,126.67431578065,24.6));
#19094 = VECTOR('',#19095,1.);
#19095 = DIRECTION('',(-0.866025403784,0.5,0.));
#19096 = ORIENTED_EDGE('',*,*,#19097,.F.);
#19097 = EDGE_CURVE('',#18076,#19090,#19098,.T.);
#19098 = LINE('',#19099,#19100);
#19099 = CARTESIAN_POINT('',(254.,128.3486315613,22.));
#19100 = VECTOR('',#19101,1.);
#19101 = DIRECTION('',(0.,0.,1.));
#19102 = ORIENTED_EDGE('',*,*,#18073,.F.);
#19103 = PLANE('',#19104);
#19104 = AXIS2_PLACEMENT_3D('',#19105,#19106,#19107);
#19105 = CARTESIAN_POINT('',(256.9,126.67431578065,22.));
#19106 = DIRECTION('',(-0.5,-0.866025403784,0.));
#19107 = DIRECTION('',(-0.866025403784,0.5,0.));
#19108 = ADVANCED_FACE('',(#19109),#19127,.T.);
#19109 = FACE_BOUND('',#19110,.T.);
#19110 = EDGE_LOOP('',(#19111,#19119,#19125,#19126));
#19111 = ORIENTED_EDGE('',*,*,#19112,.T.);
#19112 = EDGE_CURVE('',#18084,#19113,#19115,.T.);
#19113 = VERTEX_POINT('',#19114);
#19114 = CARTESIAN_POINT('',(256.9,123.32568421935,24.6));
#19115 = LINE('',#19116,#19117);
#19116 = CARTESIAN_POINT('',(256.9,123.32568421935,22.));
#19117 = VECTOR('',#19118,1.);
#19118 = DIRECTION('',(0.,0.,1.));
#19119 = ORIENTED_EDGE('',*,*,#19120,.T.);
#19120 = EDGE_CURVE('',#19113,#19082,#19121,.T.);
#19121 = LINE('',#19122,#19123);
#19122 = CARTESIAN_POINT('',(256.9,123.32568421935,24.6));
#19123 = VECTOR('',#19124,1.);
#19124 = DIRECTION('',(0.,1.,0.));
#19125 = ORIENTED_EDGE('',*,*,#19081,.F.);
#19126 = ORIENTED_EDGE('',*,*,#18083,.F.);
#19127 = PLANE('',#19128);
#19128 = AXIS2_PLACEMENT_3D('',#19129,#19130,#19131);
#19129 = CARTESIAN_POINT('',(256.9,123.32568421935,22.));
#19130 = DIRECTION('',(-1.,0.,0.));
#19131 = DIRECTION('',(0.,1.,0.));
#19132 = ADVANCED_FACE('',(#19133),#19151,.T.);
#19133 = FACE_BOUND('',#19134,.T.);
#19134 = EDGE_LOOP('',(#19135,#19136,#19144,#19150));
#19135 = ORIENTED_EDGE('',*,*,#19097,.T.);
#19136 = ORIENTED_EDGE('',*,*,#19137,.T.);
#19137 = EDGE_CURVE('',#19090,#19138,#19140,.T.);
#19138 = VERTEX_POINT('',#19139);
#19139 = CARTESIAN_POINT('',(251.1,126.67431578065,24.6));
#19140 = LINE('',#19141,#19142);
#19141 = CARTESIAN_POINT('',(254.,128.3486315613,24.6));
#19142 = VECTOR('',#19143,1.);
#19143 = DIRECTION('',(-0.866025403784,-0.5,0.));
#19144 = ORIENTED_EDGE('',*,*,#19145,.F.);
#19145 = EDGE_CURVE('',#18108,#19138,#19146,.T.);
#19146 = LINE('',#19147,#19148);
#19147 = CARTESIAN_POINT('',(251.1,126.67431578065,22.));
#19148 = VECTOR('',#19149,1.);
#19149 = DIRECTION('',(0.,0.,1.));
#19150 = ORIENTED_EDGE('',*,*,#18115,.F.);
#19151 = PLANE('',#19152);
#19152 = AXIS2_PLACEMENT_3D('',#19153,#19154,#19155);
#19153 = CARTESIAN_POINT('',(254.,128.3486315613,22.));
#19154 = DIRECTION('',(0.5,-0.866025403784,0.));
#19155 = DIRECTION('',(-0.866025403784,-0.5,0.));
#19156 = ADVANCED_FACE('',(#19157),#19175,.T.);
#19157 = FACE_BOUND('',#19158,.T.);
#19158 = EDGE_LOOP('',(#19159,#19167,#19173,#19174));
#19159 = ORIENTED_EDGE('',*,*,#19160,.T.);
#19160 = EDGE_CURVE('',#18092,#19161,#19163,.T.);
#19161 = VERTEX_POINT('',#19162);
#19162 = CARTESIAN_POINT('',(254.,121.6513684387,24.6));
#19163 = LINE('',#19164,#19165);
#19164 = CARTESIAN_POINT('',(254.,121.6513684387,22.));
#19165 = VECTOR('',#19166,1.);
#19166 = DIRECTION('',(0.,0.,1.));
#19167 = ORIENTED_EDGE('',*,*,#19168,.T.);
#19168 = EDGE_CURVE('',#19161,#19113,#19169,.T.);
#19169 = LINE('',#19170,#19171);
#19170 = CARTESIAN_POINT('',(254.,121.6513684387,24.6));
#19171 = VECTOR('',#19172,1.);
#19172 = DIRECTION('',(0.866025403784,0.5,0.));
#19173 = ORIENTED_EDGE('',*,*,#19112,.F.);
#19174 = ORIENTED_EDGE('',*,*,#18091,.F.);
#19175 = PLANE('',#19176);
#19176 = AXIS2_PLACEMENT_3D('',#19177,#19178,#19179);
#19177 = CARTESIAN_POINT('',(254.,121.6513684387,22.));
#19178 = DIRECTION('',(-0.5,0.866025403784,0.));
#19179 = DIRECTION('',(0.866025403784,0.5,0.));
#19180 = ADVANCED_FACE('',(#19181),#19199,.T.);
#19181 = FACE_BOUND('',#19182,.T.);
#19182 = EDGE_LOOP('',(#19183,#19184,#19192,#19198));
#19183 = ORIENTED_EDGE('',*,*,#19145,.T.);
#19184 = ORIENTED_EDGE('',*,*,#19185,.T.);
#19185 = EDGE_CURVE('',#19138,#19186,#19188,.T.);
#19186 = VERTEX_POINT('',#19187);
#19187 = CARTESIAN_POINT('',(251.1,123.32568421935,24.6));
#19188 = LINE('',#19189,#19190);
#19189 = CARTESIAN_POINT('',(251.1,126.67431578065,24.6));
#19190 = VECTOR('',#19191,1.);
#19191 = DIRECTION('',(0.,-1.,0.));
#19192 = ORIENTED_EDGE('',*,*,#19193,.F.);
#19193 = EDGE_CURVE('',#18100,#19186,#19194,.T.);
#19194 = LINE('',#19195,#19196);
#19195 = CARTESIAN_POINT('',(251.1,123.32568421935,22.));
#19196 = VECTOR('',#19197,1.);
#19197 = DIRECTION('',(0.,0.,1.));
#19198 = ORIENTED_EDGE('',*,*,#18107,.F.);
#19199 = PLANE('',#19200);
#19200 = AXIS2_PLACEMENT_3D('',#19201,#19202,#19203);
#19201 = CARTESIAN_POINT('',(251.1,126.67431578065,22.));
#19202 = DIRECTION('',(1.,0.,0.));
#19203 = DIRECTION('',(0.,-1.,0.));
#19204 = ADVANCED_FACE('',(#19205),#19216,.T.);
#19205 = FACE_BOUND('',#19206,.T.);
#19206 = EDGE_LOOP('',(#19207,#19208,#19214,#19215));
#19207 = ORIENTED_EDGE('',*,*,#19193,.T.);
#19208 = ORIENTED_EDGE('',*,*,#19209,.T.);
#19209 = EDGE_CURVE('',#19186,#19161,#19210,.T.);
#19210 = LINE('',#19211,#19212);
#19211 = CARTESIAN_POINT('',(251.1,123.32568421935,24.6));
#19212 = VECTOR('',#19213,1.);
#19213 = DIRECTION('',(0.866025403784,-0.5,0.));
#19214 = ORIENTED_EDGE('',*,*,#19160,.F.);
#19215 = ORIENTED_EDGE('',*,*,#18099,.F.);
#19216 = PLANE('',#19217);
#19217 = AXIS2_PLACEMENT_3D('',#19218,#19219,#19220);
#19218 = CARTESIAN_POINT('',(251.1,123.32568421935,22.));
#19219 = DIRECTION('',(0.5,0.866025403784,0.));
#19220 = DIRECTION('',(0.866025403784,-0.5,0.));
#19221 = ADVANCED_FACE('',(#19222),#19247,.T.);
#19222 = FACE_BOUND('',#19223,.T.);
#19223 = EDGE_LOOP('',(#19224,#19232,#19240,#19246));
#19224 = ORIENTED_EDGE('',*,*,#19225,.T.);
#19225 = EDGE_CURVE('',#18124,#19226,#19228,.T.);
#19226 = VERTEX_POINT('',#19227);
#19227 = CARTESIAN_POINT('',(10.9,243.67431578065,24.6));
#19228 = LINE('',#19229,#19230);
#19229 = CARTESIAN_POINT('',(10.9,243.67431578065,22.));
#19230 = VECTOR('',#19231,1.);
#19231 = DIRECTION('',(0.,0.,1.));
#19232 = ORIENTED_EDGE('',*,*,#19233,.T.);
#19233 = EDGE_CURVE('',#19226,#19234,#19236,.T.);
#19234 = VERTEX_POINT('',#19235);
#19235 = CARTESIAN_POINT('',(8.,245.3486315613,24.6));
#19236 = LINE('',#19237,#19238);
#19237 = CARTESIAN_POINT('',(10.9,243.67431578065,24.6));
#19238 = VECTOR('',#19239,1.);
#19239 = DIRECTION('',(-0.866025403784,0.5,0.));
#19240 = ORIENTED_EDGE('',*,*,#19241,.F.);
#19241 = EDGE_CURVE('',#18126,#19234,#19242,.T.);
#19242 = LINE('',#19243,#19244);
#19243 = CARTESIAN_POINT('',(8.,245.3486315613,22.));
#19244 = VECTOR('',#19245,1.);
#19245 = DIRECTION('',(0.,0.,1.));
#19246 = ORIENTED_EDGE('',*,*,#18123,.F.);
#19247 = PLANE('',#19248);
#19248 = AXIS2_PLACEMENT_3D('',#19249,#19250,#19251);
#19249 = CARTESIAN_POINT('',(10.9,243.67431578065,22.));
#19250 = DIRECTION('',(-0.5,-0.866025403784,0.));
#19251 = DIRECTION('',(-0.866025403784,0.5,0.));
#19252 = ADVANCED_FACE('',(#19253),#19271,.T.);
#19253 = FACE_BOUND('',#19254,.T.);
#19254 = EDGE_LOOP('',(#19255,#19263,#19269,#19270));
#19255 = ORIENTED_EDGE('',*,*,#19256,.T.);
#19256 = EDGE_CURVE('',#18134,#19257,#19259,.T.);
#19257 = VERTEX_POINT('',#19258);
#19258 = CARTESIAN_POINT('',(10.9,240.32568421935,24.6));
#19259 = LINE('',#19260,#19261);
#19260 = CARTESIAN_POINT('',(10.9,240.32568421935,22.));
#19261 = VECTOR('',#19262,1.);
#19262 = DIRECTION('',(0.,0.,1.));
#19263 = ORIENTED_EDGE('',*,*,#19264,.T.);
#19264 = EDGE_CURVE('',#19257,#19226,#19265,.T.);
#19265 = LINE('',#19266,#19267);
#19266 = CARTESIAN_POINT('',(10.9,240.32568421935,24.6));
#19267 = VECTOR('',#19268,1.);
#19268 = DIRECTION('',(5.304724652093E-16,1.,0.));
#19269 = ORIENTED_EDGE('',*,*,#19225,.F.);
#19270 = ORIENTED_EDGE('',*,*,#18133,.F.);
#19271 = PLANE('',#19272);
#19272 = AXIS2_PLACEMENT_3D('',#19273,#19274,#19275);
#19273 = CARTESIAN_POINT('',(10.9,240.32568421935,22.));
#19274 = DIRECTION('',(-1.,5.304724652093E-16,0.));
#19275 = DIRECTION('',(5.304724652093E-16,1.,0.));
#19276 = ADVANCED_FACE('',(#19277),#19295,.T.);
#19277 = FACE_BOUND('',#19278,.T.);
#19278 = EDGE_LOOP('',(#19279,#19280,#19288,#19294));
#19279 = ORIENTED_EDGE('',*,*,#19241,.T.);
#19280 = ORIENTED_EDGE('',*,*,#19281,.T.);
#19281 = EDGE_CURVE('',#19234,#19282,#19284,.T.);
#19282 = VERTEX_POINT('',#19283);
#19283 = CARTESIAN_POINT('',(5.1,243.67431578065,24.6));
#19284 = LINE('',#19285,#19286);
#19285 = CARTESIAN_POINT('',(8.,245.3486315613,24.6));
#19286 = VECTOR('',#19287,1.);
#19287 = DIRECTION('',(-0.866025403784,-0.5,0.));
#19288 = ORIENTED_EDGE('',*,*,#19289,.F.);
#19289 = EDGE_CURVE('',#18158,#19282,#19290,.T.);
#19290 = LINE('',#19291,#19292);
#19291 = CARTESIAN_POINT('',(5.1,243.67431578065,22.));
#19292 = VECTOR('',#19293,1.);
#19293 = DIRECTION('',(0.,0.,1.));
#19294 = ORIENTED_EDGE('',*,*,#18165,.F.);
#19295 = PLANE('',#19296);
#19296 = AXIS2_PLACEMENT_3D('',#19297,#19298,#19299);
#19297 = CARTESIAN_POINT('',(8.,245.3486315613,22.));
#19298 = DIRECTION('',(0.5,-0.866025403784,0.));
#19299 = DIRECTION('',(-0.866025403784,-0.5,0.));
#19300 = ADVANCED_FACE('',(#19301),#19319,.T.);
#19301 = FACE_BOUND('',#19302,.T.);
#19302 = EDGE_LOOP('',(#19303,#19311,#19317,#19318));
#19303 = ORIENTED_EDGE('',*,*,#19304,.T.);
#19304 = EDGE_CURVE('',#18142,#19305,#19307,.T.);
#19305 = VERTEX_POINT('',#19306);
#19306 = CARTESIAN_POINT('',(8.,238.6513684387,24.6));
#19307 = LINE('',#19308,#19309);
#19308 = CARTESIAN_POINT('',(8.,238.6513684387,22.));
#19309 = VECTOR('',#19310,1.);
#19310 = DIRECTION('',(0.,0.,1.));
#19311 = ORIENTED_EDGE('',*,*,#19312,.T.);
#19312 = EDGE_CURVE('',#19305,#19257,#19313,.T.);
#19313 = LINE('',#19314,#19315);
#19314 = CARTESIAN_POINT('',(8.,238.6513684387,24.6));
#19315 = VECTOR('',#19316,1.);
#19316 = DIRECTION('',(0.866025403784,0.5,0.));
#19317 = ORIENTED_EDGE('',*,*,#19256,.F.);
#19318 = ORIENTED_EDGE('',*,*,#18141,.F.);
#19319 = PLANE('',#19320);
#19320 = AXIS2_PLACEMENT_3D('',#19321,#19322,#19323);
#19321 = CARTESIAN_POINT('',(8.,238.6513684387,22.));
#19322 = DIRECTION('',(-0.5,0.866025403784,0.));
#19323 = DIRECTION('',(0.866025403784,0.5,0.));
#19324 = ADVANCED_FACE('',(#19325),#19343,.T.);
#19325 = FACE_BOUND('',#19326,.T.);
#19326 = EDGE_LOOP('',(#19327,#19328,#19336,#19342));
#19327 = ORIENTED_EDGE('',*,*,#19289,.T.);
#19328 = ORIENTED_EDGE('',*,*,#19329,.T.);
#19329 = EDGE_CURVE('',#19282,#19330,#19332,.T.);
#19330 = VERTEX_POINT('',#19331);
#19331 = CARTESIAN_POINT('',(5.1,240.32568421935,24.6));
#19332 = LINE('',#19333,#19334);
#19333 = CARTESIAN_POINT('',(5.1,243.67431578065,24.6));
#19334 = VECTOR('',#19335,1.);
#19335 = DIRECTION('',(0.,-1.,0.));
#19336 = ORIENTED_EDGE('',*,*,#19337,.F.);
#19337 = EDGE_CURVE('',#18150,#19330,#19338,.T.);
#19338 = LINE('',#19339,#19340);
#19339 = CARTESIAN_POINT('',(5.1,240.32568421935,22.));
#19340 = VECTOR('',#19341,1.);
#19341 = DIRECTION('',(0.,0.,1.));
#19342 = ORIENTED_EDGE('',*,*,#18157,.F.);
#19343 = PLANE('',#19344);
#19344 = AXIS2_PLACEMENT_3D('',#19345,#19346,#19347);
#19345 = CARTESIAN_POINT('',(5.1,243.67431578065,22.));
#19346 = DIRECTION('',(1.,0.,0.));
#19347 = DIRECTION('',(0.,-1.,0.));
#19348 = ADVANCED_FACE('',(#19349),#19360,.T.);
#19349 = FACE_BOUND('',#19350,.T.);
#19350 = EDGE_LOOP('',(#19351,#19352,#19358,#19359));
#19351 = ORIENTED_EDGE('',*,*,#19337,.T.);
#19352 = ORIENTED_EDGE('',*,*,#19353,.T.);
#19353 = EDGE_CURVE('',#19330,#19305,#19354,.T.);
#19354 = LINE('',#19355,#19356);
#19355 = CARTESIAN_POINT('',(5.1,240.32568421935,24.6));
#19356 = VECTOR('',#19357,1.);
#19357 = DIRECTION('',(0.866025403784,-0.5,0.));
#19358 = ORIENTED_EDGE('',*,*,#19304,.F.);
#19359 = ORIENTED_EDGE('',*,*,#18149,.F.);
#19360 = PLANE('',#19361);
#19361 = AXIS2_PLACEMENT_3D('',#19362,#19363,#19364);
#19362 = CARTESIAN_POINT('',(5.1,240.32568421935,22.));
#19363 = DIRECTION('',(0.5,0.866025403784,0.));
#19364 = DIRECTION('',(0.866025403784,-0.5,0.));
#19365 = ADVANCED_FACE('',(#19366),#19391,.T.);
#19366 = FACE_BOUND('',#19367,.T.);
#19367 = EDGE_LOOP('',(#19368,#19376,#19384,#19390));
#19368 = ORIENTED_EDGE('',*,*,#19369,.T.);
#19369 = EDGE_CURVE('',#18174,#19370,#19372,.T.);
#19370 = VERTEX_POINT('',#19371);
#19371 = CARTESIAN_POINT('',(256.9,243.67431578065,24.6));
#19372 = LINE('',#19373,#19374);
#19373 = CARTESIAN_POINT('',(256.9,243.67431578065,22.));
#19374 = VECTOR('',#19375,1.);
#19375 = DIRECTION('',(0.,0.,1.));
#19376 = ORIENTED_EDGE('',*,*,#19377,.T.);
#19377 = EDGE_CURVE('',#19370,#19378,#19380,.T.);
#19378 = VERTEX_POINT('',#19379);
#19379 = CARTESIAN_POINT('',(254.,245.3486315613,24.6));
#19380 = LINE('',#19381,#19382);
#19381 = CARTESIAN_POINT('',(256.9,243.67431578065,24.6));
#19382 = VECTOR('',#19383,1.);
#19383 = DIRECTION('',(-0.866025403784,0.5,0.));
#19384 = ORIENTED_EDGE('',*,*,#19385,.F.);
#19385 = EDGE_CURVE('',#18176,#19378,#19386,.T.);
#19386 = LINE('',#19387,#19388);
#19387 = CARTESIAN_POINT('',(254.,245.3486315613,22.));
#19388 = VECTOR('',#19389,1.);
#19389 = DIRECTION('',(0.,0.,1.));
#19390 = ORIENTED_EDGE('',*,*,#18173,.F.);
#19391 = PLANE('',#19392);
#19392 = AXIS2_PLACEMENT_3D('',#19393,#19394,#19395);
#19393 = CARTESIAN_POINT('',(256.9,243.67431578065,22.));
#19394 = DIRECTION('',(-0.5,-0.866025403784,0.));
#19395 = DIRECTION('',(-0.866025403784,0.5,0.));
#19396 = ADVANCED_FACE('',(#19397),#19415,.T.);
#19397 = FACE_BOUND('',#19398,.T.);
#19398 = EDGE_LOOP('',(#19399,#19407,#19413,#19414));
#19399 = ORIENTED_EDGE('',*,*,#19400,.T.);
#19400 = EDGE_CURVE('',#18184,#19401,#19403,.T.);
#19401 = VERTEX_POINT('',#19402);
#19402 = CARTESIAN_POINT('',(256.9,240.32568421935,24.6));
#19403 = LINE('',#19404,#19405);
#19404 = CARTESIAN_POINT('',(256.9,240.32568421935,22.));
#19405 = VECTOR('',#19406,1.);
#19406 = DIRECTION('',(0.,0.,1.));
#19407 = ORIENTED_EDGE('',*,*,#19408,.T.);
#19408 = EDGE_CURVE('',#19401,#19370,#19409,.T.);
#19409 = LINE('',#19410,#19411);
#19410 = CARTESIAN_POINT('',(256.9,240.32568421935,24.6));
#19411 = VECTOR('',#19412,1.);
#19412 = DIRECTION('',(0.,1.,0.));
#19413 = ORIENTED_EDGE('',*,*,#19369,.F.);
#19414 = ORIENTED_EDGE('',*,*,#18183,.F.);
#19415 = PLANE('',#19416);
#19416 = AXIS2_PLACEMENT_3D('',#19417,#19418,#19419);
#19417 = CARTESIAN_POINT('',(256.9,240.32568421935,22.));
#19418 = DIRECTION('',(-1.,0.,0.));
#19419 = DIRECTION('',(0.,1.,0.));
#19420 = ADVANCED_FACE('',(#19421),#19439,.T.);
#19421 = FACE_BOUND('',#19422,.T.);
#19422 = EDGE_LOOP('',(#19423,#19424,#19432,#19438));
#19423 = ORIENTED_EDGE('',*,*,#19385,.T.);
#19424 = ORIENTED_EDGE('',*,*,#19425,.T.);
#19425 = EDGE_CURVE('',#19378,#19426,#19428,.T.);
#19426 = VERTEX_POINT('',#19427);
#19427 = CARTESIAN_POINT('',(251.1,243.67431578065,24.6));
#19428 = LINE('',#19429,#19430);
#19429 = CARTESIAN_POINT('',(254.,245.3486315613,24.6));
#19430 = VECTOR('',#19431,1.);
#19431 = DIRECTION('',(-0.866025403784,-0.5,0.));
#19432 = ORIENTED_EDGE('',*,*,#19433,.F.);
#19433 = EDGE_CURVE('',#18208,#19426,#19434,.T.);
#19434 = LINE('',#19435,#19436);
#19435 = CARTESIAN_POINT('',(251.1,243.67431578065,22.));
#19436 = VECTOR('',#19437,1.);
#19437 = DIRECTION('',(0.,0.,1.));
#19438 = ORIENTED_EDGE('',*,*,#18215,.F.);
#19439 = PLANE('',#19440);
#19440 = AXIS2_PLACEMENT_3D('',#19441,#19442,#19443);
#19441 = CARTESIAN_POINT('',(254.,245.3486315613,22.));
#19442 = DIRECTION('',(0.5,-0.866025403784,0.));
#19443 = DIRECTION('',(-0.866025403784,-0.5,0.));
#19444 = ADVANCED_FACE('',(#19445),#19463,.T.);
#19445 = FACE_BOUND('',#19446,.T.);
#19446 = EDGE_LOOP('',(#19447,#19455,#19461,#19462));
#19447 = ORIENTED_EDGE('',*,*,#19448,.T.);
#19448 = EDGE_CURVE('',#18192,#19449,#19451,.T.);
#19449 = VERTEX_POINT('',#19450);
#19450 = CARTESIAN_POINT('',(254.,238.6513684387,24.6));
#19451 = LINE('',#19452,#19453);
#19452 = CARTESIAN_POINT('',(254.,238.6513684387,22.));
#19453 = VECTOR('',#19454,1.);
#19454 = DIRECTION('',(0.,0.,1.));
#19455 = ORIENTED_EDGE('',*,*,#19456,.T.);
#19456 = EDGE_CURVE('',#19449,#19401,#19457,.T.);
#19457 = LINE('',#19458,#19459);
#19458 = CARTESIAN_POINT('',(254.,238.6513684387,24.6));
#19459 = VECTOR('',#19460,1.);
#19460 = DIRECTION('',(0.866025403784,0.5,0.));
#19461 = ORIENTED_EDGE('',*,*,#19400,.F.);
#19462 = ORIENTED_EDGE('',*,*,#18191,.F.);
#19463 = PLANE('',#19464);
#19464 = AXIS2_PLACEMENT_3D('',#19465,#19466,#19467);
#19465 = CARTESIAN_POINT('',(254.,238.6513684387,22.));
#19466 = DIRECTION('',(-0.5,0.866025403784,0.));
#19467 = DIRECTION('',(0.866025403784,0.5,0.));
#19468 = ADVANCED_FACE('',(#19469),#19487,.T.);
#19469 = FACE_BOUND('',#19470,.T.);
#19470 = EDGE_LOOP('',(#19471,#19472,#19480,#19486));
#19471 = ORIENTED_EDGE('',*,*,#19433,.T.);
#19472 = ORIENTED_EDGE('',*,*,#19473,.T.);
#19473 = EDGE_CURVE('',#19426,#19474,#19476,.T.);
#19474 = VERTEX_POINT('',#19475);
#19475 = CARTESIAN_POINT('',(251.1,240.32568421935,24.6));
#19476 = LINE('',#19477,#19478);
#19477 = CARTESIAN_POINT('',(251.1,243.67431578065,24.6));
#19478 = VECTOR('',#19479,1.);
#19479 = DIRECTION('',(0.,-1.,0.));
#19480 = ORIENTED_EDGE('',*,*,#19481,.F.);
#19481 = EDGE_CURVE('',#18200,#19474,#19482,.T.);
#19482 = LINE('',#19483,#19484);
#19483 = CARTESIAN_POINT('',(251.1,240.32568421935,22.));
#19484 = VECTOR('',#19485,1.);
#19485 = DIRECTION('',(0.,0.,1.));
#19486 = ORIENTED_EDGE('',*,*,#18207,.F.);
#19487 = PLANE('',#19488);
#19488 = AXIS2_PLACEMENT_3D('',#19489,#19490,#19491);
#19489 = CARTESIAN_POINT('',(251.1,243.67431578065,22.));
#19490 = DIRECTION('',(1.,0.,0.));
#19491 = DIRECTION('',(0.,-1.,0.));
#19492 = ADVANCED_FACE('',(#19493),#19504,.T.);
#19493 = FACE_BOUND('',#19494,.T.);
#19494 = EDGE_LOOP('',(#19495,#19496,#19502,#19503));
#19495 = ORIENTED_EDGE('',*,*,#19481,.T.);
#19496 = ORIENTED_EDGE('',*,*,#19497,.T.);
#19497 = EDGE_CURVE('',#19474,#19449,#19498,.T.);
#19498 = LINE('',#19499,#19500);
#19499 = CARTESIAN_POINT('',(251.1,240.32568421935,24.6));
#19500 = VECTOR('',#19501,1.);
#19501 = DIRECTION('',(0.866025403784,-0.5,0.));
#19502 = ORIENTED_EDGE('',*,*,#19448,.F.);
#19503 = ORIENTED_EDGE('',*,*,#18199,.F.);
#19504 = PLANE('',#19505);
#19505 = AXIS2_PLACEMENT_3D('',#19506,#19507,#19508);
#19506 = CARTESIAN_POINT('',(251.1,240.32568421935,22.));
#19507 = DIRECTION('',(0.5,0.866025403784,0.));
#19508 = DIRECTION('',(0.866025403784,-0.5,0.));
#19509 = ADVANCED_FACE('',(#19510,#19518),#19529,.F.);
#19510 = FACE_BOUND('',#19511,.F.);
#19511 = EDGE_LOOP('',(#19512,#19513,#19514,#19515,#19516,#19517));
#19512 = ORIENTED_EDGE('',*,*,#18657,.T.);
#19513 = ORIENTED_EDGE('',*,*,#18705,.T.);
#19514 = ORIENTED_EDGE('',*,*,#18753,.T.);
#19515 = ORIENTED_EDGE('',*,*,#18777,.T.);
#19516 = ORIENTED_EDGE('',*,*,#18736,.T.);
#19517 = ORIENTED_EDGE('',*,*,#18688,.T.);
#19518 = FACE_BOUND('',#19519,.F.);
#19519 = EDGE_LOOP('',(#19520));
#19520 = ORIENTED_EDGE('',*,*,#19521,.F.);
#19521 = EDGE_CURVE('',#19522,#19522,#19524,.T.);
#19522 = VERTEX_POINT('',#19523);
#19523 = CARTESIAN_POINT('',(9.7,8.,24.6));
#19524 = CIRCLE('',#19525,1.7);
#19525 = AXIS2_PLACEMENT_3D('',#19526,#19527,#19528);
#19526 = CARTESIAN_POINT('',(8.,8.,24.6));
#19527 = DIRECTION('',(0.,0.,1.));
#19528 = DIRECTION('',(1.,0.,0.));
#19529 = PLANE('',#19530);
#19530 = AXIS2_PLACEMENT_3D('',#19531,#19532,#19533);
#19531 = CARTESIAN_POINT('',(8.,8.,24.6));
#19532 = DIRECTION('',(0.,0.,1.));
#19533 = DIRECTION('',(1.,0.,0.));
#19534 = ADVANCED_FACE('',(#19535,#19543),#19554,.F.);
#19535 = FACE_BOUND('',#19536,.F.);
#19536 = EDGE_LOOP('',(#19537,#19538,#19539,#19540,#19541,#19542));
#19537 = ORIENTED_EDGE('',*,*,#18801,.T.);
#19538 = ORIENTED_EDGE('',*,*,#18849,.T.);
#19539 = ORIENTED_EDGE('',*,*,#18897,.T.);
#19540 = ORIENTED_EDGE('',*,*,#18921,.T.);
#19541 = ORIENTED_EDGE('',*,*,#18880,.T.);
#19542 = ORIENTED_EDGE('',*,*,#18832,.T.);
#19543 = FACE_BOUND('',#19544,.F.);
#19544 = EDGE_LOOP('',(#19545));
#19545 = ORIENTED_EDGE('',*,*,#19546,.F.);
#19546 = EDGE_CURVE('',#19547,#19547,#19549,.T.);
#19547 = VERTEX_POINT('',#19548);
#19548 = CARTESIAN_POINT('',(9.7,125.,24.6));
#19549 = CIRCLE('',#19550,1.7);
#19550 = AXIS2_PLACEMENT_3D('',#19551,#19552,#19553);
#19551 = CARTESIAN_POINT('',(8.,125.,24.6));
#19552 = DIRECTION('',(0.,0.,1.));
#19553 = DIRECTION('',(1.,0.,0.));
#19554 = PLANE('',#19555);
#19555 = AXIS2_PLACEMENT_3D('',#19556,#19557,#19558);
#19556 = CARTESIAN_POINT('',(8.,125.,24.6));
#19557 = DIRECTION('',(0.,0.,1.));
#19558 = DIRECTION('',(1.,0.,0.));
#19559 = ADVANCED_FACE('',(#19560,#19568),#19579,.F.);
#19560 = FACE_BOUND('',#19561,.F.);
#19561 = EDGE_LOOP('',(#19562,#19563,#19564,#19565,#19566,#19567));
#19562 = ORIENTED_EDGE('',*,*,#18945,.T.);
#19563 = ORIENTED_EDGE('',*,*,#18993,.T.);
#19564 = ORIENTED_EDGE('',*,*,#19041,.T.);
#19565 = ORIENTED_EDGE('',*,*,#19065,.T.);
#19566 = ORIENTED_EDGE('',*,*,#19024,.T.);
#19567 = ORIENTED_EDGE('',*,*,#18976,.T.);
#19568 = FACE_BOUND('',#19569,.F.);
#19569 = EDGE_LOOP('',(#19570));
#19570 = ORIENTED_EDGE('',*,*,#19571,.F.);
#19571 = EDGE_CURVE('',#19572,#19572,#19574,.T.);
#19572 = VERTEX_POINT('',#19573);
#19573 = CARTESIAN_POINT('',(255.7,8.,24.6));
#19574 = CIRCLE('',#19575,1.7);
#19575 = AXIS2_PLACEMENT_3D('',#19576,#19577,#19578);
#19576 = CARTESIAN_POINT('',(254.,8.,24.6));
#19577 = DIRECTION('',(0.,0.,1.));
#19578 = DIRECTION('',(1.,0.,0.));
#19579 = PLANE('',#19580);
#19580 = AXIS2_PLACEMENT_3D('',#19581,#19582,#19583);
#19581 = CARTESIAN_POINT('',(254.,8.,24.6));
#19582 = DIRECTION('',(0.,0.,1.));
#19583 = DIRECTION('',(1.,0.,0.));
#19584 = ADVANCED_FACE('',(#19585,#19593),#19604,.F.);
#19585 = FACE_BOUND('',#19586,.F.);
#19586 = EDGE_LOOP('',(#19587,#19588,#19589,#19590,#19591,#19592));
#19587 = ORIENTED_EDGE('',*,*,#19089,.T.);
#19588 = ORIENTED_EDGE('',*,*,#19137,.T.);
#19589 = ORIENTED_EDGE('',*,*,#19185,.T.);
#19590 = ORIENTED_EDGE('',*,*,#19209,.T.);
#19591 = ORIENTED_EDGE('',*,*,#19168,.T.);
#19592 = ORIENTED_EDGE('',*,*,#19120,.T.);
#19593 = FACE_BOUND('',#19594,.F.);
#19594 = EDGE_LOOP('',(#19595));
#19595 = ORIENTED_EDGE('',*,*,#19596,.F.);
#19596 = EDGE_CURVE('',#19597,#19597,#19599,.T.);
#19597 = VERTEX_POINT('',#19598);
#19598 = CARTESIAN_POINT('',(255.7,125.,24.6));
#19599 = CIRCLE('',#19600,1.7);
#19600 = AXIS2_PLACEMENT_3D('',#19601,#19602,#19603);
#19601 = CARTESIAN_POINT('',(254.,125.,24.6));
#19602 = DIRECTION('',(0.,0.,1.));
#19603 = DIRECTION('',(1.,0.,0.));
#19604 = PLANE('',#19605);
#19605 = AXIS2_PLACEMENT_3D('',#19606,#19607,#19608);
#19606 = CARTESIAN_POINT('',(254.,125.,24.6));
#19607 = DIRECTION('',(0.,0.,1.));
#19608 = DIRECTION('',(1.,0.,0.));
#19609 = ADVANCED_FACE('',(#19610,#19618),#19629,.F.);
#19610 = FACE_BOUND('',#19611,.F.);
#19611 = EDGE_LOOP('',(#19612,#19613,#19614,#19615,#19616,#19617));
#19612 = ORIENTED_EDGE('',*,*,#19233,.T.);
#19613 = ORIENTED_EDGE('',*,*,#19281,.T.);
#19614 = ORIENTED_EDGE('',*,*,#19329,.T.);
#19615 = ORIENTED_EDGE('',*,*,#19353,.T.);
#19616 = ORIENTED_EDGE('',*,*,#19312,.T.);
#19617 = ORIENTED_EDGE('',*,*,#19264,.T.);
#19618 = FACE_BOUND('',#19619,.F.);
#19619 = EDGE_LOOP('',(#19620));
#19620 = ORIENTED_EDGE('',*,*,#19621,.F.);
#19621 = EDGE_CURVE('',#19622,#19622,#19624,.T.);
#19622 = VERTEX_POINT('',#19623);
#19623 = CARTESIAN_POINT('',(9.7,242.,24.6));
#19624 = CIRCLE('',#19625,1.7);
#19625 = AXIS2_PLACEMENT_3D('',#19626,#19627,#19628);
#19626 = CARTESIAN_POINT('',(8.,242.,24.6));
#19627 = DIRECTION('',(0.,0.,1.));
#19628 = DIRECTION('',(1.,0.,0.));
#19629 = PLANE('',#19630);
#19630 = AXIS2_PLACEMENT_3D('',#19631,#19632,#19633);
#19631 = CARTESIAN_POINT('',(8.,242.,24.6));
#19632 = DIRECTION('',(0.,0.,1.));
#19633 = DIRECTION('',(1.,0.,0.));
#19634 = ADVANCED_FACE('',(#19635,#19643),#19654,.F.);
#19635 = FACE_BOUND('',#19636,.F.);
#19636 = EDGE_LOOP('',(#19637,#19638,#19639,#19640,#19641,#19642));
#19637 = ORIENTED_EDGE('',*,*,#19377,.T.);
#19638 = ORIENTED_EDGE('',*,*,#19425,.T.);
#19639 = ORIENTED_EDGE('',*,*,#19473,.T.);
#19640 = ORIENTED_EDGE('',*,*,#19497,.T.);
#19641 = ORIENTED_EDGE('',*,*,#19456,.T.);
#19642 = ORIENTED_EDGE('',*,*,#19408,.T.);
#19643 = FACE_BOUND('',#19644,.F.);
#19644 = EDGE_LOOP('',(#19645));
#19645 = ORIENTED_EDGE('',*,*,#19646,.F.);
#19646 = EDGE_CURVE('',#19647,#19647,#19649,.T.);
#19647 = VERTEX_POINT('',#19648);
#19648 = CARTESIAN_POINT('',(255.7,242.,24.6));
#19649 = CIRCLE('',#19650,1.7);
#19650 = AXIS2_PLACEMENT_3D('',#19651,#19652,#19653);
#19651 = CARTESIAN_POINT('',(254.,242.,24.6));
#19652 = DIRECTION('',(0.,0.,1.));
#19653 = DIRECTION('',(1.,0.,0.));
#19654 = PLANE('',#19655);
#19655 = AXIS2_PLACEMENT_3D('',#19656,#19657,#19658);
#19656 = CARTESIAN_POINT('',(254.,242.,24.6));
#19657 = DIRECTION('',(0.,0.,1.));
#19658 = DIRECTION('',(1.,0.,0.));
#19659 = ADVANCED_FACE('',(#19660),#19679,.F.);
#19660 = FACE_BOUND('',#19661,.F.);
#19661 = EDGE_LOOP('',(#19662,#19670,#19677,#19678));
#19662 = ORIENTED_EDGE('',*,*,#19663,.T.);
#19663 = EDGE_CURVE('',#19522,#19664,#19666,.T.);
#19664 = VERTEX_POINT('',#19665);
#19665 = CARTESIAN_POINT('',(9.7,8.,26.));
#19666 = LINE('',#19667,#19668);
#19667 = CARTESIAN_POINT('',(9.7,8.,22.));
#19668 = VECTOR('',#19669,1.);
#19669 = DIRECTION('',(0.,0.,1.));
#19670 = ORIENTED_EDGE('',*,*,#19671,.F.);
#19671 = EDGE_CURVE('',#19664,#19664,#19672,.T.);
#19672 = CIRCLE('',#19673,1.7);
#19673 = AXIS2_PLACEMENT_3D('',#19674,#19675,#19676);
#19674 = CARTESIAN_POINT('',(8.,8.,26.));
#19675 = DIRECTION('',(0.,0.,1.));
#19676 = DIRECTION('',(1.,0.,0.));
#19677 = ORIENTED_EDGE('',*,*,#19663,.F.);
#19678 = ORIENTED_EDGE('',*,*,#19521,.T.);
#19679 = CYLINDRICAL_SURFACE('',#19680,1.7);
#19680 = AXIS2_PLACEMENT_3D('',#19681,#19682,#19683);
#19681 = CARTESIAN_POINT('',(8.,8.,22.));
#19682 = DIRECTION('',(0.,0.,1.));
#19683 = DIRECTION('',(1.,0.,0.));
#19684 = ADVANCED_FACE('',(#19685),#19704,.F.);
#19685 = FACE_BOUND('',#19686,.F.);
#19686 = EDGE_LOOP('',(#19687,#19695,#19702,#19703));
#19687 = ORIENTED_EDGE('',*,*,#19688,.T.);
#19688 = EDGE_CURVE('',#19547,#19689,#19691,.T.);
#19689 = VERTEX_POINT('',#19690);
#19690 = CARTESIAN_POINT('',(9.7,125.,26.));
#19691 = LINE('',#19692,#19693);
#19692 = CARTESIAN_POINT('',(9.7,125.,22.));
#19693 = VECTOR('',#19694,1.);
#19694 = DIRECTION('',(0.,0.,1.));
#19695 = ORIENTED_EDGE('',*,*,#19696,.F.);
#19696 = EDGE_CURVE('',#19689,#19689,#19697,.T.);
#19697 = CIRCLE('',#19698,1.7);
#19698 = AXIS2_PLACEMENT_3D('',#19699,#19700,#19701);
#19699 = CARTESIAN_POINT('',(8.,125.,26.));
#19700 = DIRECTION('',(0.,0.,1.));
#19701 = DIRECTION('',(1.,0.,0.));
#19702 = ORIENTED_EDGE('',*,*,#19688,.F.);
#19703 = ORIENTED_EDGE('',*,*,#19546,.T.);
#19704 = CYLINDRICAL_SURFACE('',#19705,1.7);
#19705 = AXIS2_PLACEMENT_3D('',#19706,#19707,#19708);
#19706 = CARTESIAN_POINT('',(8.,125.,22.));
#19707 = DIRECTION('',(0.,0.,1.));
#19708 = DIRECTION('',(1.,0.,0.));
#19709 = ADVANCED_FACE('',(#19710),#19729,.F.);
#19710 = FACE_BOUND('',#19711,.F.);
#19711 = EDGE_LOOP('',(#19712,#19720,#19727,#19728));
#19712 = ORIENTED_EDGE('',*,*,#19713,.T.);
#19713 = EDGE_CURVE('',#19572,#19714,#19716,.T.);
#19714 = VERTEX_POINT('',#19715);
#19715 = CARTESIAN_POINT('',(255.7,8.,26.));
#19716 = LINE('',#19717,#19718);
#19717 = CARTESIAN_POINT('',(255.7,8.,22.));
#19718 = VECTOR('',#19719,1.);
#19719 = DIRECTION('',(0.,0.,1.));
#19720 = ORIENTED_EDGE('',*,*,#19721,.F.);
#19721 = EDGE_CURVE('',#19714,#19714,#19722,.T.);
#19722 = CIRCLE('',#19723,1.7);
#19723 = AXIS2_PLACEMENT_3D('',#19724,#19725,#19726);
#19724 = CARTESIAN_POINT('',(254.,8.,26.));
#19725 = DIRECTION('',(0.,0.,1.));
#19726 = DIRECTION('',(1.,0.,0.));
#19727 = ORIENTED_EDGE('',*,*,#19713,.F.);
#19728 = ORIENTED_EDGE('',*,*,#19571,.T.);
#19729 = CYLINDRICAL_SURFACE('',#19730,1.7);
#19730 = AXIS2_PLACEMENT_3D('',#19731,#19732,#19733);
#19731 = CARTESIAN_POINT('',(254.,8.,22.));
#19732 = DIRECTION('',(0.,0.,1.));
#19733 = DIRECTION('',(1.,0.,0.));
#19734 = ADVANCED_FACE('',(#19735),#19754,.F.);
#19735 = FACE_BOUND('',#19736,.F.);
#19736 = EDGE_LOOP('',(#19737,#19745,#19752,#19753));
#19737 = ORIENTED_EDGE('',*,*,#19738,.T.);
#19738 = EDGE_CURVE('',#19597,#19739,#19741,.T.);
#19739 = VERTEX_POINT('',#19740);
#19740 = CARTESIAN_POINT('',(255.7,125.,26.));
#19741 = LINE('',#19742,#19743);
#19742 = CARTESIAN_POINT('',(255.7,125.,22.));
#19743 = VECTOR('',#19744,1.);
#19744 = DIRECTION('',(0.,0.,1.));
#19745 = ORIENTED_EDGE('',*,*,#19746,.F.);
#19746 = EDGE_CURVE('',#19739,#19739,#19747,.T.);
#19747 = CIRCLE('',#19748,1.7);
#19748 = AXIS2_PLACEMENT_3D('',#19749,#19750,#19751);
#19749 = CARTESIAN_POINT('',(254.,125.,26.));
#19750 = DIRECTION('',(0.,0.,1.));
#19751 = DIRECTION('',(1.,0.,0.));
#19752 = ORIENTED_EDGE('',*,*,#19738,.F.);
#19753 = ORIENTED_EDGE('',*,*,#19596,.T.);
#19754 = CYLINDRICAL_SURFACE('',#19755,1.7);
#19755 = AXIS2_PLACEMENT_3D('',#19756,#19757,#19758);
#19756 = CARTESIAN_POINT('',(254.,125.,22.));
#19757 = DIRECTION('',(0.,0.,1.));
#19758 = DIRECTION('',(1.,0.,0.));
#19759 = ADVANCED_FACE('',(#19760),#19779,.F.);
#19760 = FACE_BOUND('',#19761,.F.);
#19761 = EDGE_LOOP('',(#19762,#19770,#19777,#19778));
#19762 = ORIENTED_EDGE('',*,*,#19763,.T.);
#19763 = EDGE_CURVE('',#19622,#19764,#19766,.T.);
#19764 = VERTEX_POINT('',#19765);
#19765 = CARTESIAN_POINT('',(9.7,242.,26.));
#19766 = LINE('',#19767,#19768);
#19767 = CARTESIAN_POINT('',(9.7,242.,22.));
#19768 = VECTOR('',#19769,1.);
#19769 = DIRECTION('',(0.,0.,1.));
#19770 = ORIENTED_EDGE('',*,*,#19771,.F.);
#19771 = EDGE_CURVE('',#19764,#19764,#19772,.T.);
#19772 = CIRCLE('',#19773,1.7);
#19773 = AXIS2_PLACEMENT_3D('',#19774,#19775,#19776);
#19774 = CARTESIAN_POINT('',(8.,242.,26.));
#19775 = DIRECTION('',(0.,0.,1.));
#19776 = DIRECTION('',(1.,0.,0.));
#19777 = ORIENTED_EDGE('',*,*,#19763,.F.);
#19778 = ORIENTED_EDGE('',*,*,#19621,.T.);
#19779 = CYLINDRICAL_SURFACE('',#19780,1.7);
#19780 = AXIS2_PLACEMENT_3D('',#19781,#19782,#19783);
#19781 = CARTESIAN_POINT('',(8.,242.,22.));
#19782 = DIRECTION('',(0.,0.,1.));
#19783 = DIRECTION('',(1.,0.,0.));
#19784 = ADVANCED_FACE('',(#19785),#19804,.F.);
#19785 = FACE_BOUND('',#19786,.F.);
#19786 = EDGE_LOOP('',(#19787,#19795,#19802,#19803));
#19787 = ORIENTED_EDGE('',*,*,#19788,.T.);
#19788 = EDGE_CURVE('',#19647,#19789,#19791,.T.);
#19789 = VERTEX_POINT('',#19790);
#19790 = CARTESIAN_POINT('',(255.7,242.,26.));
#19791 = LINE('',#19792,#19793);
#19792 = CARTESIAN_POINT('',(255.7,242.,22.));
#19793 = VECTOR('',#19794,1.);
#19794 = DIRECTION('',(0.,0.,1.));
#19795 = ORIENTED_EDGE('',*,*,#19796,.F.);
#19796 = EDGE_CURVE('',#19789,#19789,#19797,.T.);
#19797 = CIRCLE('',#19798,1.7);
#19798 = AXIS2_PLACEMENT_3D('',#19799,#19800,#19801);
#19799 = CARTESIAN_POINT('',(254.,242.,26.));
#19800 = DIRECTION('',(0.,0.,1.));
#19801 = DIRECTION('',(1.,0.,0.));
#19802 = ORIENTED_EDGE('',*,*,#19788,.F.);
#19803 = ORIENTED_EDGE('',*,*,#19646,.T.);
#19804 = CYLINDRICAL_SURFACE('',#19805,1.7);
#19805 = AXIS2_PLACEMENT_3D('',#19806,#19807,#19808);
#19806 = CARTESIAN_POINT('',(254.,242.,22.));
#19807 = DIRECTION('',(0.,0.,1.));
#19808 = DIRECTION('',(1.,0.,0.));
#19809 = ADVANCED_FACE('',(#19810),#19813,.F.);
#19810 = FACE_BOUND('',#19811,.F.);
#19811 = EDGE_LOOP('',(#19812));
#19812 = ORIENTED_EDGE('',*,*,#19671,.T.);
#19813 = PLANE('',#19814);
#19814 = AXIS2_PLACEMENT_3D('',#19815,#19816,#19817);
#19815 = CARTESIAN_POINT('',(8.,8.,26.));
#19816 = DIRECTION('',(0.,0.,1.));
#19817 = DIRECTION('',(1.,0.,0.));
#19818 = ADVANCED_FACE('',(#19819),#19822,.F.);
#19819 = FACE_BOUND('',#19820,.F.);
#19820 = EDGE_LOOP('',(#19821));
#19821 = ORIENTED_EDGE('',*,*,#19696,.T.);
#19822 = PLANE('',#19823);
#19823 = AXIS2_PLACEMENT_3D('',#19824,#19825,#19826);
#19824 = CARTESIAN_POINT('',(8.,125.,26.));
#19825 = DIRECTION('',(0.,0.,1.));
#19826 = DIRECTION('',(1.,0.,0.));
#19827 = ADVANCED_FACE('',(#19828),#19831,.F.);
#19828 = FACE_BOUND('',#19829,.F.);
#19829 = EDGE_LOOP('',(#19830));
#19830 = ORIENTED_EDGE('',*,*,#19721,.T.);
#19831 = PLANE('',#19832);
#19832 = AXIS2_PLACEMENT_3D('',#19833,#19834,#19835);
#19833 = CARTESIAN_POINT('',(254.,8.,26.));
#19834 = DIRECTION('',(0.,0.,1.));
#19835 = DIRECTION('',(1.,0.,0.));
#19836 = ADVANCED_FACE('',(#19837),#19840,.F.);
#19837 = FACE_BOUND('',#19838,.F.);
#19838 = EDGE_LOOP('',(#19839));
#19839 = ORIENTED_EDGE('',*,*,#19746,.T.);
#19840 = PLANE('',#19841);
#19841 = AXIS2_PLACEMENT_3D('',#19842,#19843,#19844);
#19842 = CARTESIAN_POINT('',(254.,125.,26.));
#19843 = DIRECTION('',(0.,0.,1.));
#19844 = DIRECTION('',(1.,0.,0.));
#19845 = ADVANCED_FACE('',(#19846),#19849,.F.);
#19846 = FACE_BOUND('',#19847,.F.);
#19847 = EDGE_LOOP('',(#19848));
#19848 = ORIENTED_EDGE('',*,*,#19771,.T.);
#19849 = PLANE('',#19850);
#19850 = AXIS2_PLACEMENT_3D('',#19851,#19852,#19853);
#19851 = CARTESIAN_POINT('',(8.,242.,26.));
#19852 = DIRECTION('',(0.,0.,1.));
#19853 = DIRECTION('',(1.,0.,0.));
#19854 = ADVANCED_FACE('',(#19855),#19858,.F.);
#19855 = FACE_BOUND('',#19856,.F.);
#19856 = EDGE_LOOP('',(#19857));
#19857 = ORIENTED_EDGE('',*,*,#19796,.T.);
#19858 = PLANE('',#19859);
#19859 = AXIS2_PLACEMENT_3D('',#19860,#19861,#19862);
#19860 = CARTESIAN_POINT('',(254.,242.,26.));
#19861 = DIRECTION('',(0.,0.,1.));
#19862 = DIRECTION('',(1.,0.,0.));
#19863 = ( GEOMETRIC_REPRESENTATION_CONTEXT(3) 
GLOBAL_UNCERTAINTY_ASSIGNED_CONTEXT((#19867)) 
GLOBAL_UNIT_ASSIGNED_CONTEXT((#19864,#19865,#19866)) 
REPRESENTATION_CONTEXT('Context #1',
  '3D Context with UNIT and UNCERTAINTY') );
#19864 = ( LENGTH_UNIT() NAMED_UNIT(*) SI_UNIT(.MILLI.,.METRE.) );
#19865 = ( NAMED_UNIT(*) PLANE_ANGLE_UNIT() SI_UNIT($,.RADIAN.) );
#19866 = ( NAMED_UNIT(*) SI_UNIT($,.STERADIAN.) SOLID_ANGLE_UNIT() );
#19867 = UNCERTAINTY_MEASURE_WITH_UNIT(LENGTH_MEASURE(1.E-07),#19864,
  'distance_accuracy_value','confusion accuracy');
#19868 = PRODUCT_RELATED_PRODUCT_CATEGORY('part',$,(#7));
ENDSEC;
END-ISO-10303-21;
